노선번호,교량명,소 재 지,교장(미터),총폭(미터),유효폭(미터),교고(미터),경간수,최대경간장,상부형식,하부형식,설계하중(DB),준공년도,관리주체
국지도20호,경정교,영덕 축산 경정,73.2,9,7.5,5,6,12.2,RC슬래브교,라멘식,18,1995,경상북도 북부건설사업소
국지도20호,오보교,영덕 영덕 오보,36,10,8.5,3.9,3,12,RC슬래브교,중력식,18,1988,경상북도 북부건설사업소
국지도20호,하저교,영덕 영덕 하저,40,8.5,7.5,2,3,13.4,RC슬래브교,라멘식,18,1991,경상북도 북부건설사업소
국지도28호,금계교(931),영주 풍기 금계,40,9,7.5,4.3,4,10,RC슬래브교,벽식,14,1985,경상북도 북부건설사업소
국지도28호,남대교,영주 부석 남대,26,7,6,4.7,2,13,RC슬래브교,벽식,24,1996,경상북도 북부건설사업소
국지도28호,남원대교,영주 풍기 금계,120,20,15,6,4,30,IPC거더교,기타,24,2016,경상북도 북부건설사업소
국지도28호,단곡천교,영주 단산 단곡,20,13,12,3,1,30.3,PSC빔교,기타,24,2016,경상북도 북부건설사업소
국지도28호,두봉교,영주 부석 소천,32,9,8,3.5,2,16,RC슬래브교,벽식,24,1998,경상북도 북부건설사업소
국지도28호,부석교,영주 부석 소천,39,7.7,6.2,3,3,13,RC슬래브교,벽식,18,2014,경상북도 북부건설사업소
국지도28호,옥대교,영주 단산 옥대,90,13,10,5,3,30,PSC빔교,기타,24,2016,경상북도 북부건설사업소
국지도28호,왕당천교,영주 순흥 태장,15,32,31,8,1,15,라멘교,라멘식,24,2017,경상북도 북부건설사업소
국지도28호,임곡1교,영주 부석 임곡,12,10,9,8.4,1,12,라멘교,기타,24,2000,경상북도 북부건설사업소
국지도28호,임곡2교,영주 부석 임곡,12,9.5,8.5,5.7,1,12,라멘교,기타,24,2000,경상북도 북부건설사업소
국지도28호,제월교,영주 순흥 제월,32,10.5,9.5,5,2,16,RC슬래브교,라멘식,24,2004,경상북도 북부건설사업소
국지도28호,주막교,영주 부석 남대,10,7,6,4.7,1,10,RC슬래브교,역T형식 교대,24,1996,경상북도 북부건설사업소
국지도28호,태장천교,영주 순흥 태장,15,28,27,8.5,1,15,라멘교,라멘식,24,2017,경상북도 북부건설사업소
국지도32호,내서1교,문경 농암 내서,70,7.5,6.5,6.5,5,14,RC슬래브교,T형 교각식,18,1989,경상북도 북부건설사업소
국지도32호,내서2교,문경 농암 내서,65,8,7,5.4,5,13,RC슬래브교,벽식,18,1991,경상북도 북부건설사업소
국지도32호,내서3교,문경 농암 내서,45,7.5,6,5.3,3,15,RTC형교,T형 교각식,18,1986,경상북도 북부건설사업소
국지도32호,내서4교,문경 농암 내서,45,7.5,6,7.8,3,15,RTC형교,T형 교각식,18,1988,경상북도 북부건설사업소
국지도32호,농암교,문경 농암 갈동,80,8,6.5,6.6,4,20,PSC I형교,T형 교각식,18,1981,경상북도 북부건설사업소
국지도32호,(신)감암교,상주 이안 아천,35,12.4,,,2,17.5,라멘교,벽식,24,2017,경상북도 북부건설사업소
국지도32호,(신)건천교,상주 이안 양범,60,12.4,,,2,30,PSC빔교,역T형,24,2017,경상북도 북부건설사업소
국지도32호,(신)장암교,상주 화북 장암,19,21.9,,,1,19,라멘교,벽식,24,2017,경상북도 북부건설사업소
국지도32호,병천교,상주 화북 용유,70,9,7.8,4.5,3,23.4,RC슬래브교,라멘식,24,1996,경상북도 북부건설사업소
국지도32호,송학교,상주 화북 입석,18,7.5,6,3,2,9,RC슬래브교,중력식,13.5,1981,경상북도 북부건설사업소
국지도32호,아실교,상주 이안 아천,7,24,,,1,7,라멘교,벽식,24,2017,경상북도 북부건설사업소
국지도32호,옥양교,상주 화북 입석,20,7.5,6,2.5,2,10,RC슬래브교,중력식,13.5,1981,경상북도 북부건설사업소
국지도32호,용유3교,상주 화북 용유,45.6,9.5,8,2.5,3,15.2,RC슬래브교,중력식,24,1994,경상북도 북부건설사업소
국지도32호,입석교,상주 화북 입석,19,12.4,11.5,2.2,1,19,기타,역T형식 교대,24,2009,경상북도 북부건설사업소
국지도32호,장암1교,상주 화북 장암,22,18.5,,,1,22,라멘교,벽식,24,2017,경상북도 북부건설사업소
국지도32호,화산교,문경 농암 화산,45,8,7,3.9,3,15,RC슬래브교,벽식,18,1990,경상북도 북부건설사업소
국지도49호,갈령1교,상주 화남 동관,60,12.4,11.5,1.7,2,30,PSC I형교,T형 교각식,24,2012,경상북도 북부건설사업소
국지도49호,갈령2교,상주 화남 동관,30,12.4,11.5,10,1,30,PSC I형교,역T형식 교대,24,2012,경상북도 북부건설사업소
국지도49호,갈령3교,상주 화북 상오,15,12.4,11.5,3.8,1,15,라멘교,기타,24,2012,경상북도 북부건설사업소
국지도49호,금계교(국지49),상주 모동 용호,100,9,8,4.3,7,25,RC중공슬래브교,라멘식,24,1994,경상북도 북부건설사업소
국지도49호,상오1교,상주 화북 상오,45,15.4,14.5,7.2,1,45,프리플렉스형교,역T형식 교대,24,2013,경상북도 북부건설사업소
국지도49호,상오교,상주 화북 상오,16.4,8,6.5,5.5,1,16.4,라멘교,라멘식교대,18,1987,경상북도 북부건설사업소
국지도49호,수봉교,상주 모동 수봉,21,12,11,2.3,2,11,라멘교,라멘식,24,2004,경상북도 북부건설사업소
국지도49호,이소교,상주 화동 이소,40,12,11,5,3,15,RC슬래브교,라멘식,24,1999,경상북도 북부건설사업소
국지도49호,지산1교,상주 모서 지산,57,12,11,7.2,4,15,RC슬래브교,T형 교각식,24,2002,경상북도 북부건설사업소
국지도49호,치운교,상주 모동 신천,80,11,10,5.5,3,32,프리플렉스형교,라멘식,24,2004,경상북도 북부건설사업소
국지도49호,하송1교,상주 화서 하송,30,15.9,15,6.5,1,30,PSC I형교,부벽식 교대,24,2013,경상북도 북부건설사업소
국지도49호,하송2교,상주 화서 상곡,52,9.5,8.5,3.5,4,14.5,RC슬래브교,T형 교각식,24,1999,경상북도 북부건설사업소
국지도49호,화령교,상주 화서 신봉,14,11,10,3.4,1,14,RC슬래브교,T형 교각식,24,2003,경상북도 북부건설사업소
국지도68호,(신)사미교,의성 춘산 사미,26.5,10.5,9.5,,1,26.5,라멘교,,24,2017,경상북도 북부건설사업소
국지도68호,감은교,청송 안덕 감은,110,9,7.5,5,8,13.8,RC슬래브교,T형 교각식,24,1996,경상북도 북부건설사업소
국지도68호,(신)옥정교,의성 춘산,17,7.5,6,2,2,8.5,RC슬래브교,중력식,14,2016,경상북도 북부건설사업소
국지도68호,가음교 (68),의성 가음 양지,15,10.5,9.5,9.9,1,15,라멘교,라멘식,24,2015,경상북도 북부건설사업소
국지도68호,구천교,청송 부남 구천,54,10.5,9.5,4.6,3,18,RC슬래브교,라멘식,24,2001,경상북도 북부건설사업소
국지도68호,대전교(68),청송 부남 대전,30,10.5,9.5,3,2,15,라멘교,라멘식,24,2004,경상북도 북부건설사업소
국지도68호,돌개교,청송 부남 홍원,108.5,8,7,5,7,15.5,RC슬래브교,벽식,18,1990,경상북도 북부건설사업소
국지도68호,삼치교,청송 부남 구천,107,8,7,4.7,7,15.3,RC슬래브교,벽식,18,1992,경상북도 북부건설사업소
국지도68호,비봉2교,의성 의성 비봉,8.5,5,4.5,2,2,4.3,RC슬래브교,중력식,14,1977,경상북도 북부건설사업소
국지도68호,비봉교,의성 의성 비봉,9,5,4.5,1.7,2,4.5,RC슬래브교,중력식,14,1977,경상북도 북부건설사업소
국지도68호,산운교,의성 금성 산운,33,10.5,9.5,7,1,33,PSC 슬래브교,역T형식 교대,24,2014,경상북도 북부건설사업소
국지도68호,안덕교,청송 안덕 명당,81,12,11,5,6,13.5,RC슬래브교,벽식,24,2002,경상북도 북부건설사업소
국지도68호,양숙교,청송 부남 양숙,13.7,7.7,6.8,3.9,1,13.7,라멘교,기타,18,1994,경상북도 북부건설사업소
국지도68호,중기교,청송 부남 중기,68,9,7.5,4.6,5,13.6,RC슬래브교,벽식,24,1994,경상북도 북부건설사업소
국지도68호,창양교,청송 현동 창양,130.8,12,11,6,9,14.5,RC슬래브교,벽식,24,2000,경상북도 북부건설사업소
국지도68호,초천교,청송 부남 양숙,78,9,7.5,5.8,6,13,RC슬래브교,벽식,18,1992,경상북도 북부건설사업소
국지도68호,통점교,청송 부남 중기,15.7,9.5,8.1,5,1,15.7,RC슬래브교,반중력식 교대,24,1995,경상북도 북부건설사업소
국지도68호,상판교,상주 모동 상판,38,9,8,3,3,13,RC슬래브교,벽식,24,1995,경상북도 북부건설사업소
국지도68호,용문교,상주 공성 옥산,40,12,11,4,2,20,프리플렉스형교,라멘식,24,2004,경상북도 북부건설사업소
국지도68호,하비교,의성 의성 비봉,11.4,5,4.5,1.5,2,5.7,RC슬래브교,중력식,14,1980,경상북도 북부건설사업소
국지도68호,홍원교,청송 부남 홍원,150,9,8,5.4,12,12.5,RC슬래브교,T형 교각식,24,1999,경상북도 북부건설사업소
국지도68호,하팔교,의성 의성 비봉,9,5.4,4.9,2,2,4.5,RC슬래브교,벽식,14,1977,경상북도 북부건설사업소
국지도69,임실교,영덕 영해,180,,,,,,,,24,2012,경상북도 북부건설사업소
국지도69호,(신)삼계5교,영덕 창수,16.6,11,11,3.2,1,7,RC슬래브교,중력식 교대,24,2018,경상북도 북부건설사업소
국지도69호,갈마1교,울진 매화 갈면,32,6,5,3.3,4,8,RC슬래브교,중력식,14,1984,경상북도 북부건설사업소
국지도69호,갈마2교,울진 매화 갈면,36,6,5,3.3,4,9,RC슬래브교,중력식,14,1984,경상북도 북부건설사업소
국지도69호,갈면1교,울진 매화 갈면,90,9,8,8.4,3,30,PSC I형교,T형 교각식,24,2002,경상북도 북부건설사업소
국지도69호,갈면2교,울진 매화 갈면,60,9,8,7.3,2,30,PSC I형교,T형 교각식,24,2002,경상북도 북부건설사업소
국지도69호,광대교,울진 매화 길곡,12,6,5,2.4,1,12,RC슬래브교,중력식 교대,14,1984,경상북도 북부건설사업소
국지도69호,대1교,영덕 영해 대리,28.8,11,10,6.3,2,14.4,라멘교,벽식,24,2003,경상북도 북부건설사업소
국지도69호,대2교,영덕 영해 대리,26,9,8,3.5,2,13,라멘교,기타,24,1998,경상북도 북부건설사업소
국지도69호,대지교,영덕 달산 대지,40,8,7,3.2,4,10,RTC형교,중력식,18,1982,경상북도 북부건설사업소
국지도69호,도계1교,영덕 지품 도계,28.2,11.2,10.2,3,2,14.1,라멘교,라멘식,24,2003,경상북도 북부건설사업소
국지도69호,도계2교,영덕 지품 도계,25.3,11.1,10.1,5,2,12.5,RC슬래브교,반중력식 교대,24,2002,경상북도 북부건설사업소
국지도69호,도계3교,영덕 지품 도계,15,16,15,3,1,15,RC슬래브교,중력식 교대,24,2002,경상북도 북부건설사업소
국지도69호,도계4교,영덕 지품 도계,14,10.5,9.5,2.3,1,14,라멘교,기타,24,2001,경상북도 북부건설사업소
국지도69호,금대교,울진 매화 조금,12.8,9,8,2.6,1,12.8,라멘교,기타,24,1995,경상북도 북부건설사업소
국지도69호,기양3교,울진 매화 기양,18,9.5,8,3,1,18,라멘교,기타,18,1994,경상북도 북부건설사업소
국지도69호,독지교,영덕 지품 도계,30,10.5,9.5,6.3,2,15,라멘교,라멘식,24,2002,경상북도 북부건설사업소
국지도69호,기양교,울진 매화 기양,120,9.5,8.1,4.7,10,12,RC슬래브교,T형 교각식,18,1994,경상북도 북부건설사업소
국지도69호,길곡1교,울진 매화 길곡,36,6,5,3.1,4,9,RC슬래브교,중력식,14,1985,경상북도 북부건설사업소
국지도69호,길곡2교,울진 매화 길곡,45,6,5,2.5,5,9,RC슬래브교,중력식,14,1986,경상북도 북부건설사업소
국지도69호,길곡3교,울진 매화 길곡,40,6,5,4.4,5,8,RC슬래브교,중력식,14,1987,경상북도 북부건설사업소
국지도69호,삼계4교,영덕 창수 삼계,7,12.3,11.3,3.2,1,7,RC슬래브교,중력식 교대,24,2016,경상북도 북부건설사업소
국지도69호,동막교,울진 매화 갈면,20,9,8.2,3.3,2,10,RC슬래브교,T형 교각식,24,1998,경상북도 북부건설사업소
국지도69호,송전교,울진 매화 갈면,150,9,8,7,5,30,PSC I형교,T형 교각식,24,2000,경상북도 북부건설사업소
국지도69호,온정교,울진 온정 조금,20,8,7,3.5,2,10,RC슬래브교,중력식,24,1995,경상북도 북부건설사업소
국지도69호,온천교(69),울진 온정 조금,8,28,27,3,1,8,RC슬래브교,중력식 교대,18,1980,경상북도 북부건설사업소
국지도69호,외선미1교,울진 온정 외선미,29,11,10,3,2,14.5,라멘교,라멘식,24,2017,경상북도 북부건설사업소
국지도69호,조금1교,울진 온정 조금,26,9,8,3,2,13,RC슬래브교,벽식,24,1997,경상북도 북부건설사업소
국지도69호,조금교,울진 온정 조금,40,10.5,9.5,10.4,3,13.3,라멘교,라멘식,24,2001,경상북도 북부건설사업소
국지도69호,신교,영덕 달산 옥계,30.3,9,8,12,1,30.3,PSC I형교,반중력식 교대,24,1995,경상북도 북부건설사업소
국지도69호,신양교,영덕 지품 신양,165.9,11,10,4.8,5,35.1,PSC I형교,T형 교각식,24,2005,경상북도 북부건설사업소
국지도69호,옥녀교,영덕 달산 옥계,105,9,8,15,7,15,RC슬래브교,T형 교각식,24,1995,경상북도 북부건설사업소
국지도69호,옥산교,영덕 달산 옥산,60,9,8,7.5,4,15,RC슬래브교,T형 교각식,18,1992,경상북도 북부건설사업소
국지도69호,죽전1교,울진 매화 길곡,32,8.1,7.1,3.8,3,12,RC슬래브교,벽식,24,1996,경상북도 북부건설사업소
국지도69호,죽전2교,울진 매화 길곡,25,8.3,7.4,4,2,12.5,RC슬래브교,중력식,24,1996,경상북도 북부건설사업소
국지도69호,조교,영덕 달산 옥계,90,9,8,14.5,3,30,PSC I형교,T형 교각식,24,1995,경상북도 북부건설사업소
국지도69호,창수대교,영덕 창수 신기,130.5,8,7,5.5,9,14.5,RC슬래브교,T형 교각식,18,1989,경상북도 북부건설사업소
국지도69호,흥기교,영덕 달산 흥기,94.6,8.5,7.5,5,6,16.3,RC슬래브교,T형 교각식,18,1990,경상북도 북부건설사업소
국지도69호,외선미2교,울진 온정 외선미,27,11,10,6,2,13.5,라멘교,라멘식,24,2017,경상북도 북부건설사업소
국지도69호,외선미3교,울진 온정 외선미,30,11,10,5.5,2,15,라멘교,라멘식,24,2017,경상북도 북부건설사업소
국지도79호,가음교 (79),의성 가음 가산,90,11,10,4,3,30,PSC I형교,라멘식,24,2004,경상북도 북부건설사업소
국지도79호,사촌교 (79 사촌),의성 점곡 사촌,12,5.7,5,2,2,12.5,RC 상자형교,중력식,24,2011,경상북도 북부건설사업소
국지도79호,사촌교 (79 송내),의성 점곡 송내,32,7.4,6,2.5,4,8,RC슬래브교,중력식,14,1976,경상북도 북부건설사업소
국지도79호,귀미교,안동 일직 귀미,60,11,10,4,2,30,프리플렉스형교,T형 교각식,24,2005,경상북도 북부건설사업소
국지도79호,순호교,의성 가음 순호,20,8.4,7,4.5,2,10,RC슬래브교,벽식,18,1989,경상북도 북부건설사업소
국지도79호,신계교,의성 옥산 신계,30,9,8,4.1,2,15,라멘교,기타,24,1997,경상북도 북부건설사업소
국지도79호,오상교,의성 사곡 오상,63,12,11,5.6,2,31.5,프리플렉스형교,T형 교각식,24,2008,경상북도 북부건설사업소
국지도79호,옥산교,의성 옥산 신계,93.5,12,11,6,3,31.2,PSC 슬래브교,역T형식 교대,24,2010,경상북도 북부건설사업소
국지도79호,입암교,의성 옥산 입암,98,8,7.1,4.7,7,14,RC슬래브교,벽식,24,1996,경상북도 북부건설사업소
국지도79호,점곡교,의성 점곡 서변,180.2,9,8,4.3,6,30,PSC I형교,라멘식,24,2000,경상북도 북부건설사업소
국지도79호,팽목교,안동 일직 귀미,38,10.5,9.5,3.5,3,29.3,RC슬래브교,벽식,24,2002,경상북도 북부건설사업소
국지도88호,서벽교(88),봉화 춘양 서벽,20,8.8,7.5,3.9,2,10,RC슬래브교,벽식,18,1993,경상북도 북부건설사업소
국지도88호,애당교,봉화 춘양 애당,45,10.5,9.5,4.7,3,15,RTC형교,중력식 교대,24,2003,경상북도 북부건설사업소
국지도88호,우구치1교,봉화 춘양 우구치,40,9,8.5,5.5,3,13.4,RC슬래브교,벽식,18,1994,경상북도 북부건설사업소
국지도88호,우구치2교,봉화 춘양 우구치,40,9,8,5.5,3,13.4,RC슬래브교,벽식,18,1995,경상북도 북부건설사업소
국지도88호,우구치3교,봉화 춘양 우구치,60,9,8,4,4,15,RC슬래브교,벽식,18,1995,경상북도 북부건설사업소
국지도88호,우구치4교,봉화 춘양 우구치,60,9,8,3,4,15,RC슬래브교,벽식,18,1996,경상북도 북부건설사업소
국지도88호,춘양교,봉화 춘양 의양,84,12.5,8.3,7,6,14,RC슬래브교,라멘식,24,2000,경상북도 북부건설사업소
지방도901호,갈밭교,문경 동로 생달,10.5,9,7.5,3.4,1,10.5,라멘교,기타,18,1991,경상북도 북부건설사업소
지방도901호,갈전교,문경 가은 갈전,197.7,10.5,9.5,12.7,7,30.5,PSC I형교,역T형식 교대,24,2009,경상북도 북부건설사업소
지방도901호,갈평2교,문경 문경 갈평,30,9,8,3.6,2,15,RC슬래브교,벽식,18,1993,경상북도 북부건설사업소
지방도901호,갈평교,문경 문경 갈평,78,9,8,3.5,6,13,RC슬래브교,벽식,24,1998,경상북도 북부건설사업소
지방도901호,고요1교,문경 문경 고요,90,12,10.5,5.7,6,15,RC중공슬래브교,라멘식,24,1998,경상북도 북부건설사업소
지방도901호,농암2교,문경 농암 농암,38,9,8,5.2,3,14,RC슬래브교,벽식,24,1997,경상북도 북부건설사업소
지방도901호,문경교,문경 문경 마원,60,10,9,3,4,15,RC슬래브교,반중력식 교대,18,1979,경상북도 북부건설사업소
지방도901호,생달교,문경 동로 생달,18,10.1,9,4.1,2,9,RC슬래브교,벽식,24,1998,경상북도 북부건설사업소
지방도901호,석항1교,문경 동로 석항,23.6,9,8,2.9,2,11.8,라멘교,벽식,24,1997,경상북도 북부건설사업소
지방도901호,석항2교,문경 동로 석항,18,9,8,3.8,3,18,라멘교,벽식,24,1997,경상북도 북부건설사업소
지방도901호,성유교,문경 가은 성유,9.6,9,7.5,2.6,1,9.6,RC슬래브교,반중력식 교대,18,1985,경상북도 북부건설사업소
지방도901호,아호교,문경 가은 작천,211.1,10.5,9.5,9.5,7,30.2,PSC I형교,역T형식 교대,24,2009,경상북도 북부건설사업소
지방도901호,용연교,문경 문경 용연,14,9.65,8.65,8.2,1,14,라멘교,벽식,24,2016,경상북도 북부건설사업소
지방도901호,왕릉교,문경 가은 왕능,30,9.5,8.5,4,1,30,RCT형교,벽식,24,2009,경상북도 북부건설사업소
지방도901호,요성1교,문경 문경 요성,13,12,11,2.5,1,13,RC슬래브교,벽식,24,1998,경상북도 북부건설사업소
지방도901호,노류1교,상주 내서 노류,15,9.5,8,3.3,1,15,RC슬래브교,중력식교대,24,1994,경상북도 북부건설사업소
지방도901호,노류2교,상주 내서 노류,30,9,8.2,4.1,2,15,RC슬래브교,벽식,24,1994,경상북도 북부건설사업소
지방도901호,득수교,상주 모서 득수,34.7,10.5,9.5,4,2,17.4,라멘교,라멘식,24,2011,경상북도 북부건설사업소
지방도901호,봉중2교,상주 은척 봉중,48,9.5,8,3.5,4,12,RC슬래브교,벽식,24,1993,경상북도 북부건설사업소
지방도901호,봉중교,상주 은척 봉중,44.5,10,9,3,3,15,RC슬래브교,중력식,24,1996,경상북도 북부건설사업소
지방도901호,북장교,상주 내서 북장,28,9,8,4,2,14,라멘교,라멘식,24,1999,경상북도 북부건설사업소
지방도901호,삼포교,상주 모서 삼포,69,12,11,7,5,15,RC슬래브교,T형 교각식,24,2002,경상북도 북부건설사업소
지방도901호,석산교,상주 모서 석산,42,8,6.5,4.5,3,14,RC슬래브교,중력식,18,1991,경상북도 북부건설사업소
지방도901호,신촌2교,상주 내서 신촌,30,8.8,8,2.5,3,9.6,RC슬래브교,벽식,18,2016,경상북도 북부건설사업소
지방도901호,이촌1교,상주 외서 우산,84.9,9,8,5,6,14.1,RC슬래브교,T형 교각식,24,1999,경상북도 북부건설사업소
지방도901호,이촌2교,상주 외서 우산,55,9,8,4,4,13.8,RC슬래브교,벽식,24,1999,경상북도 북부건설사업소
지방도901호,지산교,상주 모서 지산,94.5,10.5,8.5,4.5,3,31.5,프리플렉스형교,v형 교각식,24,2004,경상북도 북부건설사업소
지방도901호,평지교,상주 내서 평지,20,9,8,5,2,10,RC슬래브교,라멘식,24,1998,경상북도 북부건설사업소
지방도901호,하내1교,문경 마성 하내,163,10.5,9.5,5.6,5,43,PSC I형교,T형 교각식,24,2005,경상북도 북부건설사업소
지방도901호,하내2교,문경 마성 하내,120,10.5,9.5,4.1,4,30,PSC I형교,T형 교각식,24,2005,경상북도 북부건설사업소
지방도901호,허궁다리,문경 동로 간송,40,9,8,5.6,3,15,RC슬래브교,T형 교각식,24,1999,경상북도 북부건설사업소
지방도901호,하흘교,상주 은척 하흘,40,8,6.5,3.8,3,13.5,RC슬래브교,중력식,18,1986,경상북도 북부건설사업소
지방도901호,호음1교,상주 모서 흐음,52,9.5,8,4.6,4,13,RC슬래브교,라멘식,24,1995,경상북도 북부건설사업소
지방도901호,호음2교,상주 모서 흐음,60,9.5,8,3.3,4,15,RC슬래브교,라멘식,24,1995,경상북도 북부건설사업소
지방도901호,당포교,문경 문경 당포,62.5,12.2,7,4.2,5,12.5,RCS,기타,18,1992,경상북도 북부건설사업소
지방도901호,은계교,예천 상리 석묘,33.5,9.5,8.5,,3,11.2,RC슬래브교,벽식,24,2003,경상북도 북부건설사업소
지방도908호,갈천교,청송 현서 갈천,10,6.8,6,3.2,1,10,RC슬래브교,중력식 교대,14,1988,경상북도 북부건설사업소
지방도908호,감천1교,청송 현서 수락,18.5,8,7.1,3.5,2,9.3,라멘교,기타,18,1992,경상북도 북부건설사업소
지방도908호,과목교,청송 현서 수락,140,10.9,10,15.5,4,35,PSC I형교,T형 교각식,24,2013,경상북도 북부건설사업소
지방도908호,마평교,청송 부동 상평,65,9,8,3,5,13,RC슬래브교,라멘식,24,1998,경상북도 북부건설사업소
지방도908호,무계교,청송 현서 수락,350,10.9,10,11,8,45,PSC 슬래브교,T형 교각식,24,2013,경상북도 북부건설사업소
지방도908호,법수교,청송 부동 이전,20,10.5,9.5,3,1,20,RPS라멘교,벽식교대,24,2017,경상북도 북부건설사업소
지방도908호,부일1교,청송 부동 부일,20,6,5.5,2.5,2,10,RC슬래브교,벽식,18,1988,경상북도 북부건설사업소
지방도908호,부일교,청송 부동 부일,67,9,8,4.2,5,13.4,RC슬래브교,라멘식,24,1998,경상북도 북부건설사업소
지방도908호,사촌교,청송 현서 사촌,24,8,7.1,3.2,3,8,RC슬래브교,중력식,18,1993,경상북도 북부건설사업소
지방도908호,상평교,청송 부동 상평,112.5,8,6.5,4,9,12.5,RC슬래브교,T형 교각식,18,1992,경상북도 북부건설사업소
지방도908호,샛들교,청송 안덕 성재,110,10.9,6.5,10.6,2,55,기타교,벽식,24,2013,경상북도 북부건설사업소
지방도908호,성재교,청송 안덕 성재,28,9,8,3.8,2,14,RC슬래브교,라멘식,24,1998,경상북도 북부건설사업소
지방도908호,수락1교,청송 현서 수락,90,10.9,6.5,10.7,2,45,PSC 슬래브교,역T형식 교대,24,2013,경상북도 북부건설사업소
지방도908호,수락2교,청송 현서 수락,180.4,10.9,10,11.6,4,45,PSC I형교,T형 교각식,24,2013,경상북도 북부건설사업소
지방도908호,수락교,청송 현서 수락,25,8,7,4.1,2,12.5,RC슬래브교,T형 교각식,14,1991,경상북도 북부건설사업소
지방도908호,신성교,청송 안덕 신성,108,10.5,9.5,7,8,13.5,RC슬래브교,T형 교각식,24,2001,경상북도 북부건설사업소
지방도908호,신점1교,청송 부동 신점,66,9,8,4.1,6,11,RC슬래브교,라멘식,24,1999,경상북도 북부건설사업소
지방도908호,신점교,청송 부동 신점,50,9,8,3,4,12,RC슬래브교,벽식,24,1995,경상북도 북부건설사업소
지방도908호,용답교,청송 현서 수락,45,10.9,6.5,10.2,1,45,PSC 슬래브교,역T형식 교대,24,2008,경상북도 북부건설사업소
지방도908호,음현1교,청송 현서 수락,75,10.9,6.5,15.4,3,25,PSC 슬래브교,역T형식 교대,24,2013,경상북도 북부건설사업소
지방도908호,음현2교,청송 현서 수락,50,10.9,6.5,12.2,2,25,PSC 슬래브교,역T형식 교대,24,2013,경상북도 북부건설사업소
지방도908호,천미교,청송 현서 수락,50,10.9,6.5,11.9,2,25,PSC 슬래브교,역T형식 교대,24,2013,경상북도 북부건설사업소
지방도908호,하당교,청송 현서 하당,40,10.9,6.5,5,1,40,PSC 슬래브교,역T형식 교대,24,2013,경상북도 북부건설사업소
지방도910호,골안2교,봉화 석포 석포,25,8.5,7.5,3.5,2,12.5,RC슬래브교,중력식,18,1993,경상북도 북부건설사업소
지방도910호,골안3교,봉화 석포 석포,25,8.5,7.5,3.7,2,12.5,RC슬래브교,중력식,18,1993,경상북도 북부건설사업소
지방도910호,골안4교,봉화 석포 석포,25,8.5,7.5,3.8,2,12.5,RC슬래브교,중력식,18,1993,경상북도 북부건설사업소
지방도910호,골안5교,봉화 석포 석포,25,8.5,7.5,3.5,2,12.5,RC슬래브교,중력식,18,1994,경상북도 북부건설사업소
지방도910호,골안6교,봉화 석포 석포,25,8.5,7.5,3.8,2,12.5,RC슬래브교,중력식,18,1995,경상북도 북부건설사업소
지방도910호,골안7교,봉화 석포 석포,25,8.5,7.5,3.5,2,12.5,RC슬래브교,중력식,18,1995,경상북도 북부건설사업소
지방도910호,골안8교,봉화 석포 석포,25,8.5,7.5,4.4,2,12.5,RC슬래브교,중력식,18,1995,경상북도 북부건설사업소
지방도910호,골안교,봉화 석포 석포,25,8.5,7.5,3.5,2,12.5,RC슬래브교,중력식,18,1992,경상북도 북부건설사업소
지방도910호,대현교,봉화 석포 석포,50,10,8.5,6.4,5,10,RC슬래브교,T형 교각식,18,1994,경상북도 북부건설사업소
지방도910호,석포대교,봉화 석포 석포,81,10.5,9.5,16,3,30.4,PSC I형교,역T형식 교대,24,2009,경상북도 북부건설사업소
지방도911호,가곡교(911),영양 일월 가곡,22,7.5,6,2.3,2,11,RC슬래브교,중력식,14,1985,경상북도 북부건설사업소
지방도911호,답곡교,영양 석보 답곡,117,9,8,3,9,13,RC슬래브교,벽식,24,2000,경상북도 북부건설사업소
지방도911호,망미교,영양 청기 청기,99,7.5,6,4.8,7,11,RC슬래브교,중력식,14,2013,경상북도 북부건설사업소
지방도911호,방전교,영양 입암 방전,160,10.5,9.5,6.5,5,32,PSC I형교,역T형,24,2016,경상북도 북부건설사업소
지방도911호,상청교,영양 청기 상청,91.7,11.5,10.5,7,3,30.6,PSC I형교,라멘식,24,2002,경상북도 북부건설사업소
지방도911호,석보교,영양 석보 원리,80,10.5,9.5,4,5,16,RC슬래브교,라멘식,24,2004,경상북도 북부건설사업소
지방도911호,소청교,영양 청기 상청,19,7.5,6,3.7,2,9.5,RC슬래브교,중력식,14,1984,경상북도 북부건설사업소
지방도911호,연당교,영양 입암 연당,67.7,10.5,9.5,5.5,2,33.9,PSC I형교,T형 교각식,24,2007,경상북도 북부건설사업소
지방도911호,원리교,영양 석보 원리,43,8,7,4,3,15,RC슬래브교,T형 교각식,24,1994,경상북도 북부건설사업소
지방도911호,임천교,영양 입암 연당,72,9,8,3.5,6,12,RC슬래브교,라멘식,24,2000,경상북도 북부건설사업소
지방도911호,청기교,영양 청기 청기,53,9,8,4.7,4,14,RC슬래브교,라멘식,24,1998,경상북도 북부건설사업소
지방도911호,청암교,영양 입암 신구,159.5,10,9,7.1,11,14.5,RC슬래브교,T형 교각식,24,2001,경상북도 북부건설사업소
지방도911호,택전교,영양 석보 신평,120,10.5,9.5,4,3,40,IPC거더교,역T형식 교대,24,2016,경상북도 북부건설사업소
지방도911호,화매1교,영양 석보 화매,31,10.5,9.5,6.2,2,15.5,RC슬래브교,T형 교각식,24,2002,경상북도 북부건설사업소
지방도911호,화매교,영양 석보 화매,14,8.5,7.5,5.4,1,14,RC슬래브교,반중력식 교대,18,1990,경상북도 북부건설사업소
지방도912호,공정1교,의성 사곡 공정,60,9.5,8.5,16.6,2,30,라멘교,T형 교각식,24,2015,경상북도 북부건설사업소
지방도912호,공정2교,의성 사곡 공정,30,9.5,8.5,9.8,1,30,라멘교,T형 교각식,24,2015,경상북도 북부건설사업소
지방도912호,공정3교,의성 사곡 공정,66,9.5,8.5,13.7,4,18,RC슬래브교,T형 교각식,24,2015,경상북도 북부건설사업소
지방도912호,공정4교,의성 사곡 공정,150,9.5,8.5,21.1,5,30,라멘교,T형 교각식,24,2015,경상북도 북부건설사업소
지방도912호,광암교,의성 안평 석탑,14.7,8,7,4,1,14.7,라멘교,기타,24,2001,경상북도 북부건설사업소
지방도912호,단밀교,의성 단북 이연,360,8,6.5,9.9,12,30,PSC I형교,T형 교각식,18,1989,경상북도 북부건설사업소
지방도912호,마안교,의성 신평 교안,15.5,9,8,2,1,15.5,라멘교,,24,2000,경상북도 북부건설사업소
지방도912호,생송교,의성 단밀 낙정,42,9,7.5,3.4,3,14,RC슬래브교,벽식,18,1991,경상북도 북부건설사업소
지방도912호,신감교,의성 사곡 신감,25,10.5,8.5,2.7,2,12.5,라멘교,벽식,24,2003,경상북도 북부건설사업소
지방도912호,신월교,의성 안평 박곡,31,10.5,9.5,3.5,1,31,RC슬래브교,T형 교각식,24,2013,경상북도 북부건설사업소
지방도912호,안사교,의성 안사 안사,33,9,8,5.3,3,11,RC슬래브교,T형 교각식,24,1999,경상북도 북부건설사업소
지방도912호,양지교,의성 사곡 양지,12,9,8,2.5,1,12,라멘교,기타,18,1990,경상북도 북부건설사업소
지방도912호,철파2교,의성 의성 후죽,43,11,10,5.1,1,43,기타교,역T형식 교대,24,2010,경상북도 북부건설사업소
지방도912호,철파교,의성 의성 철파,15,8,6.5,3.4,2,7.5,라멘교,기타,18,1986,경상북도 북부건설사업소
지방도912호,낙단교,상주 낙동 낙동,434,10,8.6,10.5,14,31,PSC박스형교,T형 교각식,18,1986,경상북도 북부건설사업소
지방도912호,용포교,상주 낙동 용포,24,9,8.2,3,2,12,RC슬래브교,라멘식,24,1995,경상북도 북부건설사업소
지방도912호,하덕교 (912),의성 안계 도덕,12,8.6,7,2.8,1,12,RC슬래브교,중력식 교대,18,1989,경상북도 북부건설사업소
지방도912호,하령교,의성 안평 하령,28,8,7,4,2,14,RC슬래브교,벽식,18,1994,경상북도 북부건설사업소
지방도914호,고평교,청송 청송 송생,90,10.5,9.5,3.5,3,30,프리플렉스형교,역T형식 교대,24,2008,경상북도 북부건설사업소
지방도914호,내룡4교,청송 부동 내룡,21.2,8.8,8,5,2,10.6,라멘교,기타,24,1995,경상북도 북부건설사업소
지방도914호,덕산교,영덕 달산 덕산,19.6,8.6,7,4,2,9.8,RC슬래브교,중력식,18,1971,경상북도 북부건설사업소
지방도914호,봉산교,영덕 달산 봉산,22,9.5,8.5,5.5,2,11,RC슬래브교,벽식,18,1994,경상북도 북부건설사업소
지방도914호,구암2교,의성 점곡 구암,12,9,7.5,3,1,12,RC슬래브교,반중력식 교대,18,1989,경상북도 북부건설사업소
지방도914호,구암교,의성 점곡 구암,16,8.5,7,3.5,2,8,RC슬래브교,중력식,14,1970,경상북도 북부건설사업소
지방도914호,덕천교,청송 파천 덕천,33,7.5,6,3,3,11,RC슬래브교,중력식,14,1967,경상북도 북부건설사업소
지방도914호,부일2교,청송 부동 이전,25,7.5,6,3,2,12.5,RC슬래브교,벽식,18,1989,경상북도 북부건설사업소
지방도914호,송생교,청송 청송 송생,12,8.3,7.2,2.2,1,12,RC슬래브교,중력식 교대,14,1974,경상북도 북부건설사업소
지방도914호,광덕교,안동 풍천 광덕,400,11,10,15,8,52.5,강상자형교,T형 교각식,24,2008,경상북도 북부건설사업소
지방도914호,괴정교,안동 풍산 오미,49.8,28.4,27.5,6,1,49.8,PSC I형교,역T형식 교대,24,2015,경상북도 북부건설사업소
지방도914호,구수교,안동 길안 구수,26,9,8,6,2,13,라멘교,기타,24,1997,경상북도 북부건설사업소
지방도914호,금계교,안동 풍천 금계,30,8.5,7,3.2,2,15,RC슬래브교,벽식,18,1991,경상북도 북부건설사업소
지방도914호,도청1교,안동 풍산 오미,26,8.6,7.7,6.4,1,26,라멘교,라멘식 교대,24,2015,경상북도 북부건설사업소
지방도914호,도청2교,안동 풍산 오미,35.4,13.5,12.6,6.2,1,35.6,라멘교,라멘식 교대,24,2015,경상북도 북부건설사업소
지방도914호,도청교,안동 풍산 오미,90,17.4,16.5,11.2,2,45,PSC I형교,역T형식 교대,24,2015,경상북도 북부건설사업소
지방도914호,산달교,안동 길안 천지,15,9,7.5,3,1,15,RC슬래브교,중력식 교대,18,1991,경상북도 북부건설사업소
지방도914호,상오교(914),영덕 달산 인곡,45,10.5,9.5,4,2,22.5,프리플렉스형교,T형 교각식,24,2005,경상북도 북부건설사업소
지방도914호,삽실교,안동 길안 현하,36.2,13.5,12,3,3,12.1,RC슬래브교,벽식,18,1983,경상북도 북부건설사업소
지방도914호,신계교,의성 옥산 신계,20,9,7.5,3,2,10,RC슬래브교,벽식,18,1992,경상북도 북부건설사업소
지방도914호,신기교(914 길안),안동 길안 현하,20,9,7.5,2.5,2,10,RC슬래브교,벽식,18,1990,경상북도 북부건설사업소
지방도914호,신기교(914 풍천),안동 풍천 금계,26,8.5,7,2.8,2,13,RC슬래브교,벽식,18,1989,경상북도 북부건설사업소
지방도914호,어담1교,안동 풍천 어담,20,8.6,7.2,2.2,2,10,RC슬래브교,벽식,18,1990,경상북도 북부건설사업소
지방도914호,어담2교,안동 풍천 어담,20,8.4,7,2.2,2,10,RC슬래브교,벽식,18,1990,경상북도 북부건설사업소
지방도914호,오미교,안동 풍산 오미,12,28.4,27.5,5.4,1,12,라멘교,라멘식 교대,24,2015,경상북도 북부건설사업소
지방도914호,이전교,청송 부동 이전,30,9,7,3.7,3,10,RC슬래브교,중력식,18,1971,경상북도 북부건설사업소
지방도914호,윤암교,의성 점곡 윤암,25,10.5,8.5,2.7,2,12.5,라멘교,벽식,24,2003,경상북도 북부건설사업소
지방도914호,용전교,영덕 달산 용전,24,8.8,6.8,4,3,8,RC슬래브교,중력식,18,1971,경상북도 북부건설사업소
지방도914호,주왕교,청송 부동 하의,42,9,8,3,3,14,RC슬래브교,벽식,18,1995,경상북도 북부건설사업소
지방도914호,인곡교,영덕 달산 인곡,39,9,8,3.5,3,13,RC슬래브교,벽식,18,1992,경상북도 북부건설사업소
지방도914호,중리교 (914 의성),의성 의성 중리,58,10.5,9.5,7.6,2,29,RC슬래브교,중력식,24,1974,경상북도 북부건설사업소
지방도914호,조탑교,안동 일직 조탑,60,10.5,9,9,2,30,PSC I형교,라멘식,24,1995,경상북도 북부건설사업소
지방도914호,청운교(914),청송 청송 청운,120,9,7.8,7,4,30,PSC I형교,라멘식,24,1996,경상북도 북부건설사업소
지방도914호,조탑교(상),안동 일직 조탑,100,11.5,9,4.8,2,50,강상자형교,T형 교각식,24,2012,경상북도 북부건설사업소
지방도914호,중리교(914 안동),안동 풍천 하회,23.7,10,9,1,1,23.7,라멘교,라멘식 교대,24,2015,경상북도 북부건설사업소
지방도914호,지곡교,안동 길안 현하,20,9,7.5,2.5,2,10,RC슬래브교,벽식,18,1992,경상북도 북부건설사업소
지방도914호,천지교,안동 길안 천지,240,9,7.5,6.1,16,15,RC슬래브교,벽식,18,1992,경상북도 북부건설사업소
지방도914호,하의교,청송 부동 하의,48,9.2,7.7,3.9,4,12,RC슬래브교,벽식,18,1986,경상북도 북부건설사업소
지방도914호,현곡교,안동 길안 현하,36,9,7.5,3.2,3,12,RC슬래브교,벽식,18,1992,경상북도 북부건설사업소
지방도914호,현하교,안동 길안 현하,20,9,7.5,3.5,2,10,RC슬래브교,벽식,18,1992,경상북도 북부건설사업소
지방도914호,하덕교(914),영덕 달산 덕산,24,8.6,7,4,3,8,RC슬래브교,중력식,18,1971,경상북도 북부건설사업소
지방도915호,가평교,봉화 물야 가평,75.7,10.5,9.5,6.7,3,25,기타교,역T형식 교대,24,2010,경상북도 북부건설사업소
지방도915호,불기교,봉화 물야 오전,36.5,8.4,7,3.6,3,12.2,RC슬래브교,벽식,18,1991,경상북도 북부건설사업소
지방도915호,삼계교(915),봉화 봉화 삼계,48,8.5,7,3.7,3,16,라멘교,기타,18,1988,경상북도 북부건설사업소
지방도915호,상운교,봉화 상운 가곡,20,8.5,7,3.2,2,10,RC슬래브교,중력식,18,1982,경상북도 북부건설사업소
지방도915호,약수교,봉화 물야 오전,8,6,5,3.2,1,8,RC슬래브교,중력식 교대,14,1982,경상북도 북부건설사업소
지방도915호,오전1교,봉화 물야,60,8,7,5,,,RCT,,18,2005,경상북도 북부건설사업소
지방도915호,오전2교,봉화 물야,45,8,7,4,,,RCT,,18,2005,경상북도 북부건설사업소
지방도915호,오전제1교,봉화 물야 오전,25,11,10,4.7,1,25,기타교,역T형식 교대,24,2009,경상북도 북부건설사업소
지방도915호,오전제3교,봉화 물야 오전,6,7.5,7,3.5,1,6,RC슬래브교,중력식 교대,14,1988,경상북도 북부건설사업소
지방도915호,오전제4교,봉화 물야 오전,6,7.6,7,2.8,1,6,RC슬래브교,중력식 교대,14,1986,경상북도 북부건설사업소
지방도915호,오전제5교,봉화 물야 오전,6.6,7.5,7,2.3,1,6.6,RC슬래브교,중력식 교대,14,1986,경상북도 북부건설사업소
지방도915호,원천교(915),안동 녹전 원천,60,8.5,7,4,5,12,RC슬래브교,T형 교각식,18,1985,경상북도 북부건설사업소
지방도915호,지곡교,영주 평은 지곡,30,10.5,9.5,2.5,2,30,RC슬래브교,벽식,24,2012,경상북도 북부건설사업소
지방도915호,하운교,영주 평은 오운,15,8.5,7,2.5,1,15,라멘교,기타,18,1985,경상북도 북부건설사업소
지방도915호,서벽교,봉화 춘양 서벽,39.5,22,20,2.5,1,39.5,,,24,2015,경상북도 북부건설사업소
지방도916호,소산교,안동 풍산 소산,120,10.5,9,4.5,8,15,RC슬래브교,T형 교각식,24,1998,경상북도 북부건설사업소
지방도916호,장천교,안동 풍천 도양,20,8.4,7,4,2,10,RC슬래브교,중력식,18,1981,경상북도 북부건설사업소
지방도916호,비룡교,상주 낙동 비룡,26,8.4,7.1,4,2,13,라멘교,라멘식,24,1996,경상북도 북부건설사업소
지방도916호,상풍교,상주 사벌 매호,612,9,8,10,12,51,강상자형교,T형 교각식,24,1995,경상북도 북부건설사업소
지방도916호,승곡교,상주 낙동 승곡,13,10,8.5,2.5,1,13,라멘교,라멘식교대,18,1991,경상북도 북부건설사업소
지방도916호,역곡교,상주 사벌 매협,39,9,8,3.5,3,13,RC슬래브교,중력식,18,1993,경상북도 북부건설사업소
지방도917호,(신)두천2교,울진 북 두천,60,11.5,10.5,4.5,2,30,IPC거더교,T형 교각식,24,2012,경상북도 북부건설사업소
지방도917호,(신)두천교,울진 북 두천,80,11.5,10.5,3,2,40,IPC거더교,T형 교각식,24,2012,경상북도 북부건설사업소
지방도917호,대촌2교,울진 금강송 소광,26,8,7,4.5,2,13,라멘교,기타,18,1995,경상북도 북부건설사업소
지방도917호,소광2교,울진 금강송 소광,30,8,7,3,2,15,RC슬래브교,벽식,24,1994,경상북도 북부건설사업소
지방도917호,남회2교,봉화 소천 남회,33,7.5,6.5,4,3,11,RC슬래브교,벽식,18,1993,경상북도 북부건설사업소
지방도917호,남회교,봉화 소천 분천,7,9,8,2.9,1,7,RC슬래브교,반중력식 교대,14,1970,경상북도 북부건설사업소
지방도917호,남회룡교,봉화 소천 남회룡,28,9,8,9,2,14,RC슬래브교,T형 교각식,24,2001,경상북도 북부건설사업소
지방도917호,(신)화천2교,영양 영양 무창,99.5,10.5,9.5,10.5,2,49.7,PSCI형교,T형 교각식,24,2018,경상북도 북부건설사업소
지방도917호,기산교,영양 영양 기산,6.8,10.1,9.5,35,1,6.8,라멘교,라멘식,24,2004,경상북도 북부건설사업소
지방도917호,덕구교,울진 북 덕구,45,8,7,15.8,3,15,라멘교,기타,24,1995,경상북도 북부건설사업소
지방도917호,무릉교,울진 매화 오산,24,9,8,2.6,2,12,RC슬래브교,벽식,18,1994,경상북도 북부건설사업소
지방도917호,무월교,울진 울진 호월,20,8,7,4.4,2,10,RC슬래브교,중력식,18,1989,경상북도 북부건설사업소
지방도917호,산성교,울진 울진 고성,75,10.5,9.5,3,3,25,PSC I형교,T형 교각식,24,2006,경상북도 북부건설사업소
지방도917호,무창10교,영양 영양 무창,24,9.6,8.5,4,2,12,RC슬래브교,벽식,18,1994,경상북도 북부건설사업소
지방도917호,무창1교,영양 영양 무창,25,8,7,2,2,12.5,RC슬래브교,벽식,18,1995,경상북도 북부건설사업소
지방도917호,산포교,울진 근남 산포,22.4,9,8,3.1,2,11.2,라멘교,기타,24,1996,경상북도 북부건설사업소
지방도917호,상당2교,울진 북 상당,20,9,8,3.3,2,10,RC슬래브교,라멘식,24,1997,경상북도 북부건설사업소
지방도917호,무창3교,영양 영양 무창,25,8.5,7,3.5,2,12.5,RC슬래브교,벽식,18,1993,경상북도 북부건설사업소
지방도917호,무창4교,영양 영양 무창,25,8.5,7,3.4,2,12.5,RC슬래브교,벽식,18,1993,경상북도 북부건설사업소
지방도917호,무창5교,영양 영양 무창,25,8,7,2.5,2,12.5,RC슬래브교,벽식,18,1993,경상북도 북부건설사업소
지방도917호,무창6교,영양 영양 무창,25,9.5,8.5,3.6,2,12.5,RC슬래브교,벽식,18,1994,경상북도 북부건설사업소
지방도917호,무창7교,영양 영양 무창,25,8.5,7,3.5,2,12.5,RC슬래브교,벽식,18,1994,경상북도 북부건설사업소
지방도917호,무창8교,영양 영양 무창,25,8.5,7,3.7,2,12.5,RC슬래브교,벽식,18,1994,경상북도 북부건설사업소
지방도917호,상당교,울진 북 상당,14,9,8,3,1,14,RC슬래브교,반중력식 교대,24,1998,경상북도 북부건설사업소
지방도917호,상부교,울진 북 부구,76.9,8,7,3.7,3,25.7,PSC I형교,라멘식,24,1983,경상북도 북부건설사업소
지방도917호,무창9교,영양 영양 무창,25,7.3,6.3,3.7,2,12.5,RC슬래브교,벽식,18,1994,경상북도 북부건설사업소
지방도917호,소곡교,울진 울진 소곡,38,8,7,2.9,4,11,라멘교,기타,18,1994,경상북도 북부건설사업소
지방도917호,소광1교,울진 금강송 소광,68,10.5,9.5,6,2,34,아치교,아치식,24,2004,경상북도 북부건설사업소
지방도917호,소광2교,울진 금강송 소광,28,5.6,5,3.7,4,7,RC슬래브교,중력식,14,1985,경상북도 북부건설사업소
지방도917호,소광3교,울진 금강송 소광,40,8,7,3.7,3,14,RC슬래브교,벽식,24,1995,경상북도 북부건설사업소
지방도917호,삼귀교,영양 영양,14,10.5,9.5,3,,,,,24,2013,경상북도 북부건설사업소
지방도917호,삼의1교,영양 석보 삼의,40,6.5,5,3,4,10,RC슬래브교,중력식,14,1989,경상북도 북부건설사업소
지방도917호,삼의2교,영양 석보 삼의,45,8,7,4.5,3,15,RC슬래브교,벽식,18,1992,경상북도 북부건설사업소
지방도917호,삼의31교,영양 석보 삼의,24,8,7,4.1,2,12,RC슬래브교,벽식,18,1992,경상북도 북부건설사업소
지방도917호,삼의3교,영양 석보 삼의,35,8,7,10.2,3,12,RC슬래브교,벽식,18,1994,경상북도 북부건설사업소
지방도917호,삼의4교,영양 석보 삼의,24,8,7,3.5,2,12,RC슬래브교,벽식,18,1992,경상북도 북부건설사업소
지방도917호,삼의교,영양 석보 삼의,45,8,7,5,3,15,RC슬래브교,벽식,18,1991,경상북도 북부건설사업소
지방도917호,상삼의교,영양 석보 삼의,25,8.5,7.5,4.5,2,12.5,RC슬래브교,벽식,18,1995,경상북도 북부건설사업소
지방도917호,수산교,울진 근남 노음,300,14.2,10,4.5,8,37.5,PSC I형교,T형 교각식,24,2005,경상북도 북부건설사업소
지방도917호,오덕교,울진 매화 오산,45,10.5,9.5,3.1,3,15,라멘교,기타,24,2003,경상북도 북부건설사업소
지방도917호,옥방3교,울진 금강송 광회,37,7.5,6.5,4,3,12.4,RC슬래브교,벽식,18,1993,경상북도 북부건설사업소
지방도917호,옥방교,울진 금강송 광희,30,10.5,9.5,6,1,30,아치교,아치식,24,2004,경상북도 북부건설사업소
지방도917호,수하2교,영양 수비 수하,60,8,7,5,4,15,RTC형교,라멘식,18,1994,경상북도 북부건설사업소
지방도917호,수하교,영양 수비 수하,55,8,7,4.5,5,11,RC슬래브교,중력식,14,1994,경상북도 북부건설사업소
지방도917호,신내교,영양 수비 신암,15,9.2,8,4.2,1,15,RC슬래브교,반중력식 교대,24,1999,경상북도 북부건설사업소
지방도917호,울진남대천교,울진 울진 고성,214.3,12.5,8,5,2,30,PSC I형교,반중력식 교대,24,2003,경상북도 북부건설사업소
지방도917호,신암2교,영양 수비 신암,24,8.5,7,3.5,2,12,RC슬래브교,벽식,18,1992,경상북도 북부건설사업소
지방도917호,신암교,영양 수비 신암,16,7.5,6,3.5,2,8,RC슬래브교,중력식,14,1989,경상북도 북부건설사업소
지방도917호,신암5교,영양 수비 신암,36,8,7,8.5,3,12,RC슬래브교,벽식,18,1995,경상북도 북부건설사업소
지방도917호,신암교,영양 수비 신암,80,9,8,8,6,14,RC슬래브교,T형 교각식,24,1997,경상북도 북부건설사업소
지방도917호,원장교,울진 북 덕구,30,8,7,6,1,30,라멘교,기타,24,1988,경상북도 북부건설사업소
지방도917호,신암교(신암3교),영양 수비 신암,34,10.5,9.5,7.6,1,34,DR거더교,T형교각식,24,2018,경상북도 북부건설사업소
지방도917호,장군교,울진 서면 소광,38,9,8,4,2,38,RC슬래브교,중력식교대,24,2009,경상북도 북부건설사업소
지방도917호,재말교,울진 울진 사계,12,9,8,3,1,12,라멘교,기타,18,1995,경상북도 북부건설사업소
지방도917호,신천1교,영양 수비 신암,24,8,7,3.4,2,12,RC슬래브교,벽식,18,1995,경상북도 북부건설사업소
지방도917호,신천2교,영양 수비 신암,24,8,7,3,2,12,RC슬래브교,벽식,18,1995,경상북도 북부건설사업소
지방도917호,주인교,울진 북 주인,24,10.5,9.5,4.1,2,12,라멘교,기타,24,2001,경상북도 북부건설사업소
지방도917호,양구1교,영양 영양 양구,24,8,7,2.2,2,12,RC슬래브교,벽식,18,1995,경상북도 북부건설사업소
지방도917호,죽변IC교,울진 죽변 봉평,40,10.5,9.5,2,3,12,RC슬래브교,T형 교각식,24,2003,경상북도 북부건설사업소
지방도917호,양구2교,영양 영양 양구,20,9,8,3.7,2,10,RC슬래브교,벽식,18,1995,경상북도 북부건설사업소
지방도917호,양구3교,영양 영양 양구,20,8,7,3.7,2,10,RC슬래브교,벽식,18,1995,경상북도 북부건설사업소
지방도917호,양구4교,영양 영양 양구,24,9,8,3.6,2,12,RC슬래브교,벽식,24,1999,경상북도 북부건설사업소
지방도917호,양구5교,영양 영양 양구,15,9,8,3.8,1,15,RC슬래브교,반중력식 교대,24,1999,경상북도 북부건설사업소
지방도917호,양구6교,영양 영양 양구,15,9,8,4,1,15,RC슬래브교,반중력식 교대,24,1999,경상북도 북부건설사업소
지방도917호,양구7교,영양 영양 양구,15,9,8,3.6,1,15,RC슬래브교,반중력식 교대,24,1999,경상북도 북부건설사업소
지방도917호,오기2교,영양 수비,27.2,10.5,9.5,2.8,1,27.2,합성형라멘,라멘식,24,2017,경상북도 북부건설사업소
지방도917호,오기교,영양 수비 오기,26,9,8,3,2,13,RC슬래브교,벽식,24,1998,경상북도 북부건설사업소
지방도917호,장파1교,영양 수비,40,,,,,,,,24,2012,경상북도 북부건설사업소
지방도917호,장파2교,영양 수비 죽파,44,9,8,4,3,14,라멘교,기타,24,2006,경상북도 북부건설사업소
지방도917호,장파3교,영양 수비 죽파,44,9,8,5,3,14,라멘교,기타,24,2006,경상북도 북부건설사업소
지방도917호,죽파1교,영양 수비 죽파,36,9,8,4.7,3,10.6,라멘교,기타,24,2006,경상북도 북부건설사업소
지방도917호,죽파2교,영양 수비 송하,60,9,8,10.1,4,14.5,RC슬래브교,T형 교각식,24,2006,경상북도 북부건설사업소
지방도917호,죽파4교,영양 수비 송하,56,9,8,2.8,4,13.5,RC슬래브교,T형 교각식,24,2006,경상북도 북부건설사업소
지방도917호,진복1교,울진 근남 진복,24,9.4,8,2.8,2,12,RC슬래브교,T형 교각식,18,1994,경상북도 북부건설사업소
지방도917호,진복2교,울진 근남 진복,24,9,8,2.8,2,12,RC슬래브교,T형 교각식,18,1994,경상북도 북부건설사업소
지방도917호,평지교,울진 울진 사계,22,9,8,3.3,2,11,라멘교,기타,24,1995,경상북도 북부건설사업소
지방도917호,천전교,영양 수비 수하,80,10.5,9.5,8.6,3,26.6,PSC 슬래브교,중력식,24,2014,경상북도 북부건설사업소
지방도917호,판사1교,영양 수비 송하,40,9,6.5,6.7,1,40,RC슬래브교,아치식,24,2002,경상북도 북부건설사업소
지방도917호,판사2교,영양 수비 송하,32,9,6.5,6.2,1,32,RC슬래브교,아치식,24,2002,경상북도 북부건설사업소
지방도917호,판사3교,영양 수비 송하,60,9,8,3.5,4,14.5,RC슬래브교,T형 교각식,24,2006,경상북도 북부건설사업소
지방도917호,하죽파3교,영양 수비 송하,50,9,8,4.6,4,12.5,RC슬래브교,T형 교각식,24,2006,경상북도 북부건설사업소
지방도917호,하토교,울진 울진 읍남,50,11,10,5,4,12.5,PSC I형교,반중력식 교대,24,1996,경상북도 북부건설사업소
지방도917호,호월교,울진 울진 호월,40,8.5,7,3.6,3,14,RC슬래브교,T형 교각식,18,1991,경상북도 북부건설사업소
지방도917호,화성교,울진 죽변 후정,27.5,9.7,8.7,4,1,27.5,PSC 슬래브교,중력식교대,24,2013,경상북도 북부건설사업소
지방도917호,후곡교,울진 금강송 소광,38,9,8,3,2,38,RC슬래브교,중력식교대,24,2009,경상북도 북부건설사업소
지방도917호,남회1교,봉화 소천 남회,33,7.5,6.5,4,3,11,RC슬래브교,중력식,24,1993,경상북도 북부건설사업소
지방도917호,무창2교,영양 영양 무창,26,8,7.1,,2,13,RC슬래브교,벽식,18,1993,경상북도 북부건설사업소
지방도918호,남면교,봉화 재산 남,12,9,8,3,1,12,라멘교,기타,18,1992,경상북도 북부건설사업소
지방도918호,가곡교(918),영양 일월 가곡,62,9,8,3,4,15.5,RC슬래브교,라멘식,18,1991,경상북도 북부건설사업소
지방도918호,명호교,봉화 명호 도천,99,8.5,7,10.7,6,16.5,RC슬래브교,T형 교각식,24,1992,경상북도 북부건설사업소
지방도918호,모천교,봉화 재산 남,9,10,8.5,2.1,1,9,RC슬래브교,중력식 교대,18,1992,경상북도 북부건설사업소
지방도918호,묘곡교 (918),봉화 재산 상리,16,8.5,7,3.2,2,8,RC슬래브교,벽식,24,1992,경상북도 북부건설사업소
지방도918호,선서교,봉화 명호 고계,12,8.5,7,4.5,1,12,RC슬래브교,중력식 교대,24,1992,경상북도 북부건설사업소
지방도918호,당교,영양 청기 당,30,9,8,3.7,2,15,라멘교,기타,14,1992,경상북도 북부건설사업소
지방도918호,대천교,영양 영양 대천,124,9,8,4.8,9,13.8,RC슬래브교,벽식,18,1994,경상북도 북부건설사업소
지방도918호,도곡교,영양 일월 도곡,22,7.5,6,3.5,2,11,RC슬래브교,중력식 교대,14,1977,경상북도 북부건설사업소
지방도918호,백운교,영양 청기 행화,11,7.5,6,3.5,1,11,RC슬래브교,중력식 교대,14,1972,경상북도 북부건설사업소
지방도918호,성내교,영덕 영해 성내,8,8.5,8,2,1,8,RC슬래브교,중력식 교대,14,1968,경상북도 북부건설사업소
지방도918호,신기교 (918),영덕 창수 신기,40,9,7.5,6.8,3,13.4,RC슬래브교,T형 교각식,18,1990,경상북도 북부건설사업소
지방도918호,신리교,영덕 창수 신리,40,9,7.5,3.7,3,13.4,RC슬래브교,중력식,18,1992,경상북도 북부건설사업소
지방도918호,원구교,영덕 영해 원구,60,9,7.8,4.6,4,15,RC슬래브교,벽식,24,1996,경상북도 북부건설사업소
지방도918호,행화교,영양 청기 행화,11,7.5,6,3,1,11,RC슬래브교,중력식 교대,14,1970,경상북도 북부건설사업소
지방도918호,화천1교,영양 영양 화천,50,10.5,9.5,10.1,2,25,PSC I형교,역T형식 교대,24,2010,경상북도 북부건설사업소
지방도918호,화천교,영양 영양 화천,12,9,7.5,3,1,12,RC슬래브교,중력식 교대,18,1989,경상북도 북부건설사업소
지방도918호,기산교,영양 영양 기산,60,10.5,,,2,30,,,24,2008,경상북도 북부건설사업소
지방도920호,논실교,영양 석보 답곡,23,8,7,4,2,11.5,RC슬래브교,기타,24,2002,경상북도 북부건설사업소
지방도920호,답곡1교,영양 석보 답곡,11,6,5,4,2,11,RC슬래브교,목조식,14,1978,경상북도 북부건설사업소
지방도920호,답곡2교,영양 석보 답곡,14.3,6,5,4,1,14.3,RC슬래브교,기타,18,2010,경상북도 북부건설사업소
지방도920호,답곡3교,영양 석보 답곡,26,8,7,4.4,2,13,라멘교,기타,24,2004,경상북도 북부건설사업소
지방도920호,동인교,안동 예안 동인,45,10.5,9.5,4,3,15,RC슬래브교,T형 교각식,24,2004,경상북도 북부건설사업소
지방도920호,동천교,안동 예안 동천,30,4.5,4.1,4.1,5,6.3,RC슬래브교,중력식,14,1976,경상북도 북부건설사업소
지방도920호,답곡교(920),영양 석보 답곡,22,8,7,3,2,11,RC슬래브교,중력식,24,2001,경상북도 북부건설사업소
지방도920호,답곡교1,영양 석보 답곡,25,9,8,4,2,12.5,RC슬래브교,반중력식 교대,24,2007,경상북도 북부건설사업소
지방도920호,소계1교,영양 석보 소계,20,8.5,7.5,3.5,2,10,RC슬래브교,중력식,18,1993,경상북도 북부건설사업소
지방도920호,소계2교,영양 석보 소계,20,8.5,7.5,3.5,2,10,RC슬래브교,중력식,18,1993,경상북도 북부건설사업소
지방도920호,소계교,영양 석보 소계,22,8.5,7.5,3.5,2,11,RC슬래브교,중력식,18,1992,경상북도 북부건설사업소
지방도920호,옥계2교,영양 석보 옥계,25,8.5,7.5,3.2,2,12.5,RC슬래브교,중력식,18,1992,경상북도 북부건설사업소
지방도920호,옥계교,영양 석보 옥계,30,9.5,8.5,7,2,15,RC슬래브교,중력식,18,1992,경상북도 북부건설사업소
지방도920호,정족1교,영양 청기 정족,60,8,7,4,4,15,RC슬래브교,벽식,18,1996,경상북도 북부건설사업소
지방도920호,정족2교,영양 청기 정족,24,8,7,3,2,12,RC슬래브교,벽식,24,2001,경상북도 북부건설사업소
지방도920호,토곡1교,영양 청기 토곡,11,6,5,2,1,11,RC슬래브교,중력식,14,1978,경상북도 북부건설사업소
지방도920호,팔수교,영양 영양 서부,58,10.5,9.5,15.7,2,29,IPC거더교,T형 교각식,24,2017,경상북도 북부건설사업소
지방도920호,현동1교,영양 영양 현리,26,8,7,6,2,13,RC슬래브교,중력식,24,2001,경상북도 북부건설사업소
지방도920호,현동교,영양 영양 현리,130.7,13.5,8.5,10,3,43.5,PSC I형교,역T형식 교대,24,2010,경상북도 북부건설사업소
지방도920호,협동교,영양 석보 옥계,25,8.5,7.5,3.6,2,12.5,RC슬래브교,중력식,18,1992,경상북도 북부건설사업소
지방도922호,(신)완장1교,문경 가은,48.6,10.5,9.5,7.1,2,24.3,PSCI형교,T형 교각식,24,2018,경상북도 북부건설사업소
지방도922호,(신)완장2교,문경 가은,80,10.5,9.5,12.1,2,40,PSCI형교,T형 교각식,24,2018,경상북도 북부건설사업소
지방도922호,상괴교,문경 가은 상괴,35,8,7.2,3.2,3,12,RC슬래브교,벽식,18,1989,경상북도 북부건설사업소
지방도922호,완장1교,문경 가은 완장,9.6,7.8,6,3,1,9.6,RC슬래브교,중력식 교대,14,1981,경상북도 북부건설사업소
지방도922호,완장2교,문경 가은 완장,9.6,7.4,6,3.9,1,9.6,RC슬래브교,중력식 교대,18,1984,경상북도 북부건설사업소
지방도922호,완장3교,문경 가은 완장,18,7.5,6,5.4,1,18,RTC형교,중력식 교대,18,1983,경상북도 북부건설사업소
지방도922호,완장4교,문경 가은 완장,18,7.5,6,2.9,1,18,RTC형교,중력식 교대,18,1988,경상북도 북부건설사업소
지방도922호,하괴1교,문경 가은 하괴,15,10.4,9.5,2.5,1,15,라멘교,라멘식 교대,24,2006,경상북도 북부건설사업소
지방도922호,하괴교,문경 가은 하괴,52,10.4,9.5,4.5,2,26,PSC I형교,역T형식 교대,24,2006,경상북도 북부건설사업소
지방도923호,갈산교,문경 문경 갈평,26,9.8,8.3,2.5,2,13,RC슬래브교,벽식,18,1994,경상북도 북부건설사업소
지방도923호,가산교,의성 단북 성암,28,8,7,3,2,14,RC슬래브교,벽식,18,1995,경상북도 북부건설사업소
지방도923호,구천교 (923),의성 구천 내산,360,8,7,9.8,12,30,PSC I형교,T형 교각식,18,1995,경상북도 북부건설사업소
지방도923호,봉정교,문경 산양 봉정,13,8.9,7.5,2.5,1,13,라멘교,,18,1991,경상북도 북부건설사업소
지방도923호,내산교,의성 구천 내산,36,9,7.5,2.8,3,12,RC슬래브교,벽식,18,1989,경상북도 북부건설사업소
지방도923호,봉정교,의성 다인 봉정,37,9,8,2.6,3,14,RC슬래브교,라멘식,24,1999,경상북도 북부건설사업소
지방도923호,서릉교,의성 다인 서릉,21,8,7,2.1,2,11.5,RC슬래브교,벽식,18,1994,경상북도 북부건설사업소
지방도923호,성암교,의성 단북 성암,8,10.2,9.8,2.2,1,8,라멘교,기타,14,1976,경상북도 북부건설사업소
지방도923호,아천교,문경 산북 대하,40,7.5,6.5,6.2,3,15,RC슬래브교,T형 교각식,18,1989,경상북도 북부건설사업소
지방도923호,영풍교,문경 영순 말응,300,7.5,6,11.6,10,30,PSC I형교,T형 교각식,18,1987,경상북도 북부건설사업소
지방도923호,신기교,의성 단북 신하,42,8,7,2.8,3,16,RC슬래브교,벽식,18,1994,경상북도 북부건설사업소
지방도923호,용기교,의성 안계 용기,17,10.5,9.5,3.5,1,17,라멘교,라멘식 교대,24,2009,경상북도 북부건설사업소
지방도923호,용산교,의성 단북 성암,30,8,7,5.4,2,15,RC슬래브교,벽식,18,1994,경상북도 북부건설사업소
지방도923호,이연교,의성 단북 이연,26,8,7,2.6,2,13,RC슬래브교,벽식,18,1995,경상북도 북부건설사업소
지방도923호,조성1교,의성 구천 조성,61.6,10.5,9.5,5,2,32,PSC I형교,부벽식 교대,24,2012,경상북도 북부건설사업소
지방도923호,이곡1교,문경 산북 이곡,11,8,7,3.8,1,11,RC슬래브교,중력식 교대,18,1987,경상북도 북부건설사업소
지방도924호,금천1교,문경 영순 오룡,242,10.5,9.5,7.7,7,34.5,PSC 슬래브교,역T형식 교대,24,2014,경상북도 북부건설사업소
지방도924호,교동교,안동 서후 교동,14,9,8,5,1,14,RC슬래브교,역T형식 교대,24,2000,경상북도 북부건설사업소
지방도924호,만운교,안동 서후 금계,46.2,11,10,3.4,1,46.2,PSC I형교,역T형식 교대,24,2006,경상북도 북부건설사업소
지방도924호,매곡교,안동 풍산 안교,44,13,12,4,4,11,RC슬래브교,기타,18,1992,경상북도 북부건설사업소
지방도924호,영순교,문경 영순 김용,249,12,8.7,5.5,9,30,PSC I형교,T형 교각식,24,2002,경상북도 북부건설사업소
지방도924호,오룡교,문경 영순 오룡,33.2,10.5,9.5,9,1,33.2,PSC 슬래브교,역T형식 교대,24,2014,경상북도 북부건설사업소
지방도924호,상리1교,안동 풍산 상리,104.6,10.5,7.5,4.5,4,26.1,프리플렉스형교,역T형식 교대,24,2010,경상북도 북부건설사업소
지방도924호,대은교,예천 용궁 대은,13,8.5,7,3,1,13,RC슬래브교,중력식 교대,18,1992,경상북도 북부건설사업소
지방도924호,본리교,예천 호명 본리,27,8,7,2.8,2,13.5,RC슬래브교,벽식,18,1992,경상북도 북부건설사업소
지방도924호,이하2교,안동 와룡 이하,18,10.5,9.5,9,1,18,라멘교,기타,24,2014,경상북도 북부건설사업소
지방도924호,저전교,안동 서후 저전,56,10.5,4,4,3,12,RC T형교,중력식,24,2012,경상북도 북부건설사업소
지방도924호,증수교,안동 풍산 수곡,55,8.5,7,6,4,13.8,RC슬래브교,벽식,18,1991,경상북도 북부건설사업소
지방도924호,송평천교,예천 지보 어신,94,18.4,14.5,5,2,47,IPC거더교,역T형식 교대,24,2022,경상북도 북부건설사업소
지방도927호,구미교,의성 봉양 구미,84,9,8,6.4,6,14,RC슬래브교,벽식,24,1995,경상북도 북부건설사업소
지방도927호,도옥교,의성 안평 도옥,28.8,7.4,6,4,3,9.6,RC슬래브교,중력식,14,1970,경상북도 북부건설사업소
지방도927호,박곡교,의성 안평 박곡,33,7.4,6,6,3,11,RC슬래브교,중력식,14,1970,경상북도 북부건설사업소
지방도927호,구담교,안동 풍천 구담,444,10.5,9.5,9.7,9,50,강상자형교,T형 교각식,24,1997,경상북도 북부건설사업소
지방도927호,남본교,예천 호명 남본,30,23.2,20.4,13.9,1,30,DR거더교,역T형식 교대,24,2016,경상북도 북부건설사업소
지방도927호,높은다리,예천 효자 사곡,150,11,10,20,3,60,강상자형교,T형 교각식,24,2005,경상북도 북부건설사업소
지방도927호,산합1교,예천 호명 금능,35.6,33.8,33,8.5,1,35.6,HyPC거더교,역T형식 교대,24,2016,경상북도 북부건설사업소
지방도927호,상영교,예천 하리 부초,15,10,8.5,4.1,1,15,라멘교,기타,18,1983,경상북도 북부건설사업소
지방도927호,생천교 (927),예천 예천 생천,10,9,8,3.5,1,10,RC슬래브교,중력식 교대,24,1996,경상북도 북부건설사업소
지방도927호,장대교,의성 봉양 장대,20,9.5,8,3.8,2,10,RC슬래브교,벽식,18,1990,경상북도 북부건설사업소
지방도927호,오천1교(신_2016),예천 호명 오천,40,23.8,22.8,7.6,1,40,MSP합성거더,역T형식 교대,24,2016,경상북도 북부건설사업소
지방도927호,오천교,예천 호명 오천,350,10.5,9.5,8,7,50,강상자형교,T형 교각식,24,1996,경상북도 북부건설사업소
지방도927호,오천교2,예천 호명 오천,359,13.3,12.3,7,7,50,Seg빔교,기타,24,2016,경상북도 북부건설사업소
지방도927호,왕신IC교,예천 호명 청복,45,25.4,24.5,6.8,1,45,IPC거더교,역T형식 교대,24,2016,경상북도 북부건설사업소
지방도927호,자래교,예천 상리 도촌,24,8.5,7,4,2,12,라멘교,벽식,18,1985,경상북도 북부건설사업소
지방도927호,하리교,예천 하리 우곡,75,10.5,9.5,5.7,3,25,기타,기타,24,2002,경상북도 북부건설사업소
지방도927호,청운교,의성 신평 청운,42,9.1,8,4.5,3,14,RC슬래브교,T형 교각식,24,1995,경상북도 북부건설사업소
지방도927호,초전교,의성 금성 초전,55,9,8,3.5,4,15,RC슬래브교,T형 교각식,24,1999,경상북도 북부건설사업소
지방도928호,금천교,문경 동로 수평,60,7.4,6,7.5,4,15,RTC형교,T형 교각식,18,1984,경상북도 북부건설사업소
지방도928호,도산1교,안동 도산 온혜,34,8.9,8.9,7.9,2,17,라멘교,기타,24,2014,경상북도 북부건설사업소
지방도928호,상계1교,안동 도산 토계,42,12,10,3,2,21,RC슬래브교,기타,24,2004,경상북도 북부건설사업소
지방도928호,상계2교,안동 도산 토계,32,7,6.5,3,2,16,RC슬래브교,역T형식 교대,24,2002,경상북도 북부건설사업소
지방도928호,석탑1교,안동 북후 석탑,13,8,7,5,1,13,라멘교,기타,18,1992,경상북도 북부건설사업소
지방도928호,석탑2교,안동 북후 석탑,13,8.5,7,3.5,1,13,라멘교,기타,18,1992,경상북도 북부건설사업소
지방도928호,석탑3교,안동 북후 석탑,20,8,7,4.5,2,10,라멘교,기타,18,1994,경상북도 북부건설사업소
지방도928호,석탑4교,안동 북후 석탑,26,8,7,4.4,2,13,라멘교,기타,18,1994,경상북도 북부건설사업소
지방도928호,석탑교,안동 북후 석탑,243,9,8,6,18,13.5,RC슬래브교,벽식,24,1998,경상북도 북부건설사업소
지방도928호,미호교,예천 보문 미호,270,10,9,12.5,9,30,PSC I형교,T형 교각식,24,1999,경상북도 북부건설사업소
지방도928호,민경지교,예천 용문 원류,24,9,8,4,2,12,RC슬래브교,벽식,24,2001,경상북도 북부건설사업소
지방도928호,생천교(928),예천 예천 생천,48,7.5,6,5.4,4,12,RC슬래브교,T형 교각식,18,1984,경상북도 북부건설사업소
지방도928호,양평교,안동 도산 토계,60,9,8,4,3,20,RC슬래브교,기타,24,2004,경상북도 북부건설사업소
지방도928호,온천교(928),안동 도산 온혜,20,9.5,9,2.5,2,10,라멘교,라멘식,24,1999,경상북도 북부건설사업소
지방도928호,옹천교,안동 북후 옹천,24,8,6.6,2.8,2,12,RC슬래브교,중력식,14,1989,경상북도 북부건설사업소
지방도928호,오신교,예천 보문 오신,320,10.5,9.5,7.5,11,29,PSC I형교,T형 교각식,24,1999,경상북도 북부건설사업소
지방도928호,청계교,안동 도산 온혜,20,7.5,7,1,2,9.5,RC슬래브교,중력식,14,1979,경상북도 북부건설사업소
지방도930호,고와1교,청송 안덕 고와,108.2,9,8,9,8,13.5,RC슬래브교,라멘식,24,1997,경상북도 북부건설사업소
지방도930호,고와2교,청송 안덕 고와,121.7,9,8,9,9,13.5,RC슬래브교,라멘식,24,1998,경상북도 북부건설사업소
지방도930호,구천2교,청송 부남 구천,65,8,6.5,4.9,5,13,RC슬래브교,벽식,18,1991,경상북도 북부건설사업소
지방도930호,도천1교,영덕 남정 도천,24,8.5,7.5,3.5,2,12,RC슬래브교,벽식,18,1991,경상북도 북부건설사업소
지방도930호,도천2교,영덕 남정 도천,26,8.5,7.5,3.5,2,13,RC슬래브교,벽식,18,1991,경상북도 북부건설사업소
지방도930호,매현1교,영덕 달산 옥산,25,10,9,5,2,12.5,라멘교,기타,24,2010,경상북도 북부건설사업소
지방도930호,매현2교,영덕 달산 옥산,30,10,9,5,1,30,라멘교,기타,24,2010,경상북도 북부건설사업소
지방도930호,매현3교,영덕 달산 옥산,30,10,9,5,1,30,라멘교,기타,24,2010,경상북도 북부건설사업소
지방도930호,사암1교,영덕 남정 사암,35,9,8,4,3,13,RC슬래브교,라멘식,24,2001,경상북도 북부건설사업소
지방도930호,금봉교,의성 옥산 금봉,180,10.5,9.5,7.5,3,30,PSC I형교,T형 교각식,24,2013,경상북도 북부건설사업소
지방도930호,금봉지2교,의성 옥산 금봉,15,11,10,6.5,1,15,라멘교,기타,24,2006,경상북도 북부건설사업소
지방도930호,내룡교,청송 부동 내룡,40,8.2,7.2,3.2,3,15,RC슬래브교,라멘식,18,1994,경상북도 북부건설사업소
지방도930호,노래교,청송 안덕 노래,41.1,9,8,4,3,13.4,RC슬래브교,벽식,24,2002,경상북도 북부건설사업소
지방도930호,새마을교,청송 안덕 지소,112.5,9,8,4.6,9,12.5,RC슬래브교,라멘식,24,2000,경상북도 북부건설사업소
지방도930호,서원교,청송 부남 구천,50,6.8,6,3.7,5,10,RC슬래브교,중력식,14,1988,경상북도 북부건설사업소
지방도930호,금봉지3교,의성 옥산 금봉,13,9,8,6.5,1,13,라멘교,기타,24,2006,경상북도 북부건설사업소
지방도930호,금학교,의성 옥산 금학,45,9,8,3.5,3,15,RC슬래브교,벽식,18,1996,경상북도 북부건설사업소
지방도930호,도평교,의성 사곡 토현,37.5,8,7,3,3,12.5,RC슬래브교,벽식,24,1996,경상북도 북부건설사업소
지방도930호,미골교,의성 옥산 금봉,18,9,8,1.5,1,18,라멘교,기타,24,2006,경상북도 북부건설사업소
지방도930호,사암2교,영덕 남정 사암,26,9,8,4,2,13,RC슬래브교,벽식,24,1998,경상북도 북부건설사업소
지방도930호,사암3교,영덕 남정 사암,20,10,9,5.4,2,10,RC슬래브교,벽식,24,1996,경상북도 북부건설사업소
지방도930호,대사1교,안동 길안 대사,98,9,7.5,7.4,7,14,RC슬래브교,라멘식,24,1998,경상북도 북부건설사업소
지방도930호,사암4교,영덕 남정 사암,25,8,7,4.6,2,12.5,RC슬래브교,벽식,24,1996,경상북도 북부건설사업소
지방도930호,대사2교,안동 길안 대사,90,9,8,11,7,14,RC슬래브교,라멘식,24,1998,경상북도 북부건설사업소
지방도930호,대사3교,안동 길안 대사,90,9,8,7,3,30,PSC I형교,T형 교각식,24,2001,경상북도 북부건설사업소
지방도930호,사암5교,영덕 남정 사암,17,9,8,3.5,2,8.5,RC슬래브교,벽식,18,1995,경상북도 북부건설사업소
지방도930호,사암교,영덕 남정 사암,22,9,8,4.2,2,11,RC슬래브교,라멘식,24,2001,경상북도 북부건설사업소
지방도930호,쇠골2교,의성 옥산 금봉,15,10,9,3,1,15,RC슬래브교,기타,24,2006,경상북도 북부건설사업소
지방도930호,쇠골교,의성 옥산 금봉,14,4.2,4,3,1,7,RC슬래브교,벽식,14,1976,경상북도 북부건설사업소
지방도930호,신고교,의성 옥산 금화,34,5,4,2.1,4,8.5,RC슬래브교,라멘식,14,1989,경상북도 북부건설사업소
지방도930호,운곡교,의성 금성 운곡,24,5,4,4,3,8,RC슬래브교,중력식,14,1976,경상북도 북부건설사업소
지방도930호,이현1교,청송 부남,60,,,,,,,,24,2016,경상북도 북부건설사업소
지방도930호,이현2교,청송 부남,64,,,,,,,,24,2016,경상북도 북부건설사업소
지방도930호,오산교,영덕 남정 장사,20,9,8,3.7,2,10,RC슬래브교,라멘식,24,2001,경상북도 북부건설사업소
지방도930호,옥계1교,영덕 달산 옥계,25,7,6,5.7,2,12.5,RC슬래브교,벽식,18,1991,경상북도 북부건설사업소
지방도930호,옥계2교,영덕 달산 옥계,38,7,6,4.3,3,13,RC슬래브교,벽식,18,1991,경상북도 북부건설사업소
지방도930호,전흥교,의성 옥산 전흥,50,8,6,3.8,4,12.5,RC슬래브교,T형 교각식,24,1999,경상북도 북부건설사업소
지방도930호,제오교,의성 금성 제오,20,10,9,3.1,2,10,라멘교,벽식,24,2002,경상북도 북부건설사업소
지방도930호,지소교,청송 안덕 지소,150.3,10.5,9.5,13,5,30,PSC I형교,T형 교각식,24,2005,경상북도 북부건설사업소
지방도930호,중사교,안동 길안 대사,90,9,8,4.5,3,30,PSC I형교,라멘식,24,2002,경상북도 북부건설사업소
지방도930호,청석골교,의성 옥산 금봉,45,11.5,10.5,2,2,22.5,RC슬래브교,기타,24,2006,경상북도 북부건설사업소
지방도930호,한소밭교,청송 부동 내룡,30,7.8,6.4,3,3,10,RC슬래브교,T형 교각식,18,1991,경상북도 북부건설사업소
지방도930호,항리1교,청송 부동 항,30,8,7,4.4,3,12,RC슬래브교,라멘식,24,1997,경상북도 북부건설사업소
지방도930호,탑들교,의성 옥산 금화,39.8,9,8,4.2,3,14.5,RC슬래브교,T형 교각식,24,1999,경상북도 북부건설사업소
지방도930호,항리2교,청송 부동 항,42,8,7,6.3,3,14,RC슬래브교,T형 교각식,24,1997,경상북도 북부건설사업소
지방도930호,화장1교,청송 부남 화장,12.2,8.2,7.3,2.8,2,6.1,RC슬래브교,중력식,18,1992,경상북도 북부건설사업소
지방도930호,화장2교,청송 부남 화장,12.2,8.1,7.1,2.8,2,6.1,RC슬래브교,중력식,18,1992,경상북도 북부건설사업소
지방도930호,화장3교,청송 부남 화장,24,8,7,6.3,2,12,RC슬래브교,라멘식,24,1998,경상북도 북부건설사업소
지방도930호,화장교,청송 부남 화장,40.5,8,6.5,4,3,13.5,RC슬래브교,중력식,18,1992,경상북도 북부건설사업소
지방도930호,도천2교,영덕 남정 도천,38.4,9.5,9.5,,1,38.4,라멘교,라멘식,24,2020,경상북도 북부건설사업소
지방도931호,대촌1교,영주 봉현 대촌,14,11.9,7.9,4,1,14,라멘교,기타,24,1997,경상북도 북부건설사업소
지방도931호,대촌2교 (931),영주 봉현 대촌,10,9,8,2.2,1,10,RC슬래브교,역T형식 교대,24,1995,경상북도 북부건설사업소
지방도931호,현내교,예천 감천 현내,30,10.5,9.5,4.7,2,15,RC슬래브교,역T형식 교대,24,2009,경상북도 북부건설사업소
지방도933호,갈산2교,봉화 재산 갈산,24,9,7.6,7.7,2,12,RC슬래브교,T형 교각식,24,1996,경상북도 북부건설사업소
지방도933호,갈산교,봉화 재산 갈산,69,9.5,8,3,5,13.8,RC슬래브교,라멘식,24,1993,경상북도 북부건설사업소
지방도933호,고감교,안동 예안 삼계,50.5,10.5,9.5,3.7,2,25.3,PSC I형교,T형 교각식,24,2005,경상북도 북부건설사업소
지방도933호,삼계교,안동 예안 삼계,56,10.5,9.5,4.7,2,28,프리플렉스형교,역T형식 교대,24,2009,경상북도 북부건설사업소
지방도933호,주계교,안동 와룡 주계,10,7.5,6.2,4,1,10,RC슬래브교,중력식 교대,18,1975,경상북도 북부건설사업소
지방도933호,주진교,안동 와룡 나소,440,11,7.5,28.5,5,150,RC 상자형교,구주식,24,1995,경상북도 북부건설사업소
지방도933호,태곡교,안동 예안 태곡,100,7.5,6,9,4,25,PSC I형교,T형 교각식,18,1975,경상북도 북부건설사업소
지방도935호,구천교,봉화 상운 구천,24,9,8,4,2,12,RC슬래브교,T형 교각식,24,1997,경상북도 북부건설사업소
지방도935호,마령교,안동 임동 마령,180,8.5,7,26,6,30,PSC I형교,구주식,18,1989,경상북도 북부건설사업소
지방도935호,원천교(935),안동 녹전 원천,57,10.5,9.5,5.7,2,26.5,PSC I형교,역T형식 교대,24,2011,경상북도 북부건설사업소
지방도935호,위동교,안동 임동 위동,27,7.5,6,4.2,3,9,RC슬래브교,중력식,18,1985,경상북도 북부건설사업소
지방도935호,죽송교,안동 녹전 죽송,30,8.5,7,3.1,3,10,RC슬래브교,중력식,18,1985,경상북도 북부건설사업소
지방도935호,두월교,영주 이산 두월,420,10.4,6.5,7.2,12,35,PSC I형교,역T형식 교대,24,2015,경상북도 북부건설사업소
지방도935호,하율교,문경 농암 율수,67.5,5,4,4.3,5,13.5,RC슬래브교,벽식,24,1999,경상북도 북부건설사업소
지방도997호,공서교,상주 공성 공서,35,9,8,2.5,3,12,RC슬래브교,벽식,24,1999,경상북도 북부건설사업소
지방도997호,금계1교,상주 공성 금계,24.8,10,9,6.5,2,12.4,라멘교,라멘식,24,2000,경상북도 북부건설사업소
지방도997호,금계2교,상주 공서 금계,10,10,8.5,6.5,1,10,라멘교,라멘식 교대,24,2000,경상북도 북부건설사업소
지방도997호,대전교,상주 외서 대전,19,11,10,2,2,10,라멘교,라멘식,24,1995,경상북도 북부건설사업소
지방도997호,대흥교,상주 화북 중벌,16,9.6,8,2.2,2,13,RC슬래브교,벽식,18,1991,경상북도 북부건설사업소
지방도997호,덕담교,상주 사벌 덕담,48,9.4,8,4,4,12,RC슬래브교,벽식,24,1994,경상북도 북부건설사업소
지방도997호,도재2교,상주 외서 대전,12,10,9,2.7,1,12,RC슬래브교,라멘식 교대,24,1999,경상북도 북부건설사업소
지방도997호,독점교,상주 외서 이촌,44,11,10,4.8,3,15,RC슬래브교,라멘식,24,1995,경상북도 북부건설사업소
지방도997호,백전교,상주 외서 백전,22,9.5,8.5,3.6,2,11,라멘교,라멘식,24,1999,경상북도 북부건설사업소
지방도997호,봉강교,상주 외서 봉강,36,9,8,2.4,3,12,RC슬래브교,중력식,24,1995,경상북도 북부건설사업소
지방도997호,소상교,상주 외남 소상,16,8.4,7,2.5,2,8,RC슬래브교,벽식,18,1990,경상북도 북부건설사업소
지방도997호,신상교,상주 외남 신상,18,9,8,3.2,2,9,라멘교,라멘식,24,2003,경상북도 북부건설사업소
지방도997호,용화교,상주 화북 중벌,50,10.5,9.5,6.1,2,25,PSC I형교,T형 교각식,24,2014,경상북도 북부건설사업소
지방도997호,풀무교,상주 은척 황령,25,9,8,4,2,12.5,라멘교,라멘식,24,2003,경상북도 북부건설사업소
지방도997호,황령3교,상주 은척 황령,26,9,8,2.3,2,13,RC슬래브교,중력식,24,2001,경상북도 북부건설사업소
지방도997호,황령4교,상주 은척 황령,27.5,9,8,3.3,2,14,라멘교,라멘식,24,2003,경상북도 북부건설사업소
지방도997호,흔평교,상주 외남 흔평,30,9,8,2.3,2,15,RC슬래브교,벽식,24,1995,경상북도 북부건설사업소
국도25호,대실2교,의성 금성 하,15,,,,1,15,RA,ETC,24,2013,경상북도 북부건설사업소
국도25호,낙서교,상주 내서 낙서,12,12,11,7.8,1,12,RA,RAA,24,2007,경상북도 북부건설사업소
국도25호,능암교,상주 내서 능암,22,11.5,10,2,2,11,RCS,SGP,24,1990,경상북도 북부건설사업소
국도25호,도암교,상주 화남 평온,10,9.9,9,4.8,1,10,RA,RAA,24,2007,경상북도 북부건설사업소
국도25호,신촌교,상주 내서 신촌,48,12,11,6,3,18,RCS,WLP,24,1998,경상북도 북부건설사업소
국도25호,평온교,상주 화남 평온,25,11,9.6,7,2,12.5,RA,WLP,24,2001,경상북도 북부건설사업소
국도28호,개일육교,의성 금성 개일 ,135,11,10,8,3,45,PF,TP,24,1991,경상북도 북부건설사업소
국도28호,오로교(28),의성 의성 오로,140.2,20,20,7.6,4,40,STB,RTA,24,2004,경상북도 북부건설사업소
국도28호,용연교(28),의성 의성 용연,15,20,20,7.4,1,15,RA,ETC,24,2004,경상북도 북부건설사업소
국도28호,원당IC교,의성 의성 원당,90,13,13,5,3,35,STB,RAA,24,2004,경상북도 북부건설사업소
국도28호,청로교,의성 금성 산운,181,12,11,6,6,30,PSCI,TP,24,1998,경상북도 북부건설사업소
국도28호,팔성교,의성 의성 팔성,15,20,20,6,1,15,RA,ETC,24,2004,경상북도 북부건설사업소
국도28호,학미교,의성 금성 학미 ,45,11,9.5,4,3,15,RA,RAP,24,1995,경상북도 북부건설사업소
국도31호,1입암교,영양 입암 신구,153.4,10,8.5,5.6,5,30.6,PSCI,SGA,24,1985,경상북도 북부건설사업소
국도31호,감천1교,영양 영양 감천,180.9,10,8.5,5.9,7,26.1,PSCI,SGA,24,1987,경상북도 북부건설사업소
국도31호,감천2교,영양 영양 감천,199.7,10,8.5,6.6,7,30.7,PSCI,SGA,18,1987,경상북도 북부건설사업소
국도31호,노달교,영양 입암 노달,16.4,11,9.5,2.8,1,15,RA,ETC,18,1985,경상북도 북부건설사업소
국도31호,월전교,청송 진보 월전,114,11,9.5,4.5,8,15,RCS,SGP,18,1987,경상북도 북부건설사업소
국도31호,덕봉교,영양 일월 칠성,63.6,12,11,3.5,5,14,RCS,SGA,24,1995,경상북도 북부건설사업소
국도31호,문상교,영양 일월 문암,30.2,10,9,4.5,3,11,RCS,TP,18,1990,경상북도 북부건설사업소
국도31호,삼지교,영양 영양 삼지,30.1,12.5,11.5,5,1,30.1,PSCI,RTA,24,2002,경상북도 북부건설사업소
국도31호,섬촌교,영양 일월 섬촌,300.1,12,11.1,6.1,10,30,PSCI,TP,24,1997,경상북도 북부건설사업소
국도31호,연지육교,영양 영양 삼지,16.7,7.5,6.6,6.5,1,16.7,RA,ETC,24,2002,경상북도 북부건설사업소
국도31호,와구교,영양 일월 와구,78,10,8.5,6,6,15,RCS,RAA,24,1988,경상북도 북부건설사업소
국도31호,용화교,영양 일월 용화,13.5,14.9,10,6,1,13.5,RA,ETC,24,2004,경상북도 북부건설사업소
국도31호,일월교,영양 일월 도계,26.6,12.5,11,5,2,12.5,RA,ETC,24,1995,경상북도 북부건설사업소
국도31호,임기교,봉화 소천 임기,150.2,10,9,8,5,30,PSCI,TP,18,1993,경상북도 북부건설사업소
국도31호,칠성2교,영양 일월 칠성,50,13.5,12.5,5,4,14,RCS,RAA,24,1997,경상북도 북부건설사업소
국도31호,칠성3교,영양 일월 칠성,65,13.5,12.5,5,5,14,RCS,RAA,24,1997,경상북도 북부건설사업소
국도31호,칠성교,영양 일월 칠성,90,10.5,9.5,4,6,15,RCS,TP,24,1995,경상북도 북부건설사업소
국도31호,현리1교,영양 영양 현리,15.8,15,14,0,3,5.3,RA,기타,24,2002,경상북도 북부건설사업소
국도31호,현리2교,영양 영양 현리,360.9,12,11,0,12,30.1,PSCI,TP,24,2002,경상북도 북부건설사업소
국도31호,임기철육,봉화 소천 임기,30.8,10,9,12,1,30,PSCI,SGA,18,1993,경상북도 북부건설사업소
국도31호,흥구교,영양 입암 방전,180.2,12,11,10.6,6,30,PSCI,TP,24,1996,경상북도 북부건설사업소
국도34호, 용수교,영덕 지품 용수,37,10.5,9.5,2.8,3,13,RCS,SGP,18,1992,경상북도 북부건설사업소
국도34호,2고현교,청송 진보 고현,35.1,11.5,10,3,3,13,RCS,WLP,24,1998,경상북도 북부건설사업소
국도34호,고현교 ,청송 진보 고현,37,11,10,4.5,3,14,RCS,RP,24,1994,경상북도 북부건설사업소
국도34호,갈전교,안동 임동 갈전,90,10.5,9,9.6,3,30,PSCI,TP,18,1989,경상북도 북부건설사업소
국도34호,부곡교,청송 진보 부곡,390,10.5,9,17.3,13,30,PSCI,RA,24,1991,경상북도 북부건설사업소
국도34호,시량교,청송 진보 고현,22,10.5,9,4.5,2,11,RCS,GP,18,1986,경상북도 북부건설사업소
국도34호,대평교,안동 임동 수곡,300,10.5,9,48.8,6,50,SPG,RA,24,1988,경상북도 북부건설사업소
국도34호,망천교,안동 임동 망천,260,10.5,9,54,6,49.9,SPG,RA,24,1987,경상북도 북부건설사업소
국도34호,박곡교,안동 임동 박곡,170,10.5,9,31.6,5,49.9,SPG,RA,24,1988,경상북도 북부건설사업소
국도34호,신안교,영덕 지품 신안,34.2,10.5,9.5,4,3,13.2,RCS,GP,18,1993,경상북도 북부건설사업소
국도34호,오천교,영덕 지품 오천,20.1,11.5,10,3,2,10.1,RCS,WLP,24,1998,경상북도 북부건설사업소
국도34호,진보교,청송 진보 추현,210,10.5,9,28.7,7,30,PSCI,RA,24,1991,경상북도 북부건설사업소
국도34호,황학교,청송 진보 신촌,48,10,8.5,3.5,6,8,RCS,GP,18,1991,경상북도 북부건설사업소
국도34호,청련교,영덕 영덕 덕곡,30,10.2,8.8,3,2,15,RA,SGP,18,1978,경상북도 북부건설사업소
국도59호,(신)수평교,문경 동로 수평,30,,,,1,30,RA,ETC,24,2017,경상북도 북부건설사업소
국도59호,동로교,문경 동로 노은,60.7,9.6,8,7.5,4,13.5,RCS,TP,24,2007,경상북도 북부건설사업소
국도59호,덕지교,의성 다인 덕지,26,7.4,6,3,3,8,RCS,GP,24,2003,경상북도 북부건설사업소
국도59호,영각교,문경 산북 대하,40.4,10.5,9.5,5.2,2,20.2,PSCI,RTA,24,2007,경상북도 북부건설사업소
국도59호,왕태교,문경 영순 왕태,25,9,8.1,3.8,2,12.5,RCS,WLP,24,1993,경상북도 북부건설사업소
국도59호,동림교,예천 풍양 공덕,24,9,7.5,3.7,2,12,RCS,WLP,18,1991,경상북도 북부건설사업소
국도59호,금당교,상주 중동 금당,30,14.3,13.3,6.8,2,15,RA,ETC,24,2011,경상북도 북부건설사업소
국도59호,중동교,상주 중동 신암,450,7,6,10.9,15,30,PSCI,TP,18,1982,경상북도 북부건설사업소
국도59호,적성교,문경 동로 적성,14,10.5,9.5,8.4,1,14,RA,ETC,24,2004,경상북도 북부건설사업소
국도59호,황사교,문경 산양 불암,25.8,10.9,9.5,4,2,12.5,RCS,RA,24,2008,경상북도 북부건설사업소
국도88호,     선구교 ,울진 온정 선구,32,8.3,6.4,3.2,4,8,RCS,GP,18,1981,경상북도 북부건설사업소
국도88호, 광품1교 ,울진 온정 광품,99,8.5,7,7,6,16.5,RCS,TP,18,1992,경상북도 북부건설사업소
국도88호, 광품2교 ,울진 온정 광품,25,8.5,7,4.7,2,12.4,RCS,TP,18,1992,경상북도 북부건설사업소
국도88호, 온정교 ,울진 온정 소태,84,10,8.6,3,7,12,RCS,WLP,18,1981,경상북도 북부건설사업소
국도88호,발리교,영양 수비 발리,18.1,10.5,9.5,3.7,2,9,RCS,RA,24,2001,경상북도 북부건설사업소
국도88호,신원2교,영양 수비 신원,40,8.5,7,4.9,4,10,RCS,GA,24,1988,경상북도 북부건설사업소
국도88호,신원교,영양 수비 신원,36.1,10.5,9.5,4.8,2,18,RCB,RA,24,2001,경상북도 북부건설사업소
국도88호,황장교,영양 수비 본신,60,11.5,10.5,5,2,30,PSCI,RA,24,2008,경상북도 북부건설사업소
국지도20호선,칠포교,포항 흥해 칠포,35,9,8,2.5,3,11.7,RSC,WLP,24,1996,경상북도 남부건설사업소
국지도20호선,칠포2교,포항 흥해 칠포,102,9.5,8.1,,7,15,RSC,역T형,24,1992,경상북도 남부건설사업소
국지도20호선,용두교,포항 청하 용두,78,9.5,8.1,,6,13,RSC,역T형,24,1992,경상북도 남부건설사업소
국지도20호선,이가교,포항 청하 이가,35,11,8,,1,35,PF,역T형,24,2012,경상북도 남부건설사업소
국지도20호선,오도교,포항 흥해 오도,14,9.5,8,,1,14,RA,,18,1990,경상북도 남부건설사업소
국지도30호선,옥산1교,청도 각남 사,20,9,8,2.5,2,10,RA,RAP,24,1995,경상북도 남부건설사업소
국지도30호선,옥산2교,청도 각남 옥산    ,25,9,8,3,2,12.5,RA,RAP,24,1995,경상북도 남부건설사업소
국지도30호선,초동교,청도 각남 사,44,9,8,3,4,11,RSC,GP,24,1995,경상북도 남부건설사업소
국지도30호선,팔조령교,청도 이서 팔조,180,11,10,10,6,30,PSCI,TP,24,1998,경상북도 남부건설사업소
국지도30호선,이서교,청도 이서 서원,210,19.9,18,7,7,30,PSCI,TP,24,2011,경상북도 남부건설사업소
국지도30호선,팔조령1교,청도 이서 팔조,240,10.9,10,25,8,30,PSCI,BTA,24,2011,경상북도 남부건설사업소
국지도30호선,팔조령2교,청도 이서 팔조,210,10.9,10,31,7,30,PSCI,BTA,24,2011,경상북도 남부건설사업소
국지도30호선,주암교,청도 이서 학산,45,24,19,5,3,17,RA,RAP,24,2011,경상북도 남부건설사업소
국지도67호선,봉평교,고령 운수 봉평,210,12,11,5,15,14,RSC,RAP,24,2000,경상북도 남부건설사업소
국지도67호선,쾌빈교(상행),고령 고령 쾌빈,102.6,10,9,3.6,5,20,PSCI,GP,18,1987,경상북도 남부건설사업소
국지도67호선,쾌빈교(하행),고령 고령 쾌빈,104,12,10,3.6,5,26,PSCI,GP,24,2009,경상북도 남부건설사업소
국지도67호선,회천교,고령 고령 장기,375,10,8.5,8,15,25,PSCI,TP,24,1989,경상북도 남부건설사업소
국지도67호선,금산교,칠곡 왜관 금산,120,18.5,17.5,5,3,40,PF,TP,24,2009,경상북도 남부건설사업소
국지도67호선,강변교,칠곡 왜관 왜관,150,20.5,19.5,15,5,30,PSCI,TP,24,2009,경상북도 남부건설사업소
국지도67호선,우곡교,고령 우곡 포리,780,12.7,11.5,16.3,13,60,STB,TP,24,2007,경상북도 남부건설사업소
국지도67호선,포리교,고령 우곡 포리,30,15.7,14.5,9.5,1,30,PSCI,RTA,24,2007,경상북도 남부건설사업소
국지도67호선,용암육교,성주 용암 용정,45.1,20.9,20,5,1,45,SPG,RTA,24,2015,경상북도 남부건설사업소
국지도67호선,용암1교,성주 용암 상언,90.2,27,19.8,5.7,3,30,PSCI,RTA,24,2015,경상북도 남부건설사업소
국지도67호선,기산1교,성주 용암 기산,140.2,20.9,20,4.2,4,35,PSCI,RTA,24,2015,경상북도 남부건설사업소
국지도67호선,문명육교,성주 용암 문명,30,20.9,20,4.7,1,29.9,SPG,RTA,24,2015,경상북도 남부건설사업소
국지도67호선,도성교(고령),성주 선남 도성,240.4,10.4,9.7,8.8,8,30,PSCI,RTA,24,2015,경상북도 남부건설사업소
국지도67호선,도성교(대구),성주 선남 도성,240.4,10.4,9.7,8.8,8,30,PSCI,RTA,24,2015,경상북도 남부건설사업소
국지도67호선,선남육교(상),성주 선남 도성,50,10.5,9.5,,1,50,STB,TP,24,2015,경상북도 남부건설사업소
국지도68호선,달성교,경주 강동 단구,160,9,8,5.2,6,30,PSCI,TP,24,1997,경상북도 남부건설사업소
국지도68호선,안강IC2교,경주 안강 안강,100,14.9,13.9,10,3,40,STB,TP,24,2008,경상북도 남부건설사업소
국지도68호선,안강IC31교,경주 안강 안강,15,14.9,13.9,5.5,1,15,RA,RAA,24,2008,경상북도 남부건설사업소
국지도68호선,안강IC32교,경주 안강 안강,15,7.4,6.4,5.5,1,15,RA,RAA,24,2008,경상북도 남부건설사업소
국지도68호선,칠평교,경주 안강 갑산,210,19.4,18.4,9,7,30,PSCI,RAP,24,2008,경상북도 남부건설사업소
국지도68호선,갑산육교,경주 안강 갑산,30,19.4,18.4,5.5,1,30,PSCI,RTA,24,2008,경상북도 남부건설사업소
국지도68호선,갑산IC교,경주 안강 갑산,15,19.4,18.4,8,1,15,PSCI,RTA,24,2008,경상북도 남부건설사업소
국지도68호선,갑산과선교,경주 안강 갑산,180,20.5,19.5,7,4,50,STB,TP,24,2008,경상북도 남부건설사업소
국지도68호선,대동1교,경주 안강 갑산,100,19.4,18.4,7,3,40,STB,RAP,24,2008,경상북도 남부건설사업소
국지도68호선,대동과선교,경주 안강 사방,150,20.5,19.5,8,4,50,STB,TP,24,2008,경상북도 남부건설사업소
국지도68호선,대동IC교,경주 안강 사방,15,19.4,18.4,8,1,15,RA,RTA,24,2008,경상북도 남부건설사업소
국지도68호선,천북교,경주 안강 사방,230,19.4,18.4,5,5,55,STB,RAP,24,2008,경상북도 남부건설사업소
국지도68호선,청령IC교,경주 안강 청령,15,19.4,18.4,8,1,15,RA,RTA,24,2008,경상북도 남부건설사업소
국지도68호선,청령교,경주 안강 청령,60,27.4,26.4,7,2,30,PSCI,RTA,24,2008,경상북도 남부건설사업소
국지도68호선,라원과선교,경주 현곡 라원,320,20.5,19.5,7.5,6,50,STB,TP,24,2008,경상북도 남부건설사업소
국지도68호선,라원IC교,경주 현곡 라원,30,19.4,18.4,5,1,30,PSCS,RTA,24,2008,경상북도 남부건설사업소
국지도68호선,지초교,경주 현곡 라원,150,19.4,18.4,10,5,30,PSCI,RAP,24,2008,경상북도 남부건설사업소
국지도68호선,오류교,경주 현곡 오류,90,19.4,18.4,10,3,30,PSCI,RAP,24,2008,경상북도 남부건설사업소
국지도68호선,금장교,경주 현곡 금장,280,30,29,4.5,6,50,STB,RAP,24,2008,경상북도 남부건설사업소
국지도68호선,노당교,경주 안강 노당,25.7,12,11,3.1,2,12.5,RA,RAP,24,2002,경상북도 남부건설사업소
국지도68호선,송삼교,구미 무을 송삼,21.1,9,8,2.5,2,10.5,RSC,RAP,24,1995,경상북도 남부건설사업소
국지도68호선,덕촌교,구미 선산 봉곡,40,12.5,11.5,4.1,1,40,PF,RTA,24,2012,경상북도 남부건설사업소
국지도68호선,죽장IC교,구미 선산 죽장,40,21.2,20.3,5.6,1,40,PF,RTA,24,2011,경상북도 남부건설사업소
국지도68호선,봉곡IC교,구미 선산 봉곡,40,21.2,20.3,5.6,1,40,PF,RTA,24,2011,경상북도 남부건설사업소
국지도68호선,갑을교  ,포항 신광 우각,48,7.5,6,3.5,3,16,RSC,TP,18,1988,경상북도 남부건설사업소
국지도68호선,만석교 ,포항 신광 만석,60,8,6.5,5.5,4,15,RSC,GP,18,1992,경상북도 남부건설사업소
국지도68호선,신광교 ,포항 신광 토성,15,8.5,7.5,2.5,1,15,RA,ETC,18,1995,경상북도 남부건설사업소
국지도68호선,안지교,포항 신광 안지,20,11,10,6.5,1,20,RA,RAA,24,2015,경상북도 남부건설사업소
국지도68호선,우각교,포항 신광 냉수,10,10.5,9,5,1,10,RSC,SGA,18,1990,경상북도 남부건설사업소
국지도68호선,당평교,포항 죽장 상옥,21.6,12,11,4.7,2,10.8,RA,ETC,24,2000,경상북도 남부건설사업소
국지도68호선,명안교,포항 청하 명안,60,8.5,7,4,4,15,RSC,GP,18,1992,경상북도 남부건설사업소
국지도68호선,안심교,포항 청하 상대,22,8.5,7.5,2,2,11,RA,ETC,18,1992,경상북도 남부건설사업소
국지도68호선,유계교      ,포항 청하 유계,62,12,11,3.8,5,12.4,RSC,RAP,24,2001,경상북도 남부건설사업소
국지도69호선,진량공단고가교,경산 진량 신상,140,19.5,18.5,8,3,55,STB,RAP,24,2004,경상북도 남부건설사업소
국지도69호선,부기교,경산 진량 부기,13,37.5,31.5,3,1,13,RCT,RAA,24,2003,경상북도 남부건설사업소
국지도69호선,부하교,경산 진량 부기,26,30.5,24.5,3,2,13,RA,RAP,24,2003,경상북도 남부건설사업소
국지도69호선,안촌교,경산 진량 안촌,25,26.5,25,10.4,1,25,PSCI,RTA,24,2004,경상북도 남부건설사업소
국지도69호선,황제교,경산 진량 황제,25,19.5,18.5,5.9,1,25,RSC,RTA,24,2004,경상북도 남부건설사업소
국지도69호선,하양교,경산 하양 금락,266,30.5,21,6,9,30,PSCI,RAP,24,2003,경상북도 남부건설사업소
국지도69호선,양항교,영천 임고 양항,195,9,8,5.6,15,13,RSC,RAP,24,1999,경상북도 남부건설사업소
국지도69호선,평천교,영천 임고 평천,185,11,9.5,3.8,6,35,PF,RAP,24,2001,경상북도 남부건설사업소
국지도69호선,용화교,영천 자양 용화,22,8.5,7,6,2,11,RSC,GP,18,1976,경상북도 남부건설사업소
국지도69호선,원각교,영천 자양 용산,22,8.5,7,6,2,11,RSC,GP,18,1976,경상북도 남부건설사업소
국지도69호선,충효교,영천 자양 충효,60,11,10,5.5,2,30,PSCI,TP,24,2003,경상북도 남부건설사업소
국지도69호선,삼계1교,청도 운문 신원,33,11.5,10.5,2.5,2,16.5,RA,RAP,24,2007,경상북도 남부건설사업소
국지도69호선,삼계2교,청도 운문 신원,15.3,10,9,4,1,15.3,RA,RAP,24,2007,경상북도 남부건설사업소
국지도69호선,조교,포항 죽장 하옥,90,8.5,8.5,14.5,3,30,PCI,"역T형, T형",24,1995,경상북도 남부건설사업소
국지도69호선,삼계4교,청도 운문 신원,12.5,10.5,9.5,7,1,12.5,RA,RAA,24,2009,경상북도 남부건설사업소
국지도69호선,신원1교,청도 운문 신원,75,12,11,4.5,3,25,PF,RAP,24,2002,경상북도 남부건설사업소
국지도69호선,신원교,청도 운문 신원,36,10,9,3.5,3,12,RSC,GP,24,2000,경상북도 남부건설사업소
국지도69호선,운문교,청도 운문 대천,180,10,8.6,7,6,30,PSCI,TP,18,1988,경상북도 남부건설사업소
국지도69호선,신원2교,청도 운문 오진,114,12,11,7,3,40,PF,RAP,24,2007,경상북도 남부건설사업소
국지도69호선,통점교,청도 운문 신원,8,7.5,6,2,1,8,RSC,GA,13.5,1981,경상북도 남부건설사업소
국지도69호선,가사1교,포항 죽장 가사,38,9,8.1,5,3,14,RSC,GP,24,1996,경상북도 남부건설사업소
국지도69호선,가사2교,포항 죽장 가사,35,9,7.9,5,3,11.7,RSC,GP,24,1996,경상북도 남부건설사업소
국지도69호선,가사3교,포항 죽장 가사,24,9,8,4,2,12,RSC,GP,24,1996,경상북도 남부건설사업소
국지도69호선,가사4교,포항 죽장 가사,18,9,8,4.5,2,9,RSC,GP,24,1996,경상북도 남부건설사업소
국지도69호선,가사교,포항 죽장 가사,50,11,10,4.4,2,25,PSCI,TP,24,2007,경상북도 남부건설사업소
국지도69호선,상옥교,포항 죽장 상옥,12,9,8.7,2,1,12,RSC,SGA,24,1997,경상북도 남부건설사업소
국지도69호선,송내교,포항 죽장 입암,54,11,10,5.8,2,27,PF,RAP,24,2006,경상북도 남부건설사업소
국지도69호선,지동교,포항 죽장 지동,168.2,9,8,6,12,14.1,RSC,TP,18,1994,경상북도 남부건설사업소
국지도69호선,하옥교,포항 죽장 하옥,12.2,8,7.3,4,1,12.2,RCT,SGA,13.5,1972,경상북도 남부건설사업소
국지도69호선,마두교,포항 죽장 하옥,49,11,10,13,1,49,PSCB,TP,24,2016,경상북도 남부건설사업소
국지도69호선,김전교,청도 금천 사전,30,27.9,26.9,6.7,1,30,PF,TP,24,2016,경상북도 남부건설사업소
국지도69호선,남전교,청도 금천 남전,46.7,26.9,25.9,8,3,15.6,RA,WLP,24,2016,경상북도 남부건설사업소
국지도69호선,동부2교,경산 자인 계남,30,26.9,20,10,1,30,RA,TP,24,2016,경상북도 남부건설사업소
국지도69호선,동부1교,경산 자인 서부,30,20.9,20,11.8,1,30,RA,TP,24,2016,경상북도 남부건설사업소
국지도69호선,옥천고가교,경산 자인 서부,340,20.9,20,19,7,50,STB,TP,24,2016,경상북도 남부건설사업소
국지도69호선,오목교,경산 자인 옥천,15,20.9,20,11.5,1,15,RA,TP,24,2016,경상북도 남부건설사업소
국지도69호선,갈지교,경산 남산 우검,60,20.9,20,12,2,30,PSCI,TP,24,2016,경상북도 남부건설사업소
국지도69호선,신교,포항 죽장 하옥,30.3,9,9,5.5,1,30.3,PCI,역T형,24,1995,경상북도 남부건설사업소
국지도79호선,기성교,칠곡 동명 기성,39,19.5,19,5,3,13,RA,RAP,24,1999,경상북도 남부건설사업소
국지도79호선,반계육교,칠곡 석적 반계,110,20.9,10,6.5,3,50,STB,RAP,24,2003,경상북도 남부건설사업소
국지도79호선,법성교,칠곡 동명 기성,15,19.4,18.5,5.6,1,15,RA,RAA,24,2017,경상북도 남부건설사업소
국지도79호선,기양천교,칠곡 동명 기성,175,19.55,18.48,29,5,35,PSCB,RTA,24,2017,경상북도 남부건설사업소
국지도79호선,득명교,칠곡 동명 득명,30,12.4,11.5,5,1,30,PSCB,RTA,24,2017,경상북도 남부건설사업소
국지도79호선,학산교,칠곡 가산 학산,105,20.9,20,19.5,3,35,PSCS,RTA,24,2019,경상북도 남부건설사업소
국지도79호선,다부교,칠곡 가산 다부,111,21,19.9,9.5,3,37,PSCI,RTA,24,2019,경상북도 남부건설사업소
국지도79호선,반월교,칠곡 석적 반계,15,20.9,,,1,15,RA,,24,2019,경상북도 남부건설사업소
국지도79호선,아곡1교,칠곡 석적 반계,30.7,25.6,,,1,30.7,PSCI,역T형,24,2019,경상북도 남부건설사업소
국지도79호선,아곡2교,칠곡 석적 반계,15,29.57,,,1,15,RA,,24,2019,경상북도 남부건설사업소
국지도79호선,반지천1교(왜관),칠곡 석적 반계,106,10,9,3.3,2,53,STB,RTA,24,2019,경상북도 남부건설사업소
국지도79호선,반지천1교(가산),칠곡 석적 반계,106,10,9,3.3,2,56,STB,RTA,24,2019,경상북도 남부건설사업소
국지도79호선,반지천2교,칠곡 석적 반계,25.877,25.97,,,1,25.9,PSCI,역T형,24,2019,경상북도 남부건설사업소
국지도79호선,망정교,칠곡 석적 반계,15,20.9,,,1,15,RA,,24,2019,경상북도 남부건설사업소
국지도79호선,도개교(왜관),칠곡 석적 반계,175,11,10,10,5,35,PSCI,RTA,24,2019,경상북도 남부건설사업소
국지도79호선,도개교(가산),칠곡 석적 반계,176,11,10,10,5,35,PSCI,RTA,24,2019,경상북도 남부건설사업소
국지도90호선,삼선교,울릉 북 천부3,16,5.5,5.1,2.5,2,8,RSC,GP,13.5,1981,경상북도 남부건설사업소
국지도90호선,용천교,울릉 북    현포,8,5.5,5,3.7,1,8,RSC,SGA,13.5,1983,경상북도 남부건설사업소
국지도90호선,죽암제1교,울릉 북    천부3,20,5.5,5.1,4,2,10,RSC,GP,13.5,1979,경상북도 남부건설사업소
국지도90호선,평리교,울릉 북    현포,10,6.6,6,4,1,10,RSC,SGA,13.5,1993,경상북도 남부건설사업소
국지도90호선,남서천교,울릉 서    남서,27,5.5,5,3.3,3,9,RSC,GP,13.5,1983,경상북도 남부건설사업소
국지도90호선,남양교,울릉 서    남양,27,10.5,9.5,3.5,2,13.5,RSC,GP,24,2009,경상북도 남부건설사업소
국지도90호선,수층교,울릉 서    남서,80,9.5,8.5,13,6,15,RSC,TP,24,2001,경상북도 남부건설사업소
국지도90호선,태하교,울릉 서    태하,15,10,9,4.8,1,15,RA,RAA,13.5,1993,경상북도 남부건설사업소
국지도90호선,내수전교,울릉 울릉 저동,9,5.5,5,3.8,1,9,RSC,SGA,13.5,1986,경상북도 남부건설사업소
국지도90호선,대원교,울릉 울릉 도동,10,7.5,6,4.5,1,10,RSC,RTA,13.5,1978,경상북도 남부건설사업소
국지도90호선,장흥교,울릉 울릉 사동,16,5.5,5,3.3,2,8,RSC,GP,13.5,1981,경상북도 남부건설사업소
국지도90호선,울릉대교,울릉 울릉 도동,60,7.5,6,13,4,15,RSC,TP,13.5,1981,경상북도 남부건설사업소
국지도90호선,무릉교,울릉 울릉 도동,60,7.5,6,16,4,15,RSC,TP,13.5,1978,경상북도 남부건설사업소
국지도90호선,삼막교,울릉 서    남서,15,10,9,5,1,15,RA,RAA,13.5,2007,경상북도 남부건설사업소
국지도90호선,내수전천교,울릉 울릉 저동,32,9,9,13.2,1,32,AR,RTA,24,2019,경상북도 남부건설사업소
지방도514호선,율곡육교,김천 남  용전,12,18.5,14.5,5,1,12,RA,RAA,24,2002,경상북도 남부건설사업소
지방도514호선,복전1교,김천 대항 복전,37.5,10,8.5,4.4,3,12.5,RSC,WLP,18,1990,경상북도 남부건설사업소
지방도514호선,복전교,김천 대항 복전,24,10,9,2.5,2,12,RCT,GP,18,1977,경상북도 남부건설사업소
지방도514호선,석우1교,칠곡 가산 석우,42,10,9,4.9,3,14,RSC,GP,18,1995,경상북도 남부건설사업소
지방도514호선,석우교,칠곡 가산 석우,20,8,6,2.3,2,10,RSC,GP,18,1992,경상북도 남부건설사업소
지방도514호선,하판교,칠곡 가산 하판,13,17,15.5,3,1,13,RA,ETC,24,1992,경상북도 남부건설사업소
지방도901호선,무릉교,김천 지례 교리,46,9.7,9,,4,12,,,18,1977,경상북도 남부건설사업소
지방도902호선,남산교,청도 각북 남산,81,9,8,3,6,13.5,RSC,WLP,24,2000,경상북도 남부건설사업소
지방도902호선,덕산교,청도 각북 덕촌,46,10.5,9.5,4.9,2,23,PF,GP,24,2004,경상북도 남부건설사업소
지방도902호선,상사교,청도 각남 사,25,9,8,3,2,12.5,RA,RAP,24,1997,경상북도 남부건설사업소
지방도902호선,하사교,청도 각남 사,44,9,8,2.2,4,11,RSC,GP,24,1997,경상북도 남부건설사업소
지방도902호선,각북교,청도 각북 우산,78,8,7,3,6,13,RSC,GP,24,2000,경상북도 남부건설사업소
지방도902호선,중앙교,청도 각북 남산,60,10.5,9.5,4.5,4,15,RSC,WLP,24,2002,경상북도 남부건설사업소
지방도902호선,평양교,청도 청도 평양,24,7.5,6.5,3.6,2,12,RSC,RAP,18,1994,경상북도 남부건설사업소
지방도902호선,풍각교,청도 풍각 송서,72,10.5,9.5,7.8,2,36,PSCI,RTA,24,2015,경상북도 남부건설사업소
지방도902호선,녹명교,청도 각남 녹명,45,10.5,9.5,2.8,4,11.25,RSC,RTA,24,1995,경상북도 남부건설사업소
지방도903호선,마산교,김천 구성 마산,13,10.8,9,7,1,13,RA,RAA,24,2005,경상북도 남부건설사업소
지방도903호선,사등교,김천 부항 사등,70,13.7,12.5,6.3,2,35,PSCI,RTA,24,2013,경상북도 남부건설사업소
지방도903호선,수달교,김천 부항 지좌,60,10.7,9.5,7.1,2,30,PSCI,RTA,24,2013,경상북도 남부건설사업소
지방도903호선,비룡교,김천 부항 유촌,70,11.2,10,13.6,5,15,RSC,RTA,24,2013,경상북도 남부건설사업소
지방도903호선,한송정교,김천 부항 유촌,70,11.2,10,9.7,5,15,RSC,RTA,24,2013,경상북도 남부건설사업소
지방도903호선,부항대교,김천 부항 유촌,372,15.1,9.5,11.9,6,100,AR,RTA,24,2013,경상북도 남부건설사업소
지방도903호선,유촌교,김천 부항 유촌,393,10.7,9.5,15.1,6,72.5,TR,RTA,24,2013,경상북도 남부건설사업소
지방도903호선,버드내교,김천 부항 유촌,120,10.7,9.5,14.8,3,40,PSCI,RTA,24,2013,경상북도 남부건설사업소
지방도903호선,대천교,김천 부항 월곡,28,10.5,9.5,5,2,14,RSC,RAP,24,2003,경상북도 남부건설사업소
지방도903호선,월곡1교,김천 부항 월곡,21,10,8.5,4,2,10.5,RSC,WLP,24,1998,경상북도 남부건설사업소
지방도903호선,월곡교,김천 부항 월곡,20,9.5,8,2.8,2,10,RSC,GP,18,1988,경상북도 남부건설사업소
지방도903호선,화실교,김천 대항 주례,10,7,6,4.3,1,10,RA,RAA,24,2003,경상북도 남부건설사업소
지방도903호선,신곡교,김천 조마 신곡,16,8,6.5,2.5,2,8,RSC,GP,24,1989,경상북도 남부건설사업소
지방도903호선,장암교,김천 조마 강곡,240,8,6.5,5,10,24,PSCI,TP,18,1988,경상북도 남부건설사업소
지방도903호선,백천교,김천 증산 유성,30,9.5,8,4.3,2,15,RSC,RAP,18,1994,경상북도 남부건설사업소
지방도903호선,장전1교,김천 증산 장전,56,9.5,8.5,5.1,4,14.5,RSC,RAP,24,2003,경상북도 남부건설사업소
지방도903호선,장전2교,김천 증산 장전,23,11.5,10.5,5.1,2,12,RA,RAP,24,2003,경상북도 남부건설사업소
지방도903호선,장전교,김천 증산 장전,42,9,8,2,3,14,RSC,GP,24,1998,경상북도 남부건설사업소
지방도903호선,속수교,김천 지례 여배,10,6.6,6,3,1,10,RSC,GA,18,1988,경상북도 남부건설사업소
지방도903호선,울곡1교,김천 지례 울곡,15,9,8,2.5,1,15,RSC,RTA,18,1994,경상북도 남부건설사업소
지방도903호선,울곡교,김천 지례 울곡,12,8,6.5,2.5,2,6,RSC,GP,18,1991,경상북도 남부건설사업소
지방도903호선,신계교,성주 가천 신계,30,9,7,7.5,3,10,RSC,WLP,24,1995,경상북도 남부건설사업소
지방도903호선,전동1교,성주 가천 신계,25,10.5,9.5,5,2,12.5,RSC,WLP,24,2003,경상북도 남부건설사업소
지방도903호선,전동2교,성주 가천 신계,29,6,5,5,2,14.5,RSC,WLP,24,2003,경상북도 남부건설사업소
지방도903호선,신평교,김천 지례 신평,21.6,8.75,7.5,,2,10.8,,,18,1977,경상북도 남부건설사업소
지방도904호선,제2화천교,경주 건천 화천,40,6.5,5,2,4,10,RSC,GP,18,1988,경상북도 남부건설사업소
지방도904호선,제1화천교,경주 건천 화천,75,7.5,6,3.9,6,12.5,RSC,GP,18,1994,경상북도 남부건설사업소
지방도904호선,신흥1교,경주 건천 화천,15.8,26,14,2.5,1,15.8,RA,RTA,24,2023,경상북도 남부건설사업소
지방도904호선,제3화천교,경주 건천 화천,39,8,7,3.8,3,13,RSC,GP,18,1994,경상북도 남부건설사업소
지방도904호선,광석교,경주 내남 상신,168,10.5,9.5,5.6,5,33.5,PF,RAP,24,2004,경상북도 남부건설사업소
지방도904호선,명계3교,경주 내남 명계,25,7.5,6.5,5,2,12.5,RSC,GP,18,1995,경상북도 남부건설사업소
지방도904호선,박달교,경주 내남 박달,78,10.5,9.5,5,2,39,PF,RAP,24,2003,경상북도 남부건설사업소
지방도904호선,상신교,경주 내남 상신,10,6.5,6,2,1,10,RSC,GA,18,1992,경상북도 남부건설사업소
지방도904호선,성천교,경주 내남 노곡,60,7.5,6,2.5,4,15,RSC,GP,24,1990,경상북도 남부건설사업소
지방도904호선,이조교,경주 내남 이조,201.7,9,8,3.5,15,13.5,RSC,RAP,24,1998,경상북도 남부건설사업소
지방도904호선,제２박달교,경주 내남 박달,52,7.5,6,2,4,13.5,RSC,TP,18,1993,경상북도 남부건설사업소
지방도904호선,제궁교,경주 내남 노곡,49.5,9,7.5,2,4,13,RSC,GP,24,1990,경상북도 남부건설사업소
지방도904호선,사일천교,경주 내남 상신,90,9.9,9,7.6,3,30,PSCI,RTA,24,2013,경상북도 남부건설사업소
지방도904호선,기구교,경주 양남 기구,100,10.5,9.5,4.8,4,25,PSCI,TP,24,2001,경상북도 남부건설사업소
지방도904호선,석읍교,경주 양남 석촌,28,10.5,9.5,3.4,1,28,PSCI,RTA,24,2012,경상북도 남부건설사업소
지방도904호선,석촌교,경주 양남 석촌,20,10.5,9.5,4.5,1,20,PSCI,RTA,24,2010,경상북도 남부건설사업소
지방도904호선,기구1교,경주 양남 기구,151.1,10.5,9.5,5,5,30.2,PSCI,TP,24,2004,경상북도 남부건설사업소
지방도904호선,학전교,경주 양남 석촌,23,7.5,6,3,2,11.5,RSC,GP,18,1992,경상북도 남부건설사업소
지방도904호선,금장IC교,경주 현곡 금장,30,23.4,22.4,5.5,1,30,PSCI,RTA,24,2008,경상북도 남부건설사업소
지방도904호선,청정교,영천 고경 청정,19.2,8.5,7,3,2,9.6,RSC,GP,18,1987,경상북도 남부건설사업소
지방도904호선,하구교,경주 현곡 하구,32,29,24.6,4.3,1,32,PSCI,RTA,24,2016,경상북도 남부건설사업소
지방도905호선,경산2교,성주 성주 경산,89,12,10,4,6,15,RSC,RAP,24,2000,경상북도 남부건설사업소
지방도905호선,본리교,성주 용암 본리,58,10.5,9.5,4.4,4,15.5,RSC,RAP,24,2001,경상북도 남부건설사업소
지방도905호선,대장교,성주 초전 대장,150,11,10,6.5,5,30,PSCI,TP,24,2001,경상북도 남부건설사업소
지방도905호선,용봉1교,성주 초전 용봉,15.1,10.5,9.5,3.1,1,15.1,RSC,RTA,24,2003,경상북도 남부건설사업소
지방도905호선,용봉2교,성주 초전 용봉,14,9,8,3,1,14,RSC,RTA,24,1997,경상북도 남부건설사업소
지방도905호선,용봉교,성주 초전 용봉,70,9,8,4,5,14,RSC,RAP,24,1995,경상북도 남부건설사업소
지방도905호선,칠선1교,성주 초전 칠선,150,11,10,5,5,30,PSCI,TP,24,2001,경상북도 남부건설사업소
지방도905호선,송곡교,고령 다사 송곡,200,20.9,19,,5,40,IPC,"역T형, T형",24,2017,경상북도 남부건설사업소
지방도905호선,노강교,고령 다사 송곡,35.745,20.9,19,,1,35.745,PSCI,기타,24,2017,경상북도 남부건설사업소
지방도905호선,월성교,고령 다사 월성,40.346,20.9,19,,1,40.346,PSCI,기타,24,2017,경상북도 남부건설사업소
지방도905호선,사곡교,성주 용암 사곡,30,9,8,,2,15,RCS,RTA,24,2017,경상북도 남부건설사업소
지방도905호선,성산교,고령 성산 성산,30,11,10,,2,15,PSCI,반중력식,24,2017,경상북도 남부건설사업소
지방도905호선,박곡교,고령 성산 박곡,34,23,,4,2,17,RA,"라멘, 말뚝기초",24,2023,경상북도 남부건설사업소
지방도905호선,박실2교,고령 성산 박곡,22.5,,,,1,22.5,RA,"라멘, 말뚝기초",24,2023,경상북도 남부건설사업소
지방도907호선,안림교,고령 쌍림 안림,128,9,8,6.4,8,16,RSC,RAP,24,1997,경상북도 남부건설사업소
지방도909호선,아화교,경주 서  아화,20,10,9,3.2,2,10,RSC,WLP,24,1999,경상북도 남부건설사업소
지방도909호선,회리교,경주 서   도리,20,9,8,3.1,2,10,RSC,RAP,24,2001,경상북도 남부건설사업소
지방도909호선,강학교,경산 와촌 강학,25,27,19.5,7,1,25,PSCI,TP,24,2007,경상북도 남부건설사업소
지방도909호선,신한1교,경산 와촌 신한,43,27,19.5,8.5,2,25,SPG,TP,24,2007,경상북도 남부건설사업소
지방도909호선,신한2교,경산 와촌 신한,50,27,19.5,8.5,2,25,PSCI,TP,24,2007,경상북도 남부건설사업소
지방도909호선,대창교,영천 대창 대창,10.6,8.5,7,4.5,1,10.6,RSC,RTA,18,1992,경상북도 남부건설사업소
지방도909호선,어방교,영천 대창 어방,87.2,10.5,9.5,3.3,3,29,PF,RTA,24,2014,경상북도 남부건설사업소
지방도909호선,조곡교,영천 대창 조곡,60,8,6.5,3.2,4,15,RSC,WLP,18,1990,경상북도 남부건설사업소
지방도909호선,포척교,영천 대창 대창,115,11,10,5,3,38.3,PSCI,TP,24,2009,경상북도 남부건설사업소
지방도909호선,신학교,영천 청통 신학,45,10.5,9.5,5.5,3,15,RSC,RAP,24,2003,경상북도 남부건설사업소
지방도909호선,월평교,영천 청통 우천,13,9,7.5,4,1,13,RA,RAA,18,1994,경상북도 남부건설사업소
지방도909호선,대천교,경주 서  서오    ,40,10.5,9.5,4,1,40,PF,RTA,24,2007,경상북도 남부건설사업소
지방도909호선,원곡천교,영천 북안 신리    ,63,10.5,9.5,4.6,4,16,RSC,WLP,24,2007,경상북도 남부건설사업소
지방도909호선,금창2교,영천 금호 냉천,315.9,22.5,21.5,18,8,43.6,PSCI,RTA,24,2016,경상북도 남부건설사업소
지방도909호선,도리2교,경주  서    도,15,11,10,4.7,1,15,RA,RTA,24,2016,경상북도 남부건설사업소
지방도909호선,아골2교,경주  서    도,15,11,10,4.2,1,15,RA,RTA,24,2016,경상북도 남부건설사업소
지방도913호선,원리교,구미 무을 원리,48,9,8,3,3,16,RSC,WLP,24,2002,경상북도 남부건설사업소
지방도913호선,삼성교,김천 감문 삼성,36,11,10,4.2,2,18,RSC,ETC,24,2010,경상북도 남부건설사업소
지방도913호선,덕촌교,김천 개령 덕촌,98,9,8,3.5,7,14.5,RSC,WLP,24,1996,경상북도 남부건설사업소
지방도913호선,옥산천교,김천 남  옥산,52,26,14,5.1,2,26,PSCI,TP,24,2011,경상북도 남부건설사업소
지방도913호선,흥산교  ,성주 대가 홍산,39,9,8,3,3,13,RSC,WLP,24,1999,경상북도 남부건설사업소
지방도913호선,송계교   ,성주 수륜 송계,30,11.5,10.3,4,2,15,RA,RAP,24,2009,경상북도 남부건설사업소
지방도913호선,양정교,성주 수륜 신정,126,10.5,9.5,5,4,31.5,PF,RAP,24,2004,경상북도 남부건설사업소
지방도913호선,월곡교,성주 초전 월곡,26,11,10,3,2,13,RA,ETC,24,1999,경상북도 남부건설사업소
지방도913호선,오청교,김천 개령  신룡,30.9,32,23.5,8.4,1,30.9,RA,,24,2016,경상북도 남부건설사업소
지방도916호선,선주교(구),구미시 선산읍 화조리,288,11.4,8.5,4.3,12,24,PSCI,SGA,24,1984,경상북도 남부건설사업소
지방도916호선,선주교(신),구미시 선산읍 화조리,288,11,8.6,4.3,12,24,PSCI,RTA,24,1994,경상북도 남부건설사업소
지방도916호선,연흥교,구미 고아 내예,89,11.5,10,,2,45.5,PF,RTA,24,2019,경상북도 남부건설사업소
지방도919호선,RAMP-A교,경산시 압량읍 부적리,141.9,10.7,5.2,6,4,43.4,PF,TP,24,2021,경상북도 남부건설사업소
지방도919호선,RAMP-B교,경산시 압량읍 부적리,133.2,5.7,5.7,6,4,40.5,PF,TP,24,2021,경상북도 남부건설사업소
지방도919호선,당리교,경산 압량 당리,39,21,20,3.5,3,13,RSC,RAP,24,1999,경상북도 남부건설사업소
지방도919호선,압량교,경산 압량 용암,120,22.5,21.5,5,4,30,PSCI,TP,24,1999,경상북도 남부건설사업소
지방도919호선,미산교 ,경산 용성 미산,87,19,18,3,6,14.5,RSC,RAP,24,2000,경상북도 남부건설사업소
지방도919호선,자인교  ,경산 자인 북사,90,21,20,5,3,30,PSCI,RAP,24,1999,경상북도 남부건설사업소
지방도919호선,부산교,영천 신령 부산,50,11,10,5.1,2,25,PSCI,RTA,24,2010,경상북도 남부건설사업소
지방도919호선,신덕교(상행),영천 신녕 신덕,90.2,9,8,3.5,6,15,RSC,RTA,24,2015,경상북도 남부건설사업소
지방도919호선,왕산교  ,영천 신령 왕산,14,8.5,7.5,3,1,14,RSC,GA,18,1989,경상북도 남부건설사업소
지방도919호선,화산교,영천 신령 화산,75.7,13,7.5,3.5,5,15.2,RSC,WLP,24,1993,경상북도 남부건설사업소
지방도919호선,금천교,청도 금천 신지,128,10,9,7,5,25.6,PSCI,TP,18,1989,경상북도 남부건설사업소
지방도919호선,소천교 ,청도 금천 소천,33,9.5,8,3.5,2,16.5,RSC,WLP,24,1995,경상북도 남부건설사업소
지방도919호선,신지교,청도 금천 신지,38,10.5,9.5,3.9,2,19,PF,RTA,24,2004,경상북도 남부건설사업소
지방도919호선,매전교,청도 매전 당호,192,10.5,9,6,6,32,PF,TP,24,2001,경상북도 남부건설사업소
지방도919호선,아음교,청도 매전 남양,24,10,8.5,7,2,12,RSC,TP,18,1988,경상북도 남부건설사업소
지방도919호선,신덕교(하행),영천 신녕 신덕,90.2,10.9,10,5.2,3,30.1,PSCI,RTA,24,2015,경상북도 남부건설사업소
지방도919호선,계지교,영천 청통 계포,120,22.24,21,4.9,3,40,RCT,RTA,24,2017,경상북도 남부건설사업소
지방도919호선,계포교,영천 청통 계포,25,21.53,20.1,5.7,1,25,STB,RTA,24,2017,경상북도 남부건설사업소
지방도919호선,원촌교,영천 청통 치일,60,22.9,22,3.2,2,30,RCT,RTA,24,2017,경상북도 남부건설사업소
지방도919호선,관방교,영천 청통 송천,25,19.74,18.5,3.1,1,26,PSCB,RTA,24,2017,경상북도 남부건설사업소
지방도919호선,와촌교(상행),경산 와촌 박사,90.15,9,8,3.5,6,15.03,RCS,,24,1999,경상북도 남부건설사업소
지방도919호선,와촌교(하행),경산 와촌 박사,75,10.8,9.8,7,5,15,RCS,RAP,24,2004,경상북도 남부건설사업소
지방도921호선,고지교   ,영천 북안 고지,55,11,10,4,2,27.5,PSCI,TP,24,2007,경상북도 남부건설사업소
지방도921호선,상동교   ,영천 북안 상동,14,9,7,2.5,2,7,RSC,GP,18,1986,경상북도 남부건설사업소
지방도921호선,구만교,영천 임고 수성,24,8.5,7,3.5,2,12,RSC,TP,18,1992,경상북도 남부건설사업소
지방도921호선,사동2교 ,영천 임고 사리,50.6,10.5,9.5,6.3,2,25,PSCI,TP,24,2015,경상북도 남부건설사업소
지방도921호선,사동교 ,영천 임고 사리,51,12.1,11.1,5.5,2,25,PSCI,TP,24,2015,경상북도 남부건설사업소
지방도921호선,수성교  ,영천 임고 수성,24,8,7,3.5,2,12,RSC,TP,18,1992,경상북도 남부건설사업소
지방도921호선,양수교,영천 임고 양항,180,10.5,7,5.2,12,15,RSC,WLP,24,1995,경상북도 남부건설사업소
지방도921호선,마일1교,청도 운문 마일,16,9.2,7.5,3.5,1,16,RA,RAA,24,1994,경상북도 남부건설사업소
지방도921호선,마일2교,청도 운문 마일,16,9.5,8,3.5,1,16,RA,RAA,24,1994,경상북도 남부건설사업소
지방도921호선,봉하교,청도 운문 봉하,11,7.5,6,3.5,1,11,RSC,GA,18,1988,경상북도 남부건설사업소
지방도921호선,빗대교,청도 운문 마일,22,9,8,3,2,11,RSC,WLP,24,1995,경상북도 남부건설사업소
지방도921호선,화곡교 ,청도 운문 지촌,42,9,7.5,4.6,3,14,RSC,TP,18,1992,경상북도 남부건설사업소
지방도921호선,인비교,포항 기계 인비,156.4,11,10,5,5,36,PF,RAP,24,2007,경상북도 남부건설사업소
지방도921호선,성법교,포항 기북 성법,28,8.5,7.5,4,2,14,RSC,WLP,18,1993,경상북도 남부건설사업소
지방도921호선,율산교   ,포항 기북 율산,16,8.5,7,2.6,2,8,RSC,WLP,18,1991,경상북도 남부건설사업소
지방도921호선,탑정교,포항 기북 탑정,16,8.5,7,5,2,8,RSC,WLP,18,1992,경상북도 남부건설사업소
지방도921호선,유촌소교,영천 북안 반계,50.7,10,8.5,6,2,25,PSCI,SGP,18,1985,경상북도 남부건설사업소
지방도921호선,임포교,영천 북안 임포,60,11,7.8,6,5,15,RSC,SGP,24,1996,경상북도 남부건설사업소
지방도923호선,백운교,칠곡 지천 백운,30,10.5,7.5,4.5,1,30,PSCI,RTA,24,2011,경상북도 남부건설사업소
지방도923호선,달서교,칠곡 지천 달서,25,10.5,7.5,4.5,1,25,PSCI,RTA,24,2011,경상북도 남부건설사업소
지방도923호선,창평교,칠곡 지천 창평,60,10.5,7.5,4.5,2,30,PSCI,RTA,24,2011,경상북도 남부건설사업소
지방도923호선,학산천1교,칠곡 가산 학산,48,17.4,16.5,17,1,48,STB,RTA,24,2019,경상북도 남부건설사업소
지방도923호선,학산천2교,칠곡 가산 학산,142.5,10.9,10,20.6,3,47.5,STB,RTA,24,2019,경상북도 남부건설사업소
지방도923호선,다부육교,경북 칠곡 가산 학산,45,10.4,9.5,7.1,1,45,STB,RTA,24,2019,경상북도 남부건설사업소
지방도925호선,계하교,경산 자인 계남,99,9,8,4.5,9,11,RSC,WLP,24,1998,경상북도 남부건설사업소
지방도925호선,호남육교,영천 금호 호남,50,9.1,8.5,8.9,1,50,STB,RTA,24,2006,경상북도 남부건설사업소
지방도925호선,흥환교,포항 동해 흥환,25,8,7.7,1.6,2,12.5,RCS,"역T형, 벽식",18,1990,경상북도 남부건설사업소
지방도925호선,임곡교 ,포항 동해 임곡,20,9,8.2,4.8,2,10,RCS,역T형 라멘식,24,1997,경상북도 남부건설사업소
지방도925호선,관하교,청도 매전 관하,18,9,8,4,1,18,RA,RAA,24,1996,경상북도 남부건설사업소
지방도925호선,삼정교,경산 자인 계남,17.5,16,11.5,7.1,1,17.5,RCS,기타,24,2017,경상북도 남부건설사업소
지방도927호선,숭선대교,구미 고아 봉한,680,13.5,9.5,10.5,14,50,PSCB,WLP,24,1997,경상북도 남부건설사업소
지방도927호선,해평교,구미 해평 해평,38,9,8,3.5,3,14,RSC,WLP,18,1994,경상북도 남부건설사업소
지방도929호선,삼정교,포항 구룡포 삼정,54,24.4,23.5,8,1,54,RSC,RTA,24,2010,경상북도 남부건설사업소
지방도929호선,석병1교,포항 구룡포 석병,180,20.9,20,25,6,30,PSCI,RTA,24,2010,경상북도 남부건설사업소
지방도929호선,석병2교,포항 구룡포 석병,180,20.9,20,27.8,6,30,PSCI,RTA,24,2010,경상북도 남부건설사업소
지방도929호선,강사교,포항 호미곶 강사,145,20.9,20,16.5,3,55,STB,RTA,24,2010,경상북도 남부건설사업소
지방도929호선,강사1교,포항 호미곶 강사,180,20.9,20,10.7,4,50,STB,RTA,24,2010,경상북도 남부건설사업소
지방도929호선,강사2교,포항 호미곶 강사,200,20.9,20,16,4,55,STB,RTA,24,2010,경상북도 남부건설사업소
지방도929호선,강사3교,포항 호미곶 강사,90,20.9,20,12,3,30,PSCI,RTA,24,2010,경상북도 남부건설사업소
지방도929호선,대보1교,포항 호미곶 대보,150,20.9,20,15,5,30,PSCI,RTA,24,2010,경상북도 남부건설사업소
지방도929호선,대보2교,포항 호미곶 대보,24,20,19,7,2,12,RA,RAA,24,2010,경상북도 남부건설사업소
지방도929호선,발산1교,포항 동해 발산,9,9.5,7.5,6.5,1,9,RA,RAA,18,1991,경상북도 남부건설사업소
지방도929호선,발산교,포항 동해 대동,16,9,8,6.5,2,8,RSC,RAP,24,1997,경상북도 남부건설사업소
지방도929호선,서촌교,포항 장기 서촌,9,7.5,7,6.5,1,9.5,RCT,GA,13.5,1976,경상북도 남부건설사업소
지방도929호선,장기교,포항 장기 읍내,81,10,9,5,6,13.5,RSC,RAP,24,2003,경상북도 남부건설사업소
지방도929호선,정천1교,포항 장기 정천,24,9.5,8,6.5,2,12,RSC,WLP,18,1991,경상북도 남부건설사업소
지방도929호선,대곡2교,포항 장기 대곡,22,27.9,27,3.9,1,22,RCT,RTA,24,2017,경상북도 남부건설사업소
지방도929호선,창지교,포항 장기 창지,10,29.9,28.98,2.47,1,10,RA,RAA,24,2017,경상북도 남부건설사업소
지방도929호선,정천2교,포항 장기 정천,10,21.2,20.2,3.1,1,10,RA,RAA,24,2018,경상북도 남부건설사업소
지방도929호선,정천3교,포항 장기 정천,40.7,21.7,20.7,3.1,1,40.7,RCT,GA,24,2018,경상북도 남부건설사업소
지방도929호선,정천4교,포항 장기 정천,35.4,21.7,20.7,5,1,35.4,RCT,GA,24,2018,경상북도 남부건설사업소
지방도929호선,대화천1교,포항 장기 정천,120.1,23.5,22.5,5.1,3,40.1,RCT,GA,24,2018,경상북도 남부건설사업소
지방도929호선,대화천2교,포항 장기 정천,48.2,25.3,24.3,4,1,48.2,PF,TP,24,2018,경상북도 남부건설사업소
지방도929호선,대화천3교,포항 장기 정천,40.1,21.2,20.2,3,1,40.1,RCT,GA,24,2018,경상북도 남부건설사업소
지방도929호선,도구1교,포항 동해 도구,15,19.3,18.3,4.2,1,15,RA,TP,24,2001,경상북도 남부건설사업소
지방도929호선,도구2교,포항 동해 도구,40,19.3,18.3,3.2,1,40,STB,TP,24,2001,경상북도 남부건설사업소
지방도929호선,도구육교,포항 동해 도구,15,19.3,18.3,3.2,1,15,RA,TP,24,2001,경상북도 남부건설사업소
지방도945호선,장항1교,경주 양북 장항,30,10.5,9.5,2.5,2,15,RSC,RTA,24,1999,경상북도 남부건설사업소
지방도945호선,장항2교,경주 양북 장항,50,9.5,8,4.5,4,12.5,RSC,RTA,18,1991,경상북도 남부건설사업소
지방도945호선,장항3교,경주 양북 장항,50,9.5,8,4.5,4,12.5,RSC,RTA,18,1994,경상북도 남부건설사업소
지방도945호선,장항4교,경주 양북 장항,50,9.5,8,4,4,12.5,RSC,RTA,18,1994,경상북도 남부건설사업소
지방도945호선,장항5교,경주 양북 장항,25,9.5,8,4,2,12.5,RSC,RTA,18,1994,경상북도 남부건설사업소
지방도945호선,장항6교,경주 양북 장항,36,9.5,8,2.5,3,12,RSC,RTA,18,1994,경상북도 남부건설사업소
지방도945호선,장항7교,경주 양북 장항,30,9.5,8.5,3.5,2,15,RSC,RTA,18,1994,경상북도 남부건설사업소
지방도945호선,천북교,경주 천북 동산,28,9.5,8.5,4,2,14,RSC,RTA,24,1998,경상북도 남부건설사업소
지방도945호선,화산교,경주 천북 화산,24,9,7.5,4,2,12,RSC,SGA,18,1988,경상북도 남부건설사업소
지방도945호선,왕신교,경주 강동 왕신,48,9.2,8.3,5,4,12,RCT,SGA,18,1978,경상북도 남부건설사업소
지방도945호선,국당교,경주 강동 국당,360,11,10,6,9,40,PF,RTA,24,1998,경상북도 남부건설사업소
지방도945호선,추령교,경주 양북 장항,730,12.3,11.2,20,15,50,STB,"역T형, T형",24,1997,경상북도 남부건설사업소
지방도1036호선,경지교,고령 쌍림 월막,34.8,12.5,11.5,3,2,17.4,RA,RAP,24,2006,경상북도 남부건설사업소
지방도1036호선,용리교,고령 쌍림 용리,21,10.5,9.5,3,2,10.5,RA,RAP,24,2003,경상북도 남부건설사업소
지방도1089호선,학1교,김천 부항 월곡,13,9.5,8,2.5,1,13,RSC,GA,18,1994,경상북도 남부건설사업소
국도14호선,호암교,경주 양북 호암  ,20,7.8,6,2.5,2,10,RCS,GP,18,1986,경상북도 남부건설사업소
국도14호선,제2호암교,경주 양북 호암    ,20,11.5,10,3.2,1,20,RA,GA,24,2004,경상북도 남부건설사업소
국도14호선,용동교,경주 양북 용동    ,30,6,5.5,4,3,10,RCS,GP,18,1991,경상북도 남부건설사업소
국도14호선,호암3교,경주 문무대왕 호암,24,11,10,2.5,2,12,RA,기타,24,2018,경상북도 남부건설사업소
국도14호선,홍계1교,경주 양북 용동    ,24,6,5.5,2.5,2,12,RCS,GP,18,1991,경상북도 남부건설사업소
국도14호선,홍계2교,경주 양북 용동    ,10,6,5.5,2.5,1,10,RCS,GA,18,1991,경상북도 남부건설사업소
국도14호선,진전1교,포항 오천 진전    ,14,8.5,7.5,3.6,1,14,RCS,GA,18,1994,경상북도 남부건설사업소
국도14호선,진전교,포항 오천 진전    ,18,7.5,6,4,2,9,RCS,GP,18,1992,경상북도 남부건설사업소
국도14호선,진전2교,포항 오천 진전    ,14,8,7,6,1,14,RCS,GA,18,1995,경상북도 남부건설사업소
국도14호선,갈평교,포항 오천 갈평    ,12,8.6,7.5,3,1,12,RA,SGA,18,1994,경상북도 남부건설사업소
국도14호선,갈평2교,포항 오천 갈평    ,12,10,8.5,5.5,1,12,RCS,GA,18,1988,경상북도 남부건설사업소
국도14호선,화랑교,포항 오천 세계    ,13.6,8,6.6,3.4,2,6.8,RCS,GP,18,1973,경상북도 남부건설사업소
국도14호선,와읍교,경주 양북 와읍,96,11,10,5.8,6,16,RCS,T형 교각식,24,2005,경상북도 남부건설사업소
국도14호선,안동교,경주 양북 안동,45,11,10,3.5,3,15,RCS,반중력식,24,1995,경상북도 남부건설사업소
국도28호선,곡골교,영천 신녕 화서,180,24.4,23.5,29,6,30,PSC I,TP,24,2011,경상북도 남부건설사업소
국도28호선,화서육교,영천 신녕 화서,30,10.9,10,11,1,30,PSC I,역T,24,2011,경상북도 남부건설사업소
국도28호선,갑현IC교,영천 신령 화남,15,21,20,4.8,1,15,R.C. RAHMEN,역T,24,2011,경상북도 남부건설사업소
국도28호선,갑현교,영천 신령 화남,49.5,29,28,6.4,1,49.5,S.T BOX,역T,24,2011,경상북도 남부건설사업소
국도28호선,무암교,영천 신령 화남,15,21,20,6,1,15,R.C. RAHMEN,역T,24,2011,경상북도 남부건설사업소
국도28호선,신령교,영천 신령 화성,290,20.9,20,21.2,6,60,S.T BOX,역T,24,2011,경상북도 남부건설사업소
국도28호선,연정IC교,영천 신령 화성,25,21,20,5.4,1,25,PSC BEAM,역T,24,2011,경상북도 남부건설사업소
국도28호선,신덕교,영천 신령 화성,90,21,20,10.2,2,45,S.T BOX,역T,24,2011,경상북도 남부건설사업소
국도28호선,효정IC교,영천 화산 대안,15,21,20,5,1,15,R.C. RAHMEN,역T,24,2011,경상북도 남부건설사업소
국도28호선,덕산교,영천 화산 덕암,230,21,20,14.7,8,30,PSC BEAM,역T,24,2011,경상북도 남부건설사업소
국도28호선,유성교,영천 화산 유성,210,21,20,21,7,30,PCS,GA,24,2011,경상북도 남부건설사업소
국도28호선,당곡IC교,영천 화산 당곡,25,21,20,5,1,25,RCS,GA,24,2011,경상북도 남부건설사업소
국도28호선,삼부1교,영천 화산 당곡,150,21,20,25,5,30,RCS,GA,24,2011,경상북도 남부건설사업소
국도28호선,삼부교,영천 화산 삼부,55,21,20,6,1,55,S.T BOX,GA,24,2011,경상북도 남부건설사업소
국도28호선,삼부IC교,영천 청통 호당,25,21,20,5,1,25,RCS,GA,24,2011,경상북도 남부건설사업소
국도28호선,호당교,영천 청통 호당,15,28.6,20,6,1,15,RA,RAA,24,2011,경상북도 남부건설사업소
국도28호선,삼부천교,영천 청통 호당,90,21,20,9,3,30,RCS,GA,24,2011,경상북도 남부건설사업소
국도28호선,서산IC교,영천 서산,25,21,20,6,1,25,RCS,GA,24,2011,경상북도 남부건설사업소
국도59호선,백운교,성주 수륜 백운,10,7.5,6,6.9,1,10,RCS,GA,18,1984,경상북도 남부건설사업소
국도59호선,화죽교,성주 수륜 화죽,90,11,9.5,3,6,15,RCS,SGP,24,1995,경상북도 남부건설사업소
국도59호선,창천제1교,성주 가천 창천,60,12.9,8.5,4.1,4,15,RA,RAP,24,2005,경상북도 남부건설사업소
국도59호선,창천교,성주 가천 창천,140,10.9,10,8.5,4,35,PSCI,TP,24,2005,경상북도 남부건설사업소
국도59호선,봉두교,성주 금수 후평 ,40,10.9,10,7.9,3,15,RCS,TP,24,2008,경상북도 남부건설사업소
국도59호선,말미교,성주 금수 후평 ,30,10.9,10,6.8,2,15,RA,WLP,24,2008,경상북도 남부건설사업소
국도59호선,신성교,성주 금수 봉두,30,10.9,10,6,2,15,RCT,RAP,24,2008,경상북도 남부건설사업소
국도59호선,대방교,김천 조마 대방,40,8.1,6.6,3.4,3,15,RCS,RAP,18,1988,경상북도 남부건설사업소
국도59호선,박리교,김천 조마 신왕,10,8,6.5,2.7,1,10,RCS,GA,18,1988,경상북도 남부건설사업소
국도59호선,용호교,김천 감천 용호,48,8,7.5,2.5,4,12,RCS,GP,18,1995,경상북도 남부건설사업소
국도59호선,금송2교,김천 감천 금송,20,11.5,10.5,4.5,2,10,RA,RAA,24,2004,경상북도 남부건설사업소
국도59호선,어모교,김천 개령 황계,120,10,9,9,4,30,PSCI,역T,24,2009,경상북도 남부건설사업소
국도59호선,감문교,김천 감문 태촌,75,9,8,5,5,15,RCS,RAP,24,1999,경상북도 남부건설사업소
국도59호선,습례교,구미 선산 습례,24,11.5,10.5,5.5,2,12,RA,ETC,24,2004,경상북도 남부건설사업소
국도59호선,매실교,구미 선산 내고,75,11.4,10.5,8,2,37.5,PSCI,역T,24,2009,경상북도 남부건설사업소
국도59호선,제1신기교,구미 선산 신기,8,10.9,10,5.2,1,8,RA,ETC,24,2006,경상북도 남부건설사업소
국도59호선,제2신기교,구미 선산 신기,18,11,10,3.2,2,9,RCS,GP,24,1997,경상북도 남부건설사업소
국도59호선,신내교,구미 옥성 초곡,12.3,11,10,4,1,12.3,RA,ETC,24,2007,경상북도 남부건설사업소
국도59호선,초곡교,구미 옥성 초곡,17,12.5,11.6,4.3,1,17,RA,RAA,24,2009,경상북도 남부건설사업소
국도59호선,농소교,구미 옥성 농소,78,11,10,3,6,13,RCS,WLP,24,1995,경상북도 남부건설사업소
국도59호선,제1이곡교,구미 옥성 농소,15,10,9,2.5,1,15,RA,BTA,24,1997,경상북도 남부건설사업소
국도59호선,제2이곡교,구미 옥성 농소,11,11,10,4,1,11,RA,ETC,24,2006,경상북도 남부건설사업소
국도59호선,제2구봉교,구미 옥성 구봉,30,12,11,3,2,8,RA,ETC,24,1994,경상북도 남부건설사업소
국도59호선,제1구봉교,구미 옥성 구봉,16,13,11,3,2,16,RA,ETC,24,2005,경상북도 남부건설사업소
국도67호선,왜관과선교,칠곡 왜관 왜관,366,21.1,20,4.7,7,65,STB,TP,24,2012,경상북도 남부건설사업소
국도67호선,중지교,칠곡 석적 중지,226,20.9,20,4.5,5,45.2,PF,TP,24,2012,경상북도 남부건설사업소
국도67호선,포남교,칠곡 석적 포남,15,26.4,19,2.6,1,15,RA,RAA,24,2012,경상북도 남부건설사업소
국도67호선,광암교,칠곡 석적 중,38,25,17,3,2,19,RCS,RAP,24,1992,경상북도 남부건설사업소
국도67호선,성수천교,구미 산동 성수,55,23.9,23,6.3,1,55,STB,RAA,24,2014,경상북도 남부건설사업소
국도67호선,오로교,구미 장천 오로,30,8.4,7,6.5,2,15,RA,기타,18,1990,경상북도 남부건설사업소
국지도20호,경정교,영덕 축산 경정,73.2,9,7.5,5,6,12.2,RC슬래브교,라멘식,18,1995,경상북도 북부건설사업소
국지도20호,오보교,영덕 영덕 오보,36,10,8.5,3.9,3,12,RC슬래브교,중력식,18,1988,경상북도 북부건설사업소
국지도20호,하저교,영덕 영덕 하저,40,8.5,7.5,2,3,13.4,RC슬래브교,라멘식,18,1991,경상북도 북부건설사업소
국지도28호,금계교(931),영주 풍기 금계,40,9,7.5,4.3,4,10,RC슬래브교,벽식,14,1985,경상북도 북부건설사업소
국지도28호,남원대교,영주 풍기 금계,120,20,15,6,4,30,IPC거더교,기타,24,2016,경상북도 북부건설사업소
국지도28호,단곡천교,영주 단산 단곡,20,13,12,3,1,30.3,PSC빔교,기타,24,2016,경상북도 북부건설사업소
국지도28호,두봉교,영주 부석 소천,32,9,8,3.5,2,16,RC슬래브교,벽식,24,1998,경상북도 북부건설사업소
국지도28호,부석교,영주 부석 소천,39,7.7,6.2,3,3,13,RC슬래브교,벽식,18,2014,경상북도 북부건설사업소
국지도28호,옥대교,영주 단산 옥대,90,13,10,5,3,30,PSC빔교,기타,24,2016,경상북도 북부건설사업소
국지도28호,왕당천교,영주 순흥 태장,15,32,31,8,1,15,라멘교,라멘식,24,2017,경상북도 북부건설사업소
국지도28호,제월교,영주 순흥 제월,32,10.5,9.5,5,2,16,RC슬래브교,라멘식,24,2004,경상북도 북부건설사업소
국지도28호,주막교,영주 부석 남대,10,7,6,4.7,1,10,RC슬래브교,역T형식 교대,24,1996,경상북도 북부건설사업소
국지도28호,태장천교,영주 순흥 태장,15,28,27,8.5,1,15,라멘교,라멘식,24,2017,경상북도 북부건설사업소
국지도32호,내서1교,문경 농암 내서,70,7.5,6.5,6.5,5,14,RC슬래브교,T형 교각식,18,1989,경상북도 북부건설사업소
국지도32호,내서2교,문경 농암 내서,65,8,7,5.4,5,13,RC슬래브교,벽식,18,1991,경상북도 북부건설사업소
국지도32호,내서3교,문경 농암 내서,45,7.5,6,5.3,3,15,RTC형교,T형 교각식,18,1986,경상북도 북부건설사업소
국지도32호,내서4교,문경 농암 내서,45,7.5,6,7.8,3,15,RTC형교,T형 교각식,18,1988,경상북도 북부건설사업소
국지도32호,농암교,문경 농암 갈동,80,8,6.5,6.6,4,20,PSC I형교,T형 교각식,18,1981,경상북도 북부건설사업소
국지도32호,(신)감암교,상주 이안 아천,35,12.4,11.8,3.5,2,17.5,라멘교,벽식,24,2017,경상북도 북부건설사업소
국지도32호,(신)건천교,상주 이안 양범,60,12.4,11.6,8,2,30,PSC빔교,역T형,24,2017,경상북도 북부건설사업소
국지도32호,(신)장암교,상주 화북 장암,19,21.9,19.2,3,1,19,라멘교,벽식,24,2017,경상북도 북부건설사업소
국지도32호,병천교,상주 화북 용유,70,9,7.8,4.5,3,23.4,RC슬래브교,라멘식,24,1996,경상북도 북부건설사업소
국지도32호,송학교,상주 화북 입석,18,7.5,6,3,2,9,RC슬래브교,중력식,13.5,1981,경상북도 북부건설사업소
국지도32호,아실교,상주 이안 아천,7,24,19.3,3.8,1,7,라멘교,벽식,24,2017,경상북도 북부건설사업소
국지도32호,옥양교,상주 화북 입석,20,7.5,6,2.5,2,10,RC슬래브교,중력식,13.5,1981,경상북도 북부건설사업소
국지도32호,용유3교,상주 화북 용유,45.6,9.5,8,2.5,3,15.2,RC슬래브교,중력식,24,1994,경상북도 북부건설사업소
국지도32호,입석교,상주 화북 입석,19,12.4,11.5,2.2,1,19,기타,역T형식 교대,24,2009,경상북도 북부건설사업소
국지도32호,장암1교,상주 화북 장암,22,18.5,16.3,4,1,22,라멘교,벽식,24,2017,경상북도 북부건설사업소
국지도32호,화산교,문경 농암 화산,45,8,7,3.9,3,15,RC슬래브교,벽식,18,1990,경상북도 북부건설사업소
국지도49호,갈령1교,상주 화남 동관,60,12.4,11.5,1.7,2,30,PSC I형교,T형 교각식,24,2012,경상북도 북부건설사업소
국지도49호,갈령2교,상주 화남 동관,30,12.4,11.5,10,1,30,PSC I형교,역T형식 교대,24,2012,경상북도 북부건설사업소
국지도49호,갈령3교,상주 화북 상오,15,12.4,11.5,3.8,1,15,라멘교,기타,24,2012,경상북도 북부건설사업소
국지도49호,금계교(국지49),상주 모동 용호,100,9,8,4.3,7,25,RC중공슬래브교,라멘식,24,1994,경상북도 북부건설사업소
국지도49호,상오1교,상주 화북 상오,45,15.4,14.5,7.2,1,45,프리플렉스형교,역T형식 교대,24,2013,경상북도 북부건설사업소
국지도49호,상오교,상주 화북 상오,16.4,8,6.5,5.5,1,16.4,라멘교,라멘식교대,18,1987,경상북도 북부건설사업소
국지도49호,수봉교,상주 모동 수봉,21,12,11,2.3,2,11,라멘교,라멘식,24,2004,경상북도 북부건설사업소
국지도49호,이소교,상주 화동 이소,40,12,11,5,3,15,RC슬래브교,라멘식,24,1999,경상북도 북부건설사업소
국지도49호,지산1교,상주 모서 지산,57,12,11,7.2,4,15,RC슬래브교,T형 교각식,24,2002,경상북도 북부건설사업소
국지도49호,치운교,상주 모동 신천,80,11,10,5.5,3,32,프리플렉스형교,라멘식,24,2004,경상북도 북부건설사업소
국지도49호,하송1교,상주 화서 하송,30,15.9,15,6.5,1,30,PSC I형교,부벽식 교대,24,2013,경상북도 북부건설사업소
국지도49호,하송2교,상주 화서 상곡,52,9.5,8.5,3.5,4,14.5,RC슬래브교,T형 교각식,24,1999,경상북도 북부건설사업소
국지도49호,화령교,상주 화서 신봉,14,11,10,3.4,1,14,RC슬래브교,T형 교각식,24,2003,경상북도 북부건설사업소
국지도68호,(신)사미교,의성 춘산 사미,26.5,10.5,9.5,5,1,26.5,라멘교,라멘식,24,2017,경상북도 북부건설사업소
국지도68호,감은교,청송 안덕 감은,110,9,7.5,5,8,13.8,RC슬래브교,T형 교각식,24,1996,경상북도 북부건설사업소
국지도68호,(신)옥정교,의성 춘산,17,7.5,6,2,2,8.5,RC슬래브교,중력식,14,2016,경상북도 북부건설사업소
국지도68호,가음교 (68),의성 가음 양지,15,10.5,9.5,9.9,1,15,라멘교,라멘식,24,2015,경상북도 북부건설사업소
국지도68호,구천교,청송 부남 구천,54,10.5,9.5,4.6,3,18,RC슬래브교,라멘식,24,2001,경상북도 북부건설사업소
국지도68호,대전교(68),청송 부남 대전,30,10.5,9.5,3,2,15,라멘교,라멘식,24,2004,경상북도 북부건설사업소
국지도68호,돌개교,청송 부남 홍원,108.5,8,7,5,7,15.5,RC슬래브교,벽식,18,1990,경상북도 북부건설사업소
국지도68호,삼치교,청송 부남 구천,107,8,7,4.7,7,15.3,RC슬래브교,벽식,18,1992,경상북도 북부건설사업소
국지도68호,비봉2교,의성 의성 비봉,8.5,5,4.5,2,2,4.3,RC슬래브교,중력식,14,1977,경상북도 북부건설사업소
국지도68호,비봉교,의성 의성 비봉,9,5,4.5,1.7,2,4.5,RC슬래브교,중력식,14,1977,경상북도 북부건설사업소
국지도68호,산운교,의성 금성 산운,33,10.5,9.5,7,1,33,PSC 슬래브교,역T형식 교대,24,2014,경상북도 북부건설사업소
국지도68호,안덕교,청송 안덕 명당,81,12,11,5,6,13.5,RC슬래브교,벽식,24,2002,경상북도 북부건설사업소
국지도68호,양숙교,청송 부남 양숙,13.7,7.7,6.8,3.9,1,13.7,라멘교,기타,18,1994,경상북도 북부건설사업소
국지도68호,중기교,청송 부남 중기,68,9,7.5,4.6,5,13.6,RC슬래브교,벽식,24,1994,경상북도 북부건설사업소
국지도68호,창양교,청송 현동 창양,130.8,12,11,6,9,14.5,RC슬래브교,벽식,24,2000,경상북도 북부건설사업소
국지도68호,초천교,청송 부남 양숙,78,9,7.5,5.8,6,13,RC슬래브교,벽식,18,1992,경상북도 북부건설사업소
국지도68호,통점교,청송 부남 중기,15.7,9.5,8.1,5,1,15.7,RC슬래브교,반중력식 교대,24,1995,경상북도 북부건설사업소
국지도68호,상판교,상주 모동 상판,38,9,8,3,3,13,RC슬래브교,벽식,24,1995,경상북도 북부건설사업소
국지도68호,용문교,상주 공성 옥산,40,12,11,4,2,20,프리플렉스형교,라멘식,24,2004,경상북도 북부건설사업소
국지도68호,하비교,의성 의성 비봉,11.4,5,4.5,1.5,2,5.7,RC슬래브교,중력식,14,1980,경상북도 북부건설사업소
국지도68호,홍원교,청송 부남 홍원,150,9,8,5.4,12,12.5,RC슬래브교,T형 교각식,24,1999,경상북도 북부건설사업소
국지도68호,하팔교,의성 의성 비봉,9,5.4,4.9,2,2,4.5,RC슬래브교,벽식,14,1977,경상북도 북부건설사업소
국지도69호,(신)삼계5교,영덕 창수,16.6,11,11,3.2,1,7,RC슬래브교,중력식 교대,24,2018,경상북도 북부건설사업소
국지도69호,갈마1교,울진 매화 갈면,32,6,5,3.3,4,8,RC슬래브교,중력식,14,1984,경상북도 북부건설사업소
국지도69호,갈마2교,울진 매화 갈면,36,6,5,3.3,4,9,RC슬래브교,중력식,14,1984,경상북도 북부건설사업소
국지도69호,갈면1교,울진 매화 갈면,90,9,8,8.4,3,30,PSC I형교,T형 교각식,24,2002,경상북도 북부건설사업소
국지도69호,갈면2교,울진 매화 갈면,60,9,8,7.3,2,30,PSC I형교,T형 교각식,24,2002,경상북도 북부건설사업소
국지도69호,광대교,울진 매화 길곡,12,6,5,2.4,1,12,RC슬래브교,중력식 교대,14,1984,경상북도 북부건설사업소
국지도69호,대1교,영덕 영해 대리,28.8,11,10,6.3,2,14.4,라멘교,벽식,24,2003,경상북도 북부건설사업소
국지도69호,대2교,영덕 영해 대리,26,9,8,3.5,2,13,라멘교,기타,24,1998,경상북도 북부건설사업소
국지도69호,대지교,영덕 달산 대지,40,8,7,3.2,4,10,RTC형교,중력식,18,1982,경상북도 북부건설사업소
국지도69호,도계1교,영덕 지품 도계,28.2,11.2,10.2,3,2,14.1,라멘교,라멘식,24,2003,경상북도 북부건설사업소
국지도69호,도계2교,영덕 지품 도계,25.3,11.1,10.1,5,2,12.5,RC슬래브교,반중력식 교대,24,2002,경상북도 북부건설사업소
국지도69호,도계3교,영덕 지품 도계,15,16,15,3,1,15,RC슬래브교,중력식 교대,24,2002,경상북도 북부건설사업소
국지도69호,도계4교,영덕 지품 도계,14,10.5,9.5,2.3,1,14,라멘교,기타,24,2001,경상북도 북부건설사업소
국지도69호,금대교,울진 매화 조금,12.8,9,8,2.6,1,12.8,라멘교,기타,24,1995,경상북도 북부건설사업소
국지도69호,기양3교,울진 매화 기양,18,9.5,8,3,1,18,라멘교,기타,18,1994,경상북도 북부건설사업소
국지도69호,독지교,영덕 지품 도계,30,10.5,9.5,6.3,2,15,라멘교,라멘식,24,2002,경상북도 북부건설사업소
국지도69호,기양교,울진 매화 기양,120,9.5,8.1,4.7,10,12,RC슬래브교,T형 교각식,18,1994,경상북도 북부건설사업소
국지도69호,길곡1교,울진 매화 길곡,36,6,5,3.1,4,9,RC슬래브교,중력식,14,1985,경상북도 북부건설사업소
국지도69호,길곡2교,울진 매화 길곡,45,6,5,2.5,5,9,RC슬래브교,중력식,14,1986,경상북도 북부건설사업소
국지도69호,길곡3교,울진 매화 길곡,40,6,5,4.4,5,8,RC슬래브교,중력식,14,1987,경상북도 북부건설사업소
국지도69호,삼계4교,영덕 창수 삼계,7,12.3,11.3,3.2,1,7,RC슬래브교,중력식 교대,24,2016,경상북도 북부건설사업소
국지도69호,동막교,울진 매화 갈면,20,9,8.2,3.3,2,10,RC슬래브교,T형 교각식,24,1998,경상북도 북부건설사업소
국지도69호,송전교,울진 매화 갈면,150,9,8,7,5,30,PSC I형교,T형 교각식,24,2000,경상북도 북부건설사업소
국지도69호,온정교,울진 온정 조금,20,8,7,3.5,2,10,RC슬래브교,중력식,24,1995,경상북도 북부건설사업소
국지도69호,온천교(69),울진 온정 조금,8,28,27,3,1,8,RC슬래브교,중력식 교대,18,1980,경상북도 북부건설사업소
국지도69호,외선미1교,울진 온정 외선미,29,11,10,3,2,14.5,라멘교,라멘식,24,2017,경상북도 북부건설사업소
국지도69호,조금1교,울진 온정 조금,26,9,8,3,2,13,RC슬래브교,벽식,24,1997,경상북도 북부건설사업소
국지도69호,조금교,울진 온정 조금,40,10.5,9.5,10.4,3,13.3,라멘교,라멘식,24,2001,경상북도 북부건설사업소
국지도69호,신양교,영덕 지품 신양,165.9,11,10,4.8,5,35.1,PSC I형교,T형 교각식,24,2005,경상북도 북부건설사업소
국지도69호,옥녀교,영덕 달산 옥계,105,9,8,15,7,15,RC슬래브교,T형 교각식,24,1995,경상북도 북부건설사업소
국지도69호,옥산교,영덕 달산 옥산,60,9,8,7.5,4,15,RC슬래브교,T형 교각식,18,1992,경상북도 북부건설사업소
국지도69호,죽전1교,울진 매화 길곡,32,8.1,7.1,3.8,3,12,RC슬래브교,벽식,24,1996,경상북도 북부건설사업소
국지도69호,죽전2교,울진 매화 길곡,25,8.3,7.4,4,2,12.5,RC슬래브교,중력식,24,1996,경상북도 북부건설사업소
국지도69호,창수대교,영덕 창수 신기,130.5,8,7,5.5,9,14.5,RC슬래브교,T형 교각식,18,1989,경상북도 북부건설사업소
국지도69호,흥기교,영덕 달산 흥기,94.6,8.5,7.5,5,6,16.3,RC슬래브교,T형 교각식,18,1990,경상북도 북부건설사업소
국지도69호,외선미2교,울진 온정 외선미,27,11,10,6,2,13.5,라멘교,라멘식,24,2017,경상북도 북부건설사업소
국지도69호,외선미3교,울진 온정 외선미,30,11,10,5.5,2,15,라멘교,라멘식,24,2017,경상북도 북부건설사업소
국지도79호,가음교 (79),의성 가음 가산,90,11,10,4,3,30,PSC I형교,라멘식,24,2004,경상북도 북부건설사업소
국지도79호,사촌교 (79 사촌),의성 점곡 사촌,12,5.7,5,2,2,12.5,RC 상자형교,중력식,24,2011,경상북도 북부건설사업소
국지도79호,사촌교 (79 송내),의성 점곡 송내,32,7.4,6,2.5,4,8,RC슬래브교,중력식,14,1976,경상북도 북부건설사업소
국지도79호,귀미교,안동 일직 귀미,60,11,10,4,2,30,프리플렉스형교,T형 교각식,24,2005,경상북도 북부건설사업소
국지도79호,순호교,의성 가음 순호,20,8.4,7,4.5,2,10,RC슬래브교,벽식,18,1989,경상북도 북부건설사업소
국지도79호,신계교,의성 옥산 신계,30,9,8,4.1,2,15,라멘교,기타,24,1997,경상북도 북부건설사업소
국지도79호,오상교,의성 사곡 오상,63,12,11,5.6,2,31.5,프리플렉스형교,T형 교각식,24,2008,경상북도 북부건설사업소
국지도79호,옥산교,의성 옥산 신계,93.5,12,11,6,3,31.2,PSC 슬래브교,역T형식 교대,24,2010,경상북도 북부건설사업소
국지도79호,입암교,의성 옥산 입암,98,8,7.1,4.7,7,14,RC슬래브교,벽식,24,1996,경상북도 북부건설사업소
국지도79호,점곡교,의성 점곡 서변,180.2,9,8,4.3,6,30,PSC I형교,라멘식,24,2000,경상북도 북부건설사업소
국지도79호,팽목교,안동 일직 귀미,38,10.5,9.5,3.5,3,29.3,RC슬래브교,벽식,24,2002,경상북도 북부건설사업소
국지도88호,서벽교(88),봉화 춘양 서벽,20,8.8,7.5,3.9,2,10,RC슬래브교,벽식,18,1993,경상북도 북부건설사업소
국지도88호,애당교,봉화 춘양 애당,45,10.5,9.5,4.7,3,15,RTC형교,중력식 교대,24,2003,경상북도 북부건설사업소
국지도88호,우구치1교,봉화 춘양 우구치,40,9,8.5,5.5,3,13.4,RC슬래브교,벽식,18,1994,경상북도 북부건설사업소
국지도88호,우구치2교,봉화 춘양 우구치,40,9,8,5.5,3,13.4,RC슬래브교,벽식,18,1995,경상북도 북부건설사업소
국지도88호,우구치3교,봉화 춘양 우구치,60,9,8,4,4,15,RC슬래브교,벽식,18,1995,경상북도 북부건설사업소
국지도88호,우구치4교,봉화 춘양 우구치,60,9,8,3,4,15,RC슬래브교,벽식,18,1996,경상북도 북부건설사업소
국지도88호,춘양교,봉화 춘양 의양,84,12.5,8.3,7,6,14,RC슬래브교,라멘식,24,2000,경상북도 북부건설사업소
지방도901호,갈밭교,문경 동로 생달,10.5,9,7.5,3.4,1,10.5,라멘교,기타,18,1991,경상북도 북부건설사업소
지방도901호,갈전교,문경 가은 갈전,197.7,10.5,9.5,12.7,7,30.5,PSC I형교,역T형식 교대,24,2009,경상북도 북부건설사업소
지방도901호,갈평2교,문경 문경 갈평,30,9,8,3.6,2,15,RC슬래브교,벽식,18,1993,경상북도 북부건설사업소
지방도901호,갈평교,문경 문경 갈평,78,9,8,3.5,6,13,RC슬래브교,벽식,24,1998,경상북도 북부건설사업소
지방도901호,고요1교,문경 문경 고요,90,12,10.5,5.7,6,15,RC중공슬래브교,라멘식,24,1998,경상북도 북부건설사업소
지방도901호,농암2교,문경 농암 농암,38,9,8,5.2,3,14,RC슬래브교,벽식,24,1997,경상북도 북부건설사업소
지방도901호,문경교,문경 문경 마원,60,10,9,3,4,15,RC슬래브교,반중력식 교대,18,1979,경상북도 북부건설사업소
지방도901호,생달교,문경 동로 생달,18,10.1,9,4.1,2,9,RC슬래브교,벽식,24,1998,경상북도 북부건설사업소
지방도901호,석항1교,문경 동로 석항,23.6,9,8,2.9,2,11.8,라멘교,벽식,24,1997,경상북도 북부건설사업소
지방도901호,석항2교,문경 동로 석항,18,9,8,3.8,3,18,라멘교,벽식,24,1997,경상북도 북부건설사업소
지방도901호,성유교,문경 가은 성유,9.6,9,7.5,2.6,1,9.6,RC슬래브교,반중력식 교대,18,1985,경상북도 북부건설사업소
지방도901호,아호교,문경 가은 작천,211.1,10.5,9.5,9.5,7,30.2,PSC I형교,역T형식 교대,24,2009,경상북도 북부건설사업소
지방도901호,용연교,문경 문경 용연,14,9.65,8.65,8.2,1,14,라멘교,벽식,24,2016,경상북도 북부건설사업소
지방도901호,왕릉교,문경 가은 왕능,30,9.5,8.5,4,1,30,RCT형교,벽식,24,2009,경상북도 북부건설사업소
지방도901호,요성1교,문경 문경 요성,13,12,11,2.5,1,13,RC슬래브교,벽식,24,1998,경상북도 북부건설사업소
지방도901호,노류1교,상주 내서 노류,15,9.5,8,3.3,1,15,RC슬래브교,중력식교대,24,1994,경상북도 북부건설사업소
지방도901호,노류2교,상주 내서 노류,30,9,8.2,4.1,2,15,RC슬래브교,벽식,24,1994,경상북도 북부건설사업소
지방도901호,득수교,상주 모서 득수,34.7,10.5,9.5,4,2,17.4,라멘교,라멘식,24,2011,경상북도 북부건설사업소
지방도901호,봉중2교,상주 은척 봉중,48,9.5,8,3.5,4,12,RC슬래브교,벽식,24,1993,경상북도 북부건설사업소
지방도901호,봉중교,상주 은척 봉중,44.5,10,9,3,3,15,RC슬래브교,중력식,24,1996,경상북도 북부건설사업소
지방도901호,북장교,상주 내서 북장,28,9,8,4,2,14,라멘교,라멘식,24,1999,경상북도 북부건설사업소
지방도901호,삼포교,상주 모서 삼포,69,12,11,7,5,15,RC슬래브교,T형 교각식,24,2002,경상북도 북부건설사업소
지방도901호,석산교,상주 모서 석산,42,8,6.5,4.5,3,14,RC슬래브교,중력식,18,1991,경상북도 북부건설사업소
지방도901호,신촌2교,상주 내서 신촌,30,8.8,8,2.5,3,9.6,RC슬래브교,벽식,18,2016,경상북도 북부건설사업소
지방도901호,이촌1교,상주 외서 우산,84.9,9,8,5,6,14.1,RC슬래브교,T형 교각식,24,1999,경상북도 북부건설사업소
지방도901호,이촌2교,상주 외서 우산,55,9,8,4,4,13.8,RC슬래브교,벽식,24,1999,경상북도 북부건설사업소
지방도901호,지산교,상주 모서 지산,94.5,10.5,8.5,4.5,3,31.5,프리플렉스형교,v형 교각식,24,2004,경상북도 북부건설사업소
지방도901호,평지교,상주 내서 평지,20,9,8,5,2,10,RC슬래브교,라멘식,24,1998,경상북도 북부건설사업소
지방도901호,하내1교,문경 마성 하내,163,10.5,9.5,5.6,5,43,PSC I형교,T형 교각식,24,2005,경상북도 북부건설사업소
지방도901호,하내2교,문경 마성 하내,120,10.5,9.5,4.1,4,30,PSC I형교,T형 교각식,24,2005,경상북도 북부건설사업소
지방도901호,허궁다리,문경 동로 간송,40,9,8,5.6,3,15,RC슬래브교,T형 교각식,24,1999,경상북도 북부건설사업소
지방도901호,하흘교,상주 은척 하흘,40,8,6.5,3.8,3,13.5,RC슬래브교,중력식,18,1986,경상북도 북부건설사업소
지방도901호,호음1교,상주 모서 흐음,52,9.5,8,4.6,4,13,RC슬래브교,라멘식,24,1995,경상북도 북부건설사업소
지방도901호,호음2교,상주 모서 흐음,60,9.5,8,3.3,4,15,RC슬래브교,라멘식,24,1995,경상북도 북부건설사업소
지방도901호,은계교,예천 상리 석묘,33.5,9.5,8.5,,3,11.2,RC슬래브교,벽식,24,2003,경상북도 북부건설사업소
지방도908호,갈천교,청송 현서 갈천,10,6.8,6,3.2,1,10,RC슬래브교,중력식 교대,14,1988,경상북도 북부건설사업소
지방도908호,감천1교,청송 현서 수락,18.5,8,7.1,3.5,2,9.3,라멘교,기타,18,1992,경상북도 북부건설사업소
지방도908호,과목교,청송 현서 수락,140,10.9,10,15.5,4,35,PSC I형교,T형 교각식,24,2013,경상북도 북부건설사업소
지방도908호,마평교,청송 부동 상평,65,9,8,3,5,13,RC슬래브교,라멘식,24,1998,경상북도 북부건설사업소
지방도908호,무계교,청송 현서 수락,350,10.9,10,11,8,45,PSC 슬래브교,T형 교각식,24,2013,경상북도 북부건설사업소
지방도908호,법수교,청송 부동 이전,20,10.5,9.5,3,1,20,RPS라멘교,벽식교대,24,2017,경상북도 북부건설사업소
지방도908호,부일1교,청송 부동 부일,20,6,5.5,2.5,2,10,RC슬래브교,벽식,18,1988,경상북도 북부건설사업소
지방도908호,부일교,청송 부동 부일,67,9,8,4.2,5,13.4,RC슬래브교,라멘식,24,1998,경상북도 북부건설사업소
지방도908호,사촌교,청송 현서 사촌,24,8,7.1,3.2,3,8,RC슬래브교,중력식,18,1993,경상북도 북부건설사업소
지방도908호,상평교,청송 부동 상평,112.5,8,6.5,4,9,12.5,RC슬래브교,T형 교각식,18,1992,경상북도 북부건설사업소
지방도908호,샛들교,청송 안덕 성재,110,10.9,6.5,10.6,2,55,기타교,벽식,24,2013,경상북도 북부건설사업소
지방도908호,성재교,청송 안덕 성재,28,9,8,3.8,2,14,RC슬래브교,라멘식,24,1998,경상북도 북부건설사업소
지방도908호,수락1교,청송 현서 수락,90,10.9,6.5,10.7,2,45,PSC 슬래브교,역T형식 교대,24,2013,경상북도 북부건설사업소
지방도908호,수락2교,청송 현서 수락,180.4,10.9,10,11.6,4,45,PSC I형교,T형 교각식,24,2013,경상북도 북부건설사업소
지방도908호,수락교,청송 현서 수락,25,8,7,4.1,2,12.5,RC슬래브교,T형 교각식,14,1991,경상북도 북부건설사업소
지방도908호,신성교,청송 안덕 신성,108,10.5,9.5,7,8,13.5,RC슬래브교,T형 교각식,24,2001,경상북도 북부건설사업소
지방도908호,신점1교,청송 부동 신점,66,9,8,4.1,6,11,RC슬래브교,라멘식,24,1999,경상북도 북부건설사업소
지방도908호,신점교,청송 부동 신점,50,9,8,3,4,12,RC슬래브교,벽식,24,1995,경상북도 북부건설사업소
지방도908호,용답교,청송 현서 수락,45,10.9,6.5,10.2,1,45,PSC 슬래브교,역T형식 교대,24,2008,경상북도 북부건설사업소
지방도908호,음현1교,청송 현서 수락,75,10.9,6.5,15.4,3,25,PSC 슬래브교,역T형식 교대,24,2013,경상북도 북부건설사업소
지방도908호,음현2교,청송 현서 수락,50,10.9,6.5,12.2,2,25,PSC 슬래브교,역T형식 교대,24,2013,경상북도 북부건설사업소
지방도908호,천미교,청송 현서 수락,50,10.9,6.5,11.9,2,25,PSC 슬래브교,역T형식 교대,24,2013,경상북도 북부건설사업소
지방도908호,하당교,청송 현서 하당,40,10.9,6.5,5,1,40,PSC 슬래브교,역T형식 교대,24,2013,경상북도 북부건설사업소
지방도910호,골안2교,봉화 석포 석포,25,8.5,7.5,3.5,2,12.5,RC슬래브교,중력식,18,1993,경상북도 북부건설사업소
지방도910호,골안3교,봉화 석포 석포,25,8.5,7.5,3.7,2,12.5,RC슬래브교,중력식,18,1993,경상북도 북부건설사업소
지방도910호,골안4교,봉화 석포 석포,25,8.5,7.5,3.8,2,12.5,RC슬래브교,중력식,18,1993,경상북도 북부건설사업소
지방도910호,골안5교,봉화 석포 석포,25,8.5,7.5,3.5,2,12.5,RC슬래브교,중력식,18,1994,경상북도 북부건설사업소
지방도910호,골안6교,봉화 석포 석포,25,8.5,7.5,3.8,2,12.5,RC슬래브교,중력식,18,1995,경상북도 북부건설사업소
지방도910호,골안7교,봉화 석포 석포,25,8.5,7.5,3.5,2,12.5,RC슬래브교,중력식,18,1995,경상북도 북부건설사업소
지방도910호,골안8교,봉화 석포 석포,25,8.5,7.5,4.4,2,12.5,RC슬래브교,중력식,18,1995,경상북도 북부건설사업소
지방도910호,골안교,봉화 석포 석포,25,8.5,7.5,3.5,2,12.5,RC슬래브교,중력식,18,1992,경상북도 북부건설사업소
지방도910호,대현교,봉화 석포 석포,50,10,8.5,6.4,5,10,RC슬래브교,T형 교각식,18,1994,경상북도 북부건설사업소
지방도910호,석포대교,봉화 석포 석포,81,10.5,9.5,16,3,30.4,PSC I형교,역T형식 교대,24,2009,경상북도 북부건설사업소
지방도911호,가곡교(911),영양 일월 가곡,22,7.5,6,2.3,2,11,RC슬래브교,중력식,14,1985,경상북도 북부건설사업소
지방도911호,답곡교,영양 석보 답곡,117,9,8,3,9,13,RC슬래브교,벽식,24,2000,경상북도 북부건설사업소
지방도911호,망미교,영양 청기 청기,99,7.5,6,4.8,7,11,RC슬래브교,중력식,14,2013,경상북도 북부건설사업소
지방도911호,방전교,영양 입암 방전,160,10.5,9.5,6.5,5,32,PSC I형교,역T형,24,2016,경상북도 북부건설사업소
지방도911호,상청교,영양 청기 상청,91.7,11.5,10.5,7,3,30.6,PSC I형교,라멘식,24,2002,경상북도 북부건설사업소
지방도911호,석보교,영양 석보 원리,80,10.5,9.5,4,5,16,RC슬래브교,라멘식,24,2004,경상북도 북부건설사업소
지방도911호,연당교,영양 입암 연당,67.7,10.5,9.5,5.5,2,33.9,PSC I형교,T형 교각식,24,2007,경상북도 북부건설사업소
지방도911호,원리교,영양 석보 원리,43,8,7,4,3,15,RC슬래브교,T형 교각식,24,1994,경상북도 북부건설사업소
지방도911호,임천교,영양 입암 연당,72,9,8,3.5,6,12,RC슬래브교,라멘식,24,2000,경상북도 북부건설사업소
지방도911호,청기교,영양 청기 청기,53,9,8,4.7,4,14,RC슬래브교,라멘식,24,1998,경상북도 북부건설사업소
지방도911호,청암교,영양 입암 신구,159.5,10,9,7.1,11,14.5,RC슬래브교,T형 교각식,24,2001,경상북도 북부건설사업소
지방도911호,택전교,영양 석보 신평,120,10.5,9.5,4,3,40,IPC거더교,역T형식 교대,24,2016,경상북도 북부건설사업소
지방도911호,화매1교,영양 석보 화매,31,10.5,9.5,6.2,2,15.5,RC슬래브교,T형 교각식,24,2002,경상북도 북부건설사업소
지방도911호,화매교,영양 석보 화매,14,8.5,7.5,5.4,1,14,RC슬래브교,반중력식 교대,18,1990,경상북도 북부건설사업소
지방도912호,공정1교,의성 사곡 공정,60,9.5,8.5,16.6,2,30,라멘교,T형 교각식,24,2015,경상북도 북부건설사업소
지방도912호,공정2교,의성 사곡 공정,30,9.5,8.5,9.8,1,30,라멘교,T형 교각식,24,2015,경상북도 북부건설사업소
지방도912호,공정3교,의성 사곡 공정,66,9.5,8.5,13.7,4,18,RC슬래브교,T형 교각식,24,2015,경상북도 북부건설사업소
지방도912호,공정4교,의성 사곡 공정,150,9.5,8.5,21.1,5,30,라멘교,T형 교각식,24,2015,경상북도 북부건설사업소
지방도912호,광암교,의성 안평 석탑,14.7,8,7,4,1,14.7,라멘교,기타,24,2001,경상북도 북부건설사업소
지방도912호,단밀교,의성 단북 이연,360,8,6.5,9.9,12,30,PSC I형교,T형 교각식,18,1989,경상북도 북부건설사업소
지방도912호,마안교,의성 신평 교안,15.5,9,8,2,1,15.5,라멘교,,24,2000,경상북도 북부건설사업소
지방도912호,생송교,의성 단밀 낙정,42,9,7.5,3.4,3,14,RC슬래브교,벽식,18,1991,경상북도 북부건설사업소
지방도912호,신감교,의성 사곡 신감,25,10.5,8.5,2.7,2,12.5,라멘교,벽식,24,2003,경상북도 북부건설사업소
지방도912호,신월교,의성 안평 박곡,31,10.5,9.5,3.5,1,31,RC슬래브교,T형 교각식,24,2013,경상북도 북부건설사업소
지방도912호,안사교,의성 안사 안사,33,9,8,5.3,3,11,RC슬래브교,T형 교각식,24,1999,경상북도 북부건설사업소
지방도912호,양지교,의성 사곡 양지,12,9,8,2.5,1,12,라멘교,기타,18,1990,경상북도 북부건설사업소
지방도912호,철파2교,의성 의성 후죽,43,11,10,5.1,1,43,기타교,역T형식 교대,24,2010,경상북도 북부건설사업소
지방도912호,철파교,의성 의성 철파,15,8,6.5,3.4,2,7.5,라멘교,기타,18,1986,경상북도 북부건설사업소
지방도912호,낙단교,상주 낙동 낙동,434,10,8.6,10.5,14,31,PSC박스형교,T형 교각식,18,1986,경상북도 북부건설사업소
지방도912호,용포교,상주 낙동 용포,24,9,8.2,3,2,12,RC슬래브교,라멘식,24,1995,경상북도 북부건설사업소
지방도912호,하덕교 (912),의성 안계 도덕,12,8.6,7,2.8,1,12,RC슬래브교,중력식 교대,18,1989,경상북도 북부건설사업소
지방도912호,하령교,의성 안평 하령,28,8,7,4,2,14,RC슬래브교,벽식,18,1994,경상북도 북부건설사업소
지방도914호,고평교,청송 청송 송생,90,10.5,9.5,3.5,3,30,프리플렉스형교,역T형식 교대,24,2008,경상북도 북부건설사업소
지방도914호,내룡4교,청송 부동 내룡,21.2,8.8,8,5,2,10.6,라멘교,기타,24,1995,경상북도 북부건설사업소
지방도914호,덕산교,영덕 달산 덕산,19.6,8.6,7,4,2,9.8,RC슬래브교,중력식,18,1971,경상북도 북부건설사업소
지방도914호,봉산교,영덕 달산 봉산,22,9.5,8.5,5.5,2,11,RC슬래브교,벽식,18,1994,경상북도 북부건설사업소
지방도914호,구암2교,의성 점곡 구암,12,9,7.5,3,1,12,RC슬래브교,반중력식 교대,18,1989,경상북도 북부건설사업소
지방도914호,구암교,의성 점곡 구암,16,8.5,7,3.5,2,8,RC슬래브교,중력식,14,1970,경상북도 북부건설사업소
지방도914호,덕천교,청송 파천 덕천,33,7.5,6,3,3,11,RC슬래브교,중력식,14,1967,경상북도 북부건설사업소
지방도914호,부일2교,청송 부동 이전,25,7.5,6,3,2,12.5,RC슬래브교,벽식,18,1989,경상북도 북부건설사업소
지방도914호,송생교,청송 청송 송생,12,8.3,7.2,2.2,1,12,RC슬래브교,중력식 교대,14,1974,경상북도 북부건설사업소
지방도914호,광덕교,안동 풍천 광덕,400,11,10,15,8,52.5,강상자형교,T형 교각식,24,2008,경상북도 북부건설사업소
지방도914호,괴정교,안동 풍산 오미,49.8,28.4,27.5,6,1,49.8,PSC I형교,역T형식 교대,24,2015,경상북도 북부건설사업소
지방도914호,구수교,안동 길안 구수,26,9,8,6,2,13,라멘교,기타,24,1997,경상북도 북부건설사업소
지방도914호,금계교,안동 풍천 금계,30,8.5,7,3.2,2,15,RC슬래브교,벽식,18,1991,경상북도 북부건설사업소
지방도914호,도청1교,안동 풍산 오미,26,8.6,7.7,6.4,1,26,라멘교,라멘식 교대,24,2015,경상북도 북부건설사업소
지방도914호,도청2교,안동 풍산 오미,35.4,13.5,12.6,6.2,1,35.6,라멘교,라멘식 교대,24,2015,경상북도 북부건설사업소
지방도914호,도청교,안동 풍산 오미,90,17.4,16.5,11.2,2,45,PSC I형교,역T형식 교대,24,2015,경상북도 북부건설사업소
지방도914호,산달교,안동 길안 천지,15,9,7.5,3,1,15,RC슬래브교,중력식 교대,18,1991,경상북도 북부건설사업소
지방도914호,상오교(914),영덕 달산 인곡,45,10.5,9.5,4,2,22.5,프리플렉스형교,T형 교각식,24,2005,경상북도 북부건설사업소
지방도914호,삽실교,안동 길안 현하,36.2,13.5,12,3,3,12.1,RC슬래브교,벽식,18,1983,경상북도 북부건설사업소
지방도914호,신계교,의성 옥산 신계,20,9,7.5,3,2,10,RC슬래브교,벽식,18,1992,경상북도 북부건설사업소
지방도914호,신기교(914 길안),안동 길안 현하,20,9,7.5,2.5,2,10,RC슬래브교,벽식,18,1990,경상북도 북부건설사업소
지방도914호,신기교(914 풍천),안동 풍천 금계,26,8.5,7,2.8,2,13,RC슬래브교,벽식,18,1989,경상북도 북부건설사업소
지방도914호,어담1교,안동 풍천 어담,20,8.6,7.2,2.2,2,10,RC슬래브교,벽식,18,1990,경상북도 북부건설사업소
지방도914호,어담2교,안동 풍천 어담,20,8.4,7,2.2,2,10,RC슬래브교,벽식,18,1990,경상북도 북부건설사업소
지방도914호,오미교,안동 풍산 오미,12,28.4,27.5,5.4,1,12,라멘교,라멘식 교대,24,2015,경상북도 북부건설사업소
지방도914호,이전교,청송 부동 이전,30,9,7,3.7,3,10,RC슬래브교,중력식,18,1971,경상북도 북부건설사업소
지방도914호,윤암교,의성 점곡 윤암,25,10.5,8.5,2.7,2,12.5,라멘교,벽식,24,2003,경상북도 북부건설사업소
지방도914호,용전교,영덕 달산 용전,24,8.8,6.8,4,3,8,RC슬래브교,중력식,18,1971,경상북도 북부건설사업소
지방도914호,주왕교,청송 부동 하의,42,9,8,3,3,14,RC슬래브교,벽식,18,1995,경상북도 북부건설사업소
지방도914호,인곡교,영덕 달산 인곡,39,9,8,3.5,3,13,RC슬래브교,벽식,18,1992,경상북도 북부건설사업소
지방도914호,중리교 (914 의성),의성 의성 중리,58,10.5,9.5,7.6,2,29,RC슬래브교,중력식,24,1974,경상북도 북부건설사업소
지방도914호,조탑교,안동 일직 조탑,60,10.5,9,9,2,30,PSC I형교,라멘식,24,1995,경상북도 북부건설사업소
지방도914호,청운교(914),청송 청송 청운,120,9,7.8,7,4,30,PSC I형교,라멘식,24,1996,경상북도 북부건설사업소
지방도914호,조탑교(상),안동 일직 조탑,100,11.5,9,4.8,2,50,강상자형교,T형 교각식,24,2012,경상북도 북부건설사업소
지방도914호,중리교(914 안동),안동 풍천 하회,23.7,10,9,1,1,23.7,라멘교,라멘식 교대,24,2015,경상북도 북부건설사업소
지방도914호,지곡교,안동 길안 현하,20,9,7.5,2.5,2,10,RC슬래브교,벽식,18,1992,경상북도 북부건설사업소
지방도914호,천지교,안동 길안 천지,240,9,7.5,6.1,16,15,RC슬래브교,벽식,18,1992,경상북도 북부건설사업소
지방도914호,하의교,청송 부동 하의,48,9.2,7.7,3.9,4,12,RC슬래브교,벽식,18,1986,경상북도 북부건설사업소
지방도914호,현곡교,안동 길안 현하,36,9,7.5,3.2,3,12,RC슬래브교,벽식,18,1992,경상북도 북부건설사업소
지방도914호,현하교,안동 길안 현하,20,9,7.5,3.5,2,10,RC슬래브교,벽식,18,1992,경상북도 북부건설사업소
지방도914호,하덕교(914),영덕 달산 덕산,24,8.6,7,4,3,8,RC슬래브교,중력식,18,1971,경상북도 북부건설사업소
지방도915호,가평교,봉화 물야 가평,75.7,10.5,9.5,6.7,3,25,기타교,역T형식 교대,24,2010,경상북도 북부건설사업소
지방도915호,불기교,봉화 물야 오전,36.5,8.4,7,3.6,3,12.2,RC슬래브교,벽식,18,1991,경상북도 북부건설사업소
지방도915호,삼계교(915),봉화 봉화 삼계,48,8.5,7,3.7,3,16,라멘교,기타,18,1988,경상북도 북부건설사업소
지방도915호,상운교,봉화 상운 가곡,20,8.5,7,3.2,2,10,RC슬래브교,중력식,18,1982,경상북도 북부건설사업소
지방도915호,약수교,봉화 물야 오전,8,6,5,3.2,1,8,RC슬래브교,중력식 교대,14,1982,경상북도 북부건설사업소
지방도915호,오전1교,봉화 물야,60,8,7,5,,,RCT,,18,2005,경상북도 북부건설사업소
지방도915호,오전2교,봉화 물야,45,8,7,4,,,RCT,,18,2005,경상북도 북부건설사업소
지방도915호,오전제1교,봉화 물야 오전,25,11,10,4.7,1,25,기타교,역T형식 교대,24,2009,경상북도 북부건설사업소
지방도915호,오전제3교,봉화 물야 오전,6,7.5,7,3.5,1,6,RC슬래브교,중력식 교대,14,1988,경상북도 북부건설사업소
지방도915호,오전제4교,봉화 물야 오전,6,7.6,7,2.8,1,6,RC슬래브교,중력식 교대,14,1986,경상북도 북부건설사업소
지방도915호,오전제5교,봉화 물야 오전,6.6,7.5,7,2.3,1,6.6,RC슬래브교,중력식 교대,14,1986,경상북도 북부건설사업소
지방도915호,원천교(915),안동 녹전 원천,60,8.5,7,4,5,12,RC슬래브교,T형 교각식,18,1985,경상북도 북부건설사업소
지방도915호,지곡교,영주 평은 지곡,30,10.5,9.5,2.5,2,30,RC슬래브교,벽식,24,2012,경상북도 북부건설사업소
지방도915호,하운교,영주 평은 오운,15,8.5,7,2.5,1,15,라멘교,기타,18,1985,경상북도 북부건설사업소
지방도915호,서벽교,봉화 춘양 서벽,39.5,22,20,2.5,1,39.5,,,24,2015,경상북도 북부건설사업소
지방도916호,소산교,안동 풍산 소산,120,10.5,9,4.5,8,15,RC슬래브교,T형 교각식,24,1998,경상북도 북부건설사업소
지방도916호,장천교,안동 풍천 도양,20,8.4,7,4,2,10,RC슬래브교,중력식,18,1981,경상북도 북부건설사업소
지방도916호,비룡교,상주 낙동 비룡,26,8.4,7.1,4,2,13,라멘교,라멘식,24,1996,경상북도 북부건설사업소
지방도916호,상풍교,상주 사벌 매호,612,9,8,10,12,51,강상자형교,T형 교각식,24,1995,경상북도 북부건설사업소
지방도916호,승곡교,상주 낙동 승곡,13,10,8.5,2.5,1,13,라멘교,라멘식교대,18,1991,경상북도 북부건설사업소
지방도916호,역곡교,상주 사벌 매협,39,9,8,3.5,3,13,RC슬래브교,중력식,18,1993,경상북도 북부건설사업소
지방도917호,(신)두천2교,울진 북 두천,60,11.5,10.5,4.5,2,30,IPC거더교,T형 교각식,24,2012,경상북도 북부건설사업소
지방도917호,(신)두천교,울진 북 두천,80,11.5,10.5,3,2,40,IPC거더교,T형 교각식,24,2012,경상북도 북부건설사업소
지방도917호,대촌2교,울진 금강송 소광,26,8,7,4.5,2,13,라멘교,기타,18,1995,경상북도 북부건설사업소
지방도917호,소광2교,울진 금강송 소광,30,8,7,3,2,15,RC슬래브교,벽식,24,1994,경상북도 북부건설사업소
지방도917호,남회2교,봉화 소천 남회,33,7.5,6.5,4,3,11,RC슬래브교,벽식,18,1993,경상북도 북부건설사업소
지방도917호,남회교,봉화 소천 분천,7,9,8,2.9,1,7,RC슬래브교,반중력식 교대,14,1970,경상북도 북부건설사업소
지방도917호,남회룡교,봉화 소천 남회룡,28,9,8,9,2,14,RC슬래브교,T형 교각식,24,2001,경상북도 북부건설사업소
지방도917호,(신)화천2교,영양 영양 무창,99.5,10.5,9.5,10.5,2,49.7,PSCI형교,T형 교각식,24,2018,경상북도 북부건설사업소
지방도917호,기산교,영양 영양 기산,6.8,10.1,9.5,35,1,6.8,라멘교,라멘식,24,2004,경상북도 북부건설사업소
지방도917호,덕구교,울진 북 덕구,45,8,7,15.8,3,15,라멘교,기타,24,1995,경상북도 북부건설사업소
지방도917호,무릉교,울진 매화 오산,24,9,8,2.6,2,12,RC슬래브교,벽식,18,1994,경상북도 북부건설사업소
지방도917호,무월교,울진 울진 호월,20,8,7,4.4,2,10,RC슬래브교,중력식,18,1989,경상북도 북부건설사업소
지방도917호,산성교,울진 울진 고성,75,10.5,9.5,3,3,25,PSC I형교,T형 교각식,24,2006,경상북도 북부건설사업소
지방도917호,무창10교,영양 영양 무창,24,9.6,8.5,4,2,12,RC슬래브교,벽식,18,1994,경상북도 북부건설사업소
지방도917호,무창1교,영양 영양 무창,25,8,7,2,2,12.5,RC슬래브교,벽식,18,1995,경상북도 북부건설사업소
지방도917호,산포교,울진 근남 산포,22.4,9,8,3.1,2,11.2,라멘교,기타,24,1996,경상북도 북부건설사업소
지방도917호,상당2교,울진 북 상당,20,9,8,3.3,2,10,RC슬래브교,라멘식,24,1997,경상북도 북부건설사업소
지방도917호,무창3교,영양 영양 무창,25,8.5,7,3.5,2,12.5,RC슬래브교,벽식,18,1993,경상북도 북부건설사업소
지방도917호,무창4교,영양 영양 무창,25,8.5,7,3.4,2,12.5,RC슬래브교,벽식,18,1993,경상북도 북부건설사업소
지방도917호,무창5교,영양 영양 무창,25,8,7,2.5,2,12.5,RC슬래브교,벽식,18,1993,경상북도 북부건설사업소
지방도917호,무창6교,영양 영양 무창,25,9.5,8.5,3.6,2,12.5,RC슬래브교,벽식,18,1994,경상북도 북부건설사업소
지방도917호,무창7교,영양 영양 무창,25,8.5,7,3.5,2,12.5,RC슬래브교,벽식,18,1994,경상북도 북부건설사업소
지방도917호,무창8교,영양 영양 무창,25,8.5,7,3.7,2,12.5,RC슬래브교,벽식,18,1994,경상북도 북부건설사업소
지방도917호,상당교,울진 북 상당,14,9,8,3,1,14,RC슬래브교,반중력식 교대,24,1998,경상북도 북부건설사업소
지방도917호,상부교,울진 북 부구,76.9,8,7,3.7,3,25.7,PSC I형교,라멘식,24,1983,경상북도 북부건설사업소
지방도917호,무창9교,영양 영양 무창,25,7.3,6.3,3.7,2,12.5,RC슬래브교,벽식,18,1994,경상북도 북부건설사업소
지방도917호,소곡교,울진 울진 소곡,38,8,7,2.9,4,11,라멘교,기타,18,1994,경상북도 북부건설사업소
지방도917호,소광1교,울진 금강송 소광,68,10.5,9.5,6,2,34,아치교,아치식,24,2004,경상북도 북부건설사업소
지방도917호,소광2교,울진 금강송 소광,28,5.6,5,3.7,4,7,RC슬래브교,중력식,14,1985,경상북도 북부건설사업소
지방도917호,소광3교,울진 금강송 소광,40,8,7,3.7,3,14,RC슬래브교,벽식,24,1995,경상북도 북부건설사업소
지방도917호,삼귀교,영양 영양,14,10.5,9.5,3,3,15,RC슬래브교,벽식,24,2013,경상북도 북부건설사업소
지방도917호,삼의1교,영양 석보 삼의,40,6.5,5,3,4,10,RC슬래브교,중력식,14,1989,경상북도 북부건설사업소
지방도917호,삼의2교,영양 석보 삼의,45,8,7,4.5,3,15,RC슬래브교,벽식,18,1992,경상북도 북부건설사업소
지방도917호,삼의31교,영양 석보 삼의,24,8,7,4.1,2,12,RC슬래브교,벽식,18,1992,경상북도 북부건설사업소
지방도917호,삼의3교,영양 석보 삼의,35,8,7,10.2,3,12,RC슬래브교,벽식,18,1994,경상북도 북부건설사업소
지방도917호,삼의4교,영양 석보 삼의,24,8,7,3.5,2,12,RC슬래브교,벽식,18,1992,경상북도 북부건설사업소
지방도917호,삼의교,영양 석보 삼의,45,8,7,5,3,15,RC슬래브교,벽식,18,1991,경상북도 북부건설사업소
지방도917호,상삼의교,영양 석보 삼의,25,8.5,7.5,4.5,2,12.5,RC슬래브교,벽식,18,1995,경상북도 북부건설사업소
지방도917호,수산교,울진 근남 노음,300,14.2,10,4.5,8,37.5,PSC I형교,T형 교각식,24,2005,경상북도 북부건설사업소
지방도917호,오덕교,울진 매화 오산,45,10.5,9.5,3.1,3,15,라멘교,기타,24,2003,경상북도 북부건설사업소
지방도917호,옥방3교,울진 금강송 광회,37,7.5,6.5,4,3,12.4,RC슬래브교,벽식,18,1993,경상북도 북부건설사업소
지방도917호,옥방교,울진 금강송 광희,30,10.5,9.5,6,1,30,아치교,아치식,24,2004,경상북도 북부건설사업소
지방도917호,수하2교,영양 수비 수하,60,8,7,5,4,15,RTC형교,라멘식,18,1994,경상북도 북부건설사업소
지방도917호,수하교,영양 수비 수하,55,8,7,4.5,5,11,RC슬래브교,중력식,14,1994,경상북도 북부건설사업소
지방도917호,신내교,영양 수비 신암,15,9.2,8,4.2,1,15,RC슬래브교,반중력식 교대,24,1999,경상북도 북부건설사업소
지방도917호,울진남대천교,울진 울진 고성,214.3,12.5,8,5,2,30,PSC I형교,반중력식 교대,24,2003,경상북도 북부건설사업소
지방도917호,신암2교,영양 수비 신암,24,8.5,7,3.5,2,12,RC슬래브교,벽식,18,1992,경상북도 북부건설사업소
지방도917호,신암교,영양 수비 신암,16,7.5,6,3.5,2,8,RC슬래브교,중력식,14,1989,경상북도 북부건설사업소
지방도917호,신암5교,영양 수비 신암,36,8,7,8.5,3,12,RC슬래브교,벽식,18,1995,경상북도 북부건설사업소
지방도917호,신암교,영양 수비 신암,80,9,8,8,6,14,RC슬래브교,T형 교각식,24,1997,경상북도 북부건설사업소
지방도917호,원장교,울진 북 덕구,30,8,7,6,1,30,라멘교,기타,24,1988,경상북도 북부건설사업소
지방도917호,신암교(신암3교),영양 수비 신암,34,10.5,9.5,7.6,1,34,DR거더교,T형교각식,24,2018,경상북도 북부건설사업소
지방도917호,장군교,울진 서면 소광,38,9,8,4,2,38,RC슬래브교,중력식교대,24,2009,경상북도 북부건설사업소
지방도917호,재말교,울진 울진 사계,12,9,8,3,1,12,라멘교,기타,18,1995,경상북도 북부건설사업소
지방도917호,신천1교,영양 수비 신암,24,8,7,3.4,2,12,RC슬래브교,벽식,18,1995,경상북도 북부건설사업소
지방도917호,신천2교,영양 수비 신암,24,8,7,3,2,12,RC슬래브교,벽식,18,1995,경상북도 북부건설사업소
지방도917호,주인교,울진 북 주인,24,10.5,9.5,4.1,2,12,라멘교,기타,24,2001,경상북도 북부건설사업소
지방도917호,양구1교,영양 영양 양구,24,8,7,2.2,2,12,RC슬래브교,벽식,18,1995,경상북도 북부건설사업소
지방도917호,죽변IC교,울진 죽변 봉평,40,10.5,9.5,2,3,12,RC슬래브교,T형 교각식,24,2003,경상북도 북부건설사업소
지방도917호,양구2교,영양 영양 양구,20,9,8,3.7,2,10,RC슬래브교,벽식,18,1995,경상북도 북부건설사업소
지방도917호,양구3교,영양 영양 양구,20,8,7,3.7,2,10,RC슬래브교,벽식,18,1995,경상북도 북부건설사업소
지방도917호,양구4교,영양 영양 양구,24,9,8,3.6,2,12,RC슬래브교,벽식,24,1999,경상북도 북부건설사업소
지방도917호,양구5교,영양 영양 양구,15,9,8,3.8,1,15,RC슬래브교,반중력식 교대,24,1999,경상북도 북부건설사업소
지방도917호,양구6교,영양 영양 양구,15,9,8,4,1,15,RC슬래브교,반중력식 교대,24,1999,경상북도 북부건설사업소
지방도917호,양구7교,영양 영양 양구,15,9,8,3.6,1,15,RC슬래브교,반중력식 교대,24,1999,경상북도 북부건설사업소
지방도917호,오기2교,영양 수비,27.2,10.5,9.5,2.8,1,27.2,합성형라멘,라멘식,24,2017,경상북도 북부건설사업소
지방도917호,오기교,영양 수비 오기,26,9,8,3,2,13,RC슬래브교,벽식,24,1998,경상북도 북부건설사업소
지방도917호,장파1교,영양 수비,40,11,10,5,2,18.3,RC슬래브교,기타,24,2012,경상북도 북부건설사업소
지방도917호,장파2교,영양 수비 죽파,44,9,8,4,3,14,라멘교,기타,24,2006,경상북도 북부건설사업소
지방도917호,장파3교,영양 수비 죽파,44,9,8,5,3,14,라멘교,기타,24,2006,경상북도 북부건설사업소
지방도917호,죽파1교,영양 수비 죽파,36,9,8,4.7,3,10.6,라멘교,기타,24,2006,경상북도 북부건설사업소
지방도917호,죽파2교,영양 수비 송하,60,9,8,10.1,4,14.5,RC슬래브교,T형 교각식,24,2006,경상북도 북부건설사업소
지방도917호,죽파4교,영양 수비 송하,56,9,8,2.8,4,13.5,RC슬래브교,T형 교각식,24,2006,경상북도 북부건설사업소
지방도917호,진복1교,울진 근남 진복,24,9.4,8,2.8,2,12,RC슬래브교,T형 교각식,18,1994,경상북도 북부건설사업소
지방도917호,진복2교,울진 근남 진복,24,9,8,2.8,2,12,RC슬래브교,T형 교각식,18,1994,경상북도 북부건설사업소
지방도917호,평지교,울진 울진 사계,22,9,8,3.3,2,11,라멘교,기타,24,1995,경상북도 북부건설사업소
지방도917호,천전교,영양 수비 수하,80,10.5,9.5,8.6,3,26.6,PSC 슬래브교,중력식,24,2014,경상북도 북부건설사업소
지방도917호,판사1교,영양 수비 송하,40,9,6.5,6.7,1,40,RC슬래브교,아치식,24,2002,경상북도 북부건설사업소
지방도917호,판사2교,영양 수비 송하,32,9,6.5,6.2,1,32,RC슬래브교,아치식,24,2002,경상북도 북부건설사업소
지방도917호,판사3교,영양 수비 송하,60,9,8,3.5,4,14.5,RC슬래브교,T형 교각식,24,2006,경상북도 북부건설사업소
지방도917호,하죽파3교,영양 수비 송하,50,9,8,4.6,4,12.5,RC슬래브교,T형 교각식,24,2006,경상북도 북부건설사업소
지방도917호,하토교,울진 울진 읍남,50,11,10,5,4,12.5,PSC I형교,반중력식 교대,24,1996,경상북도 북부건설사업소
지방도917호,호월교,울진 울진 호월,40,8.5,7,3.6,3,14,RC슬래브교,T형 교각식,18,1991,경상북도 북부건설사업소
지방도917호,화성교,울진 죽변 후정,27.5,9.7,8.7,4,1,27.5,PSC 슬래브교,중력식교대,24,2013,경상북도 북부건설사업소
지방도917호,후곡교,울진 금강송 소광,38,9,8,3,2,38,RC슬래브교,중력식교대,24,2009,경상북도 북부건설사업소
지방도917호,남회1교,봉화 소천 남회,33,7.5,6.5,4,3,11,RC슬래브교,중력식,24,1993,경상북도 북부건설사업소
지방도917호,무창2교,영양 영양 무창,26,8,7.1,,2,13,RC슬래브교,벽식,18,1993,경상북도 북부건설사업소
지방도918호,남면교,봉화 재산 남,12,9,8,3,1,12,라멘교,기타,18,1992,경상북도 북부건설사업소
지방도918호,가곡교(918),영양 일월 가곡,62,9,8,3,4,15.5,RC슬래브교,라멘식,18,1991,경상북도 북부건설사업소
지방도918호,명호교,봉화 명호 도천,99,8.5,7,10.7,6,16.5,RC슬래브교,T형 교각식,24,1992,경상북도 북부건설사업소
지방도918호,모천교,봉화 재산 남,9,10,8.5,2.1,1,9,RC슬래브교,중력식 교대,18,1992,경상북도 북부건설사업소
지방도918호,묘곡교 (918),봉화 재산 상리,16,8.5,7,3.2,2,8,RC슬래브교,벽식,24,1992,경상북도 북부건설사업소
지방도918호,선서교,봉화 명호 고계,12,8.5,7,4.5,1,12,RC슬래브교,중력식 교대,24,1992,경상북도 북부건설사업소
지방도918호,당교,영양 청기 당,30,9,8,3.7,2,15,라멘교,기타,14,1992,경상북도 북부건설사업소
지방도918호,대천교,영양 영양 대천,124,9,8,4.8,9,13.8,RC슬래브교,벽식,18,1994,경상북도 북부건설사업소
지방도918호,도곡교,영양 일월 도곡,22,7.5,6,3.5,2,11,RC슬래브교,중력식 교대,14,1977,경상북도 북부건설사업소
지방도918호,백운교,영양 청기 행화,11,7.5,6,3.5,1,11,RC슬래브교,중력식 교대,14,1972,경상북도 북부건설사업소
지방도918호,성내교,영덕 영해 성내,8,8.5,8,2,1,8,RC슬래브교,중력식 교대,14,1968,경상북도 북부건설사업소
지방도918호,신기교 (918),영덕 창수 신기,40,9,7.5,6.8,3,13.4,RC슬래브교,T형 교각식,18,1990,경상북도 북부건설사업소
지방도918호,신리교,영덕 창수 신리,40,9,7.5,3.7,3,13.4,RC슬래브교,중력식,18,1992,경상북도 북부건설사업소
지방도918호,원구교,영덕 영해 원구,60,9,7.8,4.6,4,15,RC슬래브교,벽식,24,1996,경상북도 북부건설사업소
지방도918호,행화교,영양 청기 행화,11,7.5,6,3,1,11,RC슬래브교,중력식 교대,14,1970,경상북도 북부건설사업소
지방도918호,화천1교,영양 영양 화천,50,10.5,9.5,10.1,2,25,PSC I형교,역T형식 교대,24,2010,경상북도 북부건설사업소
지방도918호,화천교,영양 영양 화천,12,9,7.5,3,1,12,RC슬래브교,중력식 교대,18,1989,경상북도 북부건설사업소
지방도918호,기산교,영양 영양 기산,60,10.5,,,2,30,,,24,2008,경상북도 북부건설사업소
지방도920호,논실교,영양 석보 답곡,23,8,7,4,2,11.5,RC슬래브교,기타,24,2002,경상북도 북부건설사업소
지방도920호,답곡1교,영양 석보 답곡,11,6,5,4,2,11,RC슬래브교,목조식,14,1978,경상북도 북부건설사업소
지방도920호,답곡2교,영양 석보 답곡,14.3,6,5,4,1,14.3,RC슬래브교,기타,18,2010,경상북도 북부건설사업소
지방도920호,답곡3교,영양 석보 답곡,26,8,7,4.4,2,13,라멘교,기타,24,2004,경상북도 북부건설사업소
지방도920호,동인교,안동 예안 동인,45,10.5,9.5,4,3,15,RC슬래브교,T형 교각식,24,2004,경상북도 북부건설사업소
지방도920호,답곡교(920),영양 석보 답곡,22,8,7,3,2,11,RC슬래브교,중력식,24,2001,경상북도 북부건설사업소
지방도920호,답곡교1,영양 석보 답곡,25,9,8,4,2,12.5,RC슬래브교,반중력식 교대,24,2007,경상북도 북부건설사업소
지방도920호,소계1교,영양 석보 소계,20,8.5,7.5,3.5,2,10,RC슬래브교,중력식,18,1993,경상북도 북부건설사업소
지방도920호,소계2교,영양 석보 소계,20,8.5,7.5,3.5,2,10,RC슬래브교,중력식,18,1993,경상북도 북부건설사업소
지방도920호,소계교,영양 석보 소계,22,8.5,7.5,3.5,2,11,RC슬래브교,중력식,18,1992,경상북도 북부건설사업소
지방도920호,옥계2교,영양 석보 옥계,25,8.5,7.5,3.2,2,12.5,RC슬래브교,중력식,18,1992,경상북도 북부건설사업소
지방도920호,옥계교,영양 석보 옥계,30,9.5,8.5,7,2,15,RC슬래브교,중력식,18,1992,경상북도 북부건설사업소
지방도920호,정족1교,영양 청기 정족,60,8,7,4,4,15,RC슬래브교,벽식,18,1996,경상북도 북부건설사업소
지방도920호,정족2교,영양 청기 정족,24,8,7,3,2,12,RC슬래브교,벽식,24,2001,경상북도 북부건설사업소
지방도920호,팔수교,영양 영양 서부,58,10.5,9.5,15.7,2,29,IPC거더교,T형 교각식,24,2017,경상북도 북부건설사업소
지방도920호,현동1교,영양 영양 현리,26,8,7,6,2,13,RC슬래브교,중력식,24,2001,경상북도 북부건설사업소
지방도920호,현동교,영양 영양 현리,130.7,13.5,8.5,10,3,43.5,PSC I형교,역T형식 교대,24,2010,경상북도 북부건설사업소
지방도920호,협동교,영양 석보 옥계,25,8.5,7.5,3.6,2,12.5,RC슬래브교,중력식,18,1992,경상북도 북부건설사업소
지방도922호,(신)완장1교,문경 가은,48.6,10.5,9.5,7.1,2,24.3,PSCI형교,T형 교각식,24,2018,경상북도 북부건설사업소
지방도922호,(신)완장2교,문경 가은,80,10.5,9.5,12.1,2,40,PSCI형교,T형 교각식,24,2018,경상북도 북부건설사업소
지방도922호,상괴교,문경 가은 상괴,35,8,7.2,3.2,3,12,RC슬래브교,벽식,18,1989,경상북도 북부건설사업소
지방도922호,완장1교,문경 가은 완장,9.6,7.8,6,3,1,9.6,RC슬래브교,중력식 교대,14,1981,경상북도 북부건설사업소
지방도922호,완장2교,문경 가은 완장,9.6,7.4,6,3.9,1,9.6,RC슬래브교,중력식 교대,18,1984,경상북도 북부건설사업소
지방도922호,완장3교,문경 가은 완장,18,7.5,6,5.4,1,18,RTC형교,중력식 교대,18,1983,경상북도 북부건설사업소
지방도922호,완장4교,문경 가은 완장,18,7.5,6,2.9,1,18,RTC형교,중력식 교대,18,1988,경상북도 북부건설사업소
지방도922호,하괴1교,문경 가은 하괴,15,10.4,9.5,2.5,1,15,라멘교,라멘식 교대,24,2006,경상북도 북부건설사업소
지방도922호,하괴교,문경 가은 하괴,52,10.4,9.5,4.5,2,26,PSC I형교,역T형식 교대,24,2006,경상북도 북부건설사업소
지방도923호,갈산교,문경 문경 갈평,26,9.8,8.3,2.5,2,13,RC슬래브교,벽식,18,1994,경상북도 북부건설사업소
지방도923호,가산교,의성 단북 성암,28,8,7,3,2,14,RC슬래브교,벽식,18,1995,경상북도 북부건설사업소
지방도923호,구천교 (923),의성 구천 내산,360,8,7,9.8,12,30,PSC I형교,T형 교각식,18,1995,경상북도 북부건설사업소
지방도923호,봉정교,문경 산양 봉정,13,8.9,7.5,2.5,1,13,라멘교,,18,1991,경상북도 북부건설사업소
지방도923호,내산교,의성 구천 내산,36,9,7.5,2.8,3,12,RC슬래브교,벽식,18,1989,경상북도 북부건설사업소
지방도923호,봉정교,의성 다인 봉정,37,9,8,2.6,3,14,RC슬래브교,라멘식,24,1999,경상북도 북부건설사업소
지방도923호,서릉교,의성 다인 서릉,21,8,7,2.1,2,11.5,RC슬래브교,벽식,18,1994,경상북도 북부건설사업소
지방도923호,성암교,의성 단북 성암,8,10.2,9.8,2.2,1,8,라멘교,기타,14,1976,경상북도 북부건설사업소
지방도923호,아천교,문경 산북 대하,40,7.5,6.5,6.2,3,15,RC슬래브교,T형 교각식,18,1989,경상북도 북부건설사업소
지방도923호,영풍교,문경 영순 말응,300,7.5,6,11.6,10,30,PSC I형교,T형 교각식,18,1987,경상북도 북부건설사업소
지방도923호,신기교,의성 단북 신하,42,8,7,2.8,3,16,RC슬래브교,벽식,18,1994,경상북도 북부건설사업소
지방도923호,용기교,의성 안계 용기,17,10.5,9.5,3.5,1,17,라멘교,라멘식 교대,24,2009,경상북도 북부건설사업소
지방도923호,용산교,의성 단북 성암,30,8,7,5.4,2,15,RC슬래브교,벽식,18,1994,경상북도 북부건설사업소
지방도923호,이연교,의성 단북 이연,26,8,7,2.6,2,13,RC슬래브교,벽식,18,1995,경상북도 북부건설사업소
지방도923호,조성1교,의성 구천 조성,61.6,10.5,9.5,5,2,32,PSC I형교,부벽식 교대,24,2012,경상북도 북부건설사업소
지방도923호,이곡1교,문경 산북 이곡,11,8,7,3.8,1,11,RC슬래브교,중력식 교대,18,1987,경상북도 북부건설사업소
지방도924호,금천1교,문경 영순 오룡,242,10.5,9.5,7.7,7,34.5,PSC 슬래브교,역T형식 교대,24,2014,경상북도 북부건설사업소
지방도924호,교동교,안동 서후 교동,14,9,8,5,1,14,RC슬래브교,역T형식 교대,24,2000,경상북도 북부건설사업소
지방도924호,만운교,안동 서후 금계,46.2,11,10,3.4,1,46.2,PSC I형교,역T형식 교대,24,2006,경상북도 북부건설사업소
지방도924호,매곡교,안동 풍산 안교,44,13,12,4,4,11,RC슬래브교,기타,18,1992,경상북도 북부건설사업소
지방도924호,영순교,문경 영순 김용,249,12,8.7,5.5,9,30,PSC I형교,T형 교각식,24,2002,경상북도 북부건설사업소
지방도924호,오룡교,문경 영순 오룡,33.2,10.5,9.5,9,1,33.2,PSC 슬래브교,역T형식 교대,24,2014,경상북도 북부건설사업소
지방도924호,상리1교,안동 풍산 상리,104.6,10.5,7.5,4.5,4,26.1,프리플렉스형교,역T형식 교대,24,2010,경상북도 북부건설사업소
지방도924호,대은교,예천 용궁 대은,13,8.5,7,3,1,13,RC슬래브교,중력식 교대,18,1992,경상북도 북부건설사업소
지방도924호,본리교,예천 호명 본리,27,8,7,2.8,2,13.5,RC슬래브교,벽식,18,1992,경상북도 북부건설사업소
지방도924호,이하2교,안동 와룡 이하,18,10.5,9.5,9,1,18,라멘교,기타,24,2014,경상북도 북부건설사업소
지방도924호,저전교,안동 서후 저전,56,10.5,4,4,3,12,RC T형교,중력식,24,2012,경상북도 북부건설사업소
지방도924호,증수교,안동 풍산 수곡,55,8.5,7,6,4,13.8,RC슬래브교,벽식,18,1991,경상북도 북부건설사업소
지방도924호,송평천교,예천 지보 어신,94,18.4,14.5,5,2,47,IPC거더교,역T형식 교대,24,2022,경상북도 북부건설사업소
지방도927호,구미교,의성 봉양 구미,84,9,8,6.4,6,14,RC슬래브교,벽식,24,1995,경상북도 북부건설사업소
지방도927호,도옥교,의성 안평 도옥,28.8,7.4,6,4,3,9.6,RC슬래브교,중력식,14,1970,경상북도 북부건설사업소
지방도927호,박곡교,의성 안평 박곡,33,7.4,6,6,3,11,RC슬래브교,중력식,14,1970,경상북도 북부건설사업소
지방도927호,구담교,안동 풍천 구담,444,10.5,9.5,9.7,9,50,강상자형교,T형 교각식,24,1997,경상북도 북부건설사업소
지방도927호,남본교,예천 호명 남본,30,23.2,20.4,13.9,1,30,DR거더교,역T형식 교대,24,2016,경상북도 북부건설사업소
지방도927호,높은다리,예천 효자 사곡,150,11,10,20,3,60,강상자형교,T형 교각식,24,2005,경상북도 북부건설사업소
지방도927호,산합1교,예천 호명 금능,35.6,33.8,33,8.5,1,35.6,HyPC거더교,역T형식 교대,24,2016,경상북도 북부건설사업소
지방도927호,상영교,예천 하리 부초,15,10,8.5,4.1,1,15,라멘교,기타,18,1983,경상북도 북부건설사업소
지방도927호,생천교 (927),예천 예천 생천,10,9,8,3.5,1,10,RC슬래브교,중력식 교대,24,1996,경상북도 북부건설사업소
지방도927호,장대교,의성 봉양 장대,20,9.5,8,3.8,2,10,RC슬래브교,벽식,18,1990,경상북도 북부건설사업소
지방도927호,오천1교(신_2016),예천 호명 오천,40,23.8,22.8,7.6,1,40,MSP합성거더,역T형식 교대,24,2016,경상북도 북부건설사업소
지방도927호,오천교,예천 호명 오천,350,10.5,9.5,8,7,50,강상자형교,T형 교각식,24,1996,경상북도 북부건설사업소
지방도927호,오천교2,예천 호명 오천,359,13.3,12.3,7,7,50,Seg빔교,기타,24,2016,경상북도 북부건설사업소
지방도927호,왕신IC교,예천 호명 청복,45,25.4,24.5,6.8,1,45,IPC거더교,역T형식 교대,24,2016,경상북도 북부건설사업소
지방도927호,자래교,예천 상리 도촌,24,8.5,7,4,2,12,라멘교,벽식,18,1985,경상북도 북부건설사업소
지방도927호,하리교,예천 하리 우곡,75,10.5,9.5,5.7,3,25,기타,기타,24,2002,경상북도 북부건설사업소
지방도927호,청운교,의성 신평 청운,42,9.1,8,4.5,3,14,RC슬래브교,T형 교각식,24,1995,경상북도 북부건설사업소
지방도927호,초전교,의성 금성 초전,55,9,8,3.5,4,15,RC슬래브교,T형 교각식,24,1999,경상북도 북부건설사업소
지방도928호,금천교,문경 동로 수평,60,7.4,6,7.5,4,15,RTC형교,T형 교각식,18,1984,경상북도 북부건설사업소
지방도928호,도산1교,안동 도산 온혜,34,8.9,8.9,7.9,2,17,라멘교,기타,24,2014,경상북도 북부건설사업소
지방도928호,상계1교,안동 도산 토계,42,12,10,3,2,21,RC슬래브교,기타,24,2004,경상북도 북부건설사업소
지방도928호,상계2교,안동 도산 토계,32,7,6.5,3,2,16,RC슬래브교,역T형식 교대,24,2002,경상북도 북부건설사업소
지방도928호,석탑1교,안동 북후 석탑,13,8,7,5,1,13,라멘교,기타,18,1992,경상북도 북부건설사업소
지방도928호,석탑2교,안동 북후 석탑,13,8.5,7,3.5,1,13,라멘교,기타,18,1992,경상북도 북부건설사업소
지방도928호,석탑3교,안동 북후 석탑,20,8,7,4.5,2,10,라멘교,기타,18,1994,경상북도 북부건설사업소
지방도928호,석탑4교,안동 북후 석탑,26,8,7,4.4,2,13,라멘교,기타,18,1994,경상북도 북부건설사업소
지방도928호,석탑교,안동 북후 석탑,243,9,8,6,18,13.5,RC슬래브교,벽식,24,1998,경상북도 북부건설사업소
지방도928호,미호교,예천 보문 미호,270,10,9,12.5,9,30,PSC I형교,T형 교각식,24,1999,경상북도 북부건설사업소
지방도928호,민경지교,예천 용문 원류,24,9,8,4,2,12,RC슬래브교,벽식,24,2001,경상북도 북부건설사업소
지방도928호,생천교(928),예천 예천 생천,48,7.5,6,5.4,4,12,RC슬래브교,T형 교각식,18,1984,경상북도 북부건설사업소
지방도928호,양평교,안동 도산 토계,60,9,8,4,3,20,RC슬래브교,기타,24,2004,경상북도 북부건설사업소
지방도928호,온천교(928),안동 도산 온혜,20,9.5,9,2.5,2,10,라멘교,라멘식,24,1999,경상북도 북부건설사업소
지방도928호,옹천교,안동 북후 옹천,24,8,6.6,2.8,2,12,RC슬래브교,중력식,14,1989,경상북도 북부건설사업소
지방도928호,오신교,예천 보문 오신,320,10.5,9.5,7.5,11,29,PSC I형교,T형 교각식,24,1999,경상북도 북부건설사업소
지방도928호,청계교,안동 도산 온혜,20,7.5,7,1,2,9.5,RC슬래브교,중력식,14,1979,경상북도 북부건설사업소
지방도930호,고와1교,청송 안덕 고와,108.2,9,8,9,8,13.5,RC슬래브교,라멘식,24,1997,경상북도 북부건설사업소
지방도930호,고와2교,청송 안덕 고와,121.7,9,8,9,9,13.5,RC슬래브교,라멘식,24,1998,경상북도 북부건설사업소
지방도930호,구천2교,청송 부남 구천,65,8,6.5,4.9,5,13,RC슬래브교,벽식,18,1991,경상북도 북부건설사업소
지방도930호,도천1교,영덕 남정 도천,24,8.5,7.5,3.5,2,12,RC슬래브교,벽식,18,1991,경상북도 북부건설사업소
지방도930호,도천2교,영덕 남정 도천,26,8.5,7.5,3.5,2,13,RC슬래브교,벽식,18,1991,경상북도 북부건설사업소
지방도930호,매현1교,영덕 달산 옥산,25,10,9,5,2,12.5,라멘교,기타,24,2010,경상북도 북부건설사업소
지방도930호,매현2교,영덕 달산 옥산,30,10,9,5,1,30,라멘교,기타,24,2010,경상북도 북부건설사업소
지방도930호,매현3교,영덕 달산 옥산,30,10,9,5,1,30,라멘교,기타,24,2010,경상북도 북부건설사업소
지방도930호,사암1교,영덕 남정 사암,35,9,8,4,3,13,RC슬래브교,라멘식,24,2001,경상북도 북부건설사업소
지방도930호,금봉교,의성 옥산 금봉,180,10.5,9.5,7.5,3,30,PSC I형교,T형 교각식,24,2013,경상북도 북부건설사업소
지방도930호,금봉지2교,의성 옥산 금봉,15,11,10,6.5,1,15,라멘교,기타,24,2006,경상북도 북부건설사업소
지방도930호,내룡교,청송 부동 내룡,40,8.2,7.2,3.2,3,15,RC슬래브교,라멘식,18,1994,경상북도 북부건설사업소
지방도930호,노래교,청송 안덕 노래,41.1,9,8,4,3,13.4,RC슬래브교,벽식,24,2002,경상북도 북부건설사업소
지방도930호,새마을교,청송 안덕 지소,112.5,9,8,4.6,9,12.5,RC슬래브교,라멘식,24,2000,경상북도 북부건설사업소
지방도930호,서원교,청송 부남 구천,50,6.8,6,3.7,5,10,RC슬래브교,중력식,14,1988,경상북도 북부건설사업소
지방도930호,금봉지3교,의성 옥산 금봉,13,9,8,6.5,1,13,라멘교,기타,24,2006,경상북도 북부건설사업소
지방도930호,금학교,의성 옥산 금학,45,9,8,3.5,3,15,RC슬래브교,벽식,18,1996,경상북도 북부건설사업소
지방도930호,도평교,의성 사곡 토현,37.5,8,7,3,3,12.5,RC슬래브교,벽식,24,1996,경상북도 북부건설사업소
지방도930호,미골교,의성 옥산 금봉,18,9,8,1.5,1,18,라멘교,기타,24,2006,경상북도 북부건설사업소
지방도930호,사암2교,영덕 남정 사암,26,9,8,4,2,13,RC슬래브교,벽식,24,1998,경상북도 북부건설사업소
지방도930호,사암3교,영덕 남정 사암,20,10,9,5.4,2,10,RC슬래브교,벽식,24,1996,경상북도 북부건설사업소
지방도930호,대사1교,안동 길안 대사,98,9,7.5,7.4,7,14,RC슬래브교,라멘식,24,1998,경상북도 북부건설사업소
지방도930호,사암4교,영덕 남정 사암,25,8,7,4.6,2,12.5,RC슬래브교,벽식,24,1996,경상북도 북부건설사업소
지방도930호,대사2교,안동 길안 대사,90,9,8,11,7,14,RC슬래브교,라멘식,24,1998,경상북도 북부건설사업소
지방도930호,대사3교,안동 길안 대사,90,9,8,7,3,30,PSC I형교,T형 교각식,24,2001,경상북도 북부건설사업소
지방도930호,사암5교,영덕 남정 사암,17,9,8,3.5,2,8.5,RC슬래브교,벽식,18,1995,경상북도 북부건설사업소
지방도930호,사암교,영덕 남정 사암,22,9,8,4.2,2,11,RC슬래브교,라멘식,24,2001,경상북도 북부건설사업소
지방도930호,쇠골2교,의성 옥산 금봉,15,10,9,3,1,15,RC슬래브교,기타,24,2006,경상북도 북부건설사업소
지방도930호,쇠골교,의성 옥산 금봉,14,4.2,4,3,1,7,RC슬래브교,벽식,14,1976,경상북도 북부건설사업소
지방도930호,신고교,의성 옥산 금화,34,5,4,2.1,4,8.5,RC슬래브교,라멘식,14,1989,경상북도 북부건설사업소
지방도930호,운곡교,의성 금성 운곡,24,5,4,4,3,8,RC슬래브교,중력식,14,1976,경상북도 북부건설사업소
지방도930호,이현1교,청송 부남,60,10.4,9,4,2,30,PSC I형교,T형식,24,2016,경상북도 북부건설사업소
지방도930호,이현2교,청송 부남,64,10.4,9,4,2,32,합성형라멘,벽식,24,2016,경상북도 북부건설사업소
지방도930호,오산교,영덕 남정 장사,20,9,8,3.7,2,10,RC슬래브교,라멘식,24,2001,경상북도 북부건설사업소
지방도930호,옥계1교,영덕 달산 옥계,25,7,6,5.7,2,12.5,RC슬래브교,벽식,18,1991,경상북도 북부건설사업소
지방도930호,옥계2교,영덕 달산 옥계,38,7,6,4.3,3,13,RC슬래브교,벽식,18,1991,경상북도 북부건설사업소
지방도930호,전흥교,의성 옥산 전흥,50,8,6,3.8,4,12.5,RC슬래브교,T형 교각식,24,1999,경상북도 북부건설사업소
지방도930호,제오교,의성 금성 제오,20,10,9,3.1,2,10,라멘교,벽식,24,2002,경상북도 북부건설사업소
지방도930호,지소교,청송 안덕 지소,150.3,10.5,9.5,13,5,30,PSC I형교,T형 교각식,24,2005,경상북도 북부건설사업소
지방도930호,중사교,안동 길안 대사,90,9,8,4.5,3,30,PSC I형교,라멘식,24,2002,경상북도 북부건설사업소
지방도930호,청석골교,의성 옥산 금봉,45,11.5,10.5,2,2,22.5,RC슬래브교,기타,24,2006,경상북도 북부건설사업소
지방도930호,한소밭교,청송 부동 내룡,30,7.8,6.4,3,3,10,RC슬래브교,T형 교각식,18,1991,경상북도 북부건설사업소
지방도930호,항리1교,청송 부동 항,30,8,7,4.4,3,12,RC슬래브교,라멘식,24,1997,경상북도 북부건설사업소
지방도930호,탑들교,의성 옥산 금화,39.8,9,8,4.2,3,14.5,RC슬래브교,T형 교각식,24,1999,경상북도 북부건설사업소
지방도930호,항리2교,청송 부동 항,42,8,7,6.3,3,14,RC슬래브교,T형 교각식,24,1997,경상북도 북부건설사업소
지방도930호,화장1교,청송 부남 화장,12.2,8.2,7.3,2.8,2,6.1,RC슬래브교,중력식,18,1992,경상북도 북부건설사업소
지방도930호,화장2교,청송 부남 화장,12.2,8.1,7.1,2.8,2,6.1,RC슬래브교,중력식,18,1992,경상북도 북부건설사업소
지방도930호,화장3교,청송 부남 화장,24,8,7,6.3,2,12,RC슬래브교,라멘식,24,1998,경상북도 북부건설사업소
지방도930호,화장교,청송 부남 화장,40.5,8,6.5,4,3,13.5,RC슬래브교,중력식,18,1992,경상북도 북부건설사업소
지방도930호,도천2교,영덕 남정 도천,38.4,9.5,9.5,,1,38.4,라멘교,라멘식,24,2020,경상북도 북부건설사업소
지방도931호,대촌1교,영주 봉현 대촌,14,11.9,7.9,4,1,14,라멘교,기타,24,1997,경상북도 북부건설사업소
지방도931호,대촌2교 (931),영주 봉현 대촌,10,9,8,2.2,1,10,RC슬래브교,역T형식 교대,24,1995,경상북도 북부건설사업소
지방도931호,현내교,예천 감천 현내,30,10.5,9.5,4.7,2,15,RC슬래브교,역T형식 교대,24,2009,경상북도 북부건설사업소
지방도933호,갈산2교,봉화 재산 갈산,24,9,7.6,7.7,2,12,RC슬래브교,T형 교각식,24,1996,경상북도 북부건설사업소
지방도933호,갈산교,봉화 재산 갈산,69,9.5,8,3,5,13.8,RC슬래브교,라멘식,24,1993,경상북도 북부건설사업소
지방도933호,고감교,안동 예안 삼계,50.5,10.5,9.5,3.7,2,25.3,PSC I형교,T형 교각식,24,2005,경상북도 북부건설사업소
지방도933호,삼계교,안동 예안 삼계,56,10.5,9.5,4.7,2,28,프리플렉스형교,역T형식 교대,24,2009,경상북도 북부건설사업소
지방도933호,주계교,안동 와룡 주계,10,7.5,6.2,4,1,10,RC슬래브교,중력식 교대,18,1975,경상북도 북부건설사업소
지방도933호,주진교,안동 와룡 나소,440,11,7.5,28.5,5,150,RC 상자형교,구주식,24,1995,경상북도 북부건설사업소
지방도933호,태곡교,안동 예안 태곡,100,7.5,6,9,4,25,PSC I형교,T형 교각식,18,1975,경상북도 북부건설사업소
지방도935호,구천교,봉화 상운 구천,24,9,8,4,2,12,RC슬래브교,T형 교각식,24,1997,경상북도 북부건설사업소
지방도935호,마령교,안동 임동 마령,180,8.5,7,26,6,30,PSC I형교,구주식,18,1989,경상북도 북부건설사업소
지방도935호,원천교(935),안동 녹전 원천,57,10.5,9.5,5.7,2,26.5,PSC I형교,역T형식 교대,24,2011,경상북도 북부건설사업소
지방도935호,위동교,안동 임동 위동,27,7.5,6,4.2,3,9,RC슬래브교,중력식,18,1985,경상북도 북부건설사업소
지방도935호,죽송교,안동 녹전 죽송,30,8.5,7,3.1,3,10,RC슬래브교,중력식,18,1985,경상북도 북부건설사업소
지방도935호,두월교,영주 이산 두월,420,10.4,6.5,7.2,12,35,PSC I형교,역T형식 교대,24,2015,경상북도 북부건설사업소
지방도935호,하율교,문경 농암 율수,67.5,5,4,4.3,5,13.5,RC슬래브교,벽식,24,1999,경상북도 북부건설사업소
지방도997호,공서교,상주 공성 공서,35,9,8,2.5,3,12,RC슬래브교,벽식,24,1999,경상북도 북부건설사업소
지방도997호,금계1교,상주 공성 금계,24.8,10,9,6.5,2,12.4,라멘교,라멘식,24,2000,경상북도 북부건설사업소
지방도997호,금계2교,상주 공서 금계,10,10,8.5,6.5,1,10,라멘교,라멘식 교대,24,2000,경상북도 북부건설사업소
지방도997호,대전교,상주 외서 대전,19,11,10,2,2,10,라멘교,라멘식,24,1995,경상북도 북부건설사업소
지방도997호,대흥교,상주 화북 중벌,16,9.6,8,2.2,2,13,RC슬래브교,벽식,18,1991,경상북도 북부건설사업소
지방도997호,덕담교,상주 사벌 덕담,48,9.4,8,4,4,12,RC슬래브교,벽식,24,1994,경상북도 북부건설사업소
지방도997호,도재2교,상주 외서 대전,12,10,9,2.7,1,12,RC슬래브교,라멘식 교대,24,1999,경상북도 북부건설사업소
지방도997호,독점교,상주 외서 이촌,44,11,10,4.8,3,15,RC슬래브교,라멘식,24,1995,경상북도 북부건설사업소
지방도997호,백전교,상주 외서 백전,22,9.5,8.5,3.6,2,11,라멘교,라멘식,24,1999,경상북도 북부건설사업소
지방도997호,봉강교,상주 외서 봉강,36,9,8,2.4,3,12,RC슬래브교,중력식,24,1995,경상북도 북부건설사업소
지방도997호,소상교,상주 외남 소상,16,8.4,7,2.5,2,8,RC슬래브교,벽식,18,1990,경상북도 북부건설사업소
지방도997호,신상교,상주 외남 신상,18,9,8,3.2,2,9,라멘교,라멘식,24,2003,경상북도 북부건설사업소
지방도997호,용화교,상주 화북 중벌,50,10.5,9.5,6.1,2,25,PSC I형교,T형 교각식,24,2014,경상북도 북부건설사업소
지방도997호,풀무교,상주 은척 황령,25,9,8,4,2,12.5,라멘교,라멘식,24,2003,경상북도 북부건설사업소
지방도997호,황령3교,상주 은척 황령,26,9,8,2.3,2,13,RC슬래브교,중력식,24,2001,경상북도 북부건설사업소
지방도997호,황령4교,상주 은척 황령,27.5,9,8,3.3,2,14,라멘교,라멘식,24,2003,경상북도 북부건설사업소
지방도997호,흔평교,상주 외남 흔평,30,9,8,2.3,2,15,RC슬래브교,벽식,24,1995,경상북도 북부건설사업소
국도25호,대실2교,의성 금성 하,15,,,,1,15,RA,ETC,24,2013,경상북도 북부건설사업소
국도25호,낙서교,상주 내서 낙서,12,12,11,7.8,1,12,RA,RAA,24,2007,경상북도 북부건설사업소
국도25호,능암교,상주 내서 능암,22,11.5,10,2,2,11,RCS,SGP,24,1990,경상북도 북부건설사업소
국도25호,도암교,상주 화남 평온,10,9.9,9,4.8,1,10,RA,RAA,24,2007,경상북도 북부건설사업소
국도25호,신촌교,상주 내서 신촌,48,12,11,6,3,18,RCS,WLP,24,1998,경상북도 북부건설사업소
국도25호,평온교,상주 화남 평온,25,11,9.6,7,2,12.5,RA,WLP,24,2001,경상북도 북부건설사업소
국도28호,개일육교,의성 금성 개일 ,135,11,10,8,3,45,PF,TP,24,1991,경상북도 북부건설사업소
국도28호,오로교(28),의성 의성 오로,140.2,20,20,7.6,4,40,STB,RTA,24,2004,경상북도 북부건설사업소
국도28호,용연교(28),의성 의성 용연,15,20,20,7.4,1,15,RA,ETC,24,2004,경상북도 북부건설사업소
국도28호,원당IC교,의성 의성 원당,90,13,13,5,3,35,STB,RAA,24,2004,경상북도 북부건설사업소
국도28호,청로교,의성 금성 산운,181,12,11,6,6,30,PSCI,TP,24,1998,경상북도 북부건설사업소
국도28호,팔성교,의성 의성 팔성,15,20,20,6,1,15,RA,ETC,24,2004,경상북도 북부건설사업소
국도28호,학미교,의성 금성 학미 ,45,11,9.5,4,3,15,RA,RAP,24,1995,경상북도 북부건설사업소
국도31호,1입암교,영양 입암 신구,153.4,10,8.5,5.6,5,30.6,PSCI,SGA,24,1985,경상북도 북부건설사업소
국도31호,감천1교,영양 영양 감천,180.9,10,8.5,5.9,7,26.1,PSCI,SGA,24,1987,경상북도 북부건설사업소
국도31호,감천2교,영양 영양 감천,199.7,10,8.5,6.6,7,30.7,PSCI,SGA,18,1987,경상북도 북부건설사업소
국도31호,노달교,영양 입암 노달,16.4,11,9.5,2.8,1,15,RA,ETC,18,1985,경상북도 북부건설사업소
국도31호,월전교,청송 진보 월전,114,11,9.5,4.5,8,15,RCS,SGP,18,1987,경상북도 북부건설사업소
국도31호,덕봉교,영양 일월 칠성,63.6,12,11,3.5,5,14,RCS,SGA,24,1995,경상북도 북부건설사업소
국도31호,문상교,영양 일월 문암,30.2,10,9,4.5,3,11,RCS,TP,18,1990,경상북도 북부건설사업소
국도31호,삼지교,영양 영양 삼지,30.1,12.5,11.5,5,1,30.1,PSCI,RTA,24,2002,경상북도 북부건설사업소
국도31호,섬촌교,영양 일월 섬촌,300.1,12,11.1,6.1,10,30,PSCI,TP,24,1997,경상북도 북부건설사업소
국도31호,연지육교,영양 영양 삼지,16.7,7.5,6.6,6.5,1,16.7,RA,ETC,24,2002,경상북도 북부건설사업소
국도31호,와구교,영양 일월 와구,78,10,8.5,6,6,15,RCS,RAA,24,1988,경상북도 북부건설사업소
국도31호,용화교,영양 일월 용화,13.5,14.9,10,6,1,13.5,RA,ETC,24,2004,경상북도 북부건설사업소
국도31호,일월교,영양 일월 도계,26.6,12.5,11,5,2,12.5,RA,ETC,24,1995,경상북도 북부건설사업소
국도31호,임기교,봉화 소천 임기,150.2,10,9,8,5,30,PSCI,TP,18,1993,경상북도 북부건설사업소
국도31호,칠성2교,영양 일월 칠성,50,13.5,12.5,5,4,14,RCS,RAA,24,1997,경상북도 북부건설사업소
국도31호,칠성3교,영양 일월 칠성,65,13.5,12.5,5,5,14,RCS,RAA,24,1997,경상북도 북부건설사업소
국도31호,칠성교,영양 일월 칠성,90,10.5,9.5,4,6,15,RCS,TP,24,1995,경상북도 북부건설사업소
국도31호,현리1교,영양 영양 현리,15.8,15,14,0,3,5.3,RA,기타,24,2002,경상북도 북부건설사업소
국도31호,현리2교,영양 영양 현리,360.9,12,11,0,12,30.1,PSCI,TP,24,2002,경상북도 북부건설사업소
국도31호,임기철육,봉화 소천 임기,30.8,10,9,12,1,30,PSCI,SGA,18,1993,경상북도 북부건설사업소
국도31호,흥구교,영양 입암 방전,180.2,12,11,10.6,6,30,PSCI,TP,24,1996,경상북도 북부건설사업소
국도34호, 용수교,영덕 지품 용수,37,10.5,9.5,2.8,3,13,RCS,SGP,18,1992,경상북도 북부건설사업소
국도34호,2고현교,청송 진보 고현,35.1,11.5,10,3,3,13,RCS,WLP,24,1998,경상북도 북부건설사업소
국도34호,고현교 ,청송 진보 고현,37,11,10,4.5,3,14,RCS,RP,24,1994,경상북도 북부건설사업소
국도34호,갈전교,안동 임동 갈전,90,10.5,9,9.6,3,30,PSCI,TP,18,1989,경상북도 북부건설사업소
국도34호,부곡교,청송 진보 부곡,390,10.5,9,17.3,13,30,PSCI,RA,24,1991,경상북도 북부건설사업소
국도34호,시량교,청송 진보 고현,22,10.5,9,4.5,2,11,RCS,GP,18,1986,경상북도 북부건설사업소
국도34호,대평교,안동 임동 수곡,300,10.5,9,48.8,6,50,SPG,RA,24,1988,경상북도 북부건설사업소
국도34호,망천교,안동 임동 망천,260,10.5,9,54,6,49.9,SPG,RA,24,1987,경상북도 북부건설사업소
국도34호,박곡교,안동 임동 박곡,170,10.5,9,31.6,5,49.9,SPG,RA,24,1988,경상북도 북부건설사업소
국도34호,신안교,영덕 지품 신안,34.2,10.5,9.5,4,3,13.2,RCS,GP,18,1993,경상북도 북부건설사업소
국도34호,오천교,영덕 지품 오천,20.1,11.5,10,3,2,10.1,RCS,WLP,24,1998,경상북도 북부건설사업소
국도34호,진보교,청송 진보 추현,210,10.5,9,28.7,7,30,PSCI,RA,24,1991,경상북도 북부건설사업소
국도34호,황학교,청송 진보 신촌,48,10,8.5,3.5,6,8,RCS,GP,18,1991,경상북도 북부건설사업소
국도34호,청련교,영덕 영덕 덕곡,30,10.2,8.8,3,2,15,RA,SGP,18,1978,경상북도 북부건설사업소
국도59호,(신)수평교,문경 동로 수평,30,10,9,,1,30,RA,ETC,24,2017,경상북도 북부건설사업소
국도59호,동로교,문경 동로 노은,60.7,9.6,8,7.5,4,13.5,RCS,TP,24,2007,경상북도 북부건설사업소
국도59호,덕지교,의성 다인 덕지,26,7.4,6,3,3,8,RCS,GP,24,2003,경상북도 북부건설사업소
국도59호,영각교,문경 산북 대하,40.4,10.5,9.5,5.2,2,20.2,PSCI,RTA,24,2007,경상북도 북부건설사업소
국도59호,왕태교,문경 영순 왕태,25,9,8.1,3.8,2,12.5,RCS,WLP,24,1993,경상북도 북부건설사업소
국도59호,동림교,예천 풍양 공덕,24,9,7.5,3.7,2,12,RCS,WLP,18,1991,경상북도 북부건설사업소
국도59호,금당교,상주 중동 금당,30,14.3,13.3,6.8,2,15,RA,ETC,24,2011,경상북도 북부건설사업소
국도59호,중동교,상주 중동 신암,450,7,6,10.9,15,30,PSCI,TP,18,1982,경상북도 북부건설사업소
국도59호,적성교,문경 동로 적성,14,10.5,9.5,8.4,1,14,RA,ETC,24,2004,경상북도 북부건설사업소
국도59호,황사교,문경 산양 불암,25.8,10.9,9.5,4,2,12.5,RCS,RA,24,2008,경상북도 북부건설사업소
국도88호,     선구교 ,울진 온정 선구,32,8.3,6.4,3.2,4,8,RCS,GP,18,1981,경상북도 북부건설사업소
국도88호, 광품1교 ,울진 온정 광품,99,8.5,7,7,6,16.5,RCS,TP,18,1992,경상북도 북부건설사업소
국도88호, 광품2교 ,울진 온정 광품,25,8.5,7,4.7,2,12.4,RCS,TP,18,1992,경상북도 북부건설사업소
국도88호, 온정교 ,울진 온정 소태,84,10,8.6,3,7,12,RCS,WLP,18,1981,경상북도 북부건설사업소
국도88호,발리교,영양 수비 발리,18.1,10.5,9.5,3.7,2,9,RCS,RA,24,2001,경상북도 북부건설사업소
국도88호,신원2교,영양 수비 신원,40,8.5,7,4.9,4,10,RCS,GA,24,1988,경상북도 북부건설사업소
국도88호,신원교,영양 수비 신원,36.1,10.5,9.5,4.8,2,18,RCB,RA,24,2001,경상북도 북부건설사업소
국도88호,황장교,영양 수비 본신,60,11.5,10.5,5,2,30,PSCI,RA,24,2008,경상북도 북부건설사업소
지방도920호,서시교,청송 진보 신촌,65,10.5,9.5,3.8,2,32.5,IPC거더교,T형 교각식,24,2023,경상북도 북부건설사업소
국지도28호,우계천교,영주 부석 북지,12,15,,4.1,1,12,라멘교,라멘식,24,2024,경상북도 북부건설사업소
국지도28호,임곡1교,영주 부석 임곡,85,11.4,,10,2,50,STB,T형 교각,24,2024,경상북도 북부건설사업소
국지도28호,임곡2교,영주 부석 임곡,100,11.4,,10,2,50,BICON,T형 교각,24,2024,경상북도 북부건설사업소
국지도20호,염장2교,영덕 축산 축산,35,10,10,35,1,35,PSC빔교,,24,2024,경상북도 북부건설사업소
지방도920호,장갈교,안동 예안 동천,18.9,10.5,10.5,,1,18.9,파형강판,파형강판,24,2024,경상북도 북부건설사업소
지방도920호,갈하교,영양 청기 토곡,33,9.5,8.5,5,1,32.6,하이콤,역T형식 교대,24,2024,경상북도 북부건설사업소
지방도920호,토곡교,영양 청기 토곡,41,9.5,8.5,8,1,40.8,IPC거더교,역T형식 교대,24,2024,경상북도 북부건설사업소
국지도20호,도곡교,영덕 축산 축산,140,10.5,10.5,,4,35.2,PSC빔교,,24,2024,경상북도 북부건설사업소
