순번,연번,사고일자,소방접수시간,사고업체명,주소,시도,시군구,사고내용,사고원인,사고유형,제1사고물질,제2사고물질,제3사고물질,사망_직접,사망_기타,부상_직접,부상_기타,환경피해,재산피해
1,2014-001,2014-01-08,09:00:00,스미세이케미칼,경기 화성시 장안면 장안공단2길 11,경기,화성시,스미세이 케미칼 공장에서 디클로로실란 가스(10kg 추정) 누출,안전기준 미준수,누출,디클로로실란,,,0,0,1,0,,
2,2014-002,2014-01-22,06:20:00,AK켐텍(청양),충남 청양군 정산면 역촌리 625,충남,청양군,배관 청소작업 이후 잔류물 확인치 못해 밸브를 개방하여 잔류 슬러지(수산화나트륨 2%) 작업자 얼굴에 튀어 화상,안전기준 미준수,누출,수산화나트륨,,,0,0,2,0,,
3,2014-003,2014-02-08,23:00:00,일진LED,"경기 안산시 단원구 원시로 163, 일진엘이디",경기,안산시 단원구,폐산 이송배관이 파손되어 누출(3리터 가량)되어 흡착포를 이용하여 폐산 제거,시설 결함,누출,폐산,,,0,0,0,0,,
4,2014-004,2014-02-13,12:55:00,빙그레,경기 남양주시 도농동 344-3 빙그레 도농2공장,경기,남양주시,"건물 내 원인불명 폭발로 인해 구조물이 일부 붕괴, 지상에 있는 암모니아 배관이 파손되어 가스 누출",안전기준 미준수,누출,암모니아,,,1,0,3,0,,5000000
5,2014-005,2014-02-15,10:54:00,연성정밀,"경기 화성시 장안면 수정로 207, 연성정밀화학㈜ 옥외저장소",경기,화성시,의약용 화합물 및 항생물질 제조과정에서 발생한 폐톨루엔 및 아세톤을 옥외 저장소에 보관 중인 용기에 붓는 과정에서 정전기 발생으로 화재로 추정,안전기준 미준수,화재,톨루엔,아세톤,,0,0,0,0,,3000
6,2014-006,2014-02-15,11:35:00,한미화학공업,전북 익산시 영등동 제2산업단지,전북,익산시,황산알루미늄 제조공정 중 황산과 물이 반응하는 반응기(탱크)의 노후로 고압 발열반응을 견디지 못하고 상부가 파손,시설 결함,폭발,황산,,,0,0,0,0,,
7,2014-007,2014-02-22,15:08:00,정일에너지(롯데케미칼),울산 울주군 온산읍 산암리 435번지 온산항 사거리,울산,울주군,포크레인으로 지중에 스팀라인 설치 작업 중 약 2m 지하에 매설 된 8인치 유류(m-자일렌) 공급배관을 파손(2인치)하여 유류 누출사고 발생,안전기준 미준수,누출,m-자일렌,,,0,0,0,0,인근 부두로 유류유출,
8,2014-008,2014-02-25,14:20:00,이수화학,울산 남구 부곡동 156,울산,남구,불산  용액(97% 함량 순도 불산 95%+파라핀5%) 주입 배관 펌프에 금이가서 100L 누출,시설 결함,누출,플루오르화수소,,,0,0,0,0,,
9,2014-009,2014-03-04,09:12:00,GJ물류창고,경기 용인시 처인구 양지면 추계리 19-4,경기,용인시 처인구,지하 물류창고 내 냉동 콤프레샤에서 암모니아 가스 미량 누출,시설 결함,누출,암모니아,,,0,0,0,0,,
10,2014-010,2014-03-09,07:07:00,디에이피,경기 안성시 미양면 안성맞춤대로 474-22,경기,안성시,컴퓨터 기판제조 공장동 3층 동도금 공정라인 디-스미어 4호기에서 이상반응으로 인해 화재발생 추정,시설 결함,화재,황산,과산화수소,,0,0,0,0,,25672000
11,2014-011,2014-03-17,14:13:00,중앙바이오켐,충북 보은군 삼승면 우진리 532,충북,보은군,"200ℓ 폐드럼통에서 유증기와 냄새가 발생, 저장용기 하부 파손으로 약 1ℓ(추정) 폐액 누출사고",시설 결함,누출,폐액,,,0,0,0,0,,
12,2014-012,2014-03-25,18:30:00,에스에이치,대구  달서구 장기동 750-1,대구,달서구,20톤 폐산 보관탱크에 업체에서 수거한 폐산 약 2톤을 투입하는 과정에서 하부에 남아있던 슬러지(폐산)와 반응하여 흰색 기체 발생,안전기준 미준수,기타,폐산,,,0,0,0,0,,
13,2014-013,2014-03-27,15:49:00,LG화학(대전),대전  유성구 문지로 118 LG화학 기술연구원 특수파일럿동 실험실,대전,유성구,헥산을 분리하는 과정 중 내부에 정체되어있던 인화점이 낮은 가연성 헥산 가스가 환기시설 불량에 의해 폭발한 것으로 추정,시설 결함,폭발,헥산,,,0,0,0,0,,
14,2014-014,2014-03-28,08:00:00,알파켐,경기 수원시 영통구 신원로 261,경기,수원시 영통구,"폐아세트산을 철성분이 있는 폐기통에다 붓는 과정에서 철성분과 반응하여 폐기통이 일부 파손, 이로 인해 폐아세트산이 약 30-50리터 유출",시설 결함,누출,아세트산 납,,,0,0,0,0,,
15,2014-015,2014-03-29,20:30:00,신화인터텍,충남 천안시 동남구 병천면 매봉로 308,충남,천안시 동남구,"광학필름 등을 제조하는 생산라인에서 원인미상(정전기 추정)의 화재로 인해 공정내부에 남아있던 톨루엔, MEK 일부 소사",시설 결함,화재,톨루엔,MEK,,0,0,0,0,,180000
16,2014-016,2014-04-03,04:20:00,삼주,경기 시흥시 정왕동 1375-12,경기,시흥시,식각액 제조 과정 중 pH조절을 위해 차아염소산나트륨 투입과정에서 과반응으로 인해 차아염소산나트륨 약 50L 누출,시설 결함,누출,차아염소산나트륨,,,0,0,0,0,,
17,2014-017,2014-04-09,10:50:00,두산바이오텍,전북 익산시 석암로11길(제2산업단지 내),전북,익산시,"PS-20 물질을 제조하기 전에 탱크 청소를 위해 헥산 40ℓ와 에탄올 10ℓ를 50도로 가온, 1시간 교반하여 빼내는 작업을 실시하는 작업 중 폭발사고 발생",안전기준 미준수,폭발,헥산,에탄올,,0,0,1,0,,49000
18,2014-018,2014-04-15,10:18:00,두루케미칼,경기 안산시 단원구 초지동 652-9,경기,안산시 단원구,우레탄수지 생산동 반응기 혼합과정에서 발생한 유증기에 의한 폭발 추정(유독물 유출없음),안전기준 미준수,폭발,유증기,,,1,0,2,0,,240000
19,2014-019,2014-04-18,04:17:00,애경유화,경북 상주시 낙동면 중부내륙고속도로 상행 139km지점,경북,상주시,"㈜애경유화에서 출발한 페인트 원료 수지(무수프탈산, 무수마레인산) 운송차량이 타이어 과열로 인한 적재물(21톤) 화재 발생",운송차량,화재,무수프탈산,무수마레인산,,0,0,0,0,,29600
20,2014-020,2014-04-22,10:30:00,,경기 안산시 단원구 성곡동 오스람삼거리 부근,경기,안산시 단원구,‘14. 4. 22(화) 10:30경 오스람삼거리 부근에서 액상물질을 싣고 가던 차량에서 적재화물(보관용기 말통 3개)가 도로상으로 떨어지면서 액상물질 유출,운송차량,누출,미상물질(액체),,,0,0,0,0,,
21,2014-021,2014-04-25,12:49:00,가천대학교,경기 성남시 수정구 성남대로 1342 가천대학교 새롬관 1층 실험실,경기,성남시 수정구,질산(4리터)가 담긴 유리용기를 빈 용기로 옮기던 중 비어있는 용기 내부의 미상물질(이소프로필 알콜)로 인해 이상반응으로 유리용기가 파손되어 누출된 것으로 추정,안전기준 미준수,기타,질산,이소프로필알콜,,0,0,3,0,,
22,2014-022,2014-05-08,17:09:00,연세대학교,서울 서대문구 신촌동 연세대학교 GS산학관 4층 소재합성연구실,서울,서대문구,연세대학교 GS산학관 4층 소재합성연구실에서 실험 후드내에서 그라핀옥사이드 제조 실험 중 원료물질인 질산(1리터 추정)이 원인미상의 발화·폭발,안전기준 미준수,폭발,질산,,,0,0,0,0,,
23,2014-023,2014-05-08,18:34:00,SK케미컬,울산 남구 황성동 600번지 ㈜에스케이케미컬 울산광역시공장,울산,남구,㈜에스케이케미컬 사업장에서 염화메틸렌을 이용하여 감압정제유 탱크(100만 리터) 세척 작업 중 근로자 3명이 질식한 사고,안전기준 미준수,누출,다이클로로메탄,,,0,0,3,0,,
24,2014-024,2014-05-12,14:57:00,LG화학(나주),전남 화순군 이양면 매정리 쌍봉교차로,전남,화순군,"LG화학나주공장에서 광양컨테이너 부도로 향하던 트레일러(DOP 20톤, 플렉시백)가 신호대기 중인 트럭(5톤)를 뒤에서 추돌하여 DOP(500L 추정) 및 유류(경유, 엔진오일) 유출",운송차량,누출,DOP(디옥틸프탈레이트),,,0,0,0,0,수계일부 유출,
25,2014-025,2014-05-16,05:00:00,지엠이앤씨,경북 성주군 성주읍 성주산업단지로1길 102 ㈜지엠이앤씨 매립장(돔),경북,성주군,5.15일 16시경 입고된 알루미늄 분진 100톤 중 안정화되지 않은 분진(약 3.5톤)이 기존 폐기물의 수분 및 결로로 인한 수분과 반응하여 연기 발생,안전기준 미준수,기타,알루미늄,,,0,0,0,0,,
26,2014-026,2014-05-19,18:29:00,그래핀올㈜,경기 수원시 고색동 958,경기,수원시 권선구,"아파트형 공장인 수원벤쳐밸리내 그래핀올(주) 실험실에서 강황산이 누출되어 40대 1명이 전신에 3도 화상을 입어 아주대학교병원으로 긴급 후송, 실험 중 황산(5리터 시약병에 2.4리터 잔존)이 옷에 튀면서 화재발생, 물로 소화하면서 화상발생",안전기준 미준수,누출,황산,,,0,0,1,0,,
27,2014-027,2014-05-20,01:30:00,램테크놀러지㈜,충남 금산군 군북면 조정리 300 램테크놀러지㈜,충남,금산군,"질산저장탱크의 이송펌프 레벨센서 오작동으로 공업용 질산(70%) 100 리터가 유출되는 사고가 발생하였으며, 작업자가 보호장구 미착용 상태로 밸브를 잠근 후 미끄러져 전신에 화상을 입는 사고발생(상해 6주 진단)",시설 결함,누출,질산(70%),,,0,0,1,0,,
28,2014-028,2014-05-20,11:30:00,청학2터널 공사현장,경기 남양주시 별내면 청학리 523-5 청학2터널 공사현장,경기,남양주시,공사현장에서 폐수처리를 위해 세워둔 FRP에 담겨진 황산 1톤이 작업자 실수로 넘어지면서 인근 집수조 등으로 유출 된 사고,안전기준 미준수,누출,황산,,,0,0,0,0,,
29,2014-029,2014-06-02,18:49:00,고려대학교,서울 성북구 정릉동 산1-2 고려대학교 실험실,서울,성북구,보건과학대학 호림관 3층 환경보건연구실(318호)에서 대학원생(3명)이 약품을 정리하던 중 질산통(4L)을 바닥에 떨어뜨려 흘린 것을 휴지로 닦아 폐기물처리통에 담아둔 것에서 발열하여 연기가 발생,안전기준 미준수,누출,질산,,,0,0,0,0,,
30,2014-030,2014-06-04,15:47:00,메디진,대전  유성구 전민동 461-1 한남대 대덕밸리캠퍼스 4층 ㈜메디진 실험실,대전,유성구,㈜메디진 실험실에서 유기화학물질 환원 실험 중 수소화붕소나트륨(NaBH4)와 삼불화초산(TFA) 합성과정에서 발생한 수소가 착화되어 폭발,안전기준 미준수,폭발,수소화붕소나트륨,삼불화초산,,0,0,1,0,,
31,2014-031,2014-06-09,18:30:00,우향전자,경북 구미시 산동면 봉산리 421 우향전자,경북,구미시,"우향전자 내 금형 세척작업 중 작업자 부주의로 디클로로프로판과 수증기, 알루미늄 금형의 화학반응으로 연기 및 악취 발생으로 인근 공장에서 신고",안전기준 미준수,기타,디클로로프로판,알루미늄,,0,0,0,0,,
32,2014-032,2014-06-12,14:32:00,코스모화학,울산 울주군 원봉로 55,울산,울주군,출하장 내 황산 적재 탱크로리에서 타 탱크로리로 황산 이송 작업 중 이송배관 탈락(탱크로리 상부 맨홀에 배관을 줄로 고정)으로 황산(98%)이 누출(10리터 추정)되어 화상 환자 1명 발생,안전기준 미준수,누출,황산,,,0,0,1,0,,
33,2014-033,2014-06-16,13:17:00,,경기 화성시 매송면 송라리 매송 IC인근,경기,화성시,"화학혼합물 적재 차량에서 적재용기 낙하로 인해 화학혼합물(에틸아세테이트 75%, 페놀 25%)이 누출된 사고(약 30L 추정) ",운송차량,누출,에틸아세테이트,페놀,,0,0,0,0,,
34,2014-034,2014-06-29,18:57:00,동양페인트,경기 수원시 영통구 매탄동 130-63,경기,수원시 영통구,"페인트 가게에서 질산(200ml), 염산(100ml) 혼합작업 중 이상 화학반응 발생",안전기준 미준수,기타,질산,염산,,0,0,0,0,,
35,2014-035,2014-06-30,09:57:00,고물상,경기 안산시 장상동 35-113,경기,안산시 상록구,"고물상 자체진화 화재 현장 확인 중 화재로 인하여 염산(36%) 20ℓX5통, 과산화수소(35%) 20ℓX3통 유출",안전기준 미준수,누출,염산,과산화수소,,0,0,0,0,,
36,2014-036,2014-07-03,11:30:00,경인지방식품의약품안전청,인천 남구 주안로 137(주안동) 경인지방식품의약품안전청 시험분석센터 1층,인천,남구,연구실험용 질산(70 %) 5 kg X 8을 카트를 사용하여 이동 중 엘리베이터와 지면폼에 카트바퀴가 걸려 넘어지면서 8개중 2개 파손유출(바닥유출량: 5 kg 추정),안전기준 미준수,누출,질산,,,0,0,1,0,,
37,2014-037,2014-07-03,13:30:00,,대전  대덕구 대화동 천변도시고속화도로,대전,대덕구,"5톤 가성소다 탱크로리 전복으로 호스 연결부위가 분리되면서 가성소다(25 %) 약 1톤이 누출, 갑천 둔지(자전거도로)유입",운송차량,누출,가성소다,,,0,0,0,0,,
38,2014-038,2014-07-04,10:08:00,아이오란타호,부산  서구 원양로 171 감천3부두 인성글로벌냉장 옆,부산,서구,"정박중인 러시아선박(아이오란타, 1920톤)내 냉매용 암모니아 가스가 배관에서 누출(약 50Kg)된 사고 ",안전기준 미준수,누출,암모니아,,,0,0,0,0,,
39,2014-039,2014-07-10,19:10:00,레이크머티리얼즈,세종 전의면 신정리 638 산업단지,세종,전의면,TESO(제4류 2석유류) 물질의 수분제거 과정인 액상나트륨을 배관을 통해 투입하던 중 노즐 내 수분과 반응하여 폭발한 사고,안전기준 미준수,폭발,나트륨(액상),,,0,0,2,0,,363
40,2014-040,2014-07-11,16:50:00,,경기 영동고속도로 용인휴게소(강릉방향)인근,경기,용인시 처인구,"빈 탱크로리 운반트럭(4.5톤)이 영동고속도로 용인휴게소에서 고속도로 합류지점으로 이동 중 배관의 호스가 풀리면서 배관 내 잔류 암모니아수 유출사고 발생, 경상 2명(눈 따가움, 속 울렁거림), 현장 응급조치 후 귀가",운송차량,누출,암모니아,,,0,0,2,0,,
41,2014-041,2014-07-12,19:21:00,태양수산,경남 창원시 마산합포구 구산면 수정1길 131,경남,창원시 마산합포구,"태양수산 내 냉동창고 배관 절단 작업 중 1cm정도 파손으로 암모니아 누출사고 발생(1kg의 압력으로 암모니아 가스 누출), 인명피해 없음",안전기준 미준수,누출,암모니아,,,0,0,0,0,,
42,2014-042,2014-07-13,07:58:00,재윤상사 1공장,경기 시흥시 정왕동 경제로 271번지 재윤상사 1공장,경기,시흥시,재윤상사 옥내보관창고에 보관중인 질산 1톤 용기(보관량 500리터)가 경화현상으로 파손되어 약 20리터(추정) 유출,시설 결함,누출,질산,,,0,0,0,0,,
43,2014-043,2014-07-13,20:49:00,경인CNI(구 부경냉장),경북 포항시 남구 구룡포리 949-21,경북,포항시 남구,"경인 CNI 사업장 내에서 냉장용 냉매를 가동하기 위해 암모니아 가스를 사용한 후 밸브 패킹 노후로 인해 암모니아 가스 소량 누출, 이후 인근 주민의 신고로 사고사실을 인지하여 암모니아 밸브 차단 및 노후패킹 교체",시설 결함,누출,암모니아,,,0,0,0,0,,
44,2014-044,2014-07-15,11:15:00,대덕지디에스,경기 안산시 목내동 475번지 대덕지디에스,경기,안산시 단원구,"차량에서 보관창고 내 전용박리액 저장용기(1m3)로 주입작업 중 커플링 이탈로 사업장 바닥에 50리터 유출, 유출된 박리액이 작업중이던 외주업체 직원 안면부에 묻어 고대병원 이송",시설 결함,누출,박리액,,,0,0,1,0,,
45,2014-045,2014-07-16,16:00:00,,경기 이천시 영동고속도로 인천광역시방향 77km(이천IC~호법분기점),경기,이천시,"영동고속도로 인천방향 77km(이천IC ~ 호법분기점)에서 운송차량이 복합산(세관제), 복합알카리(방청제) 물질을 운반 중 가드레일에 충돌하여 낙하된 말통(20kg짜리) 중 약 3통이 파손되어 바닥에 미량 유출",운송차량,누출,방청제,세관제,,0,0,0,0,,
46,2014-046,2014-07-17,02:24:00,현대중공업 음성공장,충북 음성군 소이면 대장리 1,충북,음성군,현대중공업 셀 제2공장 1층에서 식각설비 내 전세정공정에 사용되는 암모니아수(25%~28%)가 플랜지와 배관 연결 부위에서 리크가 발생하여 약 0.3리터 ~ 0.5리터 누출된 사고 ,시설 결함,누출,암모니아수,,,0,0,0,0,,
47,2014-047,2014-07-17,07:15:00,,경기 오산시 원동 757-21 쉐보레 오산대리점 앞,경기,오산시,경기 오산시 도로상에서 운송차량에 적재된 초산이 도로상으로 유출 된 사고 ,운송차량,누출,초산,,,0,0,0,0,,
48,2014-048,2014-07-17,15:40:00,돼지농장,경기 김포시 월곶면 갈산리 40-1,경기,김포시,돼지농장에서 보관중인 염산(300리터 추정) 보관용기에 균열이 발생하여 하얀 연기발생(외부유출 없음) ,시설 결함,누출,염산,,,0,0,0,0,,
49,2014-049,2014-07-17,19:45:00,한양에이스호,울산 남항 4부두 2선석,울산,남구,"지상에서 부두에 정박해 있는 유조선으로 황산-질산 혼합물(질산 80%) 선적중 수송관 리크로 폭발 후 다량의 연기발생 * 선박 : 한양에이스호(1,593톤, 유조선), 적재물(질산, 황산 혼합물)동부팜한농에서 유조선으로 배관내 이송작업중 폭발",시설 결함,폭발,황산,질산,,0,0,0,0,,
50,2014-050,2014-07-18,09:53:00,,경기 화성시 제2서해안고속도로 송산마도IC에서 시흥방향 23km지점,경기,화성시,"23톤 탱크로리차량 상부에 손가락만한 구멍이 생겨 염산 일부가 유출되어 유증기 발생, 인명피해 없음",운송차량,누출,염산,,,0,0,0,0,,
51,2014-051,2014-07-21,21:57:00,전영,충남 당진시 합덕읍 도곡리 106-22(합덕산업단지 내),충남,당진시,"황산, 질산, 불산 등 화학물질 배합 중 발열반응으로 인해 화재 발생, 인명피해 없음",안전기준 미준수,화재,황산,질산,불산,0,0,0,0,,
52,2014-052,2014-07-23,15:14:00,,경기 안산시 단원구 신길동 남안산IC인근 만해주유소 부근,경기,안산시 단원구,"남안산IC 인근 밭에 말통에서 원인미상의 냄새가 난다는 밭 주인의 신고로 소방서에서 출동, 20L 말통을 밀봉하여 이송처리(몇 일전 고속도로에서 IC로 내려오는 트럭에서 원심력으로 말통이 낙하된 상태), 인명피해 없음 ※ 신고물질 : 염산 35%(유독물, 사고대비물질)",운송차량,누출,염산,,,0,0,0,0,,
53,2014-053,2014-07-23,18:50:00,하남전기,"광주 광산구 하남동 501-4, 하남산단",광주,광산구,"세탁기 부품의 결함확인을 위해 질산용기(약 1.5L추정)에 알루미늄 부품을 담궈 실험중 적갈색의 연기발생, 인명피해 없음",안전기준 미준수,기타,질산,알루미늄,,0,0,0,0,,
54,2014-054,2014-07-25,13:59:00,LG화학(서산),충남 서산시 대산읍 대죽리 679-10 엘지화학 대산공장,충남,서산시,"반응기 촉매 배관 플랜지에서 촉매(n-Henxane 85%, n-Butyl Litium 15%) 누출로 인한 자연발화로 추정",시설 결함,화재,n-Hexane,n-Butyl Litium,,0,0,0,0,,
55,2014-055,2014-07-31,16:13:00,여수해양조선소,전남 여수시 돌산읍 우두리 748,전남,여수시,"전남 여수시 돌산읍 소재 ㈜여수해양조선소 내 도크위에서 참치 원양어선(1,102톤) 선박 수리 작업 중 참치 냉동용으로 사용하는 암모니아 용기 50kg짜리 15개 중 1개가 파손되어 가스 누출",시설 결함,누출,암모니아,,,1,0,19,0,,
56,2014-056,2014-08-01,19:57:00,세계로케미칼,경기 화성시 마도면 송정리 328-11,경기,화성시,"화공약품 생산업체인 케미칼공장에서 가성소다 등 화학물질 약 6,000포를 쌓아놓은 야적장에 원인미상의 화재 발생",시설 결함,화재,가성소다,,,0,0,1,0,,50000
57,2014-057,2014-08-02,19:02:00,동인산업,경기 시흥시 정왕동 1357-3,경기,시흥시,황산(98%)을 보관하는 옥외저장탱크(용량 20톤)의 배출 밸브 균열로 소량의 황산 유출(소방추산 5리터 이하),시설 결함,누출,황산,,,0,0,0,0,,
58,2014-058,2014-08-05,15:18:00,서울대학교,서울 관악구 봉천동 서울특별시대학교 자연대 물리학부 22동 221호,서울,관악구,서울대학교 자연대 물리학부 실험실 내 오래전부터 보관한 시약병이 파손되어 시약병 내에 있던 바륨옥사이드 500ml 유출,안전기준 미준수,누출,바륨옥사이드,,,0,0,0,0,,
59,2014-059,2014-08-05,17:02:00,,서울 종로구 종로4가 141-1번지 도로변 탑차,서울,종로구,탑차(1톤) 화물칸에 실린 질산 저장용기(20리터 중 1~2리터) 유출된 사고,운송차량,누출,질산,,,0,0,0,0,,
60,2014-060,2014-08-19,14:20:00,한일종합물류,인천 서구 왕길동 185번지,인천,서구,지하탱크(100톤)에 보관 중인 초산비닐이 반응하여 외부로 누출,시설 결함,누출,초산비닐,,,0,0,7,0,하천유출 및 농작물 고사,
61,2014-061,2014-08-21,10:53:00,,경기 성남시 중원구 성남동 4146 모란사거리,경기,성남시 중원구,"질산 말통을 실은 운반차량(용달차)이 운행 중 말통 일부분이 파손되어 질산이 소량 유출된 사고, 인명피해 없음",운송차량,누출,질산,,,0,0,0,0,,
62,2014-062,2014-08-21,13:22:00,한국나노기술원,경기 수원시 영통구 이의동 906-10 한국나노기술원 2층,경기,수원시 영통구,"한국나노기술원 2층 연구소에서 황산 및 과산화수소 혼합액(렌즈 크리닝제) 약 1.5리터 가량을 폐기처리 중 혼합액이 작업자에게 튄 사고, 부상 1명(2도 화상) 발생",안전기준 미준수,누출,황산,과산화수소,,0,0,1,0,,
63,2014-063,2014-08-21,21:30:00,수협 감천항 물류센터,부산  서구 암남동 수협 감천항 물류센터,부산,서구,"원인미상으로 냉매용 암모니아 가스가 미량 누출,인명피해 없음",시설 결함,누출,암모니아,,,0,0,0,0,,
64,2014-064,2014-08-22,08:18:00,AID(전자회로기판제조),인천 남동구 남동동로 198번길 21 남동공단 76블럭 15로트 AID(전자회로기판제조),인천,남동구,"전자회로기판 제조업체(에이아이디)에서 염소산나트륨 충전 중 가스 누출, 직원의 작업과실로 염소산나트륨이 폐액저장조로 흘러들어 이상 반응 발생, 인명피해 22명",안전기준 미준수,누출,염소산나트륨,,,0,0,22,0,,
65,2014-065,2014-08-22,09:20:00,화인알텍 2공장,경북 칠곡군 왜관읍 금산리 973-19 ㈜화인알텍 2공장,경북,칠곡군,"㈜화인알텍 2공장 옥내 사업장에서 염산 저장탱크(1,000L)에 작업자 낙하 물건으로 인해 배관 파손으로 염산 유출(200L 추정), 인명피해 경상 10명(가스 소량흡입)",안전기준 미준수,누출,염산,,,0,0,10,0,,
66,2014-066,2014-08-22,11:30:00,,경기 제2경인고속도로 광명터널 내(광명IC>안양방향),경기,광명시,"화물차량(1톤) 충돌사고로 운반중인 염산 등이 도로상으로 낙하, 염산 및 메탄올이 용기 파열로 소량 유출(약 10L 추정), 인명피해 없음",운송차량,누출,염산,메탄올,,0,0,0,0,,1000
67,2014-067,2014-08-24,09:25:00,램테크놀러지㈜,충남 금산군 군북면 조정리 300 램테크놀러지㈜,충남,금산군,사업장 내 보관저장 창고에서 이동형 무수불산 탱크로리 교체 작업 중 미량의 무수불산 누출된 사고(관계기관 회의결과 누출량 약 7.2kg 추정) 인명피해 7명 경상(구토 및 호흡기 이상),안전기준 미준수,누출,플루오르화수소,,,0,0,0,0,,
68,2014-068,2014-08-25,14:33:00,기타(가정집),대구  동구 효목2동 388-122,대구,동구,가정집에서 청소용으로 염산 사용 중 눈과 입에 소량 누출,안전기준 미준수,누출,염산,,,0,0,1,0,,
69,2014-069,2014-08-26,12:49:00,일성화학,인천 남동구 남촌동 621-1,인천,남동구,염소탱크 4기 중 1기(1ton)를 사용하여 염소와 염화제일철을 반응시켜 염화제이철을 생산하던 중 반응기 배관의 과압된 염소가스가 누출됨 인명피해 없음,안전기준 미준수,누출,염소,염화제일철,,0,0,0,0,,
70,2014-070,2014-08-27,13:36:00,경인양행,경기 안산시 단원구 원시동 785-7 ㈜경인양행,경기,안산시 단원구,"사업장내 이송배관에서 클로로설폰산이 약 1리터 가량 누출되면서 물과 반응하여 흰 연기 발생, 인명피해 없음",시설 결함,누출,클로로설폰산,,,0,0,0,0,,
71,2014-071,2014-08-27,14:21:00,엑스포정공,전남 여수시 월하동 562-23 엑스포정공,전남,여수시,"탱크로리 차량 정비 업체인 엑스포정공에서 차량 수리 작업 중 차량상부 뚜껑을 통해 메틸아크릴레이트 냄새 발생, 인명피해 없음",안전기준 미준수,누출,메틸아크릴레이트,,,0,0,0,0,,
72,2014-072,2014-08-28,20:55:00,,대구  북구 읍내동 1308번지 온누리교회 앞 인도와 차도사이,대구,북구,"온누리교회 앞 인도와 도로사이 염산 소량누출(5리터, 소방)",운송차량,누출,염산,,,0,0,0,0,,
73,2014-073,2014-08-29,14:53:00,중앙산업가스,대전  대덕구 읍내동 450-25번지 ㈜중앙산업가스,대전,대덕구,상기장소에서 원인을 알 수 없는 이유로 사업장 내 봄베(47L)에서 염화수소가 미량 누출 된 사고,시설 결함,누출,염화수소,,,0,0,0,0,,
74,2014-074,2014-08-30,10:08:00,둔산여고,대전  서구 갈마동 823번지 둔산여고 1층 실험실,대전,서구,"실험실 내 약품준비실의 표본 유리용기(폼알데하이드 성분)을 학생이 지나가다가 건드려 떨어져 깨지면서 약 1리터 정도 누출, 인명피해 없음",안전기준 미준수,누출,폼알데하이드,,,0,0,0,0,,
75,2014-075,2014-08-31,06:42:00,에프엔지리서치,충남 홍성군 광천읍 신진리 593 ㈜에프엔지리서치,충남,홍성군,"㈜에프앤지리서치에서 OLED액정 발광물질 제조를 위한 무수초산과 질산(10:1)의 혼합과정 중에 반응조에서 발열작용에 의한 초산가스의 압력 상승으로 압력 밸브가 개폐되어 질산 및 초산가스(15kg 추정) 누출(인명피해 부상 6명, 경상)",시설 결함,누출,질산,초산,,0,0,6,0,,
76,2014-076,2014-09-01,07:50:00,,경북 상주시 낙동면 내곡리 498-7 중부내륙고속도로 마산방면 140.8km지점(성주IC-낙동분기점),경북,상주시,1톤 유독물 운반차량 타이어 펑크로 중앙분리대를 추돌하여 적재되어 있는 염산 (35%) 8통 중 2통(40리터)이 도로에 낙하하여 염산 일부가 유출된 사고(인명피해 교통사고로 인한 부상 2명),운송차량,누출,염산,,,0,0,0,0,,
77,2014-077,2014-09-02,17:23:00,노루페인트,경기 안양시 만안구 박달로 351(박달동) ㈜노루페인트,경기,안양시 만안구,"사업장 내에서 생산 반응기 작업 중 냉각기의 이상으로 반응기가 가열되자 현장근무자가 물을 부어 임시조치 중 증기 누출(흰 연기 및 악취 발생)구급차 이송환자(개별포함) 현황 확인 부상 60명, 퇴원(안양소방서)*증상 : 두통, 오심, 구토, 눈 따가움 등※비스페놀A 중합체(CAS No. 25036-25-3) : 98%, 트리스2,4,6 페놀    (CAS No. 90-72-2) : 1.5%, 메톡스페놀(CAS No. 150-76-5) : 0.5%",시설 결함,누출,비스페놀A중합체,"2,4,6-트리스페놀",메톡스페놀,0,0,60,0,,
78,2014-078,2014-09-03,20:01:00,이화여대,서울 서대문구 이화여대길 52 이화여자대학교,서울,서대문구,이화여자대학교 실험실에서 작업자 부주의로 인해 트리메틸아민 250㎖누출,안전기준 미준수,누출,트리메틸아민,,,0,0,0,0,,
79,2014-079,2014-09-04,17:04:00,이화여대,서울 서대문구 대현동 11-8 이화여대 종합과학관 C동,서울,서대문구,이화여자대학교 실험실에서 질산용기(1리터 유리병)에 금이 가 일부 유출,시설 결함,누출,질산,,,0,0,0,0,,
80,2014-080,2014-09-10,08:47:00,복영냉동,충남 서천군 장항읍 장산로 306-15 복영냉동,충남,서천군,냉동창고에서 암모니아 배관 노후로 인해 20~30kg(추정) 가스 누출,시설 결함,누출,암모니아,,,0,0,0,0,,
81,2014-081,2014-09-11,11:30:00,한솔테크닉스㈜,충북 진천군 덕산면 한삼로 55 한솔테크닉스㈜,충북,진천군,"충북 진천군 한솔테크닉스(주)에서 반도체 웨이퍼(반도체 기판세정) 작업 중 암모니아수(물 99%, 용질 1%) 5리터가 누출되어 현장작업중인 16명 중 8명이 익일 09. 12 13:00경 두통호소하여 승용차를 이용, 진천성모병원에서 진료와 약처방 후 20:00경 전원 퇴원함",시설 결함,누출,암모니아수,,,0,0,8,0,,
82,2014-082,2014-09-13,00:13:00,서희케미컬,전남 여수시 해산동 여수생명나무교회 부근 도로,전남,여수시,"전남 여수시 해산동 해산교차로 일대에서 염산 탱크로리 차량 가드레일 충격 후 전복으로 인해 염산누출(사망 1명, 부상 6명)",운송차량,누출,염산,,,1,0,6,0,,
83,2014-083,2014-09-19,09:23:00,금강얼음,경기 의정부시 의정부동 188-15 2층 금강얼음,경기,의정부시,"사용자부주의로 산성(계면활성제, 유기분해제, 향료, 유기산) 에어컨핀세제 XT-2 7리터가 유출된 사고",안전기준 미준수,누출,"에어컨핀세제(염소산칼륨 25%, 수산화나트륨 3%)",,,0,0,0,0,,
84,2014-084,2014-09-25,17:14:00,대구지방검찰청,대구  수성구 범어동 458-2 고등검찰청,대구,수성구,대구지방검찰청 본관 창고내 압수물품으로 보관 중이던 화학물질을 폐기처리하기 위해 이송 중 용기가 파손되어 화학물질(염산) 1L 유출된 사고,안전기준 미준수,누출,염산,,,0,0,0,0,,
85,2014-085,2014-09-27,08:39:00,,경북 포항시 남구 연일읍 오천리 87-17 소재 도로상,경북,포항시 남구,    경북 포항시 남구 연일읍 오천리 87-17 소재 도로 상에 염산 적재 탱크로리차량(25톤)이 난간 추돌로 인한 탱크로리 상단 위의 유증기 미량 발생,운송차량,누출,염산,,,0,0,1,0,,
86,2014-086,2014-09-28,18:37:00,여수제빙,전남 여수시 이순신광장로 135 ㈜여수제빙,전남,여수시,   암모니아를 냉매로 사용하는 제빙회사 내에서 펌프고장으로 가동을 중지하는 과정에서 배관에 남아있던 암모니아가 일부 누출된 사고,시설 결함,누출,암모니아,,,0,0,0,0,,
87,2014-087,2014-10-03,12:24:00,서울대학교,서울 관악구 신림동 서울특별시대학교 자연과학대 25-1동 603호,서울,관악구,"상기장소에서 실험 중 희석된 불산이 신고자(김동현, 남, 27세) 얼굴에 극소량 튀어 발생한 사고",안전기준 미준수,누출,플루오르화수소,,,0,0,0,0,,
88,2014-088,2014-10-11,18:41:00,화성도금단지,경기 화성시 구문천리 930-10 화성도금단지 내 폐수처리장,경기,화성시,발안산업단지 공장에서 메탄올 공급 배관 이상으로 공사를 하기 위해 탱크 내 메탄올 3톤을 옮기던 중 화재발생 및 부상자 1명 발생,안전기준 미준수,화재,메탄올,,,0,0,1,0,,150000
89,2014-089,2014-10-12,20:59:00,덕산약품공업,경기 안산시 단원구 신원로 133번지길53(성곡동 635-1번지) ㈜덕산약품공업,경기,안산시 단원구,상기장소의 옥내 탱크에 보관중인(약 10톤) 빙초산(30%)이 증류과정 중 혼합기 이상으로 미량 누출되어 연기 발생,시설 결함,누출,빙초산,,,0,0,0,0,,
90,2014-090,2014-10-16,05:41:00,,충북 영동군 경부고속도로 하행선 영동IC부근,충북,영동군,충북 영동군 경부고속도로 하행선에서 염산(10%) 운반차량 탱크의 노후로 인한 구멍이 발생하여 약 400~500L 유출 된 사고,운송차량,누출,염산,,,0,0,0,0,,
91,2014-091,2014-10-18,09:33:00,삼양이노켐,전북 군산시 오식도동 500-1 삼양이노켐,전북,군산시,삼양이노켐 비스페놀A 제조 후 출하과정 중 차량으로 연결된 호스 내 잔여물질(비스페놀A)에서 스파크 발생으로 인한 폭발로 근로자 1명이 화상을 입은 사고,시설 결함,폭발,비스페놀A,,,0,0,1,0,,
92,2014-092,2014-10-23,15:48:00,LG석유화학,전남 여수시 중흥동 1684번지 석유화학부두 내,전남,여수시,"에틸렌 이송배관에 설치된 액위 측정기 교체작업을 위해 튜빙캡 해체 작업 중 에틸렌 누출되어 이송배관에 질소를 공급하여 소각처리하고 긴급차단밸브를 차단하여 안전조치 함(에틸렌 1,000리터 중 약 50리터 누출)",안전기준 미준수,누출,에틸렌,,,0,0,0,0,,
93,2014-093,2014-10-28,15:10:00,지노켐,대전  대덕구 산업단지로 87번길 116(신일동 1693-10) 지노켐,대전,대덕구,"대전 대덕구 신일동 소재 과산화수소를 이용 로켓추진제를 만드는 업체에서 35% 과산화수소를 95%로 농축하는 실험과정에서 이물질 혼입에 의해 폭발사고 발생(부상 4명, 30,000,000원 피해발생)",안전기준 미준수,폭발,과산화수소,,,0,0,4,0,,30000
94,2014-094,2014-10-29,09:37:00,경찰병원,서울 송파구 가락동 10-15 국립경찰병원,서울,송파구,   서울 송파구 송리로 국립경찰병원 2층 병리과에서 임상조직물 검사용 질산(65%) 7L를 용기에 폐기처분 중 용기 파손으로 질산 약 1L 유출 사고 발생,안전기준 미준수,누출,질산,,,0,0,0,0,,
95,2014-095,2014-10-31,15:59:00,봉담고등학교,경기 화성시 봉담읍 동화리 570 봉담고등학교 4층 과학실,경기,화성시,봉담고등학교 과학실에서 학생 5명이 비커에 담겨있는 과산화에틸로 추정(봉담고등학교 교사 증언)되는 물질에 불을 붙여 폭발사고 발생,안전기준 미준수,폭발,과산화아세틸,,,0,0,5,0,,
96,2014-096,2014-11-05,16:35:00,한정물류,경북 봉화군 석포면 석포3리 석포역 인근 도로상,경북,봉화군,"봉화군 석포제련소 인근 석포3리 철교 밑에서 유독물(황산, 95%) 운반 탱크로리가 운전부주의로 하천변으로 추락, 탱크로리 상부 주입구 뚜껑 4개중 2개가 열려 황산이 유출, 물고기 수백마리 폐사",운송차량,누출,황산,,,0,0,0,0,,
97,2014-097,2014-11-07,23:54:00,대광화학,부산  사상구 주례동 788-1 대광화학,부산,사상구,"냉매가스를 생산하여 용기에 담아 납품하는 업체에서 2기의 중화제탱크(8톤급, 물+암모니아)중, 1기에서 미상의 원인으로 넘쳐흐름.(0.5톤 미만)",안전기준 미준수,누출,암모니아,,,0,0,0,0,,
98,2014-098,2014-11-18,11:02:00,평화발레오,경북 고령군 다산면 송곡리 1748-2(다산산단로 228) 평화발레오,경북,고령군,11월 18일 경북 고령군 소재 평화발레오 사업장 저장탱크 방류벽에 유출된 트리클로로에틸렌 혼합액(약 200리터) 제거 작업 중 작업자 1명이 증기 흡입 후 의식 잃음,안전기준 미준수,누출,트리클로로에틸렌,,,0,0,1,0,,
99,2014-099,2014-11-25,15:31:00,,대구  서구 상리동 산247-1번지 중앙고속도로 금호JC→서대구 IC 100미터 전방 도로상,대구,서구,상기 고속도로(중앙고속도로) 27톤 탱크로리(암모니아 수)가 탑차를 추돌한 사고로 운전석이 밀리면서 암모니아 수 유출 ※ 사고 지연 전파 후 접수,운송차량,누출,암모니아,,,0,0,0,0,,
100,2014-100,2014-11-29,11:04:00,,경기 안산시 단원구 원곡동 안산역 앞 도로상,경기,안산시 단원구,상기 장소에서 적재함에 질산용기(18L)를 싣고 이동중인 차량에서 용기가 낙하하여 질산이 유출된 사고,운송차량,누출,질산,,,0,0,0,0,,
101,2014-101,2014-12-06,18:00:00,강구수협,경북 영덕군 강구면 강구수협 냉동창고,경북,영덕군,강구수협 냉동창고 2층 기계실에서 작업자가 냉매용 암모니아 저장탱크(0.8톤 보관) 밸브 차단 과정 중 밸브 볼트 탈락으로 20분간 약 2리터 누출(소방 추정),시설 결함,누출,암모니아,,,0,0,0,0,,
102,2014-102,2014-12-10,12:25:00,영남도금,대구  달서구 갈산동 100-74 영남도금,대구,달서구,황산 탱크에 작업자가 실수로 차아염소산나트륨 용액을 주입하여 가스 발생,안전기준 미준수,누출,황산,차아염소산나트륨,,0,0,50,0,,
103,2014-103,2014-12-12,15:57:00,,서울 강서구 화곡8동 980-27,서울,강서구,황산과 염산을 실은 1톤 차량이 운전 중 사고를 내어 적재되어 있던 통이 쓰러지면서 황산 2L 누출,운송차량,누출,황산,,,0,0,0,0,,
104,2014-104,2014-12-15,16:05:00,한성냉동,경남 창원시 마산회원구 봉암동 660-183 한성냉동,경남,창원시 마산회원구,한성냉동창고에서 암모니아 저장 탱크 보온 작업 중 작업자 부주의로 암모니아수 400리터(추정) 유출,안전기준 미준수,누출,암모니아수,,,0,0,0,0,,
105,2014-105,2014-12-15,19:33:00,KOC,울산 울주군 온산읍 이진로 67-34,울산,울주군,KOC(주) 공장 액화염소탱크(용도폐기) 연결배관 철거를 위해 배관에 남아있는 잔류액화염소를 흡수탑으로 질소퍼지 작업 중 질소퍼지호스  탈락으로 염소가스 약 1kg 누출,안전기준 미준수,누출,염소,,,0,0,0,0,,
106,2015-001,2015-01-08,22:01:00,여수제빙,전남 여수시 중앙동 286-24 여수제빙㈜,전남,여수시,전남 여수 중앙동 소재 제빙공장에서 냉각기 코일고장으로 배관 내에 잔류한 암모니아 가스가 일부 누출,시설 결함,누출,암모니아,,,0,0,0,0,,
107,2015-002,2015-01-09,12:15:00,충남대학교,대전  유성구 궁동 산3-5 충남대학교 생활과학대학 식품영양학과 실험실,대전,유성구,시약 보관함(냉장고) 안 시약병이 오랜 부식으로 파손되어 질산 유출,시설 결함,누출,질산,,,0,0,0,0,,
108,2015-003,2015-01-11,14:42:00,한양에이스호,울산 남구 매암동 472-2 4부두 한양에이스호,울산,남구,"(1차)울산항 4부두 1번석 한양에이스호에서 화학물질(질산80%, 황산20% 혼산) 선적 작업 중 원인미상의 폭발사고 발생(2차)1.12(월) 00:00경 잔여 화학물질 육상 이송 작업 중 노란색 가스 발생",시설 결함,누출,"혼산(질산80%, 황산20%)",,,0,0,4,0,,
109,2015-004,2015-01-16,00:47:00,새한유조,경북 영천시 경부고속도로(서울특별시방향) 송포리 인근,경북,영천시,경부고속도로 영천IC 부근 교통사고로 인한 탱크로리(톨루엔) 차량이 추락하여 톨루엔 유출(유출량 약 200L),운송차량,누출,톨루엔,,,0,0,1,0,,
110,2015-005,2015-01-23,10:07:00,제이비코리아,경남 김해시 봉황동 473-12 남해고속도로 동김해IC인근(서김해IC 방향),경남,김해시,"남해고속도로 동김해 IC 인근에서 아세틸렌 용기를 적재한 운반차량과 승용차 추돌사고 발생, 적재되어 있던 아세틸렌 용기 3개 파손으로 화재 발생",운송차량,화재,아세틸렌,,,0,0,4,0,,
111,2015-006,2015-01-30,12:40:00,LG화학(여수),전남 여수시 화치동 356-10 PC(폴리카보네이트) 생산팀 Train P-1110(모노머 피드 펌프)주변,전남,여수시,"P-1110(모노머 피드 펌프) trip 되면서 T-1(1라인) Shut-down 됨 D-1110(모노머 피드 탱크) 압력 상승으로 압력배출용 밸브 오픈되면서 대기 누출  (여수센터)폴리카보네이트(PC) 반응기로 유입되는 비스페놀A 공급펌프 정지로 반응기 내에 있던 포스겐이 역류하여, 비스페놀A 저장조 상부 배기관을 통해 누출 추정 -추가 검증 결과 포스겐 누출은 없음",시설 결함,누출,일산화탄소,염화메틸렌,클로로포름,0,0,5,0,,
112,2015-007,2015-01-31,11:14:00,희성금속,인천 남동구 남동대로 117 희성금속,인천,남동구,희성금속 실험실에서 연구원 2명이 염산과 암모니아를 혼합하는 과정에서 폭발 발생,안전기준 미준수,폭발,염산,암모니아,,0,0,2,0,,
113,2015-008,2015-02-04,07:01:00,LG화학(청주),충북 청주시 흥덕구 송정동 LG화학,충북,청주시 흥덕구,"LG화학 청주공장에서 회로기판 에칭기 수세라인 교환 시 밸브 오작동으로 염화제2철 잔유물(1% 수용액) 2,000L 정도가 유출 ",시설 결함,누출,염화제이철,,,0,0,0,0,,
114,2015-009,2015-02-06,21:02:00,서울과학기술 대학교,서울 노원구 하계동 95-4 서울특별시과학기술대학교 하이테크관,서울,노원구,서울과학기술대학교 하이테크관 1층 105호 액화질소 탱크(100L) 밸브고장으로 누출,시설 결함,누출,질소(액화),,,0,0,0,0,,
115,2015-010,2015-02-11,09:04:00,대명특수산업,경기 화성시 장안면 금의리 477-2 대명특수산업,경기,화성시,폐드럼통 파쇄과정에서 메틸트리클로로실란으로 추정되는 물질이 약10 L 유출 및 유증기 발생,안전기준 미준수,누출,메틸트리클로로실란,,,0,0,0,0,,
116,2015-011,2015-02-13,16:46:00,이노 메이트,충북 청주시 청원구 오창읍 용두리 117-6 ㈜이노메이트,충북,청주시 청원구,이노메이트 충전실에서 실란 충전 중 커넥터 부위에서 실란가스 누출,시설 결함,누출,실란,,,0,0,0,0,,1170
117,2015-012,2015-02-26,14:44:00,유진테크,경기 이천 호법면 이섭대천로 28 유진테크,경기,이천시,유진테크 실험실 반도체 실리콘 화학물 정제중에 폭발로 작업자 얼굴부분 출혈 및 3도 화상 발생,안전기준 미준수,폭발,실리콘 화합물,,,0,0,1,0,,
118,2015-013,2015-02-26,15:03:00,광주과학기술원,광주 북구 첨단과기로 123 광주광역시과학기술원 환경동 213호,광주,북구,광주과학기술원 환경동 213호에서 아세톤 말통을 이용하여 염화티오닐을 폐기하는 과정에서 발열반응이 일어나 폭발사고 발생,안전기준 미준수,폭발,염화티오닐,아세톤,,0,0,4,0,,
119,2015-014,2015-02-28,10:08:00,한성냉동,경남 창원시 마산회원구 봉암공단로 8길 5 한성냉동,경남,창원시 마산회원구,"창원시 마산 자유수출지역 내 한성냉동 창고에서 냉매용 암모니아 가스를 중화시키는 작업 중 일정량 이상으로 주입하여 중화탱크 내 암모니아수가 오버플로우되어 외부로 일부 유출, 암모니아 냄새로 주변에서 신고",안전기준 미준수,누출,암모니아수,,,0,0,0,0,,
120,2015-015,2015-03-01,19:32:00,티에스 엠텍,울산 남구 부곡동 22-2 티에스엠텍,울산,남구,용접작업 중인 열교환기에 사고자가 의식불명 상태로 걸쳐 쓰러져 있는 것을 인근 작업자가 발견 아르곤 가스에 의한 질식 추정,안전기준 미준수,누출,아르곤,,,1,0,0,0,,
121,2015-016,2015-03-09,09:45:00,스템코,충북 청주시 흥덕구 옥산면 남촌리 1111,충북,청주시 흥덕구,반도체 제조 공장 작업장 내에서 건물 안 저장탱크에 있는 화학물질(염소산나트륨)을 폐기하기 위해 탱크로리로 옮기는 과정 중 이상 반응으로 인해 가스가 일부 누출되어 근로자 대피,안전기준 미준수,기타,염소산나트륨,,,0,0,0,0,,
122,2015-017,2015-03-16,21:14:00,롯데케미칼(서산),충남 서산시 대산읍 독곶리 롯데케미칼,충남,서산시,롯데케미칼(주) 에틸렌 비닐 아세테이트(EVA) 공정 반응기 과열반응으로 안전밸브(파열판type) 작동 화재,시설 결함,화재,에틸렌,,,0,0,0,0,,
123,2015-018,2015-03-17,,남영전구,광주 광산구 ㈜남영전구 광주광역시공장,광주,광산구,"(주)남영전구의 형광등 생산시설 철거(해체)작업 시 배관내부의 잔류수은이 지하실 바닥으로 유출(추정)되어, 사업장 내 지하실(비매립) 바닥에 방치(약 30리터 수거)되고, 화단 등의 토양 및 우수 맨홀(1개), 퇴적토 등에서 수은이 확인",시설 결함,누출,수은,,,0,0,6,0,,
124,2015-019,2015-03-17,21:58:00,아이씨케미칼,전남 여수시 중흥동 산175-1 ㈜아이씨케미칼,전남,여수시,산화에틸렌과 아민(원료)을 반응시켜 계면활성제 생산과정에서 산화에틸렌이 반응기로 과잉공급(원인미상)되어 내부압력상승에 따른 폭발·화재발생,시설 결함,화재,산화에틸렌,,,0,0,0,0,,
125,2015-020,2015-03-18,10:08:00,영진화학(진천),충북 진천군 이월면 신월리 411 ㈜영진화학,충북,진천군,"방수제 제조 과정에서 원료물질(아스팔트유, 송진, 압축종이, 유기용매, 왕겨, 탄산칼슘 등) 혼합과정 중 이상반응으로 인한 폭발로 화재사고 발생",시설 결함,화재,탄산칼슘,,,0,0,2,0,,
126,2015-021,2015-03-18,17:30:00,SK하이닉스(이천),경기 이천시 경충대로 2091 SK하이닉스,경기,이천시,"R3 반도체 연구동 건물내부에서 폭발음 발생, 이상과압 발생에 따른 대기방지시설(스크러버)로 유입되는 배관 파열 및 가스 누출 추정",시설 결함,폭발,삼불화질소,,,0,0,7,0,,
127,2015-022,2015-03-25,2:14:00,부산장림도금사업협동조합,부산  사하구 장림동 1089-2 부산장림도금사업협동조합,부산,사하구,"과산화수소 저장탱크(15m3)에서 이상 발열반응으로 연기 발생, 2015. 3. 3.까지 수산화나트륨 보관시설로 사용하던 용적 15㎥ 탱크에 과산화수소수를 저장하는 과정에 탱크 내에 스케일형태로 남아 있던 수산화나트륨이 서서히 용해하면서 발열반응을 하다가 온도 상승에 따라 급격한 용해로 인한 발열반응으로 과산화수소수가 끓으면서 일부 과산화수소가 대기 중으로 확산 추정",시설 결함,기타,과산화수소,수산화나트륨,,0,0,0,0,,
128,2015-023,2015-03-29,14:43:00,대신 메라민 산업,인천 남동구 호구포로 14번길 106(고잔동),인천,남동구,포르말린 18톤 탱크 보수 및 청소 중 작업자 부주의에 의해 배관에서 약 20L 유출 된 사고로 탄산칼륨으로 중화작업 및 회수 작업 실시,안전기준 미준수,누출,폼알데하이드,,,0,0,0,0,,
129,2015-024,2015-03-31,10:18:00,스틸 플라워,경북 포항시 남구 대송면 옥명리 584번지 ㈜스틸플라워,경북,포항시 남구,실험실에서 제품시험을 위해 60% 질산(860ml)과 알콜을 희석 중 질산 시험시료병 폭발로 인한 질산 누출,안전기준 미준수,폭발,질산,,,0,0,3,0,,
130,2015-025,2015-04-06,12:30:00,정우화인㈜,전북 익산시 석암로1길 63-8 정우화인㈜,전북,익산시,"공장 내 배합탱크 스팀 세척 후 작업자 1명이 내부 세척상태 확인을 위해 탱크내부로 들어가 의식을 잃고 쓰러지자, 보조자 2명이 구조를 위해 진입하였으나, 모두 의식을 잃고 쓰러짐(폴리에틸렌글리콜 배합탱크에서 스팀세척 후 산소농도 확인없이 작업 실시하여 산소농도 감소로 인한 질식사고 추정)",안전기준 미준수,누출,에틸렌글리콜,,,0,0,3,0,,
131,2015-026,2015-04-08,16:37:00,대양운수,부산  동구 범일동 1645 삼보정비공업 앞,부산,동구,화학물질(페인트 원재료 추정) 적재 트레일러가 전복되어 화학물질이 외부로 유출,운송차량,누출,페인트원료,,,0,0,0,0,유출된 화학물질 바다로 유입,
132,2015-027,2015-04-14,9:35:00,GS이엠,전북 익산시 보석로4길 69 GS이엠,전북,익산시,"25% 가성소다(29톤 저장) 저장탱크 펌프 개스킷 파손으로 약 3톤 유출, 이 중 1톤은 방류벽을 넘어 외부로 유출",시설 결함,누출,수산화나트륨,,,0,0,0,0,,
133,2015-028,2015-04-17,10:20:00,당진냉동,충남 당진시 대덕동 1090-1,충남,당진시,당진냉동 창고 소형보관소(33m2)에서 노후된 암모니아 배관에 붙어 있던 얼음이 녹으면서 파손되어 배관에 남아있던 암모니아가 급격하게 기화되며 누출 발생(누출량 약 100kg),시설 결함,누출,암모니아,,,0,0,0,0,하천유입부터 하류 100m 구역 내 소형 어류 폐사,
134,2015-029,2015-04-20,18:12:00,한국탄산화학,충남 당진시 송악읍 복운리 51 서해안고속도로 하행선 송악IC 지난 졸음쉼터,충남,당진시,액화탄산가스 적재 탱크로리에서 가스누출 상태로 운행,운송차량,누출,액화탄산,,,0,0,0,0,,
135,2015-030,2015-04-22,16:30:00,서해탱크터미널,경기 김포시 하성면 양택리 151-20 서해탱크터미널,경기,김포시,"옥외 플라스틱 용기(2기) 상부의 손상으로 구멍이 생겨 화학반응으로 인한 증기가 발생, 화주(대림코퍼레이션) 중합방지제(4-메톡시페놀)로 반응억제 실시",시설 결함,기타,에틸아크릴레이트,,,0,0,6,0,,
136,2015-031,2015-04-22,17:43:00,부림인터내셔널,울산 울주군 웅촌면 검단리 65 부림인터내셔널,울산,울주군,"울산 웅촌면 부림인터내셔널 공장내 “PVC 타일 제조공정”에서 ‘퍽’하는 소리와 동시에 폭발, 화재가 발생. 인근 옆 공정동 근로자가 재해 현장으로 달려가 피재자 몸에 붙어 있는 불을 “걸레”를 이용해 끈후 소화기를 사용하여 공장내의 소형화재를 진압한 사고, 사고 발생 현장 확인 결과, 사업장 옥내 공장내 인화성액체 드럼 폭발, 화재로 사업장 외 인근 피해 없음",안전기준 미준수,화재,톨루엔,,,1,0,0,0,,
137,2015-032,2015-04-23,22:00:00,영진화학(연천),경기 연천군 백학면 백학산단길 69-72 영진화학,경기,연천군,약품저장탱크 밸브 고장으로 이소노닐알코올 약 0.1톤이 석장천에 유출되어 100여 마리의 물고기가 폐사한 사고,시설 결함,누출,이소노닐알코올,,,0,0,0,0,"잉어(80여마리), 피라미(수십마리) 폐사",
138,2015-033,2015-04-24,6:43:00,농협물류주식회사,강원 원주시 신림면 황둔리 562-2 88번 지방도로상,강원,원주시,"황둔리 유스호스텔 인근 88번 지방도에서 경유(32,000리터 적재) 탱크로리가 커브길에서 전복하여 도로옆 밭에 경유 4,000리터 유출",운송차량,누출,경유,,,0,0,0,0,,
139,2015-034,2015-04-24,9:38:00,실스타인더스트리㈜,경북 경주시 안강읍 두류리 514 실스타인더스트리㈜,경북,경주시,이소프로필알콜 저장탱크(2만리터)의 철거 과정에서 그라인더 작업 중 비어있던 탱크에 남아있던 유증기가 불티에 폭발하여 탱크 상판이 날아간 폭발사고,안전기준 미준수,폭발,이소프로필알코올,질산,,0,0,0,0,,
140,2015-035,2015-04-25,13:08:00,국일ENG,대구  달서구 성서동로 235(장동 317-1) 벽진BIO텍 앞 도로,대구,달서구,"포터차량(국일ENG, 1톤)에서 황산알루미늄 드럼통(200L) 용기 뚜껑이 열려 뒤따르던 차량 2대 및 도로면에 약 180L 흘러내린 사고",운송차량,누출,황산알루미늄,,,0,0,0,0,,
141,2015-036,2015-04-27,13:36:00,대원 포리머,충북 충주시 신니면 견학리 오포사거리,충북,충주시,충주시 당우리 중원산단내 ㈜대원포리머에서 생산된 접착제(아크릴에스터코폴리머 47%) 이송차량(3톤)이 커브길에서 전도되면서 1.5톤이 도로변에 유출된 사고,운송차량,누출,아크릴에스터코폴리머,,,0,0,0,0,,
142,2015-037,2015-04-30,9:00:00,한국 로버트 보쉬기전㈜,대전  대덕구 신일동 1685-2 한국로버트보쉬기전㈜,대전,대덕구,"한국로버트보쉬기전(주) 설비동(냉동제조시설)에서 HFC-134a 냉매 회수,충전 작업 중 이동식 냉매용기가 터져 작업자 부상 병원 후송",안전기준 미준수,폭발,테트라플루오로에테인,,,0,0,1,0,,
143,2015-038,2015-05-03,17:49:00,,경기 안산시 상록구 월피동 475 인근 안산천,경기,안산시 상록구,안산천 상류 농가(양상동 313)에서 보일러 오작동으로 등유 약30리터 정도 유출된 사고,시설 결함,누출,등유,,,0,0,0,0,,
144,2015-039,2015-05-04,13:37:00,한국 메티슨 특수가스,충남 아산시 음봉면 삼거리 396-2 한국메티슨특수가스,충남,아산시,암모니아 실린더(500L)의 밸브 교체 후 질소가스로 누설검사(리크테스트) 중 폭발하여 용기가 파열한 사고,안전기준 미준수,폭발,질소,,,1,0,1,0,,
145,2015-040,2015-05-06,15:45:00,성림화학,경기 용인시 처인구 이동면 덕성리 526-1 성림화학,경기,용인시 처인구,누전으로 인한 화재발생. 사업장 내부에 저장되어 있던 톨루엔 약 340kg 전소,시설 결함,화재,톨루엔,,,0,0,0,0,,
146,2015-041,2015-05-08,10:30:00,남양냉동식품,광주 광산구 소촌동 844 남양냉동식품,광주,광산구,남양냉동식품에서 압력계 교체 작업 중 연결부위에서 암모니아 가스(4톤 탱크 중 0.5톤 저장)가 누출,시설 결함,누출,암모니아,,,0,0,1,0,,
147,2015-042,2015-05-12,17:06:00,한국 아사히 프리텍,충북 충주시 목행동 1131-2 한국아사히프리텍,충북,충주시,"질산탱크에 질산 주입 후 연결호스 제거 작업중 잔류 압축 공기에 의해 소량(1리터정도)의 질산이 비산하여 운전자 손진호(남,56세)의 얼굴, 목, 팔 부분으로 접촉하여 화상을 입은 사고",안전기준 미준수,누출,질산,,,0,0,1,0,,
148,2015-043,2015-05-17,16:09:00,한국 솔베이㈜,울산 울주군 온산읍 원산리 751 한국솔베이㈜,울산,울주군,나이론 제조 공정 중 사용되는 원료인 헥사메틸렌디아민이 배관 내 순환 중 플랜지 가스켓 부분에서 유출되는 사고 발생,시설 결함,누출,헥사메틸렌디아민,,,0,0,1,0,,
149,2015-044,2015-05-17,16:36:00,와이피티㈜,경기 안산시 단원구 신원로 147 와이피티㈜,경기,안산시 단원구,"금도금 공장 옥외저장탱크(4,800 L) 하단부분이 부식되어 방류벽 내 질산(68%)  유출(2,400 L), 외부유출 없음 ",시설 결함,누출,질산,,,0,0,0,0,,
150,2015-045,2015-05-18,9:46:00,강서그레이스힐,서울 강서구 등촌동 717 강서그레이스힐 지하3층 수영장 기계실,서울,강서구,염소소독제에 pH감소제(이황산나트륨 50%함유)를 30리터 부으면서 염소가스 발생하여 1명 가스 흡입,안전기준 미준수,기타,염소,,,0,0,1,0,,
151,2015-046,2015-05-20,9:46:00,제이 아이테크,전북 군산시 오식도동 884-8 제이아이테크 내 실험실,전북,군산시,"고체와 액체를 분리하는 여과기(용량 150 L) 호스(테플론)가 높은 압력을 견디지 못하고 터지면서, 원료 중 헥산(약 40kg 추정)에 불(스파크)이 붙으며 폭발",안전기준 미준수,폭발,헥산,,,0,0,3,0,,
152,2015-047,2015-05-29,16:30:00,텍스틸,경남 창원시 성산구 성산동 69 텍스틸,경남,창원시 성산구,암모니아 용기와 배관 연결 중 작업자 부주의로 인한 체결상태 불량으로 연결부위에서 암모니아 가스 누출 사고 발생,안전기준 미준수,누출,암모니아,,,0,0,0,0,,
153,2015-048,2015-06-02,7:39:00,세민,경기 안산시 단원구 성곡동 630-4 세민,경기,안산시 단원구,"분체도장 업체로 의료기 장비 부품 세척을 하는 회사, 세척조 내 이물질 제거를 위해 청소작업 중 트리클로로에티렌에 중독되어 2명 사망",안전기준 미준수,누출,트리클로로에틸렌,,,2,0,0,0,,
154,2015-049,2015-06-08,13:54:00,서울 케미칼,경기 시흥시 신천동 769-1,경기,시흥시,폼산 35kg 용기에서 다른 용기(8kg)로 옮겨 담는 과정에서 용기 안미상의 화학약품에 반응하여 폼산 8kg 유출 ,안전기준 미준수,누출,폼산,,,0,0,0,0,,
155,2015-050,2015-06-17,10:57:00,SK가스 에너지,경기 남양주시 오남읍 양지로 352 SK가스에너지,경기,남양주시,지게차 작업 중 LPG가스탱크(1톤) 밸브가 파손되어 LPG가스 누출,안전기준 미준수,누출,LPG,,,0,0,0,0,,
156,2015-051,2015-06-18,9:20:00,,부산  강서구 대저1동 671-9 남해고속도로(하),부산,강서구,남해고속도로(하)를 운행하던 컨테이너에서 용기파손으로 작재된 화학물질인 솔벤트〔프로필렌그리콜 모노메틸 아세테이트 및 1-메톡시-2-하이드록시프로페인 혼합액〕 약 0.7㎥이 남해고속도로 상에 유출,운송차량,누출,"프로필렌글리콜 모노메틸 아세테이트(70%), 1-메톡시-2-하이드록시프로페인(30%)",,,0,0,0,0,,
157,2015-052,2015-06-18,11:07:00,에어 프로덕츠코리아,경기 시흥시 정왕동 1283-3 ㈜에어프로덕츠코리아,경기,시흥시,사업장 내 질산암모늄(NH4NO3)을 열분해 하여 아산화질소(N2O)를  추출하는 과정 중 냉각장치 고장 및 과열로 인한 아산화질소 10∼  50ℓ(추정)가 유출됨,시설 결함,누출,아산화질소,,,0,0,0,0,,
158,2015-053,2015-06-22,16:03:00,OCI 군산 공장,전북 군산시 소룡동 233 오씨아이㈜ 군산공장,전북,군산시,"폴리실리콘 공정 내 탱크 상부 노출 밸브를 통해 누출을 감지, 지그 이용 누출방지 시도 중 과압 발생으로 실리콘테트라염화물 누출 추정",시설 결함,누출,실리콘테트라염화물,,,0,0,7,0,,100436
159,2015-054,2015-06-23,7:03:00,서부물류,충남 서산시 장홈동 461-10 도로상,충남,서산시,"서산시 잠홍동 이마트 앞 도로 상에서 탱크로리 전복으로 인해 적재되어 있던 아스팔트유 26,000ℓ 중 20,000ℓ 유출",운송차량,누출,아스팔트유,,,0,0,0,0,,
160,2015-055,2015-06-27,17:03:00,삼동스틸,경북 경주시 외동읍 개곡리 582 ㈜삼동스틸,경북,경주시,현대조선소 선박 부품을 제조·납품하는 공장에서 철판용접을 위해 이산화탄소 4.9톤을 보관 중 안전밸브 이상작동으로 액화되어 있던 이산화탄소 누출된 사고,시설 결함,누출,이산화탄소,,,0,0,0,0,,
161,2015-056,2015-06-28,19:46:00,한성,경기 평택시 청북면 고잔리 936-3 ㈜한성,경기,평택시,평택시 소재 위험물저장처리시설 옥내저장소 내 아세트산에틸 용기(200리터 플라스틱 드럼) 뚜껑이 파손되어 가스 일부가 누출,시설 결함,누출,아세트산에틸,,,0,0,0,0,,
162,2015-057,2015-06-29,13:31:00,케이비,전남 광양시 진월면 망덕리 210-52,전남,광양시,광양시 진월동 진월IC 부근 도로에서 탱크로리(28톤 적재)가 논으로 전복되어 콜타르피치(연피치) 약 8.5톤(광양시청 추정) 유출,운송차량,누출,콜타르피치,,,0,0,0,0,,
163,2015-058,2015-07-03,8:20:00,한미메디케어㈜,경기 평택시 모곡동 440-1 한미메디케어㈜,경기,평택시,평택시 소재 공장에서 PAC탱크로리에서 약품탱크로 주입중 배관 결속상태 불량으로 인하여 약품이 유출(약 850L중 50~100L는 회사 밖도도로 유출),안전기준 미준수,누출,폴리염화알루미늄,,,0,0,0,0,,
164,2015-059,2015-07-03,11:31:00,한국 하우톤,충남 아산시 둔포면 둔포리 372-8 공사중 도로(한국하우톤),충남,아산시,운반차량 내 적재되어있던 페일톤이 급커브 구간에서 낙하하여 약 60L(추정) 유출된 사고,운송차량,누출,페일톤,,,0,0,0,0,,
165,2015-060,2015-07-06,9:03:00,금강 서키트,경기 의왕시 오전동 195번지 금강서키트,경기,의왕시,"원료배합중(염소산나트륨, 물) 염소가스가 누출되어 작업자 및 주위 작업장 대피원료배합과정(20% 염소산나트륨 및 35% 염산) 중 누출",시설 결함,누출,염소,,,0,0,0,0,,
166,2015-061,2015-07-08,15:14:00,화산,전북 익산시 금마면 동고도리 3-90 농업회사 화산,전북,익산시,냉동창고에서 사용 중인 1.5톤 암모니아 탱크에서 솔레노이드 밸브 교체 작업 중 전후단 밸브를 차단하고 솔레노이드 밸브를 제거하였으나 전후단 밸브 이상으로 암모니아(약 100kg)가 누출,시설 결함,누출,암모니아,,,0,0,0,0,작물(고구마)밭 약 5000 m2 피해(추정),600만원
167,2015-062,2015-07-10,11:49:00,태광운수,경북 칠곡군 지천면 연화리 114-1 경부고속도로 왜관IC,경북,칠곡군,"경부고속도로 왜관IC 인근(서울방향)에서 화학물질 적재 화물차량 교통사고로 노말-파라핀(Cas No. 644771-72-8) 6,000리터 중 약 2,000리터 유출, 이 중 1,800리터는 노면 유출되고, 200리터는 배수로에 유출",운송차량,누출,노말-파라핀,,,0,0,0,0,,
168,2015-063,2015-07-10,15:35:00,숭실 대학교,서울 동작구 상도동 숭실대학교 형남공학관 8층(825) 실험실,서울,동작구,"신소재학과 석사과정 학생 2명이 유기계물질(Polyethylene Glycol 400, Saccharose, Sodium chlorite, [2-(Acryloyloxy)ehtyl]trimethylammonium chloride)을 플라스틱 폐유기용제 회수통에 폐액 처리 중 용기내부에서 화학반응을 일으켜 역류 및 가스가 발생한 사고",안전기준 미준수,기타,폐유기용제,,,0,0,0,0,,
169,2015-064,2015-07-13,9:24:00,에이치 플러스 에코㈜,인천 부평구 산곡동 306-15 부영공원 내 오염토양정화현장 에이치플러스에코㈜,인천,부평구,"부영공원 오염토양 정화작업 현장(국방부 토양복원사업 현장, 환경공단 감독, 에이치플러스에코(주))의 중금속 세척용 옥내 염산(35%, 5 ton)탱크 작업중 부주의로 배관밸브에서 염산 약 500리터 유출(흄 발생)",시설 결함,누출,염산,,,0,0,0,0,,
170,2015-065,2015-07-15,7:54:00,부광약품,경기 안산시 단원구 목내동 404-4 부광약품,경기,안산시 단원구,부광약품 원료의약품 합성동 건물외부에서 폐 유기용매를 옮겨 담는 과정에서 정전기 발생으로 화재발생,안전기준 미준수,화재,폐유기용제,,,0,0,0,0,,5000만원
171,2015-066,2015-07-17,7:50:00,"케이물류 (운송회사),한국이 콜랩(운송의뢰회사)",경기 안성시 원곡면 반제리 산 142-4 경부고속도로 하행선 안성휴게소 입구,경기,안성시,"경부고속도로 하행선 안성휴게소 입구에서 교통사고로 4.5톤 화물차에 적재된 탱크(1,500리터)에서 배관세척용으로 사용하는 액상 가성소다(45%) 약 20리터 도로 상 유출",운송차량,누출,수산화나트륨,,,0,0,0,0,,
172,2015-067,2015-07-17,11:05:00,유진 케미칼,경북 영천시 도남동 621 도남공단 유진케미칼,경북,영천시,"공장 내 저장탱크(81㎥)에 크랙이 발생하여 저장되어 있던 황산제2철 수용액 약 40㎥(추정, 업체 주장 28㎥)이 유출 그중 일부(확인불가)가 농수로로 흘러들어 소하천으로 유입",시설 결함,누출,황산제이철,,,0,0,0,0,농수로 등 수질오염,
173,2015-068,2015-07-23,9:00:00,백송전자,인천 남구 염전로 261길 26-45(도화동 718) 백송전자,인천,남구,염산(35%) 옥외저장탱크(30톤) 하단 이송밸브 펌프 개스킷에서 염산 (약 10리터 추정) 누출,시설 결함,누출,염산,,,0,0,0,0,,
174,2015-069,2015-07-24,15:07:00,금호석유화학,울산 남구 부곡동 석유화학단지1문 사평삼거리,울산,남구,"금호석유화학(주) 울산고무공장에서 스티렌-1,3부타디엔 공중합체인 라텍스(제품명 : KUMHO KSL-341)를 1㎥ 전용용기에 담아 컨테이너 내부에 적재한 화물트럭이 사평삼거리에서 급회전하다 컨테이너 박스가 도로로 넘어져 제품 용기중 1개가 파손되며 약 100리터 가량 누출된 사고.",운송차량,누출,라텍스혼합물,스티렌,"1,3부타디엔",0,0,0,0,,
175,2015-070,2015-07-27,8:10:00,스템코,충북 청주시 흥덕구 옥산면 남촌리 1111(과학산업4로 79-44),충북,청주시 흥덕구,염산탱크 내 염산순도를 높이기 위한 필터 하우징 부품 파손으로 방류벽 바닥으로 염산(35%) 약 40~50L 유출사고 발생,시설 결함,누출,염산,,,0,0,0,0,,
176,2015-071,2015-07-29,11:00:00,이엔에스코리아,경기 하남시 천현동 6번지,경기,하남시,세정제 운반 작업중 200리터 드럼이 추락하여 약 108리터 유출,안전기준 미준수,누출,코코글루코사이드,,,0,0,0,0,,
177,2015-072,2015-07-30,11:18:00,한익 스프레스,전남 광양시 황길동 497-0,전남,광양시,광양항마리나 센터사거리 컨테이너 차량 전복으로 MDI 추정물질 유출사고(180kg) 발생,운송차량,누출,폴리메틸렌 폴리페닐 아이소사이아네이트,,,0,0,0,0,,
178,2015-073,2015-07-31,10:07:00,중앙통운,경남 양산시 동면 여락리 10-2 인근 7번 국도상 하행,경남,양산시,"25톤 이동탱크차량이 국도 운행 중 우측 축대 공사현장 H빔과 충돌, (급정거, 안전거리 미확보) 이동탱크 외부 철판이 파손되어 윤활유 약 200 L가 외부로 유출된 사고",운송차량,누출,윤활유,,,0,0,0,0,,
179,2015-074,2015-08-04,10:56:00,구로자원,경기 시흥시 정왕동 876-604,경기,시흥시,"부천 삼정동 한일화학공사에서 저장탱크(7,000리터)를 폐기처분하기 위해 구로자원으로 옮긴 후 지게차로 이동 중 밸브가 파손되어 탱크에 남은 폐 질산(60%) 잔량 5리터가 누출된 사고",안전기준 미준수,누출,질산,,,0,0,0,0,,
180,2015-075,2015-08-10,14:10:00,삼우,울산 남구 사평로 251 ㈜삼우,울산,남구,사업장 내 염산저장탱크(40ton) 2기중 1기의 탱크로리로 부터 염산(35%) 입고 작업 중 염산저장탱크 하부 파손으로 인하여 염산 약 22ton 방류제(DIKE) 내로 유출,시설 결함,누출,염산,,,0,0,0,0,,
181,2015-076,2015-08-11,13:00:00,한국 셀프산업,부산  강서구 대저2동 60-7번지,부산,강서구,"제품(자동차왁스)만드는 과정 중 혼합기에 있는 제품을 콤프레샤를 이용 이송시설에 옮기는 과정에서 혼합기 내 공기압력의 과압으로 인한 폭발사고로 추정됨, 현장작업자(대표) 1명 사망, 1명 부상",시설 결함,기타,과압폭발,,,1,0,1,0,,
182,2015-077,2015-08-12,4:41:00,석산 트래드,경기 시흥시 정왕동 2089-3,경기,시흥시,중국에서 수입한 이산화티오요소(염료 탈색제 용도) 재포장(25kg) 적재물(약 1톤)에서 습윤으로 인한 발열반응으로 공장내부 황화수소 흄 발생,시설 결함,기타,이산화티오요소,,,0,0,0,0,,
183,2015-078,2015-08-17,11:01:00,일신화공약품,부산  사상구 모덕로 9(삼락동),부산,사상구,일신화공약품 물류창고 직원이 메탄올 소분작업 중 미상의 원인의화재가 발생하여 소화기로 자체 진화 시도하였으나 실패 후 외부로 대피하여 119로 신고한 사고,안전기준 미준수,화재,암모니아,,,0,0,1,0,,25612만원
184,2015-079,2015-08-21,14:10:00,금성ENC주식회사,경기 안산시 단원구 목내로 44 금성ENC주식회사,경기,안산시 단원구,"2개월 전 신설한 콘크리트 저장탱크(180ton×2기) 중 1기에 폴리염화알루미늄(PAC) 약150톤을 저장하였으나, 저장압력을 견디지 못하고 한쪽 벽면이 무너지면서 전량 유출",시설 결함,누출,폴리염화알루미늄,,,0,0,1,0,일부 PAC 우수관로 유입,
185,2015-080,2015-08-23,5:03:00,한성탱크터미널 화성지점,경기 화성시 팔탄면 버들로 1337-37,경기,화성시,지하저장탱크(6만 리터)에 저장중인 스티렌모노머 약 5만리터가 원인미상의 이상반응으로 증기 발생,시설 결함,기타,스티렌모노머,,,0,0,0,0,,8000만원
186,2015-081,2015-08-24,9:05:00,SK 저유소 부지내,경남 창원시 마산합포구 가포순환로 69,경남,창원시 마산합포구,"SK저유소내 20,000 L용량 유조차량(실내등유 16,000 L 적재)이 저유소내 도로 비탈길을 올라가는 중 브레이크 파열로 인하여 커브길 옆으로 전도되어, 실내등유 약 50 L 미만이 유출된 사고",운송차량,누출,실내등유,,,0,0,1,0,,
187,2015-082,2015-08-30,22:54:00,서울대학교,서울 관악구 신림동 산54 서울특별시대학교 302동 612호,서울,관악구,실험 중 질산 소량이 유출되어 30대 연구원(남자)의 목과 옆구리에 튀어 1도화상을 입은 사고,안전기준 미준수,누출,질산,,,0,0,1,0,,
188,2015-083,2015-09-02,10:00:00,SSI,경북 영천시 급호읍 원기리 55-2,경북,영천시,"5톤의 혼산(질산 60%, 불산 5%, 물 35%)이 저장되어 있는 실외 탱크(10톤 규모)에서 탱크하부 플랜지 균열로 혼산 약 4톤이 유출된 사고(소방추정)",안전기준 미준수,누출,"혼산(질산60%, 불산5%, 물 35%)",,,0,0,3,0,,
189,2015-084,2015-09-04,10:12:00,LG 하우시스,충북 청주시 흥덕구 옥산면 옥산산단3로 9,충북,청주시 흥덕구,"단열재 생산을 위해 페놀, 파라폼알데히드를 혼합하는 반응기 내 발열로 인해 폭발하면서 건물 외벽이 붕괴사고 발생",시설 결함,기타,페놀,수산화칼륨,파라폼알데하이드,0,0,0,0,,
190,2015-085,2015-09-07,19:17:00,선광신컨테이너터미널 ,인천 연수구 송도동 407,인천,연수구,퍼퓨릴 알콜 컨테이너 내부압력으로 인해 뚜껑부위가 파손되고 내용물 일부가 비산된 사고,시설 결함,기타,퍼퓨릴 알코올,,,0,0,0,0,,
191,2015-086,2015-09-11,4:26:00,,"경기 안산시 단원구 별망로 253, 강남화성 뒤쪽",경기,안산시 단원구,울산 KPX에서 안산 강남화성으로 이동 중이던 탱크로리(16톤) 차량에서 드레인밸브 연결 배관 파손에 의해 폴리프로필렌글리콜 약 200여 리터 유출된 사고,운송차량,누출,폴리프로필렌글리콜,,,0,0,0,0,,
192,2015-087,2015-09-12,9:35:00,경기화학물류,경기 화성시 비봉면 화성로1555번길 25 ,경기,화성시,"옥외탱크(34,000L) 밸브 차단 후 배관수리 점검 작업 중 모터 패킹이상으로 포르말린(38%) 약 100L가 유출된 사고",시설 결함,누출,포르말린,,,0,0,1,0,인근하천 물고기 폐사,
193,2015-088,2015-09-23,9:47:00,명진 케미컬,경북 영천시 청통면 청통로 428-4,경북,영천시,톨루엔 저장탱크(50㎥)에서 소용기(18ℓ)로 소분작업 중 정전기 스파크 발생(소방서 추정)으로 유증기에 발화되어 연소 확대된 화재,안전기준 미준수,화재,톨루엔,,,0,0,1,0,,1116만원
194,2015-089,2015-09-30,10:42:00,대희화학,경기 시흥시 협력로 150,경기,시흥시,"암로디핀베실산(고혈압 의약품 원료) 생산을 위해 반응기에 이소프로필알콜(IPA)을 채운 후 고체상 분말인 암로디핀베이스를 투입하던 과정 중 반응기 내부에 순간적으로 화염이 발생(정전기로 추정)하면서, 투입물질 20～30kg(추정)이 반응기 외부로 유출",시설 결함,누출,암로디핀베실산,이소프로필알콜,,0,0,3,0,,
195,2015-090,2015-10-01,15:13:00,국세청 기술 연구소,서울 마포구 아현동 마포대로 183-27 국세청기술연구소,서울,마포구,질산 운반중 용기부식에 의해 약 2~3리터 유출된 사고,시설 결함,누출,질산,,,0,0,1,0,,
196,2015-091,2015-10-02,15:53:00,강원대학교(춘천),강원 춘천시 강원도대학길 1(효자2동 192-1) 강원도대학교 산림환경과학대 1호관 지하 1층,강원,춘천시,강원대학교 산림환경과학대 1호관 지하 1층 산림자원보호학실험 기기실에서 폼알데하이드 유출로 이상가스 및 냄새 발생,시설 결함,누출,폼알데하이드,,,0,0,0,0,,
197,2015-092,2015-10-07,21:37:00,안전물류센터,경기 용인시 처인구 모현면 오산리 269번지 ㈜안전물류센터,경기,용인시 처인구,유해화학물질보관하는 옥내저장소에서 원인미상의 화재가 발생하여 주변 옥외저장소 등으로 연소 확대된 사고,시설 결함,누출,톨루엔,메탄올,메틸에틸케톤,0,0,1,0,,15000만원
198,2015-093,2015-10-08,17:30:00,한국전력,울산 남구 선암동 태광산업㈜ 울산광역시공장 정문 옆,울산,남구,한국전력공사에서 지중화케이블 공사를 위해 지질조사 지하천공 작업 중 수소배관을 파손시켜 가스가 누출됨,안전기준 미준수,누출,수소,,,0,0,0,0,,
199,2015-094,2015-10-16,11:08:00,플러스 켐텍,경기 이천시 신둔면 수남리 190-1 고척사거리,경기,이천시,"5톤 트럭(인천 84다 9740)이 서이천에서 이천 시내방향으로 진행 중 신호대기 중인 차를 피하려다 도로 우측으로 전도되면서 적재된 수용성 액상 본드원료(물 85%, 폴리비닐알콜 15%) 약 3톤이 유출된 사고",운송차량,누출,폴리비닐알콜,,,0,0,1,0,,
200,2015-095,2015-10-18,16:11:00,한양 대학교 구리병원,경기 구리시 경춘로 153 한양대학교 구리병원 지하2층 변전실,경기,구리시,"병원 지하 2층 변전실의 소방시설 오작동(추정)으로 인해 약 1,500㎡범위에 CO2(68리터 67기)가스가 누출 되어 질식사고 발생",시설 결함,누출,이산화탄소,,,0,0,6,0,,
201,2015-096,2015-10-25,17:57:00,원익머트리얼즈,충북 청주시 청원구 오창읍 각리 654-3 ㈜원익머트리얼즈,충북,청주시 청원구,20톤 저장탱크 중 약 5톤 저장되어있던 암모니아수(98%) 저장탱크에서 플로우미터 파손으로 약 10kg 유출된 사고,시설 결함,누출,암모니아수,,,0,0,2,0,,
202,2015-097,2015-10-26,12:05:00,,경북 상주시 낙동면 신오리 상주터널(하행선 창원방면),경북,상주시,경북 상주시 낙동면 상주터널(창원방면)에서 터널 내 1차로 차선 도색작업 중 약 2km 정체된 상태에서 (주)미래화학 시너 적재차량(3.5톤) 조수석 타이어가 파손되면서 터널 벽면과 추돌 후 전복되면서 스파크가 시너에 착화되어 화재발생 - 착화된 시너가 후속차량(9톤 화물차 등)에 옮겨 붙으면서 화재 확대,운송차량,화재,시너(희석제),,,0,0,20,0,,
203,2015-098,2015-10-28,5:33:00,코리아 에폭시,부산  강서구 녹산산단 165로 14번길 11-14 ㈜코리아에폭시,부산,강서구,야간 작업자가 공장동 내부 1톤 용기에 톨루엔을 담는 과정에서 쇠막대기가 넘어지면서 발생한 불티가 체류된 유증기에 착화되어 폭발 및 화재가 발생하여 주변 공장으로 연소 확대된 사고,안전기준 미준수,화재,톨루엔,,,0,0,1,0,일부 소방용수 송정천 유입,
204,2015-099,2015-11-03,15:49:00,삼성전자반도체,경기 용인시 기흥구 삼성로 1 삼성전자반도체 기흥사업장,경기,용인시 기흥구,작업자가 약품 공급장치 내 황산공급장치(S1-Line CCSS) 상부 파열판 압력센서 설치 후 배관교체 작업을 위해 사진 촬영 중 중심을 잃고 넘어져 배관 및 밸브가(재질 : PFA배관 1.5인치) 파손됨. 손상된 부위로부터 황산 약 200㎖가 누출되어 작업자가 접촉된 사고,안전기준 미준수,누출,황산,,,0,0,1,0,,
205,2015-100,2015-11-05,13:59:00,비에스 씨앤씨,경기 호원IC에서 의정부IC(구리방향) 방면 300m 지점,경기,의정부시,"유해화학물질 등을 실은 운반차량(1톤)이 끼어드는 차량을 피하려고 급회전 중 전복되어 황산구리(약 10kg, 분말), 황산니켈(약 15kg, 분말), 붕산(약 10kg, 분말), 염산(약 5리터, 액상), TCE(약 5리터, 액상)가 도로상에 유·누출된 사고",운송차량,누출,"황산구리, 붕산",황산니켈 ,"염산, TCE",0,0,0,0,,
206,2015-101,2015-11-10,8:22:00,,경기 양주시 백석읍 홍죽리 도로상,경기,양주시,2.5톤 화물차량이 양주시 장흥면에서 백석읍 홍죽리 방면 소사고개 내리막 커브길로 진행도중 전복되면서 적재함에 있던 폴리스타(합성수지제품) 100개(20kg/통)가 도로에 떨어져 유출된 사고,운송차량,누출,불포화폴리에스테르수지,,,0,0,0,0,,
207,2015-102,2015-11-11,17:33:00,안동 대학교,경북 안동시 경동로 1375 안동대학교 자연대1호관 3213호 환경생물학실험실(2층),경북,안동시,안동대학교 자연대1호관 환경생물학실험실(2층)에서 보관중인 클로로포름 보관용기(20리터)의 부식으로 클로로포름 약 6리터(추정)가 산화된 금속용기와 반응하면서 파손되어 유·누출되면서 염소가스가 발생한 사고,시설 결함,누출,클로로포름,,,0,0,0,0,,
208,2015-103,2015-11-11,18:31:00,파텍상사,인천 부평구 청천동 67-38 파텍상사,인천,부평구,"옥외저장시설 내 염화티오닐(200L, 드럼통) 약 20L 소분과정 중 500mL(추정)가 유출되어 물과 반응하여 연기 발생한 사고",안전기준 미준수,누출,염화티오닐,,,0,0,0,0,,
209,2015-104,2015-11-16,0:47:00,이수화학,울산 남구 부곡동 154-5 ㈜이수화학,울산,남구,"연성알킬벤젠(LAB : Linear Alkylbenzen)* 제조공정 드레인 밸브 손상으로 불산이 약 1㎥(불산-0.4㎥, 오일(HCBN)-0.6㎥) 누출된 사고",시설 결함,기타,플루오르화수소,,,0,0,0,0,,
210,2015-105,2015-11-27,8:10:00,회천 초등학교,전남 보성군 회천면 남부관광로 2343 회천초등학교,전남,보성군,교내 실험실 시약보관장에서 시약들간 원인미상의 이상반응으로 연기가 발생한 사고,시설 결함,기타,황산 등 33개 시약,,,0,0,0,0,,
211,2015-106,2015-12-02,13:06:00,인곡산업,경기 화성시 양감면 사창리 808-3 인곡산업,경기,화성시,작업자가 사업장 내 소재배합실(위험물취급소)에서 에탄올과 헥산 배합과정 중 원인미상의 냄새가 발생하여 배풍설비를 작동하는 순간 폭발한 사고,안전기준 미준수,폭발,에탄올,에탄올,헥산,0,0,1,0,,1050만원
212,2015-107,2015-12-13,17:41:00,폐기물 공동수거 운영기구㈜,"인천 연수구 동춘동 913-2, 폐기물 공동수거운영기구㈜",인천,연수구,"인천 연수구 “폐기물 공동수거 운영기구㈜”에서 원인 미상의 물질(산, 알카리, 유기용제류 추정)을 약 2m2의 용기에 불법 혼합 저장과정 중 이상반응에 따른 흄 발생으로 작업중이던 인부(3명)가 질식하여 병원으로 후송된 사건",시설 결함,기타,황화수소,일산화탄소,,0,0,3,0,,
213,2015-108,2015-12-18,14:39:00,강원대학교(삼척),강원 삼척시 교동 268-6(강원도대 삼척캠퍼스 제4공학관 307호),강원,삼척시,폐액 저장용기(18L)에서 미상의 물질이 이상 반응하여 폐액 유출 및 흄이 발생한 사고(건물외부 액상 유출 없음),시설 결함,기타,폐액,,,0,0,3,0,,
214,2015-109,2015-12-23,16:40:00,존슨매티 카탈리스트코리아,경기 화성시 장안면 장안공단6길 49 존슨매티 카탈리스트코리아,경기,화성시,고압가스 저장소내 암모니아 압력용기(50kg) 용접부위 파손으로 인해 암모니아가 누출된 사고,시설 결함,누출,암모니아,,,0,0,0,0,,
215,2015-110,2015-12-26,12:00:00,군포 G샘병원,"경기 군포시 당동 730, 군포G샘병원",경기,군포시,G샘병원 6층(수술실 층) 보관실 안에 있던 폼알데하이드 보관용기(5L)의 코크불량(추정)으로 폼알데하이드 소량(0.5L) 유출(군포소방서 보고서),시설 결함,누출,폼알데하이드,,,0,0,0,0,,
216,2015-111,2015-12-28,13:02:00,삼강 신소재,경기 안산시 단원구 별망로 34,경기,안산시 단원구,㈜삼강신소재 공장내에서 가성소다(25%)를 1톤 탱크에서 저장탱크로 이송하기위해 펌프를 가동 시켰으나 기온강하로 가동이 되지 않아 펌프 내 에어 제거중 소량(약2ℓ)의 가성소다 유출로 작업자 2인의 안면부에 비산된 사고,시설 결함,누출,수산화나트륨,,,0,0,2,0,,
217,2015-112,2015-12-31,10:13:00,엠앤이,"경기 용인시 기흥구 탑실로 58번길 11, ㈜엠앤이",경기,용인시 기흥구,경기도 용인시 ㈜엠앤이에서 작업라인 파열로 과산화수소(35%)가 작업자의 안면부에 비산되어 화상환자 발생,시설 결함,누출,과산화수소,,,0,0,1,0,,
218,2015-113,2015-12-31,10:53:00,이화산업,전남 영암군 삼호읍 난전리 1697-4 이화산업,전남,영암군,규산나트륨 제조공정 여과기(원통형)에서 압력이 새는 것을 막음 조치 중 과압에 의해 여과기 폭발로 발생한 사고로 추정,시설 결함,폭발,규산나트륨,,,1,0,1,0,,
219,2015-114,2015-09-18,,남도아크릴,경기 이천시 진상미로 1730,경기,이천시,10:00경 작업 중 부주의로 메틸메타크릴에이트 약 50L 누출,안전기준 미준수,누출,메틸메타크릴레이트,,,0,0,0,0,인근하천 물고기 폐사,
220,2016-001,2016-01-04,13:53:00,한국화공,충남 서산시 성연면 명천리 81-10 인근 명천교차로,충남,서산시,"24톤 탱크로리 차량이 1,3-부타디엔(18톤)을 한화토탈에서 전주 한솔케미칼로 운송중 운전자 부주의로 명천교차로 커브길에서 중심을 잃고 전복된 사고",운송차량,누출,"1,3-부타디엔",,,0,0,0,1,,
221,2016-002,2016-01-10,11:52:00,버드켐,경기 화성시 팔탄면 고주동방길 16-27 버드켐,경기,화성시,"버드켐에서 작업중 폭발음과 함께 연기, 화염생기며 원인미상의 대형화재 발생",시설 결함,화재,톨루엔,자일렌,MEK,0,0,0,0,,28544만원
222,2016-003,2016-01-11,3:31:00,알맥스,인천 남동구 남촌동 613-13 ㈜알맥스,인천,남동구,"원인미상의 화재 진압 완료 후 사업장 내 황산, 인산 저장탱크 발견하였으나 탱크 내 물질은 화재 중 전소하였고 유해화학물질이 섞인 소방용수는 공장외부로 유출된 사고",시설 결함,누출,황산,인산,,0,0,0,0,,
223,2016-004,2016-01-11,13:53:00,인바이오믹스,충북 제천시 송학면 도화리 333-1 ㈜ 인바이오믹스,충북,제천시,"유황합제 제조과정에서 반응기(10톤) 내 황, 생석회, 물이 이상 발열반응으로 압력 상승하여 폭발 후 황화수소 가스가 발생한 사고",시설 결함,누출,황,황화수소,,0,0,0,2,,
224,2016-005,2016-01-13,2:57:00,해성특수,경북 문경시 문경읍 각서리 산 40-1 중부내륙고속도로(창원방면) 문경새재터널 1.6km 지점,경북,문경시,"중부내륙고속도로 문경새재터널(창원방면) 1.6km 지점에서 염산 탱크로리(22ton)가 뒷바퀴 고장으로 갓길에 정차해 있던 택배트럭(11ton, 장난감 운송) 후면을 추돌(졸음운전)",운송차량,누출,염산,,,0,0,0,1,유출된 염산일부 우수로를 통해 터널 외부 유출,
225,2016-006,2016-01-19,2:51:00,대륜상운,전남 장성군 북일면 호남고속도로 장성에서 백양사 방향(순천기점 상행선 104km),전남,장성군,"LG화학(나주공장)에서 출발한 25톤 탱크로리 차량(운송사 : 대륜상운)이 LGflex GL500(제품) 19,990리터를 적재하여 포천으로 운송 중 눈길에 미끄러지면서 중앙분리대 충돌 후 전복되면서 LGflex GL500(약 600리터) 유출된 사고",운송차량,누출,LGflex GL500,,,0,0,0,0,,
226,2016-007,2016-01-20,9:47:00,무진전자,경기 안산시 상록구 사동 1271-11 경기테크노파크 811호무진전자㈜ 실험실,경기,안산시 상록구,"전자재료 식각액*(황산, 질산, 불산, 에칭보조제 함유 제품)을 폐액처리를 위해 폐액통(과산화수소 20 L 용기) 에 넣는 과정 중 통내 남아있던 소량의 과산화수소와 반응하여 폭발한 것으로 추정",안전기준 미준수,폭발,황산,질산,,0,0,0,38,,
227,2016-008,2016-01-22,16:29:00,GS칼텍스광하 주유소,강원 정선군 정선읍 정선로 1045 강원도레미콘 인근 도로,강원,정선군,42번국도에서 1톤 유조차량이 전복되어 등유 500리터 유출,운송차량,누출,등유,,,0,0,0,0,,
228,2016-009,2016-01-30,19:07:00,화류테크,"경북 경주시 외동읍 석계리 1317-5, ㈜화류테크",경북,경주시,염산 교반기에 주석을 넣어 세척하는 과정중 과량의 주석 투입으로 인해 교반기 내 과량의 가스가 발생하여 배기관이 파손된 사고,안전기준 미준수,기타,염산,,,0,0,1,0,,
229,2016-010,2016-02-03,17:28:00,하나화학,"경북 경산시 남천면 남천로 421-44, 하나화학",경북,경산시,소부신나 제조 과정중 배합탱크에 남아있던 800리터 용액(소부신나)이 원인미상으로 폭발한 사고,안전기준 미준수,폭발,톨루엔,메탄올,,0,0,0,0,,
230,2016-011,2016-02-04,13:50:00,한금,경북 포항시 남구 장흥동 1874 ㈜한금,경북,포항시 남구,소둔로(燒鈍爐)*에 연결된 수소배관의 체결상태 불량으로 교체 용접 작업 중 잔류 수소가스 압력에 의한 수소배관 파손(추정)으로 인명피해가 발생,안전기준 미준수,폭발,수소,,,0,0,2,0,,
231,2016-012,2016-02-16,16:41:00,경기보건환경 연구원,경기 의정부시 신곡동 797 경기보건환경연구원 식품분석실험실,경기,의정부시,연구실 내 질산용기의 낙하로 질산이 바닥에 유출되고 인명피해가 발생한 사고,안전기준 미준수,누출,질산,,,0,0,1,0,,
232,2016-013,2016-02-20,10:17:00,대원여객,경기 가평군 청풍면 대성리 804-5 대원여객 고속차고지,경기,가평군,"대원여객 고속차고지 내 자가주유소에 매설된 지하탱크(경유50,000ℓx 4EA) 중 1기에 이동탱크로리(경유20,000ℓ) 운전자에 의해 유류 보충작업 중경유 약 3,500ℓ가 넘쳐 도로상으로 흘러 지나가던 차량에 의해 착화 (추정)되어 차량 1대 소실 및 유류화재 발생. (소방 화재보고서 기준)",안전기준 미준수,누출,경유,,,0,0,0,0,,
233,2016-014,2016-02-28,18:12:00,삼우화학,인천 서구 석남2동 223-256 ㈜삼우화학,인천,서구,염화 제일철 저장탱크 하단부 기초부위 파손으로 인근 알루미늄가공 사업장으로 염화제일철이 유출된 사고(추정),시설 결함,누출,염화제일철,알루미늄,,0,0,0,0,,
234,2016-015,2016-02-29,16:15:00,한국소방기구 제작소,경북 군위군 군위읍 군위공단길 84-11 한국소방기구제작소,경북,군위군,분말소화기 제조 공장 저장탱크 용접 작업중 톨루엔 유증기(추정)에 착화되어 탱크가 폭발한 사고,안전기준 미준수,폭발,톨루엔,,,1,0,2,0,,
235,2016-016,2016-03-05,11:13:00,한화 온산공장,"울산 울주군 온산읍 산남길 32, ㈜한화 온산공장",울산,울주군,질산제조공정의 질소산화물 냉각 응축기의 레벨게이지 전단 플랜지가스킷에서 질산 및 질소산화물이 약 70kg 누출된 사고,안전기준 미준수,누출,질산,,,0,0,0,0,,
236,2016-017,2016-03-11,7:25:00,대송화물,전북 군산시 산단로 109-8 건물 앞 사거리,전북,군산시,"페인트 운반트럭(경북86바1391, 4.5톤 카고트럭)과 덤프차량(25톤) 추돌로 운반트럭에 적재된 1.5톤 IBC용기 2개가 도로로 떨어지면서 뚜껑부분 파손으로 도로상에 페인트가 약 500L 유출된 사고",운송차량,누출,크롬산스트론티움,,,0,0,0,0,,
237,2016-018,2016-03-13,8:04:00,한정특수,충남 서천군 서면 원두리 852-5,충남,서천군,금호미쓰이(여수)에서 서광냉업(서천)으로 운송중이던 염산(35%) 탱크로리(26.5톤)가 논으로 전복되어 약 11톤 유출된 사고,운송차량,누출,염산,,,0,0,2,1,,
238,2016-019,2016-03-13,17:10:00,부곡스텐,부산  강서구 대저로 41 (대저1동) ㈜부곡스텐 공장,부산,강서구,"스텐레스제품(파이프 등)생산 공장으로 제품 부식방지를 위한 암모니아가스를 취급하면서, 작업자가 암모니아가스 용기의 벨브 이상으로 별도 보관한 암모니아가스 용기(50kg) 1기의 가스누출 폭발로 작업자 1명부상",안전기준 미준수,폭발,암모니아,,,0,0,1,0,,
239,2016-020,2016-03-13,22:52:00,안전물류센터,"경기 용인시 처인구 모현면 포은대로896번길 42-38,  ㈜안전물류센터",경기,용인시 처인구,"지하 저장탱크(120m3)에서 KOCOSOL-100 약 3,000리터가 유출된 사고",시설 결함,누출,KOCOSOL-100,,,0,0,0,0,,
240,2016-021,2016-03-14,11:00:00,호남화력발전소,전남 여수시 여수산단로 1203 호남화력발전소,전남,여수시,송유관(지름 10cm)이 터져 벙커C유 약2천리터가 유출되어 이송관 주변 콘크리트 Dike(유출방지 둑)내로 유출됨,시설 결함,누출,벙커C유,,,0,0,0,0,,
241,2016-022,2016-03-15,16:48:00,영진화학(연천),"경기 연천군 백학면 백학산단길 69-72, ㈜영진화학",경기,연천군,PVC 유연화를 위한 증점첨가제 제조공정인 옥탄올과 테레프탈산을 혼합·가열하는 과정 중 폭발 및 화재 발생    ,시설 결함,폭발,DOTP(디옥틸텔레프탈레이트),옥탄올,텔레프탈산,0,0,3,0,,
242,2016-023,2016-03-22,14:13:00,한국화학연구원,"대전  유성구 가정로 141, 한국화학연구원 제1연구동 331호(화학물질 중합반응 실험실) ",대전,유성구,실험 중 원인미상의 폭발로 인하여 비커 등 파손 및 부상 1명 발생,안전기준 미준수,폭발,Diisopropenylbenzene,황,,0,0,1,0,,
243,2016-024,2016-03-24,15:54:00,웅진 에너지,대전  유성구 테크노2로 ㈜웅진에너지,대전,유성구,㈜웅진에너지 사업장 내 폴리실리콘 생산 후 남은 찌꺼기(슬러지)를 모아 놓은 폐기물 적재함에서 자연발화가 발생한 사고,시설 결함,화재,폴리실리콘,,,0,0,0,0,,
244,2016-025,2016-03-29,8:30:00,은진 캐미칼,전북 군산시 증가도길 9 ㈜은진캐미칼,전북,군산시,질산(68%) 저장용기(500kg)를 지게차로 운반작업 중 작업자 부주의로 인해 용기가 낙하하여 파손 후 질산이 유출된 사고,안전기준 미준수,누출,질산,,,0,0,0,0,,
245,2016-026,2016-03-29,10:47:00,대전화물 ,전남 여수시 여수산단로 도로상(이순신대교에서 여수진입지점) ,전남,여수시,"탱크로리와 화물차량의 접촉사고에 의해 화물차량에 적재된 트리메틸올 프로판 8포(20kg)가 도로상 낙하하였으며, 이 중 1포가 터져 도로상에 비산한 사고",운송차량,누출,트리메틸올프로판,,,0,0,0,0,,
246,2016-027,2016-04-04,8:15:00,엠에스테크 놀러지,인천 남동구 고잔동 678-6번지 ㈜엠에스테크놀러지 3층,인천,남동구,"상기 사업장 도금공장 작업장에서 미상의 원인으로 발생한 화재 사고※ 화재 진압 과정 중 공장 내 보관중인 화학물질(취급품목: 황산, 수산화나트륨, 인산)이 소방수와 혼합되어 일부 유출된 것으로 추정",시설 결함,화재,황산,수산화나트륨,인산,0,0,0,0,,
247,2016-028,2016-04-06,16:10:00,신대한 정유산업,경기 화성시 정남면 가장로 334-10 신대한정유산업,경기,화성시,"교반기(30㎥)내 폐산(염산 최대 22%, pH 1)에 소석회 분말을 첨가하여 중화 작업 중 산 증기가 누출되어 인근에서 작업중이던 작업자 5명이 병원으로 후송된 사고",안전기준 미준수,누출,염산,,,0,0,0,13,,
248,2016-029,2016-04-07,21:13:00,동우케미칼(아산),충남 아산시 송악면 외암로 900(39번 국도),충남,아산시,과산화수소(35%) 탱크로리(19톤) 운전자가 갑자기 나타난 동물을 피하다 차량이 전복되어 적재중이던 과산화수소 약 40L가 도로상 유출된 사고,운송차량,누출,과산화수소,,,0,0,0,1,,
249,2016-030,2016-04-09,0:08:00,퍼스트원테크,"충남 천안시 서북구 성환23길 16, ㈜퍼스트원테크 공장",충남,천안시 서북구,"㈜퍼스트원테크 공장에서 화재가 발생하여, 화재진화 작업 중 내부에 보관중이던 황산이 약 600리터 유출된 사고(천안서북소방 확인)",시설 결함,누출,황산,,,0,0,0,0,,
250,2016-031,2016-04-09,9:04:00,이수환경,충남 천안시 서북구 성환읍 연암율금로 461 매주사거리,충남,천안시 서북구,차량에서 질산(48%wt) 30리터 용기가 적재불량으로 낙하하면서 도로상에 질산 약 20리터가 유출된 사고,운송차량,누출,질산,,,0,0,0,0,,
251,2016-032,2016-04-11,10:26:00,PSG 연기공장,"세종 전동면 하노장 5길 14, ㈜PSG 연기공장",세종,전동면,작업자가 액화암모니아를 소분작업(50kg용 이동용기 충전)하던 중 갑자기 “펑”소리와 함께 암모니아 탱크 본체 압력게이지 금속배관이 파손되어 암모니아가 약 70kg 누출된 사고(조치원소방서 보고서),안전기준 미준수,누출,암모니아,,,0,0,0,0,,
252,2016-033,2016-04-13,16:28:00,에코프로,충북 청주시 청원구 오창읍 송대리 311-1 ㈜에코프로,충북,청주시 청원구,질산망간을 이용한 촉매 제조공정 중 발생된 이산화질소가 스크러버의 중화제 투입부 고장으로 미처리된 상태로 배출구를 통해 누출된 사고,시설 결함,누출,이산화질소,,,0,0,0,0,,
253,2016-034,2016-04-19,9:30:00,케이엠씨,경북 포항시 남구 장흥동 1849-2번지 도로상,경북,포항시 남구,내리막길을 가던 탱크로리가 좌회전하기 위해 속력을 줄이는 과정에서 저장탱크 윗부분 덮개가 제대로 닫히지 않아 적재된 폐산이 도로상에 유출된 사고,운송차량,누출,폐산,,,0,0,0,0,,
254,2016-035,2016-04-25,16:22:00,당진 중학교 과학실,충남 당진시 운학길 41 당진중학교 과학실,충남,당진시,액침표본 진열장의 문을 개방하던 중 표본병이 바닥에 떨어지면서 파손되어 포르말린이 유출된 사고,안전기준 미준수,누출,포르말린,,,0,0,0,0,,
255,2016-036,2016-04-28,15:46:00,나노 스페이스,경기 안산시 단원구 별망로 453 나노스페이스,경기,안산시 단원구,아파트형 공장 6층 주차장에서 이사업체 직원이 질산이 담긴 말통을 옮기던 중 18ℓ짜리 말통 1개를 바닥에 떨어뜨려 용기 파손 및 뚜껑이 벗겨지며 유출된 질산이 얼굴에 튀어 발생한 사고,안전기준 미준수,누출,질산,,,0,0,1,0,,
256,2016-037,2016-05-12,9:45:00,미원 스페셜티케미칼 ㈜,전북 완주군 봉동읍 완주산단1로 167 미원스페셜티케미칼㈜,전북,완주군,금일 09:45경 옥외저장탱크 순찰 중 황산탱크에서 황산 1.5 ㎥(추정) 방류벽안으로 유출된 사고,시설 결함,누출,황산,,,0,0,0,0,,
257,2016-038,2016-05-14,10:59:00,프로 그린테크,"경북 포항시 남구 철강산단로 284, ㈜프로그린테크",경북,포항시 남구,"화장품 제조를 위해 원료 혼합물(폼산, 헥실렌)을 고열로 가열하던 중 두 곳(반응기 덮개 벌어짐, 배관 파손)에서 원료물질이 약 50리터 유출된 사고",시설 결함,누출,폼산,헥실렌,,0,0,0,0,,
258,2016-039,2016-05-17,21:29:00,삼경유화,경남 남해고속도로 곤양졸음쉼터에서 부산방향 5㎞지점(곤양IC부근) ,경남,사천시,"위험물 이동탱크차량(25톤, 자일렌 22,570L 적재)이 남해 고속도로 상에서 부산방면으로 운행 중 언덕으로 추락·전도되어 적재된 위험물 유출(약 11,000L)사고 발생",운송차량,누출,자일렌,,,0,0,0,1,,
259,2016-040,2016-05-27,19:40:00,한국 바스프,"전남 여수시 여수산단2로 284, ㈜한국바스프",전남,여수시,"‘16.5.27(금), 19:40∼20:05경 한국바스프 MDI Chamber(건물)내에서 R2200 반응기 맹판(Blind) 제거 작업중 가스(포스겐) 감지기가 울리면서 작업자를 밖으로 철수, 탈의, 샤워를 시킴(개인 보호장구 - 송기마스크 착용)­ Chamber 내부는 상시 대기압보다 낮게 유지되는 압력의 콘크리트 밀폐구조물로 내부에서 누출시 외부로 누출되지 않는 구조(누출가스는 흡수탑으로 이송하여 적정 처리)        ­ 퇴근 후 23:50분경 자택에서 호흡곤란을 호소하여 병원으로 이송(여천 전남병원→광주 전남대병원, 중환자실에 입원), 같이 작업한 근로자 3명도 정밀검사 및 추적관찰 후 이상 없음 확인(병원내원 3명은 귀가)",시설 결함,누출,포스겐,,,1,0,0,0,,
260,2016-041,2016-05-29,22:51:00,미래산업,"경기 부천시 오정구 신흥로 441번길 23, ㈜미래산업",경기,부천시,트리클로로에틸렌(TCE) 용제로 알루미늄을 세척 중 원인미상의 증기가 발생된 사고,안전기준 미준수,기타,트리클로로에틸렌,,,0,0,0,0,,
261,2016-042,2016-05-30,21:37:00,경동원,"경기 시흥시 금이동 704-3, 서울특별시외곽순환도로 판교방향 도리분기점 인근",경기,시흥시,3중 교통사고로 트럭(7.5톤)에 실린 제로폼(냉동창고 단열재) 26개 드럼(230 kg) 중 16개가 고속도로 옆 경사지로 낙하된 사고,운송차량,누출,제로폼-A,제로폼-B,,0,1,0,1,,
262,2016-043,2016-06-01,19:03:00,부산 대학교,"부산  금정구 부산대학로 63번길 2-1, 부산대학교 삼성산학 협동관 906호",부산,금정구,3차원 레이저 실험실에서 학생 3명이 화학물질 실험 과정에서 적린과 염소산칼륨의 화학반응으로 목·얼굴 및 손부위 화상을 입은 사고로 추정,안전기준 미준수,폭발,적린,염소산칼륨,,0,0,2,0,,
263,2016-044,2016-06-04,18:34:00,램테크놀러지㈜,"충남 금산군 군북면 군북로 1056, ㈜램테크놀로지",충남,금산군,"불산(55%) 펌프실 내 필터하우징에서 파열판(압력해소용 디스크)이 터져 연결되어있던 배관을 통해 하역장 내 집수조로 유입되었고, 집수조 내의 자동펌프가 작동하지 않아 불산이 Overflow된 사고",시설 결함,누출,플루오르화수소,,,0,0,0,0,,
264,2016-045,2016-06-05,22:13:00,부흥 산업사,경기 안산시 단원구 산단로68번길 11 부흥산업사㈜,경기,안산시 단원구,알데하이드를 산화시켜 산(농약)을 제조하는 공정에서 원인 미상의 폭발 발생,시설 결함,폭발,아염소산나트륨,,,0,0,0,0,,
265,2016-046,2016-06-13,15:52:00,재료 연구소,"경남 창원시 성산구 창원대로 797(상남동 65-3), 재료연구소 2동 2층",경남,창원시 성산구,재료연구소 2층 수지합성실에서 고분자 식전 용해 실험 중 탄소복합제 용해를 위해 과산화수소와 황산을 취급하던 중 폭발(원인미상-조사중)로 인해 보호쉴드(유리카바)가 폭발해 실험 중이던 연구원 1명이 안면부에 다발성 외상을 입은 사고,안전기준 미준수,폭발,황산,,,0,0,1,0,,
266,2016-047,2016-06-28,2:38:00,이코니,경북 구미시 3공단 2로 127(시미동 170-4) ㈜이코니,경북,구미시,"사업장 옥내에 설치되어 있는 폐산저장탱크(20㎥)에서 원인미상의 이상반응으로 인해 탱크용기 상부에서 Overflow되어 폐산(질산, 염산, 불산 혼합액) 일부가 방류벽 내부로 넘쳐 흄 발생",시설 결함,누출,"폐산(질산, 염산, 황산)",,,0,0,1,0,,
267,2016-048,2016-06-28,9:15:00,고려아연,울산 울주군 온산읍 이진로 139 고려아연㈜ 온산제련소  ,울산,울주군,상기명 장소에서 황산제조시설(TW210) 보수준비 작업을 위해 FAT(Final absortion tower) 내부의 황산(70%)을 배수작업 중 완전히 배수되지 않은 상태에서 Blind flange(300A)의 볼트를 해체하다 내부의 잔류 황산이 유출되어 작업중이던 한림ENG 소속 근로자 6명이 화상을 입은 재해,안전기준 미준수,누출,황산(70%),,,2,0,4,0,,
268,2016-049,2016-07-04,23:31:00,엘에스 특수,"경북 김천시 봉산면 광천리 산 180-6번지, 추풍령휴게소(상행선)",경북,김천시,"경부고속도로 상행선 추풍령휴게소 내 정차하고 있던 에틸아세테이트 탱크로리(25,140L 적재)의 밸브 부분을 서행 중 인 화물차량(카고 24톤)이 추돌하여 주입구 T형 플랜지 부분이 파손 사고 - 플랜지 파손으로 약 200∼300L 에틸아세테이트(99.8%)가 휴게소 주차장으로 유출",운송차량,누출,에틸아세테이트,,,0,0,0,0,,
269,2016-050,2016-07-06,12:01:00,대성여자중학교,대전  동구 대성2길 20 대성여자중학교 과학실,대전,동구,지진(7월 5일 발생)의 여파로 과학실 진열대 선반이 무너지면서 표본병 8개가 파손되어 포르말린 약 10리터(추정) 정도 유출된 사고,시설 결함,누출,폼알데하이드,,,0,0,0,0,,
270,2016-051,2016-07-13,10:07:00,신우 농수산,"부산  사하구 다대동로 6번길 21, 신우농수산 제2공장",부산,사하구,지하 1층 냉동창고 내 노후된 배관이 부식되어 냉매용으로 사용하는 암모니아 가스가 누출된 사고(부산소방본부 상황보고서),시설 결함,누출,암모니아,,,0,0,0,0,,
271,2016-052,2016-07-15,3:25:00,더본냉장,경기 오산시 동부대로 468-31 더본냉장,경기,오산시,냉동창고 지하 2층 기계실 저압탱크와 압축기 사이 플랜지에서 냉매용으로 사용하는 암모니아 약 5~6리터가 누출된 사고,시설 결함,누출,암모니아,,,0,0,6,0,,
272,2016-053,2016-07-21,12:27:00,우영 C&P,울산 남구 두왕동 136-5 신두왕사거리 도로상,울산,남구,운반차량에서 적재되어 있던 황산저장 플라스틱용기 4개가 도로상에 낙하하여 이 중 3개의 저장용기가 파손되어 황산이 약 45L유출된 사고  ,운송차량,누출,황산,,,0,0,0,0,,
273,2016-054,2016-07-26,7:56:00,KOC 솔루션,"세종 부강면 금호선말길 64, ㈜KOC솔루션",세종,부강면,(주)KOC솔루션 사업장에서 제품(KOC KR 70A) 보관 중이던 200L드럼통에서 미상의 원인으로 가스가 누출된 사고,시설 결함,누출,"2,3-에피티오프로판",,,0,0,0,0,,
274,2016-055,2016-07-27,18:05:00,노바켐텍,"경남 양산시 유산공단4길 50, 노바켐텍",경남,양산시,사업장 내 반응기에서 중합반응 중 미상의 원인에 의해 폭발음을 동반한 화재가 발생한 사고,시설 결함,화재,자일렌,에틸아세테이트,톨루엔,1,0,2,0,,
275,2016-056,2016-07-28,15:17:00,애드 바이오텍,"강원 춘천시 동내면 거두단지 1길 39, ㈜애드바이오텍",강원,춘천시,신제품 동물사료 원료 배합* 과정에서 폭발 및 화재 발생 * 원료 배합 : 오배자추출물(11.8kg) + 아염소산나트륨(8kg) + 산딸기추출물(0.2kg)   * 아염소산나트륨 물질 특성 : 유기물과 혼합시 충격과 마찰에 민감함,안전기준 미준수,폭발,아염소산나트륨,,,0,0,2,0,,
276,2016-057,2016-07-29,18:05:00,동백통운,전북 군산시 개정면 통사리 233-1,전북,군산시,"정차 중인 염산 탱크로리(25톤, 전북91사8106)에서 크랙이 발생하여 염산(35%) 약 50리터(추정) 유출된 사고",운송차량,누출,염산(35%),,,0,0,0,0,,
277,2016-058,2016-08-03,10:32:00,효성,울산 남구 용연로 130 ㈜ 효성 용연 3공장,울산,남구,NF3* 제조공정의 최종 정제탑(DA-3550) 하부 펌프(GA-3551B)를 운전중 유량 및 토출압력 등이 정상 운전조건을 벗어나는 이상이 발생하여 예비펌프(GA-3551A)로 전환하기 위하여 예비펌프의 가동스위치를 누르는 순간 원인미상의 폭발이 발생하여 펌프 및 배관 등이 파손되고 내부의 NF3가 외부로 유출됨. 소방대 및 관계자에 의해 주배관 차단 완료(배관 내 NF3 약500KG 중 약100KG 유출),안전기준 미준수,누출,삼불화질소,,,0,0,7,0,,
278,2016-059,2016-08-04,10:35:00,동양환경,대전  대덕구 문평동로 2 인근 도로상,대전,대덕구,폐산 수거 화물차량에서 폐산 보관용기가 파손되어 도로상에 폐염산 약 15리터 유출된 사고,운송차량,누출,염산,,,0,0,0,0,,
279,2016-060,2016-08-06,13:00:00,"한국탱크로리 (울산 소재), 한라특수화학 (충북 제천 소재)",경남 양산시 동면 가산리 1202-9 호포역 맞은편 경남정비 주차장,경남,양산시,탱크로리(울산80사2379) 차량고장으로 타 탱크로리(충북83아7714) 차량으로 황산 이송작업 중 연결호수 터지며 탱크로리 관계자 3명 부상 및 유출된 사고(경남소방본부 상황보고서),운송차량,누출,황산,,,1,0,2,0,,
280,2016-061,2016-08-09,15:06:00,동서 열처리 공장,"부산  사상구 삼락동 360-20, 동서열처리 공장",부산,사상구,상기 공장에서 열처리용 암모니아 용액 용기(50kg*2개)의 연결호스 파손(자연파손 추정)되어 누출,시설 결함,누출,암모니아,,,0,0,0,0,,
281,2016-062,2016-08-12,8:55:00,와이피티㈜,"경기 안산시 단원구 신원로 147, 와이피티㈜",경기,안산시 단원구,폐질산(1톤) 수거를 위해 지정폐기물업체인 ㈜동우의 탱크로리 차량이 수거 중 이송배관 주입구 커플링 노후로 질산 약 15ℓ(추정) 유출,운송차량,누출,질산,,,0,0,0,0,,
282,2016-063,2016-08-14,5:25:00,삼성중공업,경남 거제시 장평3로 80 삼성중공업 거제조선소,경남,거제시,"건조중인 FLNG선박 엔진실 바닥에 설치된 배관 이음새에서 염산(33%, 살균)이 약 40리터(추정) 유출된 사고 ",시설 결함,누출,염산(33%),,,0,0,0,0,,
283,2016-064,2016-08-22,15:17:00,한국서부발전,충남 태안군 원북면 방갈리 830-5 한국서부발전,충남,태안군,"발전소 9,10호기 시험가동중 암모니아 저장탱크 탈질공정 기화기 내 안전밸브에서 암모니아 소량 누출되어 1명 부상자 발생한 사고",시설 결함,누출,암모니아,,,0,0,1,0,,
284,2016-065,2016-08-24,10:01:00,삼양사인천1공장,"인천 서구 백범로 726, ㈜삼양사 인천광역시1공장",인천,서구,"사업장 내 변성전분공장 벽체 작업 중 충격에 의해 염산(9%) 저장탱크(최대용량: 22t) 하부 연결밸브가 파손되어 저장중이던 6~7t이 전량 유출되어, 방류벽 내부에 고이고 일부(100ℓ)가 방류벽 외부로 유출(인천 서구청 보고서)",안전기준 미준수,누출,염산(9%),,,0,0,0,0,,
285,2016-066,2016-08-30,6:40:00,럭키산업,"광주 광산구 하남산단 1번로 43, ㈜럭키산업",광주,광산구,"섬유유연제 제조에 사용되는 계면활성제(제품명 ELOTANT GIO50)* 옥외 저장시설(시설용량 : 20톤, 저장량 : 약 2.9톤 추정)과 원료배합기를 연결하는 이송배관(직경 50A)에 설치된 펌프 전단 접속플랜지 가스켓(석면재질)이 파손되어 저장시설 내 보관 중이던 계면활성제 약 400kg(추정)이 유출*계면활성제(Imidazolium compounds CAS No. 72749-55-4, Ethanol 64-17-5, polyoxyethylene ether 9002-92-0, Ethylene glycol 107-21-1의 혼합물) : 기존물질",시설 결함,누출,계면활성제,,,0,0,0,0,"장수천 및 풍영정천 어류(누치, 붕어, 잉어 등) 폐사",
286,2016-067,2016-09-02,2:29:00,영진폴리캠㈜,"경기 김포시 양촌읍 학운공단로 39, 영진폴리캠㈜",경기,김포시,영진폴리캠㈜ 생산동 2층(제2석유류 완제품 창고)에서 원인 미상의 화재가 확대되어 옥내 저장창고에 보관중인 톨루엔 1드럼(200kg)이 소실됨 ,시설 결함,화재,톨루엔,,,0,0,1,0,,
287,2016-068,2016-09-06,1:34:00,,"경북 김천시 아포읍 대성리, 중부내륙고속도로(창원방향) 김천 2터널 입구 200m 전",경북,김천시,중부내륙고속도로를 통해 부산에 위치한 동국제강 부산공장으로 납품하는 과정에서 졸음운전에 따른 전방주시 태만으로 컨테이너 트레일러 후미를 추돌하여 화물차(4.5톤_개별화물)에 적재되어 있던 포리콘 탱크(1톤) 하단부가 파손되어 무수크롬산(12%) 전량이 도로에 유출,운송차량,누출,무수크롬산(12%),,,0,0,0,0,,2000만원
288,2016-069,2016-09-09,9:09:00,성호포리캠,"부산  강서구 녹산산단165로14번길 11-17, 성호포리캠",부산,강서구,"포름알데하이드 FRP저장탱크(30톤)가 원인미상의 파열로 인해 탱크내 저장되어있던 포름알데하이드 10톤(약 고상 8톤, 액상 2톤) 중 액상 2톤이 우수관로로 유출 발생",시설 결함,누출,포름알데하이드(37%),,,0,0,0,0,,800만원
289,2016-070,2016-09-23,15:00:00,의성산업㈜,"경북 의성군 단밀면 낙정리 848, 의성산업㈜",경북,의성군,"사업장 옥내에 설치되어 있는 중합탱크(1호기)에서 다이에틸아민(85%)과 폼알데하이드(37%)을 반응도 57:43 비율로 열을 가하여 반응시켜 시멘트 혼화제를 제조하는 과정에서 반응조가 역류하여 지하 방류 방지시설에 유입되었으며, 해당 반응물을 회수하는 과정에서 회수 호스에 구멍이 생겨 약 1톤(추정) 정도가 부지내 우수관으로 흘러들어 인근 수정천으로 유입되어 물고기 폐사",시설 결함,누출,포름알데하이드(37%),다이에탄올아민(85%),,0,0,0,0,물고기폐사,
290,2016-071,2016-10-07,14:45:00,서광데코,경기 포천시 가산면 금현리 471-1 서광데코,경기,포천시,위험물 옥외저장소에서 용기에 옮겨 담던 중 화재·폭발이 발생하여 인근 컨테이너 4동 중 3동 화재로 소실,안전기준 미준수,화재,톨루엔,MEK,에틸알콜,0,0,0,0,,1670만원
291,2016-072,2016-10-10,,제삼특장㈜,"충북 청주시 흥덕구 직지대로 240번길 38, 인근 도로상",충북,청주시 흥덕구,제삼특장(주) 탱크로리 차량이 아세트산 에틸(99%)을 운반하고  복귀하던 중 도로가에서 탱크 내 잔량확인을 위해 밸브를 열어 아세트산 에틸(99%) 약 1L가 도로상에 유출된 사고,운송차량,누출,아세트산에틸,,,0,0,0,0,,
292,2016-073,2016-10-24,13:40:00,금정,"울산 울주군 온산읍 산남길 17-22, ㈜금정 공장동",울산,울주군,인조대리석 경화제 (KJ-PM30)의 원료로 사용되는 반제품(TBHPO)을 제조하기 위하여 건조동에서 수분이 함유된 TBHPO 분말을 건조기에서 건조 후 꺼내던 중 화재 및 폭발이 발생한 사고,시설 결함,화재,Tert-Butyl monoperoxymalate,,,0,0,1,0,,3186만원
293,2016-074,2016-10-26,0:03:00,신일도금,"광주 광산구 하남산단 6번로 73-9(오선동 270-75), 신일도금",광주,광산구,"화재로 폐수저장조(FRP, 5m3×2)가 용융되어 저장조에 보관 중이던 무수 크롬산을 함유한 폐수(4톤) 및 도금원액(유출량 추정 중, 3톤 저장조)이 유출",시설 결함,누출,"무수 크롬산 폐액(0.018%, 추정)",,,0,0,0,0,,4631만원
294,2016-075,2016-11-05,23:28:00,더본냉장,경기 오산시 동부대로 468-31 더본냉장,경기,오산시,"냉동창고 3층, 냉장용 냉매가스 배관 보수 작업 중 배관 내에 남아있던 암모니아가 누출되어 발생한 사고",시설 결함,누출,암모니아,,,0,0,0,0,,
295,2016-076,2016-11-09,8:28:00,CJ헬스케어,"경기 이천시 마장면 덕평로 811(덕평리 508), CJ헬스케어 연구소",경기,이천시,실험실 입구에 있는 시약장 정리 중 질산 PE병이 바닥에 낙하 하면서 질산이 튀어 질산 5kg 유출,안전기준 미준수,누출,질산,,,0,0,1,0,,
296,2016-077,2016-11-16,,여천NCC㈜(㈜동백운수),"전남 여수시 여수산단2로 220-62, 여천NCC㈜ 여수3공장 사업장 내",전남,여수시,"㈜동백통운 황산 탱크로리(전북98사 3016) 차량이 여천NCC 3공장 폐수처리장 황산 저장탱크 방류턱 내에 정차하고 하역작업을 위해, 탱크로리 뒷부분에 위치한 송출배관 CAP(덮개)을 여는 순간 황산이 유출되어 운전자에게 쏟아지는 사고 발생(약 30리터 유출) ",운송차량,누출,황산,,,0,0,1,0,,
297,2016-078,2016-12-13,7:51:00,GC테크 ,"경기 화성시 남양읍 신남로 299번길 9-4(신남리 1347), ㈜GC테크 기업부설연소",경기,화성시,"자동차 세정제를 만드는 공장으로 실험과정에서 질산 20L, 메탄올 10L, 불화암모늄 500g 순서로 혼합하여야 하나 불화암모늄, 메탄올 순서를 잘못 넣으면서 화학반응을 일으키면서 노란색 가스가 누출되어 악취 발생(경기소방본부 상황보고서)",안전기준 미준수,누출,질산,메탄올,산성불화암모늄,0,0,1,0,,
298,2017-001,2017-01-03,10:38:00,소포석유,전남 진도군 지산면 지산민속로 636 부근 도로상,전남,진도군,운전부주의로 유류(등유 약 800L 적재) 운반차량(1톤)이 농로에서 전복되어 적재한 등유 약 200L가 도로로 유출 추정,운송차량,누출,등유,,,0,0,0,1,,
299,2017-002,2017-01-22,5:42:00,SK종합화학,"울산 남구 신여천로 2(여천동), SK종합화학㈜",울산,남구,NRC공정 내 수소를 고압으로 압축하는 P-C 7202B 설비의 석션밸브(suction valve) 플랜지 부위에서 저순도 수소가스가 누설되어 연소범위 내 폭발한 것으로 추정,시설 결함,폭발,수소,,,0,0,0,0,,
300,2017-003,2017-01-23,7:14:00,국민양초,경기 포천시 내촌면 음현리 460-2 국민양초,경기,포천시,양초제조업체(국민양초) 공장에서 화재발생(파라핀 100톤 보관),시설 결함,화재,파라핀,,,0,0,0,0,,
301,2017-004,2017-02-02,13:29:00,,경기 남양주시 내곡IC(임송삼거리 방향 도로상),경기,남양주시,"군용 탱크로리(16,000L) 차량이 운행 중 단독 교통사고로 전도되면서 탱크 맨홀 부분에서 경유가 유출됨",운송차량,누출,경유,,,0,0,0,1,,
302,2017-005,2017-02-14,15:31:00,호남제빙,"광주 광산구 소촌로 9-10, ㈜호남제빙",광주,광산구,"운전 정지 중인 냉동기의 압축기 급유밸브에서 암모니아 가스가 누출되는 것을 안전관리자가 인지하고, 약 3분 이내 급유밸브를 차단함.(누출량 : 약25L 추정)",시설 결함,누출,암모니아,,,0,0,0,0,,
303,2017-006,2017-02-15,9:13:00,아이씨비,"울산 울주군 온산읍 덕신로 505(방도리 584), ㈜아이씨비",울산,울주군,OLED Display 소재(제품명 : YM-2A) 제조 공정 중 반응이 완료된 제품과 용매(헵탄 + 아세트산에틸)의 혼합액*을 반응기(R-209)로부터 누체필터(Nutsche Filter)로 이송한 후 진공펌프를 이용하여 용매와 제품을 분리하던 중 누체필터 상부에서 원인미상의 화재가 발생한 사고,시설 결함,화재,아세트산에틸,헵탄,YM-2A,0,0,0,0,,640만원
304,2017-007,2017-02-28,10:39:00,충남대학교,"대전  유성구 대학로 99, 충남대학교 공대1호관(W3)",대전,유성구,"충남대학교 학생(고OO, 1학년)이 공대1호관 신소재공학과 사무실에 보관중이던 염산 상자(1L용액 5병)를 실험실(351호)로 운반도중 용기낙하로 파손되어 복도에 염산 1L 유출된 사고",안전기준 미준수,누출,염산(35~37%),,,0,0,0,0,,
305,2017-008,2017-03-02,7:59:00,동원물류,"경기 안성시 원곡면 청원로 1752-122(내가천리 208-1), ㈜동원물류",경기,안성시,동원물류 창고 냉동시스템의 냉매용 암모니아(순환량 8 ton) 중 일부가 노후화된 이송배관(10 mm) 균열(가로 4 mm × 세로 1mm미만)로 인하여 약 1시간 가량 누출된 사고,시설 결함,누출,암모니아,,,0,0,0,0,,
306,2017-009,2017-03-02,13:37:00,에스디통운,경남 진주시 호탄동 207-4(남해고속도로 부산방면 진주IC 앞),경남,진주시,여수(금호미쓰이)에서 창원(혜성디에스)로 운송중이던 염산(35%) 탱크로리의 내부 고무라이닝 부식으로 인해 약 2∼3cm의 균열이 발생하여 약 10∼20L의 염산이 도로상에 유출된 사고,운송차량,누출,염산(35%),,,0,0,0,0,,
307,2017-010,2017-03-03,2:09:00,유트로닉스,"경기 안산시 단원구 신원로 373(목내동 398-8), 유트로닉스 1공장",경기,안산시 단원구,"2층 FPCB 에칭 보조탱크(Ⅰ)에 염산이 부족하여 주입밸브(버튼식)를 약 10분간 조작·주입하던 중, 연결된 보조탱크(Ⅱ, 수용능력: 260ℓ)로 염산(35%)이 역류되어 약 100ℓ(추정)가 공정 바닥으로 유출",안전기준 미준수,누출,염산(35%),,,0,0,0,0,,
308,2017-011,2017-03-04,7:34:00,호서대학교,"충남 아산시 배방읍 호서로79번길 20, 호서대학교 벤처창업기업관",충남,아산시,호서대학교 벤처창업기업관 건물 3층 305호에서 실험 준비 중 뒤편 유기용제 보관 장소에서 화재발생,시설 결함,화재,헥산,아세트산에틸,다이클로로메탄,0,0,0,0,,9546만원
309,2017-012,2017-03-12,11:12:00,,충남 아산시 둔포면 신남리 1489-2 43번 국도 상,충남,아산시,아산시 둔포면 43번 국도 신남교차로 커브길에서 트레일러(20ton)가 전도되어 과산화수소(35%)가 소량 유출된 사고(유출량 20 L 추정),운송차량,누출,과산화수소,,,0,1,0,0,,
310,2017-013,2017-03-20,10:19:00,태화제빙,"제주 제주시 임항로 37-8, 태화제빙",제주,제주시,노후화된 얼음 제조시설 가동 중 암모니아 가스냉각기의 압력상승으로 안전밸브가 작동하면서 암모니아가스를 포집하는 수조로 배출되는 과정에서(순환펌프고장) 대기로 방출됨(누출량 : 약 2 kg 추정),시설 결함,누출,암모니아,,,0,0,1,0,,
311,2017-014,2017-03-31,13:47:00,원익머트리얼즈,"충북 청주시 청원구 오창읍 과학산업3로 112, ㈜원익머트리얼즈",충북,청주시 청원구,(주)원익머트리얼즈 부설연구소에서 F2(20%)와 CO2를 반응시켜 생성된 CF2(OF)2를 테스트 룸으로 이송을 위해 배관의 밸브를 여는 순간 CF2(OF)2 저장용기가 폭발(추정),시설 결함,폭발,Bis(fluoroxy)perfluoromethane,,,0,0,0,1,,3000만원
312,2017-015,2017-04-10,15:26:00,인지중학교,부산  해운대구 반여로 142(반여동 1621) 인지중학교 과학실,부산,해운대구,교내 과학실 청소 중 유독물질인 나트륨을 염화나트륨으로 오인하여 물로 씻어 처리하는 과정에서 화학반응으로 폭발이 일어난 사고,안전기준 미준수,폭발,나트륨,,,0,0,4,0,,
313,2017-016,2017-04-23,11:32:00,CJ제일제당 안산공장,"경기 안산시 상록구 용담로(팔곡 2동 27), CJ제일제당 안산공장",경기,안산시 상록구,CJ제일제당 안산공장 내 1층 염산 이송 배관 작업을 위해 2층 차단밸브 조작 중 밸브이탈로  중 배관 파손으로 염산이 유출된 사고,안전기준 미준수,누출,염산,,,0,0,2,0,,
314,2017-017,2017-04-26,8:19:00,OCI 군산 공장,전북 군산시 해망로 427 도로상,전북,군산시,"군산OCI에서 23,000L 염산을 싣고 경남 양산으로 가던 중 택시가 급좌회전을 하여 탱크로리 차량이 급제동하던 중 상부 2번 맨홀에서 염산 20L가 도로상에 유출된 사고",운송차량,누출,염산,,,0,0,0,0,,
315,2017-018,2017-05-02,12:16:00,,"인천 남구 주안동 5-42번지, 인근 도로상",인천,남구,"누리화학소속 유해화학물질 운반차량(1톤)이 질산(68%) 30통(20ℓ/통), 염산(35%) 22통(20ℓ/통)을 적재하고 주행하던 중 질산 1통(20ℓ)이 원인 미상으로 깨져 간선도로에 유출",운송차량,누출,질산,,,0,0,0,0,,
316,2017-019,2017-05-02,15:55:00,,경기 용인시 처인구 양지면 한터로 707(정수리고개 광주광역시방향),경기,용인시 처인구,"경기 용인시 처인구 한터로 인근 도로(경사로)를 주행하던 5 ton 트럭에서 톨루엔 용기(850 kg × 2개)가 낙하되어, 1개(850 kg)에서 유출된 사고",운송차량,누출,톨루엔,,,0,0,0,0,,
317,2017-020,2017-05-03,8:06:00,황산정수장,전남 해남군 황산면 우항리 산30-3번지 황산정수장,전남,해남군,미사용으로 보관 중이던 염소 용기 3기(각 100kg) 중 1기(잔량 약 70kg)에서 용기 사용기한(’15.5월) 초과에 따른 주입구 노후화로 염소가스 소량 누출,시설 결함,누출,염소,,,0,0,0,0,,
318,2017-021,2017-05-07,13:47:00,한농화성,전북 군산시 외항 1길 24(소룡동 587),전북,군산시,"메틸아크릴레이트 옥외저장탱크(탱크용량 27 ㎥, 보관량 11,596 kg)가 냉각기 오작동으로 온도(정상 23 ℃ → 70 ℃)가 상승하였고 이 때문에 압력이 상승하여 브리드 밸브로 메틸아크릴레이트 소량(약 1 kg 추정)이 증기 배출되어 악취가 발생한 사고",시설 결함,누출,메틸아크릴레이트,,,0,0,0,0,,
319,2017-022,2017-05-08,14:46:00,세아제강,"경남 창원시 성산구 공단로 280(웅담동 50), ㈜세아제강",경남,창원시 성산구,강철을 접합하기 위한 용접작업*과정에서 분배기 교체작업 중 누설 되어 체류된 수소가스가 정전기(스파크)에 의하여 폭발된 사고(추정),안전기준 미준수,폭발,수소,,,0,0,2,0,,
320,2017-023,2017-05-11,17:52:00,협진알씨,"경남 양산시 산막공단남11길 65-9, 협진알씨",경남,양산시,"폐산(폐질산 30%, 불산 8%)수거 탱크로리(22.5 ton, 적재량 9.5 ton)의 상부(해치커버)에서 노란 연기 발생, 탱크로리에서 저장탱크로 폐산 이송 과정에서 압력이 상승되어 탱크로리 상부(해치커버)에서 노란 연기와 함께 압력이 방출됨, 사고대응 활동을 위해 원점으로 접근 중 시야 확보가 어려워 인근의 저장탱크 배관을 파손하여 폐인산이 누출되는 2차 사고가 발생 하였으나 방류벽 밖으로 확산되지 않아 추가 피해는 발생되지 않음",시설 결함,누출,질산(30%),불산(8%),,0,0,0,0,,
321,2017-024,2017-05-13,14:27:00,풍성산업,"충남 천안시 서북구 백석공단 1로 97-14, ㈜풍성산업",충남,천안시 서북구,폐황산(황산제1철 미량 + 기타 찌꺼기 등)*을 저장탱크(30ton)에 옮겨 담는 과정에서 탱크 내 미상의 잔류물질(염화제1철 추정)과 폐황산이 반응하여 흄 발생 추정,안전기준 미준수,누출,폐황산,,,0,0,0,0,,
322,2017-025,2017-05-30,11:18:00,동해가스산업 ,울산 남구 산업로(여천동) 428 ㈜동해가스산업 ,울산,남구,"㈜홍인화학에서 염소가스(100kg × 12개)를 충전하여 운반차량(5ton 트럭)을 이용해 ㈜동해가스로 이송하여 검수중, 1개의 저장용기의 가용전*이파손되어 염소가스가 누출된 사고",시설 결함,누출,염소,,,0,0,1,0,,
323,2017-026,2017-06-01,7:52:00,㈜삼원,"부산  사상구 사상로 375번길 54(덕포동 371-12), ㈜삼원",부산,사상구,㈜삼원(폐수처리장) 공장내부 폐수저장수조(80 ton) 내 폐기물 슬러지에서 미상의 황색가스가 발생된 사고,시설 결함,누출,황산,질산,이산화질소,0,0,0,0,,
324,2017-027,2017-06-07,,동성코퍼레이션 여수공장,"전남 여수시 여수산단2로 223-40(화치동 1023), ㈜동성코퍼레이션 여수공장",전남,여수시,유기과산화물 원료로 사용되고 남은 과산화물(TBHP)을 공정 내 중화조에 주입 및 폐기 처리하는 과정에서 과산화물이 얼굴 및 목 주변에 튀어 부상자가 발생한 사고,안전기준 미준수,누출,과산화물,,,0,0,1,0,,
325,2017-028,2017-06-09,13:57:00,,부산  부산진구 개금동 도로(부산 광역시 부산  진구 엄광로 50(개금동 540-158)),부산,진구,노후상수관 교체 공사 중 땅속에 있던 미상의 깨진 유리병(약 500㎖용량 추정)에서 미상의 노란색 물질이 나와 작업자 2명이 흡입한 후 인후통 및 어지러움을 호소하여 병원 이송,시설 결함,누출,염소,,,0,0,0,0,,
326,2017-029,2017-06-24,11:50:00,OCI 군산 공장,전북 군산시 외항로 82(소룡동 233)),전북,군산시,폴리실리콘 제조공정(P2) Residue Part 사염화규소 회수탑 배관에 설치된 밸브 노즐 용접부 균열로 약 1~2kg(추정) 누출,시설 결함,누출,사염화규소,,,0,0,0,0,,
327,2017-030,2017-06-26,11:10:00,상지대학교,"강원 원주시 상지대길 83, 상지대학교 자연과학관 2층 실험실",강원,원주시,실험을 마치고 질산과 염산을 폐기하던 중 폐기물 용기 내 이상반응이 발생하여 용기가 파손되어 인명피해가 발생한 사고,안전기준 미준수,기타,질산,염산,,0,0,5,0,,
328,2017-031,2017-06-26,14:32:00,양양군 오색정수장,"강원 양양군 서면 오색리 503-4, 강원도도 양양군 오색정수장",강원,양양군,"양양 오색정수장 내 염소용기보관소에 보관중이던 염소용기(100 kg) 중 하나의 용기 상단 주입구 부위에서 가스가 누출(약 20 kg, 추정)되어 점검 중이던 직원이 소량의 염소가스를 흡입한 사고",시설 결함,누출,염소,,,0,0,0,0,,
329,2017-032,2017-06-27,10:15:00,솔브레인㈜ 제1공장,충남 공주시 공단길 34-19(검상동 725-15),충남,공주시,"질산 정제시설 내 이송배관의 개스킷 교체작업 중 자동펌프가 작동하여, 작업부위로 질산 약 30kg이 유출(비산)되어 작업자 2명이 부상을 입은 사고",안전기준 미준수,누출,질산(63∼73%),,,0,0,2,0,,
330,2017-033,2017-07-08,14:10:00,강원도 동해 GS전력 북평화력발전소,강원 동해시 북평산단소재강원 동해 GS전력 북평화력발전소,강원,동해시,염산저장탱크(10T)하부 공급배관의 밸브와 연결부위 플랜지 사이의 크랙으로 약 30L 염산 유출되어 흄이 발생한 사고,시설 결함,누출,염산,,,0,0,0,0,,
331,2017-034,2017-07-10,8:57:00,상원상공,"경기 안성시 미양면 협동단지길 44,(보체리 325-30)",경기,안성시,"질산(68 %) 저장탱크(용량 15 ton, 저장량 4 ton)의 유량계 밸브파손으로 인하여 방류벽내에 질산 2 ton(추정)이 유출된 사고",시설 결함,누출,질산,,,0,0,0,0,,
332,2017-035,2017-07-12,8:58:00,세아특수강(충주),충북 충주시 충주산단2로 103(용탄동 1135-1)㈜세아특수강,충북,충주시,염산 탱크로리차량(서울 소재 85아 6097-유신상사)에서 세아특수강 지상 저장탱크로 주입 중 마무리단계에서 호스 연결 커플링 볼트 풀림에 의한 염산 약 100kg(추정)가 트렌치로 유출된 사고,시설 결함,누출,염산,,,0,0,0,0,,
333,2017-036,2017-07-17,10:55:00,경동화학 ,울산 남구 장생포로 93 상안사거리,울산,남구,"㈜경동화학 소속 25톤 탱크로리가 울산시 남구 매암동 소재 ㈜후성에서 염산(35%) 26,280kg을 상차하여 당사로 운송하던 중, 탱크 측면에 원인미상의 천공이 발생하여 염산 약 50kg이 도로상에 유출된 사고",운송차량,누출,염산(35%),,,0,0,0,0,,
334,2017-037,2017-07-18,8:30:00,세아특수강(포항),경북 포항시 남구 괴동로 40(장흥동 747)㈜세아특수강 포항공장,경북,포항시 남구,"염산탱크 5개 중, 3번탱크에서 1번탱크로 염산 이송 과정중에 주변 작업자가 배관을 건들여 용접 연결부가 빠지면서 약 15~20L가 누출된 사고",안전기준 미준수,누출,염산,,,0,0,0,2,,
335,2017-038,2017-07-19,17:55:00,한일화학,경기 시흥시 공단 1대로 80번길 17(정왕3동 1252-9 시화공단 1다 408)㈜한일화학,경기,시흥시,"암모니아수 저장탱크(28%, 2.5톤)에 연결된 물공급 배관(PVC)과 볼밸브 연결부가 탈락되어 암모니아 가스가 누출된 사고  ",시설 결함,누출,암모니아,,,0,0,0,0,,
336,2017-039,2017-07-19,18:56:00,한국탱크로리,울산 울주군 청량면 화창 6길 24,울산,울주군,"㈜한국보팍터미널에서 CJ 라이온(인천)으로 이동 중인 이호특수화학㈜ 소속 25톤 탱크로리(울산80아5358)의 하부 배관이 파손되면서 적재되어있던 화학물질(AO1418) 일부가 도로상에 유출되어, 확산방지 및 수습을 위해 인근 ㈜한국탱크로리 사업장 내로 즉시 이동하여 방재 조치한 사고",운송차량,누출,AO1418,,,0,0,0,0,사업장 내 토양오염,
337,2017-040,2017-07-26,16:28:00,,강원 영월군 김삿갓면 와석리 88번 지방도(제천방향 상행선),강원,영월군,"황산 운반차량(23,900kg 탱크로리)이 도로옆으로 전복되어 황산 3톤(추정)이 유출된 사고",운송차량,누출,황산,,,0,1,0,0,토양오염,
338,2017-041,2017-07-28,11:12:00,현대레포션 수영장,부산  북구 덕천로 253(만덕동 924),부산,북구,"현대레포션 건물 지하3층 기계실에서 수영장(지하 2층) 소독약[아비타 5,000(차아염소산나트륨) 18.5 L × 2통 분량]을 소독용 보조탱크에 주입 중 쏟아 소독약 증기가 수영장으로 유입되어 48명이 병원에 이송된 사고(구급차 16명, 자가이동 32명)",안전기준 미준수,누출,차아염소산나트륨,,,0,0,0,0,,
339,2017-042,2017-07-30,0:00:00,대보실업㈜,경북 영덕군 영덕읍 영덕로 493-35(화수리 318),경북,영덕군,동해선 포항~삼척 철도건설공사를 하는 대보실업(주)에서 영덕읍 화수리 터널굴착공사 중 발생하는 폐수를 중화처리하기 위한 황산(98%)을 수질오염방지시설 안 FRP탱크에 보관 중 황산탱크 하단부 일부가 파손되면서 황산 1㎥(1.84톤) 가량이 사업장 인근 개울을 통해 덕곡천으로 유출된 사고,시설 결함,누출,황산,,,0,0,0,0,물고기폐사(약 300여마리 덕곡천 합류 하류 800M 지점),
340,2017-043,2017-07-31,17:46:00,백광산업㈜,전북 군산시 임해로 494-16(소룡동 31),전북,군산시,"차아염소산나트륨 저장탱크(FRP 재질, 200㎥×2기)의 파손으로 인해 약 350톤의 차아염소산나트륨이 유출(저장탱크 1기 완전 파손, 저장탱크 1기 노즐 파손)되어 이중 약 50톤이 하수 및 우수로로 유출(추정)",시설 결함,폭발,차아염소산나트륨,,,0,0,0,0,,700만원
341,2017-044,2017-08-01,7:31:00,,경기 시흥시 정왕동 고잔TG~정왕IC 인근도로,경기,시흥시,"정왕IC(인천→화성 이동) 인근 고속도로를 운행 중인 트럭(동양케미칼 소속 90가4200, 2.5 ton)에 적재된 질산(68%, 20 L) 용기의 마찰로 인하여 1통이 파손되어 연기가 발생되며 차량적재함에 유출(약 2~3 L)된 사고",운송차량,누출,질산,,,0,0,0,0,,
342,2017-045,2017-08-02,16:23:00,풍산금속,경북 경주시 안강읍 호국로 2606-10(두류리 산 1-2)㈜풍산금속,경북,경주시,"혼산(황산65%+질산20%+물15%) 저장시설(132톤, 80㎥)에서 고온에 따른 이상반응으로 탱크 내부압력이 상승하였으며, 저장시설 내부 압력에 의해 상부에 설치된 비상배출구(Emergency vent)이 파열되면서 저장용기 상부의 질산가스가 대기 중으로 누출",시설 결함,누출,"폐산(질산, 황산)",,,0,0,0,0,,
343,2017-046,2017-08-07,5:48:00,새한금속,경기 안산시 단원구 동산로 27번길 96(원시동 769-2)㈜새한금속,경기,안산시 단원구,안산소재 경인도금공업㈜ 내 새한금속에서 약 180ℓ규모의 세척조*(질산 68%)내부 온도조절을 위한 부동액관 파손(Crack)으로 질산과 반응하여 노란색 질산 Fume 발생(추정),시설 결함,누출,질산,,,0,0,0,0,,
344,2017-047,2017-08-08,15:29:00,원진실업,경북 구미시 1공단로 6길 53-4(공단동 267-29)㈜원진실업,경북,구미시,"질산탱크(25㎥, TK-2001-01)의 앵글밸브 핸들 및 스템부분이 미상의 원인으로 파손되어 혼산 제조용 질산 약 1.2 ton(추정)이 방류벽 내부로 유출된 사고",시설 결함,누출,질산,,,0,0,0,0,,
345,2017-048,2017-08-14,8:40:00,,경북 예천군 개포면 경서로 1398-16(장송리 산20-4)폐 급수시설,경북,예천군,"예천군 환경안전과에서 2017년 8월 14일 08:40경 개포면 경서로 1398-16 일대에 악취가 발생한다는 민원이 접수되어 현장 확인 결과, 사용 중지된 소규모 마을 급수시설*의 기계실에 남아 있던 노후화된 액화염소가스 용기(50kg) 3개 중 1개에서 염소가스가 소량 유출",시설 결함,누출,염소,,,0,0,0,0,주변 초목 고사,
346,2017-049,2017-08-16,4:28:00,,전남 여수시 해산3길 9(해산동 650-8)인근)해산교차로 순천방향,전남,여수시,"메틸렌 디페닐 디이소시아네이트(MDI, Methylene Diphenyl Diisocyanate)을 적재하여 운반 중이던 탱크로리(금오특수운수, 전남82바3109)가 전복하여 소량이 유출된 사고",운송차량,누출,"4,4’-디이소시안산 디페닐메탄",,,0,0,0,1,,
347,2017-050,2017-08-17,19:52:00,봉산냉동,전남 담양군 봉산면 죽향대로 717(기곡리 293-2)봉산냉동,전남,담양군,"냉동기계실 내 냉동압축기(정압수액기, 유분리기)에 연결된 전자밸브 교체작업 중 작업자 배관내 남아있던 암모니아가스가 누출된 사고",안전기준 미준수,누출,암모니아,,,0,0,0,0,,
348,2017-051,2017-08-29,17:33:00,신우케미컬,경기 이천시 마장면 이장로 226(장암리 587-6),경기,이천시,탱크로리에서 톨루엔 하역 중 발생한 화재의 진압과정에서 소방용수에 톨루엔이 혼합되어 유출된 사고,안전기준 미준수,누출,톨루엔,,,0,0,0,1,,17129만원
349,2017-052,2017-09-08,18:31:00,남부민방파제,부산  서구 남부민동 703-2 남부민방파제 인근,부산,서구,"남부민방파제에 정박중인 선박 (오징어채낚기어선, 동경호 69톤)에 사용되는 암모니아 가스봄베 (부두에 상치된 50kg×17기)에 가스주입 중 호스의 이음부분 불량으로 용기(2기)에서 누출된 사고",시설 결함,누출,암모니아,,,0,0,0,0,,
350,2017-053,2017-09-17,16:04:00,,전남 순천시 남산로 7길(남정동 571번지)순천원예농협 인근 도로,전남,순천시,염산탱크로리 상부 전단의 예비용 벤트라인 연결구(플렌지)에서 염산이 누출되어 탱크로리 상부 및 도로 바닥에 유출된 사고,운송차량,누출,염산(35%),,,0,0,0,0,,
351,2017-054,2017-09-21,14:59:00,LG화학(여수),전남 여수시 여수산단로 1121(월내동 763번지),전남,여수시,VCM1 공정 수소반응기(RE-1105) 상부 Vent 밸브에서 원인미상의 손상(리크)이 발생하여 염화수소가 누출된 사고,시설 결함,누출,염화수소,,,0,0,1,0,,
352,2017-055,2017-09-26,9:55:00,에이엔드에프,경기 안산시 단원구 광덕4로 250(고잔동 729-7),경기,안산시 단원구,"에이엔드에프 식품분석실에서 혼합성분(질산+두유)분석 용기 5개를 가열 중 3개의 용기가 파열되면서 실험을 위해 준비해 둔 황산(98%) 5 L, 염산(35%) 5 L, 질산(6%) 5 L를 보관한 용기가 파손되어 누출된 사고 (소방보고서)",안전기준 미준수,누출,황산(98%),염산(35%),질산(6%),0,0,0,0,,
353,2017-056,2017-09-27,11:29:00,㈜인터플렉스,경기 안산시 단원구 강촌로 149(성곡동 600-1),경기,안산시 단원구,인쇄회로기판(PCB) 제조업체인 ㈜인터플렉스의 5층 회로공정에서  염산(35%) 200ℓ저장탱크 내 이상반응으로 염화수소 가스 발생,안전기준 미준수,누출,염화수소,,,0,0,0,34,,
354,2017-057,2017-09-27,17:40:00,한강유역환경청,경기 하남시 미사강변한강로 229(망월동 231),경기,하남시,단속 의뢰 폐수(절삭유 함유)의 중금속 등 분석을 위한 전처리 과정에서 반응용기(킬달플라스크 500mL) 폭발로 2명 경상,안전기준 미준수,폭발,질산,과염소산,,0,0,2,0,,
355,2017-058,2017-10-06,20:06:00,점촌제빙,"경북 문경시 신흥로 151(점촌동 265-19), 점촌제빙",경북,문경시,"점촌제빙 일대에 악취가 발생한다는 신고가 접수되어 현장확인 결과, 건물 옥상에 위치한 암모니아 응축기(콘덴서)에 균열이 발생하여 암모니아 가스(400 L 추정) 누출",시설 결함,누출, 암모니아,,,0,0,0,0,용수로 물고기 폐사 확인(약 5KG),
356,2017-059,2017-10-08,10:20:00,㈜아이푸드,"전북 김제시 중앙로 79 (요촌동 300), ㈜아이푸드",전북,김제시,"냉동기 운영중 과압으로 인하여 안전밸브가 작동하여 암모니아 가스가 누출(30 kg, 추정)되어 집수조로 포집되는 과정에서 집수조(용량 600 L) 측면 파손(크랙)으로 암모니아수가 유출된 사고",시설 결함,누출,암모니아수(암모늄수산화물),,,0,0,0,0,,
357,2017-060,2017-10-11,10:26:00,,"경기 용인시 기흥구 신갈동 308-1, 신갈분기점(부산에서 서울특별시방향)",경기,용인시 기흥구,"5톤 트럭이 전복되면서 적재되어있던 의료용 아산화질소 용기(15, 18, 20 kg) 94개가 지면으로 떨어지면서 아산화질소 용기 13개가 파손되어 유출된 사고",운송차량,누출, 아산화질소,,,0,0,0,1,,
358,2017-061,2017-10-18,1:15:00,㈜태은,인천 서구 백범로 810번길 26-19(가좌1동 574-28)㈜태은,인천,서구,건물 3층의 PCB 공정 내 염소산나트륨 및 염산 중간 탱크(각각 200L 용량)에 수동 밸브를 개방한 후 작업자가 자리를 이석한 과정에서 두 물질의 Overflow(월류) 발생. 각각 약 30～50L(추정)씩 바닥으로 유출되면서 혼합가스 발생,안전기준 미준수,누출,염산(35%),염소산나트륨(23%),,0,0,2,0,,
359,2017-062,2017-10-18,7:32:00,비봉케미칼,울산 울주군 온산읍 화산로 219(화산리 1273)비봉케미칼,울산,울주군,"염화제2철 제품탱크(FRP 재질, 60m³)가 파손되면서 저장되어 있던 염화제2철이 유출, 방류벽 배출밸브(Drain v/v)를 통해 집수조로 유입되었으나 집수조(100㎥) 용량 초과로 일부가 외부 하천으로 유출(15.783 ton, 울산센터 보고서)된 사고",시설 결함,누출,염화제이철,,,0,0,0,0,대정천 하류870M 지점까지 유출,6만원
360,2017-063,2017-10-20,11:04:00,다이나믹스이엔지㈜,경북 군위군 군위공단길 118-8(군위읍 수서리 561-1) 다이나믹스이엔지㈜,경북,군위군,세정작업에 테스트용으로 사용하던 질산(60 %)을 희석(질산 20 %+물 80 %)하여 사용 후 발생한 폐질산(0.5 %)을 폐 황산 탱크(3 ton)로 오주입하여 폐황산 탱크에 있던 폐산과 반응이 일어나 흄과 월류(Overflow)가 발생하여 약 100 L(구미센터 추정)가 사업장 내부 오수로를 통해 유출된 사고,안전기준 미준수,누출,질산,황산,,0,0,0,0,,
361,2017-064,2017-10-23,15:50:00,비케이로지텍,경기 평택시 포승읍 포승장안로 458(홍원리 219-10))비케이로지텍,경기,평택시,비케이로지텍 건물내부에 있는 염화티오닐 용기(200 L)를 지게차로 이송 중 용기가 손상(바늘구멍정도)되어 염화티오닐 약 10 L (소방 추정)가 유출된 사고,안전기준 미준수,누출,염화티오닐,,,0,0,1,0,,
362,2017-065,2017-11-01,9:42:00,지에스칼텍스,전남 여수시 여수산단로 918번지(적량동 1320) 지에스칼텍스㈜,전남,여수시,"황산저장탱크(156D-002, 590㎥) 방류벽 내 샘플채취시설에서 작업자 1명이 황산시료 채취 중 미끄러졌으며, 넘어지는 과정에서 황산(98%) 일부가 몸에 튄 사고 발생",안전기준 미준수,누출,황산,,,0,0,1,0,,
363,2017-066,2017-11-03,19:06:00,,경기 수원시 장안구 이목동 349-21 오리뜰 삼거리 인근 도로,경기,수원시 장안구,"주차된 염산 탱크로리(탱크용량 22,000L 경남 81아 9266)의 상부에서 미상의 원인으로 염산(농도 35%) 유출(약 15L 추정) 발생",운송차량,누출,염산(35%),,,0,0,0,0,,
364,2017-067,2017-11-05,7:05:00,,"대구  동구 신서동 1038-15,반야월로 도로상",대구,동구,차량 조수석에 보관 중인 질산(20ℓ용기)을 적재함으로 옮기는 과정에서 질산용기 하부가 파손되어 15~20ℓ의 질산이 적재함 바닥 및 인근 도로상 유출된 사고,운송차량,누출,질산,,,0,0,0,0,,
365,2017-068,2017-11-07,10:31:00,,충남 천안시 동남구 쉼1길 42(삼룡동 173-1)천안삼거리휴게소-서울특별시방향,충남,천안시 동남구,혼산(전해연마액)을 운반중이던 탱크로리 차량이 천안삼거리휴게소 서울방향 출구 부근에서 운전부주의로 전복되어 혼산 소량(1L 미만)이 유출된 사고,운송차량,누출,황산,인산,,0,0,0,0,,
366,2017-069,2017-11-15,14:39:00,포항여고,경북 포항시 북구 장미길 10(학산동 243)포항여고,경북,포항시 북구,생물실험실 및 복도 진열장에 진열된 생물표본이 지진의 영향으로 전도되면서 진열 중이던 용기 중 일부(30개중 5개)가 파손되어 포르말린 약 20ℓ가 누출,자연재해,누출,폼알데하이드,,,0,0,0,0,,
367,2017-070,2017-11-16,9:53:00,포항여중,경북 포항시 북구 장미길 49(우현동 56)포항여중,경북,포항시 북구,과학실 진열된 생물표본 용기 3개가 지진의 영향으로 진열용기 중 일부가 파손되어 포르말린 용액이 유출(약 5 L 추정)된 사고,자연재해,누출,폼알데하이드,,,0,0,0,0,,
368,2017-071,2017-11-16,11:18:00,장성초,경북 포항시 북구 새천년대로1123번길6(장성동 1344)장성초등학교,경북,포항시 북구,과학실 진열 된 생물표본 용기 1개가 지진의 영향으로 진열용기가 파손되어 포르말린 용액이 유출(약 1 L 추정)된 사고,자연재해,누출,폼알데하이드,,,0,0,0,0,,
369,2017-072,2017-11-16,,곡강초,경북 포항시 북구 흥해읍 칠포로 7(흥해읍 용천리 1412-3)곡강초등학교,경북,포항시 북구,복도 진열장에 진열된 생물표본이 지진의 영향으로 진열용기(38개 중) 2개가 파손되어 포르말린 용액이 유출(약 0.5 L 추정)된 사고,자연재해,누출,폼알데하이드,,,0,0,0,0,,
370,2017-073,2017-11-16,12:32:00,세화고,경북 포항시 북구 아치로 94(우현동 318-3)세화고등학교,경북,포항시 북구,과학실에 진열된 생물표본지진의 영향으로 진열용기가 파손(용기 15개 중 3개) 되어 포르말린 용액이 유출(약 10 L 추정)된 사고,자연재해,누출,폼알데하이드,,,0,0,0,0,,
371,2017-074,2017-11-16,,흥해중,경북 포항시 북구 흥해읍 동해대로 1525(옥성리 168-1)흥해중학교,경북,포항시 북구,"복도 및 과학실에 진열된 생물표본이(복도30개, 과학실 30개 중) 지진의 영향으로 진열용기가(복도 5개(12 L), 과학실 6개(18 L)) 파손되어 포르말린 용액이 유출(약 30 L 추정)된 사고",자연재해,누출,폼알데하이드,,,0,0,0,0,,
372,2017-075,2017-11-20,,흥해초,경북 포항시 북구 흥해읍 흥해로 107(약성리 100)흥해초등학교,경북,포항시 북구,과학실에 진열된 생물표본이 지진의 영향으로 진열용기 중 일부(18개 중 4개)가 파손되어 약 8 L 포르말린 용액이 유출된 사고,자연재해,누출,폼알데하이드,,,0,0,0,0,,
373,2017-076,2017-11-21,,흥해서부초,경북 포항시 북구 흥해읍 북송길 53(흥해읍 매산리 1-6)흥해서부초,경북,포항시 북구,"포항지역 지진(15일) 이후 생물표본에 대한 안전조치를 하였으나, 눕혀서 보관중인 3개 중 1개가 여진의 영향으로 균열이 발생하여 포르말린 약 0.1 L 유출(세워서 보관중인 생물표본 8개는 이상 없음) ",자연재해,누출,폼알데하이드,,,0,0,0,0,,
374,2017-077,2017-11-21,,동화엔텍,부산  강서구 화전산단1로 63번길 20(화전동 600-6)동화엔텍,부산,강서구,세척액을 이용하여 열교환기 배관 내부의 녹을 제거하는 작업 중 세척액과 녹이 반응하여 불화수소 발생,시설 결함,기타,불화수소암모늄,질산,,0,0,0,0,,
375,2017-078,2017-11-25,12:54:00,한일수산,전남 목포시 해안로 143(해안동 4가 6)한일수산,전남,목포시,"냉동압축기 설비에서 액 압축으로 인한 충격으로 설비 체결부위(볼트, 너트)가 이완되어 틈새로 암모니아가스 누출된 사고",시설 결함,누출,암모니아,,,0,0,1,0,,
376,2017-079,2017-11-26,9:27:00,피에스케미칼,인천 서구 건지로109번길 8-1(석남동 223-702)㈜피에스케미칼,인천,서구,지정폐기물 처리업체로 폐산 저장탱크(30 ton) 하단 밸브 파손으로 폐산 약 8 ton이 방류벽 내 누출,시설 결함,누출,폐산,,,0,0,0,0,,
377,2017-080,2017-11-29,12:38:00,이화여대,"서울 서대문구 이화여대길 52, 이화여대 교육관 B동",서울,서대문구,"이화여대 교육관 화학실험실에서 학생이 화학물질이 담긴 실험기구를 세척하여 폐기물 상자에 담은 후 폐기물 상자에서 원인미상의 폭발 발생, 상자에 있던 병 및 플라스크 등의 파편에 부상자가 발생한 사고",안전기준 미준수,폭발,실험실 폐기물,,,0,0,2,12,,10만원
378,2017-081,2017-11-30,12:03:00,전진교역,인천 계양구 서운산업로 53-20(서운동 149-42)전진교역㈜,인천,계양구,"소분작업 후 남아있는 잔량을 1,000 L 질산(희석 68%) IBC 콘 용기(1톤)로 모으던 중 드래인밸브 파손으로 질산 약 200 L(추정) 트렌치 및 집수조에 누출된 사고",시설 결함,누출,질산,,,0,0,0,0,,
379,2017-082,2017-12-01,10:48:00,신화케미칼,경북 포항시 북구 청하면 동해대로 2315번길 42(하대리 559-4)신화케미칼,경북,포항시 북구,아세트산에틸 탱크로리(8 ton)에서 실외 저장탱크(2 m3)로  주입 중 미상의 원인으로 화재 발생,안전기준 미준수,화재,아세트산에틸,,,0,0,0,1,,540만원
380,2017-083,2017-12-07,8:49:00,대곶면 도로상,경기 김포시 대곶면 대곶남로 53(대벽리 690-58)동성사무기기 부근,경기,김포시,"자일렌을 적재(13,000 L)한 25 ton 탱크로리가 운행 중 곡선구간 도로 결빙으로 미끄러지면서 논으로 전도, 자일렌 유출(약 100 L, 추정) 발생",운송차량,누출,자일렌,,,0,0,0,0,,
381,2017-084,2017-12-08,12:00:00,단국대학교,"충남 천안시 동남구 단대로 119(안서동 522),단국대학교 천안캠퍼스 자연과학관",충남,천안시 동남구,실험실 폐액수집 용기에 폐액처리 중 반응에 의해 가스발생 및 폐액이 유출(약 6~7L 추정) 된 사고,시설 결함,누출,폐액,,,0,0,1,0,,
382,2017-085,2017-12-15,11:32:00,용산㈜,전남 여수시 여수산단로 911(적량동 1239-2)GS칼텍스 1공장 앞 도로,전남,여수시,"㈜용산 소속 탱크 트레일러가 1톤 탑차와 충돌하여 전복사고로 인한 DNT누출(누출량 약 1톤 추정, 회수량 근거로 누출량 산정 중)",운송차량,누출,"2,4-디니트로톨루엔",,,0,0,0,2,,
383,2017-086,2017-12-20,17:09:00,성서매트로스포츠센터,대구  달서구 성서공단북로 132(호산동 707-3)성서매트로 스포츠센터,대구,달서구,"살균소독제(차아염소산나트륨)가 들어있는 소독용 보조탱크(용량 : 200 L,  잔량 : 약 100 L)에 작업자의 부주의로 염산(8L)을 주입하여 염소 가스가 발생 사고 ",안전기준 미준수,누출,차아염소산나트륨(5.8%),염산(35%),염소,0,0,2,0,,
384,2017-087,2017-12-29,17:02:00,중앙대학교,경기 안성시 대덕면 서동대로 4726(내리 72-1)중앙대학교 안성캠퍼스 생명공과대학원 1층 연구실      ,경기,안성시 ,연구실 철거 공사 중 과산화수소가 담긴 플라스틱통(20L)이 파손되면서 노동자 2명이 1도 화상을 입은 사고(누출량 : 약 20 L),안전기준 미준수,누출,과산화수소,,,0,0,2,0,,
385,2017-088,2017-05-04,0:00:00,KPX케미칼㈜,"울산 남구 매암동 398-2, 매암사거리와 신안사거리 구간",울산,남구,"울산 남구 매암동 매암사거리 우수로의 맨홀을 통해 매암사거리 북쪽 300m, 서쪽 1km, 동쪽 200m까지 악취 발생",시설 결함,누출,프로피온알데하이드,,,0,0,0,0,,
386,2018-001,2018-01-03,15:04:00,,"전남 여수시 해산동 315, 해산교차로 인근 여수산단 진입도로 IC",전남,여수시,벤젠 25.1ton을 적재한 탱크로리가 전복(과속 또는 졸음운전 추정) 되어 적재함 상부 파열로 도로에 벤젠(99.9 %) 유출(유출량 : 640kg),운송차량,누출,벤젠,,,0,0,0,1,,
387,2018-002,2018-01-09,2:53:00,신일특수,"전북 전주시 덕진구 성덕동 171-41, 전주~군산간 자동차전용도로 용정분기점(군산→전주) 300 m지점",전북,전주시 덕진구,"㈜신일특수 소속 탱크로리(25 ton, 차아염소산나트륨 12%)가 전주~군산간 자동차전용도로 용정분기점(군산→전주) 이동 중 눈길에 탱크로리가 전도되어 차아염소산나트륨(15 ton, 소방서 추정)이 유출된 사고",운송차량,누출,차아염소산나트륨(12%),,,0,0,0,0,,
388,2018-003,2018-01-12,13:47:00,신창특수,"울산 남구 여천동 936-2, 한화케미컬 2공장 앞 도로상",울산,남구,"㈜신창특수 소속 25 ton 탱크로리가 울산시 남구 부곡동소재 ㈜대정티씨에서 수산화나트륨(50 %)을 상차하여 에스엔에프코리아㈜로 운송하던 중, 탱크로리 옆 적재함에 실려있던 누액회수통이 뒤집어지면서 담겨있던 수산화나트륨 60 kg이 도로상에 유출된 사고",운송차량,누출,수산화나트륨(50%),,,0,0,0,0,,1만2천원
389,2018-004,2018-01-15,11:11:00,폐자원수집소(고물상),"인천 부평구 청천동 67-48, 폐자원수집소",인천,부평구,폐자원수집소(고물상) 철거과정 중 폐액화암모니아 용기(50kg)가 방치되어있으며 악취가 난다는 신고로 부평소방서가 현장에 출동하여 확인한 결과 용기의 밸브가 개방되어있어 차단 조치한 사항,시설 결함,기타,암모니아,,,0,0,0,0,,
390,2018-005,2018-01-15,16:12:00,롯데케미칼(서산),"충남 서산시 대산읍 독곶1로 54(대죽리 679), 롯데케미칼 BTX 단위공정",충남,서산시,사업장 내 배관(6″) 용접부위에서 크랙이 발생하여 벤젠 5톤(추정)이 유출된 사고,시설 결함,누출,벤젠,,,0,0,0,0,,
391,2018-006,2018-01-22,8:08:00,스타플렉스,충북 음성군 삼성면 대성로 417(선정리 669)㈜스타플렉스,충북,음성군,생산 공장 제2동에서 작업자 부주의로 MEK 용기(용량 : 20 L)가 쓰러지면서 물질 유출(5 L) 및 착화로 인한 화재발생(원주지방환경청 현장 확인),안전기준 미준수,누출,MEK,,,0,0,3,0,,2169만원
392,2018-007,2018-01-27,10:39:00,미광냉동,부산  사하구 다대로605번길 25(다대1동 680-10)미광냉동,부산,사하구,"기온 하강(09시경 영하 6℃)으로 압축기(7층, 기계실) 및 응축기(8층, 옥상) 운영 중 응축기(팬, 펌프)의 팬을 미작동(작업자부주의)하여 배관에 이상고압 발생, 배관 내 안전장치(안전밸브)가 자동으로 작동하여 중화조(8층, 옥상)로 암모니아 가스(누출량 산정 불가)가 강제로 소량 이송되어 냄새와 누출 사고 발생(낙동강유역환경청 현장확인 결과)",안전기준 미준수,누출,암모니아,,,0,0,0,0,,
393,2018-008,2018-02-21,8:33:00,,전남 순천시 해룡면 신대리 146-5(세승교차로),전남,순천시,"벤젠 25.4 ton을 적재한 탱크로리의 가스켓이 파손되어 도로에 벤젠 약 30 L 누출(추정, 여수합동방재센터 상황보고서)",운송차량,누출,벤젠,,,0,0,0,0,,
394,2018-009,2018-02-23,10:08:00,세종냉동,전남 고흥군 도양읍 목넘가는길 71-28(봉암리 2760)세종냉동,전남,고흥군,고흥군 녹동복천 인근 수산물 냉동창고(세종냉동)의 냉동압축기 밸브 조절기(전자벤*)의 고장으로 고압에 의한 배관 연결부(개스킷 부위)에서 암모니아 가스 약 10 kg(전남소방 추정)이 누출된 사고,시설 결함,누출,암모니아,,,0,0,0,0,,
395,2018-010,2018-02-26,17:23:00,홍인화학,울산 남구 사평로 216(부국동 271-42)홍인화학,울산,남구,"홍인화학㈜ 사업장 내에서 탱크로리*(20 ton)가 염소를 No. 3 저장탱크(20 ton)로 이송 후 플렉시블 호스를 분리하지 않은 상태에서, 차량 운전기사가 차량을 이동시켜 플렉시블 호스가 파손되며 호스 내 잔량 약 3.97 kg 상당(액상기준 최대량 추정)의 염소가스가 누출된 사고",안전기준 미준수,누출,염소,,,0,0,0,0,,
396,2018-011,2018-02-28,1:02:00,울산과학기술대,울산 울주군 언양읍 유니스트길50(반연리 161)울산광역시과학기술대학,울산,울주군,"울산과학기술원 제4공학관(110동) 실험실(1107-2호)에서 실험 중 질산(70% 이하, 잔량 2 L) 취급 과정에서 일부 누출(1L 추정), 실험자가 질산을 흡착포로 닦아 폐기물 보관통에 버린 후 미상의 황색 연기가 발생한 사고",안전기준 미준수,누출,질산,,,0,0,0,0,,
397,2018-012,2018-02-28,16:00:00,한솔케미칼(전주),전북 완주군 봉동읍 과학로 873(용암리 816)㈜한솔케미칼 전주공장,전북,완주군,"과산화수소의 순도를 높이는 공정 내 불순물과 과산화수소의 이상반응으로 저장탱크(1.5 ㎥), 파이프 폭발 및 파손으로 과산화수소 약 180 L 누출(추정)",시설 결함,누출,과산화수소,,,0,0,0,0,,800만원
398,2018-013,2018-03-06,,진영운수,전남 여수시 여수산단2로 284(화치동 284)백광산업㈜ 여수공장,전남,여수시,"백광산업(주) 여수공장에서 상차작업을 마친 염산 탱크로리[소속 : 진영운수(주)]*가 차량 하단 부위에서 염산 소량이 백광산업(주) 사업장 내 누출된 사고(추정, 누출량 약 10 kg, 여수합동센터 현장 확인 결과)",운송차량,누출,염산(35%),,,0,0,0,0,,
399,2018-014,2018-03-16,17:13:00,엠엔씨텍,경기 안산시 단원구 목내로 122번길 43(목내동 393-2)㈜엠엔씨텍,경기,안산시 단원구,도금공정의 폐질산(약 0.7 ㎥)을 폐액 저장탱크(5 ㎥)로 이송·배출 중 이상반응으로 노란색 Fume 발생,안전기준 미준수,기타,질산(60~65%),,,0,0,0,0,,
400,2018-015,2018-03-18,8:27:00,홍림수산냉동㈜,부산  사하구 원양로 340(감천동 340)홍림수산냉동㈜,부산,사하구,홍림수산냉동㈜ 건물 1층의 6번 냉동창고로 연결된 암모니아 가스 배관의 중간차단밸브를 연결하는 플랜지의 가스켓 손상(노후)으로 배관내 암모니아 가스(누출량 약 0.2L)가 외부로 누출된 사고,시설 결함,누출,암모니아,,,0,0,0,0,,
401,2018-016,2018-03-19,4:05:00,롯데칠성음료,경기 안성시 미양면 농공단지길 24(구수리 264-4)롯데칠성음료㈜ 안성2공장,경기,안성시,냉동기 온도가 10 ℃ 이하로 내려가지 않아 밸브 수동조작. 암모니아 유입량이 많아져 배관 내부 압력 증가로 플렌지를 통해 암모니아가 누출된 사고,안전기준 미준수,누출,암모니아,,,0,0,0,0,,
402,2018-017,2018-03-22,8:01:00,이엔비코리아,경북 구미시 산동면 첨단기업로 185-26 (신당리 1259)㈜이앤비코리아 ,경북,구미시,"고압반응기(제조·사용시설) 가동상태 확인 중 반응용기(20 L 용기, 10 L 사용)의 노후된 개스킷(실링) 부위에서 200 ℃로 가열된 트리에틸아민이 혼합된 반응가스*가 누출되어 작업자 1명(5초 노출)이 눈·호흡기 통증을 호소하여 병원 후송",시설 결함,누출,트리에틸아민,,,0,0,1,0,,
403,2018-018,2018-03-30,15:08:00,한국과학기술원,"대전  유성구 대학로 291(구성동 23)한국과학기술원(KAIST)정보전자공학동(E3-2) 4212호실(4층, 화장실(여))",대전,유성구,"한국과학기술원 청소용역 미화원이 정보전자공학동 4층 배관함의 세척제 등을 정리하던 중 보관된 용액(차아염소산나트륨 용액, 염산 추정)을 혼합하여 발생된 흄을 흡입한 사고",안전기준 미준수,누출,차아염소산나트륨,염산,,0,0,1,0,,
404,2018-019,2018-04-01,8:28:00,신덕전자,경기 시흥시 공단1대로 321번길 36(정왕동 1290-9) ㈜신덕전자,경기,시흥시,"주말 휴무로 작업은 없었으며, 서비스탱크*(700 L, 황산+물)에서 미상의 원인으로 흄 발생, 감지기에 의해 소방에 자동 신고 접수됨 * 공정운전을 위해 일시 저장해 두는 소량의 탱크",시설 결함,기타,황산,,,0,0,0,0,,
405,2018-020,2018-04-13,6:36:00,SK머티리얼즈,경북 영주시 가흥공단로 59-33(상줄동 713)SK머티리얼즈㈜ 제1공장,경북,영주시,"NF3(삼불화질소)+W(텅스텐)을 반응시켜 육불화텅스텐(WF6)을 제조하는 설비(FA-410C)에서 당일 06:04경 근로자 1명이 탱크내의 질소 압력 조절차 WF6(FA-410C) 설비를 확인하던 중 육불화텅스텐 저장탱크(용량, 1.6 ㎥)의 레벨측정 도압관측* 튜빙라인 연결부 초입에서 원인미상의 리크(leak)가 발생하여 유출된 사고- 육불화텅스텐 완제품 약 1.8 ton이 저장되어 있던 탱크에서 약40 kg(추정)이 액체 상태로 누출되어 기화 및 트랜치 내부의 수분과 반응**하여 불화수소 가스가 외부로 확산 ",시설 결함,누출,육불화텅스텐,,,0,0,0,0,,
406,2018-021,2018-04-13,12:25:00,삼성바이오로직스,인천 연수구 송도바이오대로 300(송도동 201-2) 삼성바이오로직스㈜,인천,연수구,세척시설의 세정액(수산화칼륨 10∼30% 함유)이 누출되어 수습과정* 중 근로자 1인이 뒤로 넘어져 부상,시설 결함,누출,수산화칼륨,,,0,0,1,0,,
407,2018-022,2018-04-13,11:47:00,이레화학,인천 서구 백범로910번길 49-6(가좌동 178-137)이레화학㈜,인천,서구,"사업장 내에서 정제과정을 거친 아세톤을 제품용기(IBC탱크,  1ton)에 충진 작업 중 용기 내부에서 화재 발생",시설 결함,화재,아세톤,,,0,0,0,1,,230000만원
408,2018-023,2018-04-17,0:53:00,울산신항 컨테이너터미널,울산 남구 용연로 370(황성동 830-0)울산 신항 컨테이너터미널,울산,남구,울산신항 컨테이너터미널에서 보관 중이던 불산 ISO탱크 컨테이너＊(공탱크) 상부 엘보배관(액체밸브)에서 원인 미상(부식추정)의 핀홀이 발생하여 용기내 남아있던 소량의 불산 가스 약 30ℓ(추정)가 누출된 사고(＊울산 남구 소재 버슘머트리즈피엠코리아(유)에서 사용 후 탱크소유주에게 반납을 위해 미량의 무수불산이 질소와 함께 충전되어 있는 상태),시설 결함,누출,플루오르화수소,,,0,0,0,0,,
409,2018-024,2018-04-18,17:35:00,대진,"전남 광양시 중동 270-56,  중동 길호대교 하단",전남,광양시,"""㈜대진 소속의 차량이 금호미쓰이화학㈜에서 컨테이너(MDI)를 상차 후에 ㈜대진의 야드 야적장으로 운반 후 야적장에서 영신특수화물㈜에 소속된 차량으로 컨테이너(MDI)를 이적하여 광양항 컨테이너 터미널로 운반하던 중 전도되어,  IBC탱크에 저장 중이던 MDI 약 2.1 ton 누출 - 사고 차량은 여수산단 금호미쓰이화학(주)에서 광양항 씨제이대한통운으로 MDI 약 22.5 ton 적재 후 운반""",운송차량,누출,"4,4’-디이소시안산 디페닐메탄",,,0,0,0,0,도로오염,
410,2018-025,2018-05-09,19:08:00,한국중부발전㈜ 보령화력,충남 보령시 오천면 오천해안로 89-37           (오포리 773)한국중부발전㈜ 보령화력,충남,보령시,13시 50분 한국중부발전(주) 보령화력에서 1 ton 저장탱크 밸브교체 작업중 전단라인 밸브 미차단으로(작업자부주의)로 염산 28 L가 누출된 사고 ,안전기준 미준수,누출,염산,,,0,0,1,0,,
411,2018-026,2018-05-10,10:30:00,KG케미칼 온산공장,울산 울주군 온산읍 당월로 322(이진리 220)KG케미칼 온산공장,울산,울주군,울주군 케이지케미칼(주)에서 운반 탱크로리로 부터 저장탱크(TK-1502) 이송 작업중 플렉시블 호스의 커플링 연결부에서 소량의 황산이 비산되어 작업자의 얼굴과 목 부위에 경미한 화상을 입은 사고,시설 결함,누출,황산,,,0,0,1,0,,
412,2018-027,2018-05-11,6:00:00,㈜한샘생활건강,경북 영천시 청통면 보성공단길 43( 보성리 542-14) ㈜한샘생활건강,경북,영천시,공장내 보관탱크(20 ㎥)에 보관중이던 13㎥ 분량의 차아염소산나트륨이 보관탱크 이음부 파손으로 지하저장탱크에 약 10㎥정도 유입되고 나머지 3㎥(추정)이 인근 농수로로 누출된 사고,시설 결함,누출,차아염소산나트륨,,,0,0,0,0,어류폐사(약 3kg),
413,2018-028,2018-05-14,,,"경기 화성시 우정읍 주곡리 370-2, 조암IC(평택방면)",경기,화성시,"페인트를 적재한 차량이 전복되어 수용성페인트 약 1,500 L가 도로 및 우수로 누출된 사고",운송차량,누출,"수용성페이트(물 60%이상, 에폭시수지 30%이상)",,,0,0,0,0,,
414,2018-029,2018-05-14,12:00:00,㈜디에스테크,경기 포천시 군내면 용두로 71(용정리 6-19) ㈜디에스테크,경기,포천시,"N-뷰틸아크릴레이트가 적재된 IBC탱크(1 ton, 2개)에서 미상의 원인에 의한 발열반응으로 탱크 파손 및 누출(100 L, 추정) 사고 발생 ",안전기준 미준수,누출,N-뷰틸아크릴레이트,,,0,0,0,0,,400만원
415,2018-030,2018-05-15,11:54:00,㈜케이에스이,인천 서구 봉수대로 161번길 40(가좌동 178-196)㈜케이에스이,인천,서구, ㈜케이에스 내 임차업체(웰코리아)의 PCB 제조시설 철거 중 시설 배관에 고여 있던 염산 약 20 L 누출(추정),안전기준 미준수,누출,염산(10%),,,0,0,0,0,,
416,2018-031,2018-05-17,9:59:00,한화케미칼 울산2공장,울산 남구 산업로 440번길 22(여천동 666)한화케미칼 울산광역시2공장,울산,남구,사업장내 CPVC(염소화폴리염화비닐)공정 염소 하역시설 탱크로리의 염소를 저장시설로 이송 중 질소퍼지(Purge)용 플렉시블 호스 파열로 염소가 누출된 사고,시설 결함,누출,염소,,,0,0,0,0,"3그루(갈변), 7그루(잎말단 부분갈변)",
417,2018-032,2018-05-23,16:11:00,효성 냉동창고,경기 광주시 순암로 536-7(삼동 288-1)효성 냉동창고,경기,광주시,효성 냉동창고에서 냉매용 암모니아 가스가 배관 진동에 의해 개폐밸브가 열리며 소량 누출(누출량 약 180 g 추정),시설 결함,누출,암모니아,,,0,0,0,0,,
418,2018-033,2018-05-28,8:10:00,,충남 서천군 마산면 한마로 1189-20(나궁리 263),충남,서천군,동물사체를 용해할 목적으로 보관 중인 염산(35 %) 저장 탱크(IBC탱크 1 ㎥)에서 크랙이 발생하여 염산 누출 발생(누출량 약 6 L 추정),시설 결함,누출,염산(35%),,,0,0,0,0,,
419,2018-034,2018-06-02,1:55:00,피에스케미칼,인천 서구 건지로109번길 8-1(석남동 223-702)㈜피에스케미칼,인천,서구,지정폐기물 처리업체(휴업 시설)로 폐산 저장탱크 전도로 인한 누출사고(누출량 : 약 15 ton),시설 결함,누출,폐산,,,0,0,0,0,,
420,2018-035,2018-06-02,22:39:00,대성화학,경남 창원시 마산회원구 내서읍 광려천남로 99(중리 1124-7)㈜대성화학,경남,창원시 마산회원구,사업장 내 보관 중이던 질산(60 %) IBC탱크가 파손되어 약 500 L 누출된 사고,시설 결함,누출,질산(60%),,,0,0,0,0,,
421,2018-036,2018-06-08,16:34:00,에프원케미칼,경북 칠곡군 약목면 교8길 113-19(교리 498-48)㈜에프원케미칼,경북,칠곡군,"폐 황산(30 ton)이 저장되어 있던 폐산 탱크(127.5 ㎥)에 폐 질산*(15 ton)을 투입하여 중화처리 작업(06.07. 14시경), 금일(06.08) 14:30경(작업자 사고인지) 이상 반응에 의해 탱크 상부로 폐산이 오버플로우되어 방류벽 내부에 있던 일부 폐산에서 흄이 발생하여 공장동 내에 체류 및 일부는 공장동 상부로 누출된 사고",안전기준 미준수,누출,"폐산(황산, 질산)",,,0,0,0,0,,
422,2018-037,2018-06-15,12:58:00,,경기 부천시 신흥로 489번길 32(오정동 428-94)남도철강 인근도로,경기,부천시,공장단지 이면도로 상에 세워진 드럼통(에틸렌디아민)이 쓰러지면서 연기 및 누출(약 2~3 L)이 발생된 사고,시설 결함,누출,에틸렌디아민,,,0,0,0,0,,
423,2018-038,2018-06-20,21:34:00,원광냉동냉장식품,전북 군산시 서수면 동군산로 1075-60(관원리 492-4)㈜원광냉동냉장식품,전북,군산시,암모니아 탱크 연결부분 파손으로 암모니아가 0.02톤 누출 된 사고,시설 결함,누출,암모니아,,,0,0,0,0,,
424,2018-039,2018-06-21,14:27:00,,경남 창원시 마산회원구 회성동 서마산 IC(산인방면)인근,경남,창원시 마산회원구,"서마산IC 인근에서 트럭이 중앙분리대를 받아 실려 있던 적재물 질산(약 100 L, 추정) 및 황산마그네슘이 누출된 사고",운송차량,누출,질산,황산마그네슘,,0,0,0,0,,
425,2018-040,2018-06-22,0:13:00,㈜이피엠,경기 안산시 단원구 진흥로 102번길 66,경기,안산시 단원구,"PCB 생산공정에서 보조탱크(200ℓ)에 염산(35%) 주입 중 센서의 고장으로 탱크용량을 초과한 염산이 생산공정 내부에 누출(약 1 ton, 추정) ",시설 결함,누출,염산(35%),,,0,0,0,0,,
426,2018-041,2018-06-25,7:34:00,카프로,울산 남구 사평로 108-12(부곡동 402-1)㈜카프로 1공장,울산,남구,"공장 내 황산(98 %) 이송 지하배관(2공장 → 1공장 이송 배관, 지름 5 cm) 리크(추정)로 인한 황산 누출",시설 결함,누출,황산(98%),,,0,0,0,0,,
427,2018-042,2018-07-14,8:36:00,한솔제지㈜,대전  대덕구 신일서로 68번길 50(신일동 1674-2)한솔제지㈜,대전,대덕구,"과산화수소(32%) 40㎥를 저장중인 저장시설(70㎥)에 수산화나트륨(50%, 약 66L)을 주입하여 발생한 반응으로 저장시설 상부 및 배관이 파손되어 저장중이던 과산화수소가 유출(약 35㎥)된 사고",안전기준 미준수,누출,과산화수소,수산화나트륨,,0,0,0,0,,
428,2018-043,2018-07-16,18:03:00,서울과학기술대학교,서울 노원구 공릉로 232(공릉동 172)서울특별시과학기술대학교 청운관 145호,서울,노원구,개미산 시약용기를 운반 중 미상의 원인으로 뚜껑이 개방되어 소량 누출 발생,안전기준 미준수,누출,폼산,,,0,0,2,0,,
429,2018-044,2018-07-20,4:13:00,화성 씨제이,경기 안산시 단원구 별망로 269번길 63(성곡동 631-2) 화성씨제이,경기,안산시 단원구,"화성 씨제이 폐액저장탱크(11 ton 용량)가 미상의 원인으로 파손되어 폐액 약 3 ton(소방 추정)이, 도로에 누출된 사고",시설 결함,누출,"폐액(염산, 질산, 수산화나트륨)",,,0,0,0,0,,
430,2018-045,2018-07-24,10:36:00,희창냉장,경기 용인시 처인구 모현읍 포은대로 892(오산리 260)희창냉장,경기,용인시 처인구,희창냉장 밸브 핸들에서 암모니아 용액이 누출된 사고,시설 결함,누출,암모니아,,,0,0,1,0,,
431,2018-046,2018-07-28,17:49:00,㈜원광냉동냉장식품,전북 군산시 서수면 동군산로 1075-60(관원리 492-4)㈜원광냉동냉장식품,전북,군산시,냉동기계 가동 중 펌프 압축기커버 파손으로 암모니아 누출,시설 결함,누출,암모니아,,,0,0,1,0,,
432,2018-047,2018-07-30,19:51:00,진천냉동,충북 진천군 문백면 문덕길 171(문덕리 78-1)진천냉동,충북,진천군,냉동창고 기계실 내부 배선공사 중 밸브오작동(전선에 걸려 밸브 개방)으로 암모니아 12 kg(추정) 누출된 사고,안전기준 미준수,누출,암모니아,,,0,0,0,0,,
433,2018-048,2018-08-01,15:12:00,㈜엠케이켐앤텍 2공장,충북 청주시 흥덕구 옥산면 과학산업3로 28(남촌리 1115-6)㈜엠케이켐앤텍 2공장,충북,청주시 흥덕구,"폐질산탱크(저장능력 10㎥ / 약 46~48%(추정), 6㎥ 저장 중)의 레벨게이지 밸브가 파손되어 방류벽 내로 폐질산이 누출(5㎥), 누출된 폐질산 일부가 배수시설 바닥면의 틈을 통해 사업장 외부(인접 사업장 및 우수로)로 누출된 사고",시설 결함,누출,질산,,,0,0,0,0,,
434,2018-049,2018-08-06,15:21:00,,부산  강서구 신항남로 330(성북동 1488)PSA현대부산신항만 신항4부두 1선석,부산,강서구,"컨테이너 내 보관중인 용기(철제드럼, 80개) 중 용기 1개의 뚜껑 불량으로 삼염화인이 컨테이너 내·외부로 약 2∼3 L 누출된 사고",운송차량,누출,삼염화인,,,0,0,0,0,,
435,2018-050,2018-08-07,18:00:00,㈜에프원케미칼,경북 칠곡군 약목면 교8길 113-19(교리 498-48)㈜에프원케미칼,경북,칠곡군,폐산 저장탱크 하부에 원인 미상의 크랙이 발생하여 방류벽 내부로 약 2.3 ton(사업장 추정) 누출된 사고,시설 결함,누출,"폐산(황산, 질산)",,,0,0,0,0,,
436,2018-051,2018-08-11,9:59:00,로젠택배,충북 청주시 서원구 남이면 서부로 710-16(남이면 상발리 36)로젠택배,충북,청주시 서원구,로젠택배 청주지점에서 분류작업을 마친 물품의 상차작업 중 시약(이황화탄소 1 ㎏)이 포장된 택배상자 내부에서 화재가 발생한 사고,시설 결함,화재,이황화탄소,,,0,0,1,1,,
437,2018-052,2018-08-17,10:54:00,여천 NCC㈜ 여수1공장,전남 여수시 여수산단3로 2(평여동 205-6)여천 NCC㈜ 여수1공장,전남,여수시,"부타디엔 공정 내 열교환기 조립 작업 중 공기압밸브가 열려(원인 파악 중) 컬럼 내부의 혼합물(DMF, 1,3-부타디엔)이 누출된 사고",안전기준 미준수,누출,"1,3-부타디엔(8.7 %)","N,N-다이메틸폼아마이드(90.6%)",,0,0,0,0,,
438,2018-053,2018-09-04,,삼성전자㈜ 기흥사업장,경기 용인시 기흥구 삼성로 1(농서동 161)삼성전자㈜ 기흥사업장,경기,용인시 기흥구,소방설비 관련 배선 철거작업 중 정상배선을 노후배선으로 오인 절단하여(추정) CO2 소화설비가 작동되면서 선택밸브 이탈로 인해 집합관실에서 지하1층 복도로 CO2 가스가 확산되어 자재 정리 중이던 근로자가 질식된 사고,안전기준 미준수,누출,이산화탄소,,,2,0,1,0,,
439,2018-054,2018-09-14,9:26:00,한국열처리,경남 창원시 의창구 팔용로 383(팔용동 29-2)한국열처리,경남,창원시 의창구,사업장 암모니아(고압가스) 보관창고에 보관 중인 용기(50 kg) 파손으로 암모니아(약 50 kg)가 누출된 사고,시설 결함,누출,암모니아,,,0,0,0,0,,
440,2018-055,2018-09-18,17:52:00,안동대학교,경북 안동시 경동로 1375(송천동 388)안동대학교 공과 2호관 402호,경북,안동시,"안동대학교 공과 2호관 402호 연구실에서 질산(65 %)을 사용한 금속 부식 속도 측정을 마치고 실험실 정리 중, 부식 속도 측정에 사용한 폐질산을 유기용제 폐기·반응하여 용기가 파손되면서 발생한 사고",안전기준 미준수,누출,질산,,,0,0,1,0,,
441,2018-056,2018-10-02,11:14:00,한국과학기술원,"대전  유성구 어은동 44, 한국과학기술원(KAIST) 신소재공학과",대전,유성구,한국과학기술원 신소재공학과 실험실에서 학생들이 반도체 식각 작업을 위해 염소가스 용기(10L)의 배관 밸브를 개방하는 순간 가스가 누출 된 사고,시설 결함,누출,염소,,,0,0,0,0,,
442,2018-057,2018-10-12,,포천민자발전㈜,"경기 포천시 신북면 청신로1526번길 19, 포천민자발전㈜",경기,포천시,"작업자가 옥외 황산 저장탱크 수동밸브 조작 중 사용하지 않는 밸브를 작동하여 순간 배관압력 증가로 인해 황산 소량 누출, 부상 1명 발생",안전기준 미준수,누출,황산,,,0,0,1,0,,
443,2018-058,2018-10-26,18:16:00,(구)호박꽃식품,"경북 칠곡군 동명면 봉암구지길  9(봉암리 216-2), 구)호박꽃식품",경북,칠곡군,칠곡군 동명면 소재 舊(구)호박꽃식품 냉동창고를 경남자원에서 유압집게(포크레인)을 이용하여 공장철거 작업 중 암모니아 응축배관을 절단하는 작업에서 잔존 암모니아가 외부로 누출,안전기준 미준수,누출,암모니아,,,0,0,0,0,,
444,2018-059,2018-11-08,12:01:00,효성화학㈜ 옥산공장,충북 청주시 흥덕구 옥산면 옥산산단로 99(호죽리 981)효성화학㈜ 옥산공장,충북,청주시 흥덕구,"필터(#1) 정비 작업을 위해 유기용제(메틸렌클로라이드 90%, 메틸알코올 10%)탱크 공급 펌프를 가동하는 과정에서 밸브 오작동으로 필터(#2)와 연결된 다른 유기용제탱크로 유기용제가 유입되어 탱크 상부를 통해 유입된 유기용제가 넘쳐 유출(약 20L)된 사고",시설 결함,누출,다이클로로메탄,,,0,0,6,0,,
445,2018-060,2018-11-13,20:43:00,동성금형열처리,경기 시흥시 마유로118번길 87(정왕동 1377-12)㈜동성금형열처리,경기,시흥시,금속표면을 단단하게 하기 위한 작업 중 암모니아(50 kg) 용기 3개 중 1개가 폭발하여 누출된 사고,안전기준 미준수,누출,암모니아,,,0,0,1,0,,
446,2018-061,2018-11-21,10:34:00,OCI 군산 공장,전북 군산시 외항로 82(소룡동 233)OCI㈜ 군산공장,전북,군산시,OCI(주) 군산공장 염소화반응 공정내 사염화규소(SiCl4)를 이송하는 펌프 배관 감육(부식으로 인해 얇아지는 현상)으로 인하여 사염화규소가 누출된 사고(추정),시설 결함,누출,사염화규소,,,0,0,0,0,,
447,2018-062,2018-11-28,13:08:00,㈜선양엔텍,부산  사상구 감전천로 186(학장동 717-13)㈜선양엔텍,부산,사상구,수탁 받은 폐수를 집수조로 투입하는 과정에서 집수조 내 잔류 폐수와 화학반응을 일으켜 황화수소(H2S) 가스가 발생된 사고(추정),안전기준 미준수,누출,황화수소,,,3,0,7,0,,
448,2018-063,2018-11-29,16:47:00,서울우유 양주공장,경기 양주시 고덕로139번길 360(덕계동 152)서울특별시우유 양주공장,경기,양주시,서울우유 암모니아 저장탱크(용량 7.5 ton) 상부에 설치된 안전밸브 수리 중 전단 차단밸브의 오작동(고장)으로 안전밸브가 이탈되어 암모니아가스가 누출된 사고,시설 결함,누출,암모니아,,,0,0,0,0,,
449,2018-064,2018-12-03,18:13:00,㈜한일화학,경기 시흥시 공단1대로 80번길 17(정왕동 1252-9)㈜한일화학,경기,시흥시,(주)한일화학 보관창고 암모니아 용기(50 kg) 18기 중 충전불량으로 익일 검사 예정 중인 1기 파손으로 암모니아가 누출된 사고,시설 결함,누출,암모니아,,,0,0,0,0,,
450,2018-065,2018-12-13,,극동상운㈜,울산 울주군 온산읍 거남1길 7(덕신리 145-14)극동상운㈜ 차고지,울산,울주군,차고지 내 운송 대기중이던 탱크로리(25 ton) 차량이 브레이크 고장으로 차고지 외부로 추락하여 적재중이던 수산화 칼륨(약 14.88 ton 추정)이 누출된 사고,운송차량,누출,수산화칼륨,,,0,0,0,0,사고지역 토양 및 인근 농수로 오염,
451,2018-066,2018-12-19,13:16:00,㈜한국포장,경기 동두천시 삼육사로692번길 246-58(상패동 760)㈜한국포장,경기,동두천시,아세트산 에틸 저장용기(180 L) 3기중 1기 교체 중 원인 미상으로 화재가 발생한 사고,안전기준 미준수,화재,아세트산에틸,,,0,0,0,0,,
452,2019-001,2019-01-19,,현대제철 ㈜ 당진사업장,"충남 당진시 송악읍 북부산업로 1480, 현대제철㈜ 당진사업장",충남,당진시,사업장 내 제1고로 2출선로(사용중지 상태)에서 보수작업 중인 근로자 3명이 이상상태를 호소하여 사업장 자체 소방대에서 응급처치 후 병원후송,안전기준 미준수,누출,일산화탄소,,,0,0,3,0,,
453,2019-002,2019-01-31,10:35:00,㈜한국에이스 2공장,"경기 안산시 단원구 별망로677번길 36, ㈜한국에이스2공장",경기,안산시 단원구,수산화나트륨 반입과정에서 작업자의 착오로 과산화수소 저장탱크(10t)에 수산화나트륨 주입(100kg)하여 이상반응으로 흄 발생 및 탱크 외부로 누출,안전기준 미준수,기타,과산화수소,수산화나트륨,,0,0,0,0,,350만원
454,2019-003,2019-03-06,14:10:00,일해냉동,"인천 중구 연안부두로 16, 일해냉동",인천,중구,냉동창고 내 노후화된 암모니아 배관 녹 제거 과정 중 스크래치 발생으로 암모니아 약 5∼10 kg 누출,안전기준 미준수,누출,암모니아,,,0,0,0,0,,
455,2019-004,2019-03-07,9:42:00,㈜농협목우촌음성육가공공장,"충북 음성군 금왕읍 금왕읍 대금로1278번길 81, ㈜농협목우촌음성육가공공장",충북,음성군,"25톤 윙바디 트럭이 측면 덮개를 개방한 상태로 이동 중, 덮개가 상부 암모니아 배관과 부딪혀 배관 일부가 파손되어 암모니아 가스 누출(약 100kg)",안전기준 미준수,누출,암모니아,,,0,0,0,24,,13000만원
456,2019-005,2019-03-20,3:33:00,㈜한국특수가스,충남 서산시 고북면 가구리 21(서해안고속도로 목포방향),충남,서산시,"페놀수지 적재차량(1 ton 용기 × 10 ea) 전복으로, 페놀수지 약 6~7톤 누출",운송차량,누출,페놀수지,,,0,0,0,1,토양오염(약 150 ton),
457,2019-006,2019-03-21,,㈜폴리테츠코리아 당진공장,충남 당진시 석문면 산단3로 8길 13-18(㈜폴리테츠코리아 당진공장),충남,당진시,폴리황산제2철* 제조시설 반응기(약 30 ㎥) 하부 침하로 반응중이던 물질이 누출되어 사업장 내 지하 집수조로 유입되는 과정에서 일부가 우수로 등을 통하여 사업장 인근 맨홀로 유입된 사고,시설 결함,누출,폴리황산제2철,,,0,0,0,0,,
458,2019-007,2019-03-22,10:33:00,㈜투게더,울산 남구 부곡동 436-10(도로상),울산,남구,수산화나트륨(50 %)을 적재한 탱크로리(27 ton)차량이 차량 상부 덮개를 개방한 상태로 운행하는 과정에서 적재중이던 수산화나트륨이 도로상에 누출된 사고,운송차량,누출,수산화나트륨,,,0,0,0,0,,
459,2019-008,2019-04-03,12:33:00,씨제이제일제당㈜남원공장,"전북 남원시 인월면 천왕봉로 135-53, 씨제이제일제당㈜남원공장",전북,남원시,암모니아 배관 수리작업 중 암모니아 가스 약 1.1 L 누출,안전기준 미준수,누출,암모니아,,,0,0,0,0,,
460,2019-009,2019-04-06,10:02:00,한동냉장㈜,"부산  사상구 새벽시장로 16(감전동 146-2), 한동냉장㈜",부산,사상구,암모니아가스(냉매) 응축시설을 가동하는 과정에서 발생하는 폐윤활유를 공정 말단부에 위치한 오일퍼지드럼을 통해 빼내는 작업(Drain)중 과다 밸브조작(작업자부주의)에 의해 폐윤활유에 섞여 있던 암모니아가스가 누출,안전기준 미준수,누출,암모니아,,,0,0,0,0,,
461,2019-010,2019-04-18,8:29:00,㈜로비스,"충남 서산시 지곡면 화천리 6-4, 대산읍 독곶리 97-1(도로상)",충남,서산시,페놀 탱크로리 적재차량의 해치 잠금장치 불량으로 지곡면 화천리 부근 약 1.2km 도로상에 페놀 100L 누출과 대산읍 독곶리 부근 약 15m 도로상에 페놀 누출,운송차량,누출,페놀,,,0,0,0,0,,
462,2019-011,2019-04-18,11:22:00,현대오일뱅크 대산공장,"충남 서산시 대산읍 평신2로 182, 현대오일뱅크 대산공장",충남,서산시,사업장 내 경유탈황공정 집유조 내에서 작업자가 이송펌프 수리 작업 중 황화수소가 누출되어 인명피해가 발생한 사고,안전기준 미준수,누출,황화수소,,,0,0,1,0,,
463,2019-012,2019-05-16,14:50:00,대광화학㈜,"부산  사상구 감전동 512-8, 대광화학㈜",부산,사상구,암모니아 저장탱크(20톤) 개방검사 준비를 위해 저장탱크 내부를 비우는 작업중(저장탱크 → 중화조 이송) 중화조로 이송되는 배관밸브를 과다하게 조작하여 중화조에 유입된 가스 및 액화암모니아가 저농도로 희석되지 못하고 탱크상부 통기관을 통해 암모니아수 증기가 외부로 누출,안전기준 미준수,누출,암모니아,,,0,0,0,0,,
464,2019-013,2019-05-17,13:17:00,한화토탈㈜,"충남 서산시 대산읍 독곶리 411-28, 한화토탈㈜",충남,서산시,- 스티렌 모노머를 합성하고 남은 물질(Residue)이 저장중이던 탱크 내부의 유기물이 이상반응으로 유증기화되어 탱크상부 통기관으로 분출됨- 전일 발생한 사고 이후 가동중지중이던 탱크 내부 잔유물의 이상반응 재발생,시설 결함,기타,폐 스티렌 모노머,,,0,0,0,0,영향조사실시중,
465,2019-014,2019-05-21,19:46:00,㈜한솔케미칼 울산공장,"울산 남구 여천동 231번지, ㈜한솔케미칼 울산광역시공장",울산,남구,사업장 내 과산화수소 제조공정에서 과산화수소를 정제하던 중 RO필터가 파열되어 내부의 과산화수소가 방유제 내로 누출된 사고(최대 340kg 추정),시설 결함,누출,과산화수소,,,0,0,0,0,,
466,2019-015,2019-05-22,10:42:00,그린케미칼㈜,"충남 서산시 대산읍 독곶2로 103, 그린케미칼㈜",충남,서산시,공장 대기배출시설에서 암모니아와 물 희석 시 발생하는 가스를 대기배출하기 전 처리하는 세정탑으로 이송하는 By-pass 밸브가 기능 이상으로 세정탑 처리효율 저하로 발생한 사고,시설 결함,누출,암모니아,,,0,0,0,0,,
467,2019-016,2019-05-24,14:42:00,유한양행 중앙연구소,"경기 용인시 기흥구 탑실로35번길 25, 유한양행 중앙연구소",경기,용인시 기흥구,실험실 내 후드에서 메틸아민을 벤질브로마이드로 중화하던 중 이상반응으로 용액이 실험자 얼굴에 튀고 가스가 발생한 사고,안전기준 미준수,기타,메틸아민,벤질브로마이드,,0,0,1,0,,
468,2019-017,2019-06-18,17:37:00,,"경북 포항시 남구 동해안로 6262, ㈜포스코",경북,포항시 남구,염산(35%)을 운반중이던 탱크로리가 ㈜포스코 2문 진입 후 100 m 지점에서 약 2 cm의 누출공이 발생하여 적재중이던 염산 약 300 L 누출,운송차량,누출,염산(35%),,,0,0,0,0,,
469,2019-018,2019-06-20,7:54:00,,"경기 광주시 도척면 방도리 253, 신우케미칼 내 컨테이너",경기,광주시,아조다이카본아미드가 실려 있는 컨테이너 개봉 작업 중 발생한 열이 내부로 전달되어 해당물질의 발열반응으로 화재 발생,운송차량,누출,아조다이카본아미드,,,0,0,0,0,,7000만원
470,2019-019,2019-06-27,19:13:00,,"경기 안산시 단원구 신원로 79, 기양금속공업㈜",경기,안산시 단원구,"무수크롬산, 질산, 황산 등을 폐액용기(20L)에 담아 폐기처리과정 중 이상반응으로 인한 폭발 발생",안전기준 미준수,기타,무수크롬산,질산,황산,0,0,1,0,,
471,2019-020,2019-07-01,,지에스칼텍스㈜ 여수공장,"전남 여수시 여수산단로 918, 지에스칼텍스㈜ 여수공장",전남,여수시,"사업장 내 황산 주입라인(4인치×150#)의 배관 Blind Bolting 작업 중 황산이 작업자 몸에 노출된 사고 발생, 응급조치 후 외부 병원으로 후송하여 진료",안전기준 미준수,누출,황산,,,0,0,1,0,,
472,2019-021,2019-07-10,8:50:00,㈜지엠코리아,"경북 구미시 수출대로 149, ㈜지엠코리아",경북,구미시,"액화염소를 지하 저장탱크로 이송하는 과정에서 지하 저장탱크의 과압으로 인해 주입이 불가하자, 압력 제거를 위해 Vent 밸브를 열어 대기배출시설로 제거하는 과정에서 대기배출시설의 부적정 운영으로 염소가스가 외부로 소량누출",안전기준 미준수,누출,염소,,,0,0,0,0,,
473,2019-022,2019-07-11,18:53:00,SK실트론㈜ 3공장,"경북 구미시 3공단3로 132-11, SK실트론㈜ 3공장",경북,구미시,"반도체 제조에 사용되는 웨이퍼를 세정하는 공정 중 수산화칼륨 DSP* 슬러리 Mixing System 내의 약액 공급용 Auto밸브 후단에 추가 안전확보를 위한 매뉴얼 밸브 설치작업 완료 후, Leak 확인을 위해 약액**을 공급하여 점검 중, 추가 설치한 매뉴얼 밸브 하단에서 Leak가 발생하여 확인 중이던 근로자 보호구로 약 1ml가 튀어 안구에 노출",시설 결함,누출,수산화칼륨,,,0,0,1,0,,
474,2019-023,2019-07-19,4:27:00,,"경남 김해시 상동면 매리, 중앙고속도로 상동1터널(상행선) 진입 전",경남,김해시,경남 김해시 상동1터널 인근 도로상 탱크로리 전도되어 적재된 디메틸아세트아미드 누출,운송차량,누출,디메틸아세트아미드,,,0,0,0,1,,
475,2019-024,2019-07-23,17:14:00,㈜청호,"경기 양주시 은현면 하패리 682, ㈜청호",경기,양주시,반응기 시험 가동을 위해 화학물질 혼합 중 발열반응으로 온도가 상승하였으나 냉각장치 냉각용량 초과로 반응기가 과열되어 내용물이 타면서 연기발생,안전기준 미준수,기타,아크릴산,,,0,0,0,0,,
476,2019-025,2019-08-01,13:19:00,대정화금㈜,"경기 시흥시 서해안로 186, 대정화금㈜",경기,시흥시,사업장 내 지정폐기물 보관시설에 보관중이던 폐액 용기에서 이상반응이 발생하여 용기 내부에서 흄이 발생한 사고,시설 결함,기타,폐산,,,0,0,0,0,,
477,2019-026,2019-08-05,11:10:00,한솔케미칼㈜ 울산공장,"울산 남구 납도로 116, 한솔케미칼㈜ 울산공장",울산,남구,과산화수소(60%) 제조공정 내 중간저장탱크(200㎥) 내부에서 미상의 분해반응으로 압력이 상승해 저장중이던 과산화수소 일부가 탱크 상부의 비상 압력 배출장치를 통해 누출된 사고,시설 결함,기타,과산화수소,,,0,0,0,0,,
478,2019-027,2019-08-08,1:10:00,원경전자㈜,"경기 시흥시 마유로144번길 41, 원경전자㈜",경기,시흥시,폐업된 사업장에서 저장탱크와 연결된 파이프 손상으로 방류벽 내 염산 누출(폐기물 약 8톤 회수),시설 결함,누출,염산,,,0,0,0,0,,
479,2019-028,2019-08-11,19:48:00,삼성전자㈜ 화성캠퍼스,"경기 화성시 삼성전자로1, 삼성전자㈜ 화성캠퍼스",경기,화성시,사업장 내 15라인 7층 하부층 디클로로실란 배관 핀홀에서 소량 누출되어 화재 발생(자연발화 추정),시설 결함,누출,디클로로실란,,,0,0,0,0,,
480,2019-029,2019-08-12,1:58:00,㈜세명케미칼,"충남 천안시 동남구 성남면 대화리 360, ㈜세명케미칼",충남,천안시 동남구,사업장 내 질산탱크(용량 20톤 저장탱크에 약 11톤 저장)에서 폐질산 전량 누출(추정)로 다량의 흄 발생,시설 결함,누출,질산,,,0,0,0,0,,6000만원
481,2019-030,2019-08-13,4:59:00,㈜처인냉장,"경기 용인시 처인구 중부대로 1022-1, AJ토탈㈜ 처인냉장",경기,용인시 처인구,AJ토탈㈜ 처인냉장 지하 2층 암모니아 탱크에서 가스 누출 발생,시설 결함,누출,암모니아,,,0,0,1,0,금학천 물고기 폐사,
482,2019-031,2019-08-15,23:56:00,와이케이티㈜,"경기 안산시 단원구 만해로229번길 20, 와이케이티㈜",경기,안산시 단원구,사업장 내 탱크로리에서 실외저장시설로 염산(20%)을 이송 작업 중 이송호스 내 잔류염산을 제거하지 않아 작업장 바닥에 소량 누출(0.5∼40 L),안전기준 미준수,누출,염산,,,0,0,0,0,,
483,2019-032,2019-08-16,20:18:00,㈜은성일렉콤,"인천 서구 원창로 61-11, ㈜은성일렉콤",인천,서구,저장탱크에서 배관을 통해 사업장 내부 서비스 탱크로 염산(35%)  이송 중 시스템 상의 문제로 서비스 탱크 내 염산이 오버플로 되어 공장바닥으로 염산누출,시설 결함,누출,염산,,,0,0,2,0,,
484,2019-033,2019-08-22,23:28:00,㈜신용잉크,"경기 고양시 일산서구 구산로135번길 66-22, ㈜신용잉크",경기,고양시 일산서구,잉크 및 인쇄재료 등을 생산하는 사업장에서 교반기 내 원료의 이상반응으로 황화수소가 누출된 사고,안전기준 미준수,기타,황화수소,,,0,0,0,0,,
485,2019-034,2019-08-26,10:30:00,㈜보성,"강원 춘천시 공단로70번길 11, ㈜보성",강원,춘천시,고철 처리업체에서 폐가스용기 절단작업 중 잔류 암모니아 가스 누출,안전기준 미준수,누출,암모니아,,,0,0,1,0,,
486,2019-035,2019-08-28,14:47:00,,"경남 진주시 지수면 금곡리 산 55-1, 신흥특수화물",경남,진주시,여수(한화케미칼)에서 포항(포스코)으로 운송 중이던 신흥특수화물 소속의 염산(35%) 탱크로리(25ton)에서 내부 부식으로 인해 차량 측하부 1cm 균열이 발생하여 염산(35%) 약 50L가 누출된 사고,운송차량,누출,염산,,,0,0,0,0,,
487,2019-036,2019-08-29,10:57:00,,"경남 진주시 내동면 독산리 349-2, 모산교차로 입구",경남,진주시,질산용기(20L) 40개를 운반하던 1톤 화물차량이 운행 중 발생한 충격으로 적재중이던 질산용기 2개에서 적재함 내 소량(약 100mL) 누출,운송차량,누출,질산,,,0,0,0,0,,
488,2019-037,2019-08-30,23:47:00,㈜대원케미코,충북 충주시 주덕읍 중원산업로 178,충북,충주시,"기능성 접착제 및 계면활성제, 화장품 원료(방부제) 등을 생산하는 사업장에서 폭발음과 함께 발생한 화재, 폭발사고",안전기준 미준수,폭발,,,,0,1,0,8,,
489,2019-038,2019-08-31,0:09:00,㈜LG생활건강,울산 울주군 온산읍 이진로 19,울산,울주군,유화제 제조공정 RE-3300 펌프에서 pH조절을 위해 수산화칼륨을 투입하던중 에어 공급배관 체결부위에 누출,시설 결함,누출,수산화칼륨,,,0,0,1,0,,
490,2019-039,2019-09-02,18:01:00,,"충북 옥천군 군복면 증악리 156-2, 경부고속도로(상) 옥천졸음쉼터",충북,옥천군,"운행중인 1톤 차량의 조수석에 적재하고 있던 질산, 에탄올 혼합물이 반응하여 압력으로 인해 용기(20L)가 파손되어 누출",운송차량,누출,질산+에탄올 혼합물,,,0,0,1,0,,
491,2019-040,2019-09-04,13:23:00,,"경북 청도군 청도읍 월곡리 72-1, 대구-부산간 민자고속도로(하)",경북,청도군,염산 운반차량(1톤 트럭)이 타이어 펑크로 인해 가드레일을 들이받아 적재함에 실린 용기(20L) 120통 중 일부 추락 및 파손으로 인한 염산 누출,운송차량,누출,염산,,,0,0,0,1,,
492,2019-041,2019-09-23,6:14:00,한일화학㈜,경기 시흥시 공단1대로80번길 17,경기,시흥시,제조공정에서 저장탱크로 이송 과정에서 레벨게이지 고장으로 작업자가 저장수위를 조절하지 못하여 암모니아수(25%) 약 50L가 탱크에서 넘쳐 방류벽 내 누출,안전기준 미준수,누출,암모니아수,,,0,0,0,0,,
493,2019-042,2019-09-24,14:35:00,구.대덕전자㈜,경기 안산시 단원구 별망로 473,경기,안산시 단원구,다른 사업장이 입주하기 위해 기존 유해화학물질 취급설비 철거 작업 중 배관 내 잔류염산 소량 누출,안전기준 미준수,누출,염산,,,0,0,2,0,,
494,2019-043,2019-09-27,9:08:00,,"경북 청도군 청도읍 원정리 산 5-6, 도로상",경북,청도군,"4.5 ton 화물차량 전복으로 인하여 적재된 삼산화안티몬(80포대, 약 2 ton), 수산화마그네슘(40포대, 약 1 ton), 양모(11포대)가 도로상에 누출",운송차량,누출,삼산화안티몬,수산화마그네슘,,0,1,0,0,,
495,2019-044,2019-09-27,12:28:00,동해케미칼공업㈜,경기 시흥시 협력로 99,경기,시흥시,톨루엔(99~100%) 탱크로리에서 저장탱크로 이송 중 저장탱크 레벨게이지의 고장으로 유증기 배관에서 역류하여 톨루엔 약 500L 누출,안전기준 미준수,누출,톨루엔,,,0,0,0,0,,
496,2019-045,2019-09-30,,㈜씨엘에스랩,충북 제천시 바이오밸리2로 26,충북,제천시,사업장 내 방치되어 있던 드럼내부에서 원인미상으로 용기의 뚜껑이 개방되어 염화티오닐 약 30 kg(추정) 누출,시설 결함,누출,염화티오닐,,,0,0,0,0,,
497,2019-046,2019-09-30,11:48:00,㈜케드켐,경기 시흥시 협력로 89,경기,시흥시,사업장 공장동 내 유화소다 저장탱크(22 ton)에서 IBC탱크(1 ton)로 소분작업 중 작업자 2명 연기 흡입,안전기준 미준수,누출,황화나트륨,,,0,0,2,0,,
498,2019-047,2019-10-17,12:18:00,씨앤피하이텍㈜,충남 당진시 석문면 산단3로6길 40,충남,당진시,사업장 제조동 내 탱크로리에서 IBC 탱크로 황산을 이송하는 작업 중 황산 약 500 ml가 누출되어 직원 2명 부상 발생,운송차량,누출,황산,,,0,0,2,0,,
499,2019-048,2019-10-30,9:25:00,동화기업㈜,인천 서구 염곡로 133,인천,서구,"한전에서 전력 공급 중단으로 인한 사업장 내 정전 시 무정전전원공급장치의 미작동 및 비상발전기 전원 미공급 발생, 이로 인한 냉각기 미작동, 반응기 비정상적 운전(맨홀 덮개 개방된 상태로 운전) 등에 의해 화학물질(폼알데하이드 함유)이 누출",시설 결함,누출,페놀+포르말린 혼합물,,,0,0,0,1,,13350만원
500,2019-049,2019-11-19,5:56:00,매일식품㈜,전남 순천시 서면 산단1길 16,전남,순천시,염산 저장탱크(33.9㎥)에서 작업 중 밸브가 파손되어 염산(10% 이상)이 소량(1L 이하) 누출,시설 결함,누출,염산,,,0,0,1,0,,
501,2019-050,2019-11-22,17:57:00,㈜중원신소재,충북 충주시 주덕읍 중원산업로 163,충북,충주시,2차 전지 전해질 첨가제 제조공정 중 부생물질(폐산)을 중화하는 과정에서 pH를 측정하기 위해 중화조 반응기(HCR-103)의 맨홀을 여는 순간 중화조 내 반응물(다이메틸 카보네이트) 누출,안전기준 미준수,누출,다이메틸카보네이트,,,0,0,3,0,,
502,2019-051,2019-11-26,11:18:00,㈜리드테크,충북 음성군 금왕읍 유촌산단로 74,충북,음성군,독성 잔여가스를 처리하는 사업장에서 불화수소 잔가스 처리작업 중 저장용기(실린더) 밸브에서 미량의 불화수소가 누출,안전기준 미준수,누출,불화수소,,,0,0,0,0,,
503,2019-052,2019-12-02,10:16:00,더블유스코프코리아 1공장,충북 청주시 청원구 오창읍 과학산업4로 106,충북,청주시 청원구,지하 펌프실에 있는 디클로로메탄 배관과 연결된 펌프시설에서 소량 유출,시설 결함,누출,다이클로로메탄,,,1,0,1,0,,
504,2019-053,2019-12-17,9:25:00,아현중학교,서울 마포구 마포대로 247,서울,마포구,과학실에서 취급 중인 고상 화학약품을 혼합·폐기 중 폭발 및 화재 발생,안전기준 미준수,폭발,염소산칼륨,,,0,0,1,0,,
505,2019-054,2019-12-18,10:09:00,태광산업,울산 남구 산안로 46,울산,남구,출하장 내 과산화수소(58%) 상차완료 후 주입호스 제거 중 물질 누출,안전기준 미준수,누출,과산화수소,,,0,0,1,0,,
506,2019-055,2019-12-27,17:09:00,㈜창대우레탄,경기 화성시 비봉면 비봉로71번길 8,경기,화성시,"원료(MDI+TDI,폴리올)를 혼합기에 펌프를 이용한 고압의 공기 주입 중 원료 드럼에 과압이 걸려 드럼통 하부가 터지며 작업자 가격",안전기준 미준수,누출,"4,4-디이소시안산 디페닐메탄",톨루엔 디이소시아네이트,,0,0,0,1,,
507,2019-056,2019-12-30,14:54:00,광주과학기술원,광주 북구 첨단과기로 123,광주,북구,실험실 내부 정리 중 황산이 담긴 용기파손으로 인해 물질 누출,안전기준 미준수,누출,황산,,,0,0,3,0,,
508,2019-057,2019-12-19,,이데미쯔전자재료한국㈜,경기 파주시 문산읍 당동2로 15,경기,파주시,3층 클린룸 OLED 공정 내 석영외통관을 톨루엔을 사용하여 청소하는 작업 중 톨루엔 누출*(국민신문고에 따른 사후민원 접수로 현장조사 실시 후 화학사고 판정),안전기준 미준수,누출,톨루엔,,,0,0,1,0,,
509,2019-058,2019-04-24,18:04:00,㈜두손화학,경북 경주시 외동읍 제내1공단길 37-9,경북,경주시,제조사용시설 가동 중 작업자의 과실(반응물 투입 순서 변경)로 인한 과열반응(화학반응)으로 벤트덕트(반응기 뚜껑)가 파손되면서 흄 가스가 대기중으로 누출되고 작업자가 부상을 입은 사고,안전기준 미준수,누출,염화아연,,,0,0,1,0,,
510,2020-001,2020-01-02,7:09:00,㈜나스테크,충남 아산시 수장로25번길 51,충남,아산시,사업장 내 저장탱크(60 ton) 측면 접합부의 볼트 풀림에 의하여 저장되어 있는 염산(35%) 약 2 ton 누출,시설 결함,누출,염산,,,0,0,0,0,,
511,2020-002,2020-01-11,9:12:00,한국쓰리엠하이테크(유),전남 나주시 문평면 다시로 93,전남,나주시,사업장 내 점착테이프 제조공정 중 점착제(제품명: CEF 30)를 필터링 설비에서 이동식 탱크로 이송하는 과정에서 연결호스가 빠지면서 유독물질인 점착제가 바닥으로 누출(54kg 추정)된 사고,안전기준 미준수,누출,점착제,,,0,0,0,0,,
512,2020-003,2020-01-21,17:41:00,㈜뉴프린텍,경기 안산시 단원구 목내로122번길 46,경기,안산시 단원구,사업장 내 과산화수소 저장탱크(저장용량 5 ton / 보관량 1 ton)에 탱크로리로 3 ton 주입 후 내 과압에 의해 저장탱크 상부가 탈거되면서 과산화수소 누출,안전기준 미준수,누출,과산화수소,,,0,0,0,0,,
513,2020-004,2020-01-30,8:40:00,미광기계,전남 해남군 해남로 1088,전남,해남군,사업장 내 보관 중인 3톤 염산 탱크 5기 중 4기에서 염산 일부(약 200 L 추정) 누출,시설 결함,누출,염산,,,0,0,0,0,,
514,2020-005,2020-02-05,6:06:00,,"울산 울주군 온산읍 화산리 877, 도로상",울산,울주군,염산을 운반하던 탱크로리 차량이 상부 덮개를 완전히 체결하지 않은 상태에서 운행하여 차량 진동 등으로 인해 염산이 소량(약 20 L) 누출,운송차량,누출,염산,,,0,0,0,0,,
515,2020-006,2020-02-05,14:00:00,,"전남 진도군 군내면 둔전리 309, 18번 국도 도로상",전남,진도군,염산 용기(20 L) 180개를 운반하던 차량 적재함이 개방되면서 도로상으로 낙하되어 용기 3개가 파손된 사고(약 40 L 누출),운송차량,누출,염산,,,0,0,0,0,,
516,2020-007,2020-02-12,11:48:00,스템코㈜,충북 청주시 흥덕구 옥산면 과학산업4로 79-44,충북,청주시 흥덕구,감광액이 저장된 1톤 철재IBC 탱크를 지게차로 하역 작업과정 중 운전자의 부주의로 탱크 결합부(플라스틱 밸브)가 파손되어 감광액 약 500L 누출,안전기준 미준수,누출,감광액(과산화수소+염산),,,0,0,0,0,,
517,2020-008,2020-02-17,12:23:00,,"전북 남원시 사매면 계수리, 순천완주고속도록 사매2터널 상행선 도로상",전북,남원시,다중추돌사고로 인해 질산 탱크로리(24 ton)이 전도되면서 터널 내 화재가 발생한 사고,운송차량,화재,질산,수산화나트륨,,0,5,0,43,,
518,2020-009,2020-02-23,16:52:00,㈜메디포럼제약,경기 남양주시 경강로 27,경기,남양주시,실험실에서 폐시약을 처리하던 중 폐시약 용기에서 누액이 되며 원인 미상으로 발화되어 화재 발생,안전기준 미준수,화재,폐시약,,,0,0,11,0,,
519,2020-010,2020-03-05,10:55:00,㈜켐텍스코리아,경기 화성시 마도면 청원산단5길 40,경기,화성시,사업장 내 지게차를 이용하여 아크릴산 드럼통을 운반하던 중 드럼통이 낙하하여 아크릴산 누출,안전기준 미준수,누출,아크릴산,,,0,0,0,0,,
520,2020-011,2020-03-06,8:20:00,롯데정밀화학㈜,울산 남구 여천로217번길 19,울산,남구,질소를 이용하여 배관 및 펌프 내 잔류 황산을 드레인 하던 중 펌프 내 잔압이 남아있는 상태에서 질소 밸브를 해체하여 내부의 황산 누출,안전기준 미준수,누출,황산,,,0,0,1,0,,
521,2020-012,2020-03-06,10:23:00,솔브레인㈜,충남 공주시 공단길 34-12,충남,공주시,애칭액 제조탱크에서 애칭액(불산 0.71%+초산 2.6%+질산 50% 등 혼합물질) 약 76 Kg(추정) 누출,안전기준 미준수,누출,"에칭액(질산, 불산, 아세트산 등 혼합액)",,,0,0,4,0,,
522,2020-013,2020-03-19,8:14:00,,"충남 서천군 화양면 옥포리 527, 도로상",충남,서천군,액화염소 탱크로리(24 ton)가 전도되어 탱크로리 상부 밸브가 풀려 액화염소가 소량 누출,운송차량,누출,염소,,,0,0,0,0,,
523,2020-014,2020-03-27,10:20:00,,"울산 울주군 청량면 처용산업3길 162, 도로상",울산,울주군,"택배물품을 배송중이던 배송기사가 물품을 내리던 중 택배차량 화물칸에 있던 택배박스(염산 35%, 1kg용기 시약)를 실수로 떨어뜨려 아스팔트 도로상에 염산시약 약 5kg 누출",운송차량,누출,염산,,,0,0,0,0,,
524,2020-015,2020-03-31,10:52:00,㈜나노코,대구  달서구 성서서로33길 38,대구,달서구,"페놀수지 접착제 생산과정 중 포름알데히드(37%), 페놀(99%), 촉매제(옥살산)를 혼합하는 과정에서 온도조절설비(열교환기)의 이상으로 인한 고온상승으로 반응기(10㎥)의 압력이 기준치 이상으로 증가하여, 유증기가 배관으로 연결된 펌프탱크(비상용)로 유입되어 압력증가로 탱크상부 뚜껑이 파손되면서 포름알데히드, 페놀을 포함한 유증기 20㎏(추정)이 주변으로 비산된 사고",시설 결함,누출,"포르말린, 페놀",,,0,0,0,0,,
525,2020-016,2020-03-31,20:57:00,GT이노베이션,전남 광양시 항만8로 205,전남,광양시,"세척작업을 위해 적재된 ISO탱크(19,000 L)에서 밸브가 파손되어 탱크 內 사염화규소 누출(수분과 반응하여 염화수소 발생)",시설 결함,누출,사염화규소,,,0,0,0,0,,
526,2020-017,2020-04-04,9:32:00,,부산  금정구 부산외곽순환고속도로 금정산터널(창원방향) 입구 도로상,부산,금정구,탱크로리차량((주)동백통운)이 운송 중 차량 하부의 연결파이프(Flexible Tube) 부위 파손으로 인해 도로상에 황산이 약 250 kg 누출,운송차량,누출,황산,,,0,0,1,0,,
527,2020-018,2020-04-05,13:05:00,허브주유소 내,전북 김제시 금구면 선비로 1311,전북,김제시,주유를 하기 위하여 주유소 내에 정차시킨 염산 탱크로리의 측면부에서 염산 누출(약 10 kg)이 확인되어 운전자가 신고한 사고로 탱크로리 내부라이닝 일부 손상으로 균열 발생,운송차량,누출,염산,,,0,0,0,0,,
528,2020-019,2020-04-10,10:08:00,,"경남 창녕군 영산면 영산도천로 549, 중부내륙고속도로 영산TG 도로상",경남,창녕군,25 ton 염산 탱크로리 차량의 상부 맨홀(1~2번)에서 느슨한 볼트 체결의 문제로 염산(35%) 약 30 L 누출,운송차량,누출,염산,,,0,0,0,0,,
529,2020-020,2020-04-13,12:53:00,제이케이하이텍㈜,충북 옥천군 동이면 동아농공길 73-4,충북,옥천군,산업용 보호필름 제조공정에서 필름용 동판을 세척하기 위하여 작업자가 아세트산에틸 드럼 주입구를 개방하는 과정에서 원인 미상의 폭발 및 화재발생(추정),안전기준 미준수,폭발,아세트산에틸,,,0,0,0,1,,
530,2020-021,2020-04-15,8:09:00,에스케이하이이엔지㈜,경기 이천시 부발읍 경충대로 2091,경기,이천시,황산(70%)을 적재한 탱크로리 차량에서 저장시설로 이송하기 위해 호스의 토출구 마개를 개방하는 과정에서 배관 내 잔류 황산이 누출(약 1 L 추정),안전기준 미준수,누출,황산,,,0,0,1,0,,
531,2020-022,2020-04-17,,LG디스플레이㈜ 4공장,경북 구미시 3공단2로 174,경북,구미시,"디스플레이 제조 과정에서 생성되는 산성물질의 흄을 제거하기 위해 운영 중이던 대기배출시설의 수산화나트륨 공급설비 이송배관 중간에 위치한 스윙체크밸브*(플랜지 타입) 사이에서 미세한 리크(leak)가 발생한 사실을 점검 중, 작업자가 밸브의 4개의 볼트 중 3개의 볼트를 해체 후 육안 확인 과정에서 해체된 밸브 틈으로 수산화나트륨 약 61리터가 분사되어 작업자 부상",안전기준 미준수,누출,수산화나트륨,,,0,0,1,0,,
532,2020-023,2020-04-20,14:01:00,코스모화학㈜,울산 울주군 온산읍 원봉로 55,울산,울주군,사업장 TMP동 내 용해환원공정의 황산 자동밸브 교체를 위해 밸브를 해체하던 중 배관 내 잔류 황산이 누출되어 작업자 2명 부상,안전기준 미준수,누출,황산,,,0,0,2,0,,
533,2020-024,2020-04-21,9:22:00,진성케미칼㈜,광주 광산구 용아로 612,광주,광산구,사업장 내 염산 저장시설(16 ㎥)이 노후화로 인해 파손되면서 탱크 내 저장되어 있던 염산(35 %)이 전량(13 ton) 누출,시설 결함,누출,염산,,,0,0,0,0,,
534,2020-025,2020-05-05,10:26:00,한국마사회,"경기 과천시 경마공원대로 107, 한국마사회 도핑검사소",경기,과천시,"황산(70%), 질산(60%), 과산화수소(30%)를 혼합 중 발열반응으로 시약병이 폭발(추정)하며 혼산 약 300 ml(추정)가 누출된 사고",안전기준 미준수,누출,"혼합액(황산, 질산, 과산화수소)",,,0,0,1,0,,
535,2020-026,2020-05-13,,KPX글로벌㈜,울산 남구 납도로 156,울산,남구,"KPX글로벌(주)에서 HDC현대EP(주)*로 연결된 지하배관(직경 4인치, 길이 약 7km)이 미상의 이유로 파열되어 스티렌모노머 약 11톤이 인근 한화솔루션 2공장 내 우수로로 유출됨",시설 결함,누출,스티렌모노머,,,0,0,0,0,인근 하천 유분띠 관측,
536,2020-027,2020-05-14,9:57:00,LG디스플레이㈜,"경북 구미시 3공단2로 174, LG디스플레이㈜ 6공장",경북,구미시,20L 용기에 들어있던 NMP를 PIC설비에 주입하기 위해 캔용기(20L)로 옮기는 과정에서 클린룸 특성상 양압유지를 위해 주입되는 강한 바람에 영향으로 점성이 있는 NMP 잔류물 소량(5㎖이내)이 날려 인근에서 작업 중이던 근로자 왼쪽 눈에 들어감,안전기준 미준수,누출,1-메틸-2-피롤리디논,,,0,0,1,0,,
537,2020-028,2020-05-28,23:11:00,신성소재㈜,충북 진천군 덕산읍 신척산단1로 69,충북,진천군,"OLED 소재 및 화장품 원료를 제조하는 사업장의 제조동 내에서 톨루엔을 이용한 정제, 추출공정 후단의 여과, 탈수시설에서 화재가 발생",시설 결함,화재,톨루엔,,,0,0,0,1,,140000만원
538,2020-029,2020-06-04,10:30:00,LG디스플레이㈜,경기 파주시 월롱면 엘지로 245,경기,파주시,사업장 내(P8) 지하 4층 기계실 건설비계 설치작업을 하던 작업자가 작업과정에서 배관에 어깨를 부딪치면서 밸브가 개방되어 배관 내 수산화나트륨 일부가 누출(약 1 L 미만),안전기준 미준수,누출,수산화나트륨,,,0,0,1,0,,
539,2020-030,2020-06-07,12:28:00,㈜삼양로지스,경남 양산시 상북면 상북중앙로 91,경남,양산시,사업장 보세창고 야적장에서 흰 연기가 발생되어 인명(1명)과 진화과정에서 소방용수로 주변지역 일부 토양오염(사업장 밖 도로) 피해 발생,시설 결함,화재,티오요소,,,0,0,1,0,사업장 밖 토양오염(30m),
540,2020-031,2020-06-18,2:10:00,삼우금속공업㈜,경남 창원시 성산구 성주로 53,경남,창원시 성산구,"금속표면처리 업체의 니켈도금 공정 중 도금조의 가열장치 과열로 화재가 발생하여, 도금조 내 도금액(황산니켈 혼합물, 약 570 L) 누출",시설 결함,누출,황산니켈,,,0,0,0,0,,300만원
541,2020-032,2020-06-25,16:36:00,,"경기 안산시 단원구 신원로 12, 인근 도로상",경기,안산시 단원구,경기 안산시 단원구 신길동 1057-1 인근 도로상에서 설비 해체 작업 중 황산 누출,안전기준 미준수,누출,황산,,,0,0,0,0,,
542,2020-033,2020-06-27,9:34:00,㈜맛고을식품,경기 여주시 선사길 104,경기,여주시,보일러 세척 용도로 염산(15%) 100 kg을 보일러 내부 물(3 ton)에 주입하는 과정에서 묽힘열로 인하여 끓어 넘쳐 작업자 부상,안전기준 미준수,누출,염산,,,0,0,1,0,,
543,2020-034,2020-06-30,15:37:00,,"충북 음성군 삼성면 용성로6번길, 인근 도로상",충북,음성군,화학물질 운반차량이 전도되어 수산화 테트라메틸암모늄이 저장된 드럼(200 L) 120개 중 소량이 누출,운송차량,누출,수산화테트라메틸암모늄,,,0,0,0,0,,
544,2020-035,2020-07-01,,엘에스니꼬동제련㈜,울산 울주군 온산읍 산암로 148,울산,울주군,사업장 내 황산 제조 1공장의 황산 이송배관 교체작업 후 가압테스트 과정에서 배관 내 잔류 중이던 황산이 플랜지 틈 사이로 비산되어 작업자가 부상을 입은 사고,안전기준 미준수,누출,황산,,,0,0,1,0,,
545,2020-036,2020-07-03,1:01:00,세원금속,경기 안산시 상록구 도금단지2길 31-1,경기,안산시 상록구,금속 표면처리 업체에서 발생한 화재로 인해 내부 설비와 염산이 저장된 서비스탱크가 소실된 사고,시설 결함,누출,염산,,,0,0,0,0,,9615만원
546,2020-037,2020-07-08,1:59:00,한경티이씨㈜,경남 진주시 사봉면 산업단지로44번길 60,경남,진주시,"사업장 내 질산 반응기(R-302) 하부 배관과 연결되는 개스킷의 노후화로 해당 설비에 반응 중이던 질산 1,182 kg(추정)이 누출된 사고",시설 결함,누출,질산,,,0,0,0,0,,
547,2020-038,2020-07-10,18:41:00,,충북 음성군 금왕읍 금왕휴게소 도로상,충북,음성군,금왕휴게소 평택방면 주차장에서 황산 탱크로리(24ton) 차량의 운반자가 차량점검 중 차량 하부 배관 용접부에서 황산(98%)이 소량(20L 추정) 누출된 사고,운송차량,누출,황산,,,0,0,0,0,,
548,2020-039,2020-07-13,10:25:00,한국수력원자력㈜,부산  기장군 장안읍 길천길 96-1,부산,기장군,"고리원자력본부 3발전소 내 황산 저장탱크(용량 40톤)에서 복수탈염설비 보조탱크(용량 2.4톤)로 이송 중에 수위전송기 오작동으로 인한 유입배관 자동개폐장치 미작동으로 황산 약 1,120L가 월류(넘침)됨",시설 결함,누출,황산,,,0,0,0,0,,
549,2020-040,2020-07-20,8:06:00,H비지니스파크 A동 2044호,서울 송파구 법원로11길 25,서울,송파구,수경재배 시설에서 pH조절 용도로 사용하는 질산(60%) 10 ml 누출,안전기준 미준수,누출,질산,,,0,0,1,0,,
550,2020-041,2020-07-21,1:47:00,㈜케이이씨,경북 구미시 수출대로 31,경북,구미시,비메모리반도체 제조공장 EPI*서비스룸 가스공급실에서 작업자 2명이 사용을 완료한 트리클로로실란 가스드럼 교체 작업 중 교체실 캐비닛의 TCS가스드럼(250kg)이 무게중심을 잃고 넘어지면서 상부의 가스공급 배관이 파손되어 트리클로로실란 약 113kg이 가스공급실 및 대기방지시설을 통해 누출되는 사고 발생,안전기준 미준수,누출,트리클로로실란,,,0,0,0,0,,
551,2020-042,2020-07-21,20:51:00,에스티케이케미칼㈜,인천 서구 건지로 120-12,인천,서구,수산화나트륨(33 %)를 과산화수소(35 %) 저장탱크에 오인 주입하여 생성된 폐액 전량 및 탱크 세척수을 지정폐기물 차량(탱크로리)으로 전량 회수한 후 차량 탱크로리 내 이상반응으로 탱크로리 폭발,안전기준 미준수,폭발,수산화나트륨+과산화수소,,,1,0,7,0,,
552,2020-043,2020-07-23,11:35:00,충남대학교,"대전  유성구 대학로 99, 충남대학교 실험실",대전,유성구,농업생명공학관 411호에서 폐산통에 폐액 처리 중 용기 파손으로 화학물질이 누출 된 사고,안전기준 미준수,누출,"폐산(황산, 질산, 과산화수소)",,,0,0,9,0,,
553,2020-044,2020-07-24,17:45:00,㈜에스티피,경북 고령군 성산로 968-23,경북,고령군,폐업공장((주)에스티피 반도체 공장)에서 철조물 철거작업 중 배관 내 잔류하고 있는 메틸클로로실란으로 추정되는 물질이 배관절단 작업으로 공기 중 수분과 반응하여 염화수소 발생,안전기준 미준수,누출,메틸클로로실란,,,0,0,0,0,,
554,2020-045,2020-07-29,9:07:00,비봉케미칼㈜,울산 울주군 온산읍 화산로 219,울산,울주군,사업장 내 수처리제 제조공정에 폐황산(70%)을 투입 준비 중 운반 용기(IBC) 하부의 배출 밸브가 손상되어 용기 내부의 황산 약 50 kg(소방 추정)이 옥내에 누출된 사고,시설 결함,누출,황산,,,0,0,0,0,,
555,2020-046,2020-07-31,10:05:00,㈜폴리네트론,경기 화성시 남양읍 주석로325번길 38,경기,화성시,"사업장 옥내 제조소 내 반응기(LK-03)에 두 화학물질(디이소시안산이소포론, 펜타에리트톨 트리아크릴산) 투입을 통한 우레탄아크릴레이트 합성 중 온도제어 실패로 반응기 내 온도 상승, 다량 흄 발생",시설 결함,누출,디이소시안산이소포론+펜타에리트톨 트리아크릴산,,,0,0,0,0,,
556,2020-047,2020-08-10,10:42:00,중부에스켐㈜,경기 안성시 미양면 서운로 673-24,경기,안성시,사업장 내 수지 제조 반응기에서 두 원료 물질을 투입하여 반응 중 온도가 급격히 상승하여 온도 강하를 위해 물을 주입하던 중 다량의 흄과 내부 물질이 반응기 밖으로 누출된 사고,시설 결함,누출,디이소시안산이소포론 + 펜타에리트톨트리아크릴산,,,0,0,0,0,,
557,2020-048,2020-08-11,22:07:00,제일윈텍㈜,경북 구미시 해마루공원로 232,경북,구미시,디스플레이 제조용 메탈 및 세라믹 부품 등을 세척하는 사업장에서 질산(60%) 저장시설(15㎥)이 수축*되어 변형이 된 저장시설과 배관 연결부위에 틈이 발생하여 내부에 저장된 질산 2㎥ 중 약 10 L가 누출된 사고,시설 결함,누출,질산,,,0,0,0,0,,
558,2020-049,2020-08-11,11:46:00,㈜대하엔지니어링,인천 남동구 은청로 76,인천,남동구,사업장 실험실에서 실험하는 과정 중 황산(95%) 시약병(500ml)을 떨어트려 용기파손 및 황산 누출로 인해 부상자(1명)가 발생한 사고,안전기준 미준수,누출,황산,,,0,0,1,0,,
559,2020-050,2020-08-14,10:44:00,㈜LG화학 온산공장,울산 울주군 온산읍 이진로 19,울산,울주군,"사업장 옥외에 보관되어 있던 CCTA* 15.2톤이 자연발화(폭염으로 인한 온도상승 추정)되면서 연기가 발생하며 분해, 연소된 사고",시설 결함,기타,2-클로로-N-(시아노-2-티에닐메틸)-아세트아미드,,,0,0,0,0,,
560,2020-051,2020-08-18,1:24:00,,경기 평택시 모곡동 169 인근 평택제천고속도로 송탄졸음쉼터,경기,평택시,"졸음쉼터에 정차 중이던 탱크로리(23톤, ㈜유신상사, 인천83사9598) 차량에서 소량(약 20 L 추정)의 염산(35%)이 누출되고 있는 것을 운전자가 발견하여 신고",운송차량,누출,염산,,,0,0,0,0,,
561,2020-052,2020-08-20,2:32:00,대송정밀화학,울산 울주군 회학3길 56-10,울산,울주군,"방청첨가제 등을 생산하는 사업장에서 발생한 화재로, 제조동 반응기 내 투입된 메탄올(5 ton) 및 n-헥산 함유제품(3 ton)과 옥외 보관 중이던 톨루엔(450 kg) 등이 연소된 사고   ※ 메탄올, 톨루엔: 유해화학물질 / n-헥산: 일반화학물질",시설 결함,화재,메틸알코올,톨루엔,,0,0,0,0,65000만원,
562,2020-053,2020-08-30,5:45:00,,전남 여수시 산단중앙로 75 인근 도로상,전남,여수시,"도로상에 정차 되어 있는 염산(35%) 탱크로리(23 톤, ㈜한정물류, 인천80사2507) 차량의 플렉시블 호수 마개 결합불량으로 소량의 흄이 발생",운송차량,누출,염산,,,0,0,0,0,,
563,2020-054,2020-09-03,19:48:00,,전남 순천시 황전면 황전휴게소 전주방향 도로상,전남,순천시,"순천완주고속도로 상행선을 운행하던 염산 탱크로리(㈜명진, 전남80바 8224)가 황전휴게소 주차장 내 정차 후 차량점검 중 펌프 불량이 확인되어 다른 운반차량(한정특수, 인천80바 5224)으로 이송하는 과정에서 염산 소량(3 L 이하 추정) 누출",운송차량,누출,염산,,,0,0,0,0,,
564,2020-055,2020-09-10,8:24:00,한국에이에스케이케미칼즈㈜,울산 울주군 화산3길 34-11,울산,울주군,"페놀-포름알데히드 수지 반응기(RT-02-701) 중합반응(촉매:수산화나트륨) 중 이상반응(온도, 압력 상승)으로 파열판 및 후단 배관 일부가 파손, 일부 페놀-포름알데히드 수지가 반응기 외부로 비산됨",시설 결함,기타,페놀+포름알데히드,,,0,0,0,0,,
565,2020-056,2020-09-16,7:58:00,이에프티㈜,경남 양산시 어실로 332-1,경남,양산시,"PAC(수처리제) 제조공정 옥외 저장탱크 T-107(80㎥)에서 중간 공급탱크 T-105(30㎥)로 염산(35%)을 이송하던 중 작업자의 펌프조작 실수로 저장탱크 최대저장용량을 초과한 염산(35%)이 T-105에 공급되어 내부압력이 상승, 상부 맨홀 덮개가 내부 압력을 견디지 못하고 본체에서 이탈하여 염산이 방유제 내로 유출(약 200 ~ 300 kg)된 사고",안전기준 미준수,누출,염산,,,0,0,0,0,,
566,2020-057,2020-09-20,4:52:00,,"경남 김해시 진영읍 하계로96번길 94-4, 진영휴게소 부산방향 도로상",경남,김해시,"진영휴게소(부산방향) 내 정차 중이던 탱크로리의 적재함 후단 중간부에 4~5 cm의 균열이 발생하여, 저장 중이던 염산(35%)이 누출된 사고",운송차량,누출,염산,,,0,0,0,0,,
567,2020-058,2020-10-06,11:55:00,삼성디스플레이㈜ 그린센터,충남 아산시 탕정면 삼성로 181,충남,아산시,수산화나트륨(25%) 저장탱크 트렌치 막힘 해소 작업 중 수위계 (사이트글라스)하부 배관 파손으로 수산화나트륨 약 50 L 집수조 내 누출,안전기준 미준수,누출,수산화나트륨,,,0,0,1,0,,
568,2020-059,2020-10-14,12:27:00,㈜케이엔씨,전북 완주군 완주산단2로 246-5,전북,완주군,사업장에서 지게차 작업 중 디클로로메탄 저장탱크(7 톤) 밸브에 충격을 가해 밸브가 파손되면서 디클로로메탄 약 4 톤 누출,안전기준 미준수,누출,다이클로로메탄,,,0,0,0,0,,
569,2020-060,2020-10-19,16:31:00,,"경기 시흥시 매화로 176, 인근 도로상",경기,시흥시,"디클로로메탄* 운반차량(4.5톤 트럭, 용기(270kg) 5개 적재)이 교차로에서 좌회전 도중 드럼용기(270kg) 4개가 낙하 되었으며, 1개 용기가 차량 충돌로 파손되어 바닥에 약 150L 누출",운송차량,누출,다이클로로메탄,,,0,0,0,0,,
570,2020-061,2020-10-20,12:57:00,명덕초등학교,강원 홍천군 남면 양덕원로 117,강원,홍천군,수거업체를 통하여 학교에 있는 표본병 수거 작업 중 선반에 보관된 표본병 1개가 파손되어 포르말린이 소량 누출된 사고(약 1.2L 추정),안전기준 미준수,누출,포르말린,,,0,0,0,0,,
571,2020-062,2020-10-22,8:01:00,한국농수산식품유통공사 학장비축기지,부산  사상구 대동로 116,부산,사상구,"한국농수산식품유통공사 학장비축기지에서 사용연수가 지난 농약(훈증살충제, 에피흄) 약 7 kg을 화단에 매립한 후 내린 빗물로 인해 수분과 반응하여 흄이 발생",안전기준 미준수,누출,농약(살충제),,,0,0,0,0,,
572,2020-063,2020-10-23,16:29:00,㈜보우테이프,경기 화성시 향남읍 발안로 701-5,경기,화성시,"유해화학물질 실내보관시설(라동, 105.7㎡)에서 아세트산에틸 소분 작업 중 작업자의 정전기로 인해 소분 중이던 아세트산에틸 드럼통에서 화재 발생",안전기준 미준수,누출,아세트산에틸,,,0,0,0,0,,
573,2020-064,2020-11-19,10:53:00,삼성전자㈜ 종합기술원,경기 수원시 영통구 삼성로 130,경기,수원시 영통구,"ALD(가스증착설비) 유지보수를 위한 퍼징 작업 중 작업자 과실로 암모니아 밸브 엶, 재세정을 위해 아르곤으로 재퍼징 후 챔버를 개방했고, 이로 인해 잔존해 있던 암모니아 가스(약12L, 대기압, 상온)가 누출되어 2개의 감지기에서 경보가 울리고 현장 작업자 2명이 이상증세 호소",안전기준 미준수,누출,암모니아,,,0,0,0,0,,
574,2020-065,2020-11-19,16:12:00,실버렉스,인천 남동구 능허대로577번길 115,인천,남동구,은폼을 활용한 생활건강용품 제조업체 내 소독제 제품을 개발하기 위해 도입한 신규 교반기 시운전 중 폭발로 인한 화재가 발생한 사고,안전기준 미준수,폭발,아염소산나트륨,,,3,0,6,0,,
575,2020-066,2020-11-22,21:44:00,㈜써피텍,경기 안산시 단원구 신원로 12,경기,안산시 단원구,"화재로 인해 사업장 내 화학물질 보관시설이 소실되면서, 보관 중이던 황산 용기(20 L) 4개 소실",시설 결함,화재,황산,,,0,0,0,0,,
576,2020-067,2020-11-30,16:40:00,한국동서발전㈜ 당진화력본부,충남 당진시 석문면 교로길 30,충남,당진시,1~4호기 탈황폐수 처리시설 약품탱크룸 내부 도장작업 중 작업자가 Drain Valve를 밟아 파손되어 염산 누출,안전기준 미준수,누출,염산,,,0,0,0,0,,
577,2020-068,2020-12-01,14:19:00,㈜가나에너지,경기 양주시 남면 삼일로485번길 78-7,경기,양주시,암모니아수(25%) 저장탱크(10 ton) 배관 볼트 체결 작업 중 하부 플랜지 개스킷 파손으로 암모니아수 방류벽 내로 약 1 ton 누출,안전기준 미준수,누출,암모니아수,,,0,0,0,0,,
578,2020-069,2020-12-16,17:02:00,㈜호성케미텍,경북 청도군 청도읍 팔치길 281,경북,청도군,"작업자가 반응기(톨루엔, 에틸아세테이트 등)에 플레이크타입의 고분자수지(로진에스터)를 투입하는 과정에서 고분자수지의 정전기로 인한 소형폭발(추정)이 발생하여 작업자가 안면부에 화상을 입은 사고",안전기준 미준수,폭발,점착제,,,0,0,1,0,,
579,2020-070,2020-12-17,0:07:00,㈜세광하이테크,대구  북구 검단공단로21길 54-30,대구,북구,"고압용 밸브 및 플랜지 등 금속 부품을 생산하는 사업장에서 화재가 발생하여 도금조가 소실되면서 염산 및 수산화나트륨이 집수조와 제조, 사용시설 내로 누출된 사고",시설 결함,누출,"염산, 수산화나트륨",,,0,0,0,0,,
580,2020-071,2020-12-22,4:27:00,신명공업사,대구  북구 노원동로3길 24,대구,북구,"제조, 사용시설의 전열기(시즈히터*) 과열(추정)로 발생한 화재를 진압하는 과정에서 소방용수가 집수조(폐액탱크)에 유입 되었으며, 집수조 용량(18톤)이 초과되어 폐액(무수크롬산 및 소방용수) 일부가 외부로 누출되어 우수로를 통해 하수처리장으로 유입된 사고",시설 결함,누출,무수크롬산,,,0,0,0,0,,
581,2020-072,2020-12-24,6:58:00,한일냉장㈜,부산  사하구 원양로 319,부산,사하구,수산물 냉동품을 제조하는 사업장 내 냉매(암모니아) 공급시설의 배관 용접부위 일부가 파손되어 암모니아 가스 약 30∼40 L(소방 추정) 누출,시설 결함,누출,암모니아,,,0,0,0,0,,
582,2020-073,2020-12-24,18:55:00,경희대학교 국제캠퍼스,경기 용인시 기흥구 덕영대로 1732,경기,용인시 기흥구,포스포릴클로라이드 용기(1 L) 파손으로 화학물질이 누출되고 공기 중 반응으로 염화수소 가스를 생성하여 실험자가 흡입한 사고,안전기준 미준수,누출,옥시염화인,,,0,0,1,0,,
583,2020-074,2020-12-28,8:58:00,세하㈜,대구  달성군 유가면 비슬로96길 97,대구,달성군,산업용지 및 식품용지 등을 제조하는 사업장 내 탱크로리*에서 저장시설로 암모니아수를 이송하던 중 암모니아수 소량이 작업자 눈에 튀어 병원에 이송된 사고,안전기준 미준수,누출,암모니아수,,,0,0,1,0,,
584,2020-075,2020-12-29,11:33:00,우석상사,경기 양주시 청담로 163-26,경기,양주시,사업장 내 톨루엔(60%)과 헥산(40%) 혼합물을 1 ton 용기(케미콘)에서 17 L 용기로 소분하던 중 하부 토출구와 배관 연결부가 탈락되면서 내부 혼합물이 누출되어 작업 중이던 작업자 2명이 부상을 입은 사고,시설 결함,누출,톨루엔(60%),,,0,0,2,0,,
585,2021-001,2021-01-06,8:15:00,㈜정일수산,경북 경산시 진량읍 공단4로 103,경북,경산시,수산물 냉동창고 내 암모니아 탱크의 압력게이지를 교체하는 작업 중 배관의 밸브(게이지의 전단부)가 개방된 상태로 게이지를 해체하여 암모니아 약 18 L가 누출된 사고,안전기준 미준수,누출,암모니아,,,0,0,1,0,,
586,2021-002,2021-01-11,,대상주식회사 군산공장,전북 군산시 외항1길 208,전북,군산시,수산화나트륨 배관 보온재 및 스팀라인 철거(보수)작업 중 작업자 부주의로 옆에 위치한 염산배관을 타격하여 염산이 약 1.5~2 L 유출된 사고,안전기준 미준수,누출,염산,,,0,0,2,0,,
587,2021-003,2021-01-13,14:16:00,엘지디스플레이 주식회사,경기 파주시 월롱면 엘지로 245,경기,파주시,사업장 내 P8공장 5층의 TFT Photo Develop 공정 개조를 위한 배관 작업 중 현상액 300∼400 L(추정)가 누출된 사고,안전기준 미준수,누출,수산화테트라메틸암모늄(농도:2.38%),,,2,0,3,0,,
588,2021-004,2021-01-14,10:26:00,현대제철㈜ 당진공장,충남 당진시 송악읍 북부산업로 1480,충남,당진시,"LDG가스를 저장탱크에서 각 공장으로 보내주는 역할을 하는 부스터룸(배송기룸)에서 발생한 사고로, 배관과 연결된 Seal pit의 내부 dust 및 슬러지 제거 작업을 위해 배관 Drain 밸브 차단 후 Sealing Water 진공 흡입 및 슬러지 제거작업 완료 후, pit 내 Seal Water 보충 작업 중 Water Seal level 이하 수위에서 작업자가 밸브를 개방하여 일시적으로 일산화탄소가 누출된 사고(추정)",안전기준 미준수,누출,일산화탄소,,,0,0,2,0,,
589,2021-005,2021-01-14,11:30:00,,경기 안산시 단원구 성곡동 627-2 인근 도로상,경기,안산시 단원구,수산화나트륨(33%)을 운반하던 2.5톤 차량에서 화학물질 용기가 도로에 낙하되면서 적재된 수산화나트륨 중 약 600 L가 도로상 누출된 사고,운송차량,누출,수산화나트륨,,,0,0,0,0,일부 수계 유입 발생. 지자체 확인 결과 특이사항 미발견,
590,2021-006,2021-01-27,15:32:00,엘에스투알㈜,경북 칠곡군 왜관읍 공단로1길 82,경북,칠곡군,"사업장 내 창고에서 황산칼슘(CaSO4) 시제품을 생산하기 위해 황산(50%)과 석회석(CaCO3)을 1:1.2 비율로 혼합하는 과정 중 석회석과 황산이 급격하게 반응하며 오버플로우 되어 사업장 외부로 황산 약 50 L(추정)와 석회석, 황산칼슘이 누출된 사고",시설 결함,누출,황산+황산칼슘+탄산칼슘,,,0,0,0,0,,
591,2021-007,2021-02-10,10:35:00,송원산업㈜ 매암공장,울산 남구 매암로 14,울산,남구,"공장 내에서 MA(메틸아크릴레이트) ISO탱크로리를 알킬페놀 공정원료로 오인, 원료 이송을 위해 스팀을 공급하여 ISO탱크로리 내 고압(온도, 증기압 증가 및 중합반응으로 상승한 내부 압력)으로 상부 맨홀이 이탈되어 MA 일부(약 12.49톤)가 누출",안전기준 미준수,누출,메틸아크릴레이트,,,0,0,0,0,,
592,2021-008,2021-02-16,11:17:00,한국수력원자력 한울원자력본부,경북 울진군 울진북로 2040,경북,울진군,한국수력원자력 한울원자력본부에서 가동 전 시운전 중에 배관 플랜지의 결합이 느슨하여 붕산수가 6.4톤 가량 누출되어 사업장 내 집수조에 수집,시설 결함,누출,붕산수,,,0,0,0,0,,
593,2021-009,2021-02-16,12:02:00,한국전기연구원,경남 창원시 성산구 전기의길12,경남,창원시 성산구,"한국전기연구원 실험실에서 2 L 비커에 고농도 질산(98%)과 흑연을 혼합하던 중 미량의 수분이 함유되어 이상 발열반응으로 인해 폭발과 화재 발생, 실험자 1명이 부상을 입은 사고",안전기준 미준수,기타,질산,,,0,0,1,0,,200000 원
594,2021-010,2021-02-23,17:37:00,태광산업㈜ 석유화학2공장,울산 남구 산안로 46,울산,남구,과산화수소 등을 생산하는 사업장에서 과산화수소에 포함된 불순물을 제거하기 위해 설치된 흡착이온교환수지 컬럼 3기 중 2기 내부 폭발(1기가 폭발한 후 연결된 1기가 추가로 폭발),시설 결함,폭발,과산화수소,,,0,0,0,0,,
595,2021-011,2021-03-02,11:10:00,㈜라미나,경기 성남시 중원구 둔촌대로457번길 27,경기,성남시 중원구,화학반응기를 제조하는 사업장 실험실 내에서 화학반응기 샘플테스트 중 황산(94~96%)이 소량 누출되어 부상자가 발생한 사고,안전기준 미준수,누출,황산,,,0,0,1,0,,
596,2021-012,2021-03-03,8:10:00,㈜제이엠씨,울산 울주군 온산읍 이진로 71,울산,울주군,울산 울주군 소재 (주)제이엠씨 염화술폰산 제조공정에서 혼산예열기(1103C)와 증발기(1055C) 사이 배관이 부식되어 원료물질인 발연황산(23~27%) 및 염화수소(가스)가 약 5분 가량 누출    - 테프론 라이닝 탄소 강관(STPG 38)의 부식에 의한 누출(추정),시설 결함,누출,발연황산&염화수소,,,0,0,0,0,,
597,2021-013,2021-03-05,20:28:00,사조씨푸드㈜,부산  서구 원양로 71,부산,서구,"사조씨푸드(주) 물류센터 냉장·냉동창고 냉매(암모니아) 공급배관(직경 40㎜, 10m) 교체 후 암모니아 주입테스트 중 용접불량 부위로 암모니아 가스 약 20kg이 누출(최대량 추정)- 누출 배관 차단조치 완료, 사고원점 잔류가스는 고압산소 주입, 소방수를 통한 희석·제거 완료 ,  동 사고로 주변환경 영향 및 인명피해는 없음   ※ 건물 입구, 주변 및 풍향 영향권(2㎞) 주거지역 측정결과 암모니아 불검출",안전기준 미준수,누출,암모니아,,,0,0,0,0,,
598,2021-014,2021-03-07,11:23:00,명성통운㈜,경남 거창군 북상면 월성리 1066-2,경남,거창군,"경남 거창군 북상면 국도(37호선)상에 정차중이던 황산 탱크로리(명성통운(주), 허가용량 13,600ℓ) 좌측면 상단부에 핀홀*이 발생하여 110㎏(개근량 추정)의 황산이 도로상에 유출",운송차량,누출,황산,,,0,0,0,0,,
599,2021-015,2021-03-18,1:52:00,타코마테크놀러지㈜,충남 논산시 노성면 논산평야로 1168,충남,논산시,사업장 P1 제조시설(LCD기초소재 공정)에서 전처리 과정을 거친 혼합물질에 용매제(이소프로필 에테르)를 투입하는 정제 공정 중 폭발 후 화재 발생하여(추정) 사업장 건물 6개동 소실,안전기준 미준수,화재,이소프로필 에테르,,,1,0,7,0,,
600,2021-016,2021-03-18,9:00:00,대덕전자㈜ PKG,경기 시흥시 소망공원로 335,경기,시흥시,대덕전자㈜PKG 내 과산화수소(35%) 납품차 진입한 탱크로리 차량* 배관 연결부에서 과산화수소 누출(누출량 약 132L),운송차량,누출,과산화수소,,,0,0,0,0,,
601,2021-017,2021-03-23,14:28:00,에스폼알파㈜,경기 안산시 단원구 해봉로 334,경기,안산시 단원구,사업장 내 PCB 제조공정의 염소산나트륨 취급시설에서 오버플로우가 발생하여 염소산나트륨(15~30%)이 약 5 L 누출된 사고,시설 결함,누출,염소산나트륨,,,0,0,0,0,,
602,2021-018,2021-04-03,17:26:00,씨에스아이엠㈜,충남 예산군 고덕면 예당산단7길 32,충남,예산군,전자재료 중간체 제조공정 중 원인미상의 폭발 및 화재 발생,시설 결함,폭발,톨루엔&황산(기준함량 미만),,,0,0,2,0,,
603,2021-019,2021-04-05,9:30:00,㈜그린이노텍,충북 충주시 대소원면 기업도시1로 47,충북,충주시,솔더링 공정 상 포름산 이송배관 부식으로 파손되어 약 100~200ml 누출,시설 결함,누출,포름산,,,0,0,0,0,,
604,2021-020,2021-04-06,11:34:00,SK하이닉스㈜ 이천사업장,경기 이천시 부발읍 경충대로 2091,경기,이천시,협력사(위드텍) 직원 2명이 해당 장비 설치 중 불산 혼합물(추정)에 누출(소량)되어 해당 직원 2명 및 주변에 있던 SK하이닉스(주) 직원 1명이 병원 후송 *인명피해 3명 중 2명은 이상없음 확인,안전기준 미준수,누출,불산,,,0,0,1,0,,
605,2021-021,2021-04-07,1:20:00,삼양이노켐㈜,"전북 군산시 오식도동 812-3, 군산해상교통관제센터 앞 도로상",전북,군산시,군산 제6부두 선박에서 삼양이노켐(주)으로 페놀을 이송하는 지하사외배관이송시설 파손(페놀 이송을 위한 관로 기밀테스트 중 가압과정에서 관로가 파손된 것으로 추정)으로 배관 내 잔여 페놀이 도로상으로 약 50L(수거량 기준) 누출,시설 결함,누출,페놀,,,0,0,0,0,토양오염,
606,2021-022,2021-04-07,9:03:00,㈜에프알디,충북 진천군 이월면 장수로 343-1,충북,진천군,아산화질소 제조 공정에서 질산암모늄이 투입된 반응기가 폭발(추정),시설 결함,누출,질산암모늄,,,0,0,0,0,,
607,2021-023,2021-04-09,10:30:00,한일냉장㈜,부산  사하구 원양로 319,부산,사하구,1층 냉동창고 제2동결실 냉매(암모니아 가스) 공급배관 결함으로 암모니아 가스 누출,시설 결함,누출,암모니아,,,0,0,1,0,,
608,2021-024,2021-04-14,14:29:00,연세대학교,"서울 서대문구 연세로 50, 연세대학교 GS칼텍스 산학협력관 2층 에너지소재 연구실",서울,서대문구,"실험이 끝나고 염화티오닐을 폐기처리하던 중 폐액통 내에 물과 반응하여 미량의 액체가 처리하던 인원 안면부에 튀며, 손에 들고 있던 플라스틱 용기를 바닥에 떨어뜨려 염화티오닐 누출",안전기준 미준수,누출,염화티오닐,,,0,0,1,0,,
609,2021-025,2021-04-16,6:40:00,효성첨단소재㈜,울산 남구 납도로 30,울산,남구,"사업장 내 황산(98%) 저장시설(75㎥)의 센서 연결부 파손으로 약 1,000 L의 황산이 방류벽 및 사업장 배수로에 누출",시설 결함,누출,황산,,,0,0,0,0,,
610,2021-026,2021-04-16,10:19:00,태경케미컬㈜,충남 서산시 대산읍 독곶2로 96-43,충남,서산시,노후배관(5m) 교체 작업과정에서 배관 내 잔류하고 있던 암모니아 가스 누출,안전기준 미준수,누출,암모니아,,,0,0,0,0,,
611,2021-027,2021-04-30,9:08:00,㈜LG화학,전남 여수시 여수산단4로 58,전남,여수시,"CA2공장 내 정비 및 보수 작업 중, 열교환기 부속 블라인드 플랜지 설치 과정에서 볼트 해체 시 잔여 염소가스 누출",안전기준 미준수,누출,염소,,,0,0,0,0,,
612,2021-028,2021-05-02,5:01:00,한국앤켐퍼니㈜ 전주공장,전북 완주군 봉동읍 완주산단2로 40,전북,완주군,연판 주조 공정(WCRS) 홀딩포트(8.3㎥)의 레벨게이지가 작동하지 않아 용량을 초과한 납이 월류되어 누출,시설 결함,누출,납,,,0,0,0,0,,
613,2021-029,2021-05-05,,LG디스플레이㈜ 파주공장,경기 파주시 월롱면 엘지로 245,경기,파주시,P8 공장 지하4층 약품실을 육안 점검 하던 작업자의 안전모가 드레인 포트에 부딪치며 플랜지 부위의 드레인포트 밸브가 파손되어 염산(19%) 약 1 L 누출,안전기준 미준수,누출,염산,,,0,0,0,0,,
614,2021-030,2021-05-06,17:33:00,한국과학기술원,서울 성북구 화랑로14길 5,서울,성북구,L4 실험동 고분자연구실에서 시약을 폐기하는 과정에서 폐액의 이상반응으로 인해 비산되면서 연구원 1명 부상,안전기준 미준수,기타,아크릴산,,,0,0,1,0,,
615,2021-031,2021-05-06,19:44:00,그린텍(벤텍스㈜ 부지 내),경기 포천시 해룡로 109-180,경기,포천시,외부 발화원에 의해 연소 확대되어 사업장 내부에 보관 중이던 메틸에틸케톤이 화재로 인해 소실,시설 결함,화재,메틸에틸케톤,,,0,0,0,0,,19600 만원
616,2021-032,2021-05-10,9:19:00,인테그리스코리아㈜,경기 화성시 장안면 장안공단3길 16,경기,화성시,디이오도실란을 폐기하기 위하여 폐기물 처리 용기로 옮겨 담는 과정 중 해당 용기에서 폭발,안전기준 미준수,폭발,디요오드실란,,,0,0,1,0,,
617,2021-033,2021-05-10,23:53:00,대흥수산,전남 목포시 삼학로92번길 6-1,전남,목포시,암모니아 설비(냉매 사용시설)에서 암모니아 회수 작업 중 플로트 스위치 연결 배관의 노후화로 균열이 발생하여 암모니아 가스 누출,시설 결함,누출,암모니아,,,0,0,0,0,,
618,2021-034,2021-05-12,15:17:00,㈜위매스,충북 제천시 바이오밸리로 107-2,충북,제천시,포토레지스터 제조과정에서 발생한 반응 부산물(메탄올+물+음이온교환수지)에서 메탄올 여과 후 잔류된 음이온교환수지 제거 작업 중 발생한 유증기로 인한 화재 발생,안전기준 미준수,화재,메탄올,,,0,0,1,0,,
619,2021-035,2021-05-14,11:44:00,㈜동산물류,"울산 울주군 청량읍 덕하리, 동해고속도로(부산방면) 청량IC 인근",울산,울주군,"수처리제*(비유해화학물질, 위험물 제4류제2석유류) 이동식 용기(1.5m3)의 하부 밸브가 운행 중 개방되어 도로상으로 누출",운송차량,누출,수처리제,,,0,0,0,0,,
620,2021-036,2021-05-14,13:30:00,부천하수종말처리장,경기 부천시 벌말로 220,경기,부천시,실험실에서 시약을 제조하던 중 비커 파손으로 인해 황산 누출,안전기준 미준수,누출,황산,,,0,0,0,0,,
621,2021-037,2021-05-21,13:29:00,애경산업㈜,대전  유성구 신성남로 120,대전,유성구,시약장 내 폐유기용제 용기에 기기분석 폐시약(과염소산염)을 처리하는 과정에서 폭발,안전기준 미준수,폭발,과염소산염,,,0,0,1,0,,
622,2021-038,2021-05-22,8:21:00,세일전자㈜,인천 남동구 남동동로 281,인천,남동구,옥외 저장시설(5㎥)에서 생산라인으로 이송되는 배관의 밸브 후단 플랜지에서 과산화수소(34%) 약 1톤 누출,시설 결함,누출,과산화수소,,,0,0,0,0,,
623,2021-039,2021-05-24,3:03:00,동림특수유조㈜,"충남 보령시 청소면 신송리 131, 서해안고속도로 광천IC 인근 도로상",충남,보령시,"교통사고로 염산 탱크로리(22 톤) 전도, 탱크로리의 밸브 열림으로 염산(35%) 약 3 L 누출",운송차량,누출,염산,,,0,0,0,2,,
624,2021-040,2021-05-25,3:03:00,KG동부제철,충남 당진시 송악읍 북부산업로 1228,충남,당진시,페인트 저장시설 세척 후 신너(세척용)를 제거하는 과정에서 신나 회수용 밸브 조작 미숙으로 작업자 안면 부상,안전기준 미준수,누출,신나(자일렌10%),,,0,0,1,0,,
625,2021-041,2021-05-26,10:29:00,서울대학교,"서울 관악구 관악로 1, 서울대학교 화학공정신기술연구소",서울,관악구,화학공정신기술연구소(311동) 실험실(316호)에서 대학원생이 실험 중 질산(70 %) 시약병(1 L)이 폭발하면서 누출,안전기준 미준수,누출,질산암모늄,,,0,0,1,0,,
626,2021-042,2021-05-27,8:17:00,㈜포스코,경북 포항시 남구 동해안로 6262,경북,포항시 남구,"신설 부생복합발전 배관 취합작업을 위해, FOG(finex off gas)가스 배관을 차단하는 과정에서 작업자 중 1명이 어지러움 증상으로 병원 이송 * 환자 이상없음 확인",안전기준 미준수,누출,일산화탄소,,,0,0,0,0,,
627,2021-043,2021-06-02,2:46:00,제일씨앤피㈜,경북 칠곡군 왜관읍 2산업단지3길 22-14,경북,칠곡군,알루미늄 호일의 불순물을 제거하기 위해 수산화나트륨(4.8%)을 사용하는 과정에서 수산화나트륨 순환공급 장치 후단에 있는 유량계에서 누액이 발생한 것을 확인하고 점검(절연 테이프로 임시차단) 중 유량계가 파손되면서 수산화나트륨이 작업자 안면부에 분출되어 인명피해 발생,시설 결함,누출,수산화나트륨,,,0,0,2,0,,
628,2021-044,2021-06-02,11:06:00,일성냉동,부산  사하구 다대로320번길 10,부산,사하구,4층 기계실의 냉동기(10기 중 1기) 헤드 개스킷 결함으로 냉동기 내부에 체류하던 암모니아 가스 극소량 누출,시설 결함,누출,암모니아,,,0,0,0,0,,
629,2021-045,2021-06-02,17:47:00,한솔케미칼,충남 천안시 동남구 성남면 5산단1로 22,충남,천안시 동남구,사업장 내 저장시설로 이송하기 위해서 정차 된 탱크로리(20톤)에서 이상반응으로 탱크로리 상부 파열판이 파손되면서 적재되어 있는 과산화수소(54%) 4~5ton 누출,운송차량,누출,과산화수소,,,0,0,0,0,,
630,2021-046,2021-06-04,11:20:00,한국수자원공사,경기 과천시 교육원로 11,경기,과천시,실험자가 수질 내 이산화규소 검사를 위해 질산을 활용한 표준용액을 만드는 중 손에서 코니칼 튜브가 미끄러져 질산 약 30 mL가 누출되며 인명피해 발생,안전기준 미준수,누출,질산,,,0,0,1,0,,
631,2021-047,2021-06-07,15:23:00,용원초등학교,경남 창원시 진해구 용원로78번길 11,경남,창원시 진해구,3층 과학실 청소 과정에서 교사 5명이 생물 표본병을 옮기다가 표본병 1개가 파손되어 과학실 바닥에 표본액(포르말린) 약 1L 누출,안전기준 미준수,누출,포르말린,,,0,0,0,0,,
632,2021-048,2021-06-07,15:46:00,㈜골드앤에스,전북 군산시 산단동서로 44-30,전북,군산시,사업장 내 방치되어 있던 폐기물(20L 용기 2개)이 공기 중의 수분과 반응하면서 염화수소 생성과 함께 액상 폐기물 약 30L,안전기준 미준수,누출,사염화규소,,,0,0,0,0,,
633,2021-049,2021-06-08,,OCI㈜ 익산공장,전북 익산시 보석로4길 107,전북,익산시,고순도 과산화수소 제조공정의 밸브 내부 과압 발생으로 파열판이 터져 과산화수소(31%) 약 23.8ton 누출,안전기준 미준수,누출,과산화수소,,,0,0,0,0,,
634,2021-050,2021-06-21,13:50:00,㈜효성 중공업연구소,경기 안양시 동안구 시민대로 74,경기,안양시 동안구,"해당 연구소는 ㈜효성 중공업 개발품에 대한 시험평가 등의 업무를 맡고 있는 곳으로 화학물질을 취급하는 곳이 아니며, 작업자가 업무 외 개인적인 활동으로 화학물질(적린)을 혼합하는 중 폭발이 발생하여 부상",안전기준 미준수,폭발,적린,,,0,0,1,0,,
635,2021-051,2021-06-23,10:50:00,태일화학,"경기 시흥시 공단2대로139번길 10, 711호",경기,시흥시,도료 제조과정에 사용되는 반응기에 메틸메타크릴레이트 등 원료물질을 투입하는 과정에서 폭발이 발생하여 작업자 부상,시설 결함,폭발,메틸메타크릴레이트,,,0,0,2,0,,
636,2021-052,2021-06-26,17:52:00,㈜오뚜기 포승공장,경기 평택시 포승읍 포승공단로 2,경기,평택시,냉동기에 정수된 물 공급이 일시적으로 끊기면서 냉동기 압력상승으로 안전밸브가 작동하여 암모니아(냉매) 소량이 물탱크(안전장치)로 이송되면서 물탱크에서 냄새가 발생,시설 결함,누출,암모니아,,,0,0,0,0,,
637,2021-053,2021-06-28,9:05:00,삼양운수㈜,"경기 평택시 청북읍 고잔리 산126-13, 도로상",경기,평택시,카고 트럭의 급정차로 적재 되어있던 포름산(85%) IBC탱크(1.2 톤)의 하부가 앞 적재물 나무파레트에 충돌하여 파손되면서 포름산 약 200L 누출,운송차량,누출,포름산,,,0,0,0,0,,
638,2021-054,2021-07-02,11:13:00,그린케미칼,인천 남동구 고잔로51번길 30,인천,남동구,옥내시설에서 황산 IBC탱크 교체 및 이동작업 중에 용기 하단 배출구 밸브 파손으로 황산 약 500L 누출,시설 결함,누출,황산,,,0,0,2,0,,
639,2021-055,2021-07-03,,㈜에이티앤에스코리아,경기 안산시 단원구 신원로 289,경기,안산시 단원구,사업장 내 전기동 도금조 청소를 위해 도금조 내의 도금액(황산14.2% 함유) 약 11ton을 홀딩탱크로 이송한 후 홀딩탱크 하부지점 크랙 발생으로 도금액 전량 누출,시설 결함,누출,황산,,,0,0,0,0,,
640,2021-056,2021-07-06,8:42:00,한화솔루션㈜,전남 여수시 여수산단3로 117,전남,여수시,한국바스프㈜에서 한화솔루션㈜로 연결된 한화솔루션㈜의 사외배관 플랜지 볼트의 조임력 상실로 인해 염산(35%) 약 8 kg 누출,시설 결함,누출,염산,,,0,0,0,0,,
641,2021-057,2021-07-07,4:52:00,㈜두레건축냉동,경기 김포시 대곶면 대곶북로 121-2,경기,김포시,냉동시스템의 배관이 부식 등으로 손상되며 발생한 크랙에서 암모니아가스 약 1ton 누출,시설 결함,누출,암모니아,,,0,0,3,0,,
642,2021-058,2021-07-07,7:07:00,삼양화학,경기 양주시 남면 화합로430번길 229-30,경기,양주시,"보관시설 내 과산화수소 저장탱크에서 밸브 파손으로 과산화수소(32%) 5,000L 누출",시설 결함,누출,과산화수소(32%),,,0,0,0,0,,
643,2021-059,2021-07-07,13:50:00,세종산업가스㈜,세종 전동면 운주산로 638,세종,전동면,"사업장 내 보관 중인 염화수소 저장용기(봄베, 25kg)의 노후화에 따른 안전핀 파손으로 용기 내 잔류하던 염화수소 약 5kg 누출",시설 결함,누출,염화수소,,,0,0,0,0,,
644,2021-060,2021-07-08,17:17:00,버슘머트리얼즈피엠코리아(유),경기 시흥시 협력로 143,경기,시흥시,트리실일아민 저장탱크 설비의 내부 세척을 위해 수산화칼륨(45%) 투입 중 저장탱크 상단 개구부에서 폭발 및 화재 발생,안전기준 미준수,폭발,트리실일아민,,,0,0,2,1,,
645,2021-061,2021-07-12,9:55:00,금정특수화물㈜,"경남 양산시 물금읍 제방로 225, 양산ICD 주차장",경남,양산시,양산ICD 주차장에 주차 중이던 황산(70t%) 탱크로리 상부 통기밸브를 통해 황산이 주차장 내 3L 누출,운송차량,누출,황산(70%),,,0,0,0,0,,
646,2021-062,2021-07-15,16:47:00,삼성디스플레이㈜,충남 아산시 탕정면 탕정로 380-2,충남,아산시,클린룸 설비 유지보수 작업 중 내부 약액 농도 보정장치 밸브에서 수산화테트라메틸암모늄(2.38%)이 누출되어 인명피해 발생,시설 결함,누출,수산화테트라메틸암모늄(2.38%),,,0,0,1,0,,
647,2021-063,2021-07-16,3:15:00,태광화학공업㈜,충북 음성군 금왕읍 무극로 229,충북,음성군,"먹지 첨가제 생산을 위해 카본블랙, 분산제, 물을 혼합 후 이송작업 중 펌프 파손으로 인해 약 5.5ton의 카본블랙 혼합물 누출",시설 결함,누출,카본블랙(99.5%),,,0,0,0,0,하천유입,
648,2021-064,2021-07-16,10:08:00,원진특수㈜,전북 임실군 관천면 방현리 123-1(순천완주고속도로 하행선 93km 지점),전북,임실군,수산화나트륨(50%)이 적재된 탱크로리(27ton) 차량이 주행 중 핸들 과조작으로 차체 중심을 잃고 전도되어 상부 마개에서 수산화나트륨(50%) 150kg 누출,운송차량,누출,수산화나트륨(50%),,,0,0,0,0,,
649,2021-065,2021-07-17,0:50:00,㈜비봉케미칼,울산 울주군 온산읍 화산로 219,울산,울주군,"사업장 내 옥외 염산(16 %) 저장탱크의 하부 배관 플랜지 체결 불량으로 염산 약 5,500L 누출",시설 결함,누출,염산(16%),,,0,0,0,0,사업장 인접 산림 일부 및 농작물 고사 피해,
650,2021-066,2021-07-24,10:34:00,㈜팜한농,경기 안산시 단원구 해안로 131,경기,안산시 단원구,작업자가 황산 저장탱크 배관 밸브 조작 중 벨로우즈 부분에서 황산 약 500 ml가 누출되어 작업자의 얼굴에 튄 사고,시설 결함,누출,황산,,,0,0,1,0,,
651,2021-067,2021-07-29,,㈜한정물류,"전북 군산시 외항로 82, OCI㈜ 군산공장 후문 앞 도로상",전북,군산시,염산 탱크로리 하부에 핀홀이 발생하여 도로상에 염산(35%) 약 10kg 누출,운송차량,누출,염산(35%),,,0,0,0,0,,
652,2021-068,2021-07-29,22:06:00,㈜종근당,충남 천안시 서북구 성거읍 망향로 797-48,충남,천안시 서북구,작업자가 정제수 탱크(1㎥)의 pH 조절 작업 중 넘어지면서 탱크 옆에 2단으로 적재된 수산화나트륨 용기를 건드려 용기가 낙하하고 약 10L(추정) 누출되며 인명피해 발생,안전기준 미준수,누출,수산화나트륨(4.5%),,,0,0,1,0,,
653,2021-069,2021-08-03,17:37:00,경희대학교 국제캠퍼스,경기 용인시 기흥구 덕영대로 1732,경기,용인시 기흥구,캠퍼스 내 실험실에서 리튬을 소량씩 물에 반응시켜 그 폐액을 처리하던 중 물질 반응으로 폭발이 발생하여 1명 부상(추정),안전기준 미준수,폭발,리튬,,,0,0,1,0,,
654,2021-070,2021-08-05,20:53:00,자경케미칼㈜,충남 천안시 서북구 성거읍 성거길 196,충남,천안시 서북구,"사업장 내 염화 메틸렌(MC, 디클로로메탄) 농축한 것을 회수하는 작업 중에 이중밸브 개폐 착오로 극소량이 밸브를 통해 작업자 바지에 튀는 사고",안전기준 미준수,누출,다이클로로메탄,,,0,0,1,0,,
655,2021-071,2021-08-09,18:54:00,㈜아이티켐,충북 청주시 청원구 오창읍 양청송대길 231,충북,청주시 청원구,사업장 내 6-FDA 합성공정을 위한 원료투입 단계에서 반응기(R-G305)에 과망간산칼륨을 투입하는 작업 중 혼합된 물질(t-부탄올+물+과망간산칼륨)이 이상반응으로 역류하여 반응기 맨홀을 통해 외부로 누출되어 작업자(4명) 부상 발생,시설 결함,기타,과망간산칼륨,,,0,0,4,0,,
656,2021-072,2021-08-10,14:27:00,보금물류㈜,"울산 울주군 청량읍 용암리 110, 용암교차로 인근 도로상",울산,울주군,"울산 울주군에서 경북 김천시로 운행하던 탱크로리 차량*이 용암교차로에서 청량IC 진입 전에 전도, 적재 중이던 24.98톤 메틸 알코올(99~100%) 15.66톤(회수량: 9.32톤)이 도로상으로 누출",운송차량,누출,메틸알코올,,,0,0,0,1,,
657,2021-073,2021-08-13,16:20:00,㈜모도리파머스,충남 보령시 청라면 질마재길 28-41,충남,보령시,농장에서 창고 내부 정리정돈 중 보관되어 있던 질산 용기(20 L) 5개 중 1개가 넘어져 파손되어 질산이 약 6 L 누출된 사고(추정),안전기준 미준수,누출,질산,,,0,0,1,0,,
658,2021-074,2021-08-16,7:34:00,㈜에스엠물류,"전남 여수시 산단중앙로 75, 남북산업주유소 주차장",전남,여수시,염산 운반차량 하부 부식으로 인한 미세 리크 발생되어 염산 10L(추정)가 누출된 사고,운송차량,누출,염산,,,0,0,0,0,,
659,2021-075,2021-09-01,17:03:00,미광냉동㈜,부산  사하구 다대로605번길 25,부산,사하구,사업장 내 냉장·냉동창고 암모니아 탱크(7층)에서 저압수액기실(지하 1층)로의 이송배관 부식 파손으로 냉매용 암모니아 가스 누출,시설 결함,누출,암모니아,,,0,0,0,0,,
660,2021-076,2021-09-02,17:20:00,명성통운㈜,"충남 서천군 삼산리 623-21, 인근 도로상",충남,서천군,충남 서천군 서천읍 삼산리 623-21 소재 도로상(군산→서천방향)에서 25톤 탱크로리차량(염산 35%) 옆면이 파공되면서 염산 누출된 사고,운송차량,누출,염산,,,0,0,0,0,,
661,2021-077,2021-09-09,20:51:00,㈜포스코케미칼,경북 구미시 산동읍 첨단기업1로 87,경북,구미시,사업장 내 양극제 제조 공정 중 전구체* 합성을 위해 사용되는 암모늄수산화물을 이송하는 과정에서 다이어프램 펌프**와 서지탱크***를 연결하는 플렉시블 호스 연결부에 펌프 가동 충격이 발생하면서 유격이 발생하여 암모늄수산화물 약 545.8kg(추정치)이 방류벽 및 우수로를 통해 외부로 누출된 사고,시설 결함,누출,암모니아수(28%),,,0,0,0,0,,
662,2021-078,2021-09-28,8:55:00,㈜유진,전남 여수시 망양로 514-16,전남,여수시,지난 9월 20일(월) 화재가 발생했던 식품가공 공장에서 시설 철거 작업 중 포클레인에 의해 배관이 파손되면서 배관 내 잔류암모니아 누출,안전기준 미준수,누출,암모니아,,,0,0,0,0,,
663,2021-079,2021-10-01,16:35:00,영풍전자㈜,경기 안산시 단원구 범지기로 141번길 50,경기,안산시 단원구,사업장 내에서 작업자가 스팀배관 보수 중 질산 여과기의 퍼지밸브를 실수로 개방시켜 내부에 있던 질산(68%)이 누출 되면서 작업자가 부상을 입은 사고(누출량 약 0.5 L 추정),안전기준 미준수,누출,질산,,,0,0,1,0,,
664,2021-080,2021-10-23,15:10:00,에스케이피아이씨글로벌㈜,울산 남구 용잠로 255,울산,남구,"사업장 내 HPPO 제조공정에서 작업자가 황산(95~99%) 배관 자동밸브 정비를 위해 게이트 밸브 후단 플러그를 제거하는 순간 미량의 황산이 하부배관으로 누출(약 24.5cc, 추정), 배관 표면을 따라 흐르다 작업자 작업복에 접촉되어 부상(2도 화상)을 입은 사고",안전기준 미준수,누출,황산,,,0,0,1,0,,
665,2021-081,2021-10-26,8:55:00,동광화학㈜,"경기 화성시 비봉면 자안리 540-7 인근, 서해안고속도로상",경기,화성시,"암모니아 가스용기를 운반 중인 5ton 차량(동광화학㈜, 90더2437)에서 누전으로 발화되어, 압력 상승으로 25kg 가스용기 5개의 안전밸브에서 암모니아 누출, 현장 수습 후 동광화학㈜로 이송하여 처리하는 과정 중 암모니아 추가 누출된 사고",운송차량,누출,암모니아,,,0,0,0,0,,
666,2021-082,2021-10-28,8:42:00,㈜케이디캠,대구  달서구 성서공단로 346,대구,달서구,대구물류터미널 안 주차장에 주차중인 황산 적재 탱크로리차량(24톤) 옆면에 크랙(Crack)으로 인하여 황산이 누출된 사고,운송차량,누출,황산,,,0,0,0,0,,
667,2021-083,2021-10-15,,서울우유협동조합 양주공장,경기 양주시 고덕로 139번길 360,경기,양주시,질산을 사용했던 유해화학물질 취급시설(CIP설비) 철거 과정에서잔류 질산이 누출되어 작업자 2명이 부상을 입은 사고,안전기준 미준수,누출,질산,,,0,0,2,0,,
668,2021-084,2021-11-01,11:15:00,㈜엔코,경북 칠곡군 약목면 칠곡대로 472-12,경북,칠곡군,"사업장 내 염산(35%)저장탱크(총 용량 15㎥)에서 제조, 사용시설로 이송하는 과정 중 이송펌프 하단에서 원인미상의 리크(leak)가 발생하여 염산이 방류벽 및 사업장 내 우수로에 약 730L(추정치) 누출된 사고",시설 결함,누출,염산,,,0,0,0,0,,
669,2021-085,2021-11-02,18:31:00,㈜한솔케미칼,전북 완주군 봉동읍 과학로 873,전북,완주군,"사업장 내 라텍스 제조공정의 1,3-부타디엔(99%) 실외저장시설(총 용량: 151.4㎥) 상부 3way-밸브 플랜지 가스킷 손상으로 1,3-부타디엔 약 80kg(추정)이 누출된 사고",시설 결함,누출,"1,3-부타디엔",,,0,0,0,0,,
670,2021-086,2021-11-03,15:33:00,㈜우창금속,경기 안산시 단원구 해안로 309-14,경기,안산시 단원구,"사업장 내 실험실에서 작업자의 오인으로 제조된 에칭액을 질산 시약병에 담아 밀폐시켜, 질산과 에칭액의 이상반응으로 인해 질산 시약병이 폭발하여 약 0.5L 누출된 사고",안전기준 미준수,폭발,질산,,,0,0,1,0,,
671,2021-087,2021-11-11,21:22:00,㈜유신상사,전남 여수시 율촌면 취적리 292-1,전남,여수시,"주유소 인근 염산 탱크로리 우측 후미 부위에서 염산이 소량(약 500mL 미만, 추정) 누출된 사고",운송차량,누출,염산,,,0,0,0,0,,
672,2021-088,2021-11-12,12:24:00,㈜글로벌로지텍,경남 창원시 진해구 신항10로 19,경남,창원시 진해구,사업장 내 당일 입고된 컨테이너 환적 작업 중 적재된 m-크레졸 드럼(200L) 15개 중 1개가 하부 이음새 부분에 미세한 균열이 발생하여 약 11kg 누출,시설 결함,누출,m-크레졸,,,0,0,0,0,,
673,2021-089,2021-11-21,18:31:00,율석수산,전남 목포시 달동 1334번지,전남,목포시,달동 신항교차로 인근에서 1톤 화물차량 운행 중 염산 용기 1개가 낙하되어 염산(10L 추정)이 누출된 사고,운송차량,누출,염산,,,0,0,0,0,,
674,2021-090,2021-12-08,15:53:00,대전보운초등학교,대전  중구 대종로315번길 42,대전,중구,교내 과학실에서 폐표본용기 처리 과정중에 표본용기(1.5L) 3~4개를 떨어뜨려 포르말린이 누출된 사고,안전기준 미준수,누출,포르말린,,,0,0,0,0,,
675,2021-091,2021-12-10,15:17:00,㈜한정물류,경기 부천시 오정로 38,경기,부천시,㈜영진에서 운반업체인 한정물류의 운전자가 수산화나트륨을 하역하기 위하여 이송 호스에 연결 중 호스에 있던 수산화나트륨이 소량(잔량) 누출된 사고,안전기준 미준수,누출,수산화나트륨,,,0,0,1,0,,
676,2021-092,2021-12-27,17:06:00,㈜한솔케미칼,전북 완주군 봉동읍 과학로 873,전북,완주군,"저장탱크 설치검사 후 1,3-부타디엔을 충전하기 위해 물로 세척하고 배수한 후 1,3-부타디엔을 충전하였으나, 하부 Drain 배관 및 밸브에 완전히 배수되지 않고 남아있던 물이 동결되며 밸브가 파손, 1,3-부타디엔 약 42L(추정) 누출",안전기준 미준수,누출,"1,3-부타디엔",,,0,0,0,0,,
677,2021-093,2021-12-14,12:26:00,한국삼협화성㈜,경남 양산시 산막공단로 90,경남,양산시,"수황화나트륨 제조 후 제품 저장탱크에서 탱크로리로 약 1.25톤을 이송, 상차 중, 탱크로리 운전자가 수황화나트륨 흡인 및 이에 의한 급성 황화수소 중독으로 사망한 사고",안전기준 미준수,누출,수황화나트륨,,,1,0,0,0,,
678,2022-001,2022-01-04,16:07:00,㈜아이티켐,충북 청주시 청원구 오창읍 양청송대길 231,충북,청주시 청원구,"1,4-다이옥산과 플루오렌 혼합액을 반응기로부터 드럼(PE비닐이용)으로 소분 중 미상의 점화원에 의해 폭발·화재가 발생한 사고",안전기준 미준수,화재,"1,4-다이옥산",,,0,0,1,0,,
679,2022-002,2022-01-11,14:39:00,대경냉동,대구  북구 팔달북로2길 21,대구,북구,암모니아를 이용한 냉동설비의 배관에서 용접부 부식으로 인해 암모니아가 누출된 사고,시설 결함,누출,암모니아,,,0,0,0,0,,
680,2022-003,2022-01-28,10:42:00,건국대학교,서울 광진구 능등로 120,서울,광진구,"과학관내 5층 교수실에 보관 중이던 폐기물(질산시약 등)을 지정폐기물 수집, 운반 업체 직원이 교내 지정 보관장소로 옮기던 중 질산이 담긴 시약 용기가 파손, 낙하하여 바닥에 흘린 질산을 흡착포를 이용하여 제거하던 중 손에 접촉, 화상을 입은 사고",안전기준 미준수,누출,질산,,,0,0,1,0,,
681,2022-004,2022-02-04,15:37:00,동백통운,"충북 충주시 대소원면 영평리 594, 도로상",충북,충주시,"수산화나트륨을 운반하던 차량에서 수산화나트륨이 도로상에 누출되어 굳어있는 것(추정)을 목격자가 발견해 신고한 사고※ 소방접수 일시: 2.8.(화), 15:45",운송차량,누출,수산화나트륨,,,0,0,0,0,,
682,2022-005,2022-02-10,10:44:00,㈜블루코리아,울산 남구 장생포고래로179번길 69,울산,남구,"선박의 곡류 살충제 용도로 사용 후 수거된 선박 폐기물(인화알루미늄을 포함한 고상, 400 kg) 처리과정에서 일부가 하수관로로 누출(소방추산, 3 kg)되어 물과 반응해 화재 및 연기가 발생한 사고",안전기준 미준수,화재,선박 폐기물(인화알루미늄 등 포함한 고상),,,0,0,0,0,,
683,2022-006,2022-02-14,13:05:00,㈜석남화물,"대구  달서구 성서로 357, 도로상",대구,달서구,붕불산을 실은 운반차량이 급정지하며 적재되어 있던 붕불산 용기(25L) 1통이 파손되어 도로상 바닥에 약 20L 누출,운송차량,누출,붕불산,,,0,0,0,0,,
684,2022-007,2022-02-14,14:58:00,㈜영산물산,경기 양주시 남면 현석로 785번길 207,경기,양주시,"사업장 내 아세트산 용기(IBC, 1톤)에서 펌프를 이용하여 저장탱크(10톤)로 이송 중, 작업자가 펌프의 마중물 마개를 완전히 닫지 않은 상태에서 펌프를 작동하여 아세트산 약 100L 누출되어 화상을 입은 사고",안전기준 미준수,누출,아세트산,,,0,0,1,0,,
685,2022-008,2022-02-25,15:05:00,훼미리식품㈜ 부산공장,부산  사하구 하신중앙로 140,부산,사하구,냉동기계실(1층) 내 냉동용 압축기(총 5기) 중 5호기 본체와 덮개 접합부 패킹(밀봉용) 손상으로 암모니아 누출(약 10kg 추정),시설 결함,누출,암모니아,,,0,0,0,0,,냉동용 압축기 2대 손상(4~5호기)
686,2022-009,2022-03-14,5:00:00,버슘머트리얼즈에스피씨코리아(유),경기 평택시 산단로 88-19,경기,평택시,고순도 TEAH 제조라인 필터 청소를 위해 질소 퍼지 작업 중 필터 본체(Filter housing) 상부 덮개를 불완전하게 체결한 상태에서 질소 가압하여 잔류 TEAH가 분출(2L 추정),안전기준 미준수,누출,테트라에틸암모늄 수산화물,,,0,0,1,0,,
687,2022-010,2022-04-01,8:00:00,티이엠씨㈜ 2공장,충북 보은군 삼승면 남부로 3790-114,충북,보은군,"디보란 용기 사출구에서 가스가 일부 누출(90L)되며 자연발화·화재가 발생하였고, 복사열의 영향을 받은 봄베 4통(과압방지 기능 없음)이 내부 과압에 의해 폭발한 사고",안전기준 미준수,폭발,디보란,,,0,0,0,0,,
688,2022-011,2022-04-05,14:26:00,한국환경공단 환경기술연구소,인천 서구 정서진로 410,인천,서구,"연구소 실험실의 흄후드 내에서 표준용액을 만드는 과정 중, 용액 일부가 작업자 및 흄후드 안의 테이블에 튀어 작업자 1명이 경미한 화상을 입는 사고 발생",안전기준 미준수,누출,디페닐카르바지드 용액,,,0,0,1,0,,
689,2022-012,2022-04-06,16:25:00,㈜대원씨앤티,울산 울주군 서생면 신암리 1487-2,울산,울주군,과산화수소(26.6%)를 실은 탱크로리(21.6톤)가 도로에 정차한 상태에서 이상반응(추정)으로 과산화수소 약 870kg이 도로에 누출된 사고,운송차량,누출,과산화수소(26.6%),,,0,0,0,0,,
690,2022-013,2022-04-10,8:33:00,무림P&P㈜,울산 울주군 온산읍 우봉강양로 3-36,울산,울주군,사업장 내 조약(제지 표백)공정 황산(95~99%) 저장시설의 이송배관 및 밸브 교체작업 중 황산이 소량 비산되어 작업자 2명이 부상을 입은 사고,안전기준 미준수,누출,황산,,,0,0,2,0,,
691,2022-014,2022-04-12,8:42:00,영풍전자㈜,경기 안산시 단원구 범지기로141번길 39,경기,안산시 단원구,사업장 내 지하1층 폐수처리공정에서 미상의 반응에 의해 유해가스(황화수소 등) 발생하여 작업자 3명이 부상을 입은 사고,시설 결함,기타,황화수소,,,0,0,3,0,,
692,2022-015,2022-04-18,16:43:00,㈜유신상사,전남 여수시 율촌면 여순로 628,전남,여수시,주유소 내 정차중이던 염산(35%) 탱크로리(26톤) 좌측후미 상부에서 발생한 핀홀로 인해 적재되어 있는 염산 160kg이 누출된 사고,운송차량,누출,염산,,,0,0,0,0,,
693,2022-016,2022-04-19,6:49:00,우리창고,경기 시흥시 수인로 2732-16,경기,시흥시,지하저장시설(60㎥)의 계량구(액면계)를 통해 아세트산 에틸을 주입하는 과정에서 유증기와 미상의 점화원으로 인해 화재가 발생한 사고(추정),안전기준 미준수,화재,아세트산 에틸,,,0,0,0,1,,
694,2022-017,2022-04-19,14:34:00,무림P&P㈜,울산 울주군 온산읍 우봉강양로 3-36,울산,울주군,사업장 내 배열회수보일러의 튜브 교체작업 중 일산화탄소 등이 포함된 가스상 물질이 누출되어 작업자 2명이 부상,안전기준 미준수,누출,일산화탄소 등이 포함된 가스상 물질,,,0,0,2,0,,
695,2022-018,2022-04-22,8:58:00,㈜동성케미컬 여수공장,전남 여수시 여수산단2로 223-40,전남,여수시,공기배관(3/4 inch) 그라인더 절단 작업 중 인접한 황산 배관이 그라인더 날에 접촉해 파손되어 황산이 약 10L(추정) 누출되며 인명피해가 발생한 사고,안전기준 미준수,누출,황산,,,0,0,2,0,,
696,2022-019,2022-02-04,12:05:00,풀무원다논㈜,전북 무주군 당산강변로 32,전북,무주군,사업장 내 발효저장탱크(FST #20)의 시운행 전 과정에서 약 85℃의 세척액(수산화나트륨 2% 함유)이 샘플링 밸브를 통해 외부로 누출되어 부상자 1명이 발생한 사고,시설 결함,누출,수산화나트륨,,,0,0,1,0,,
697,2022-020,2022-05-02,15:41:00,주택,경기 파주시 운정로 3-4,경기,파주시,"전(前) 세입자 사망 후 방치된 주택을 4.30.(토) 현(現) 세입자가 정리하던 중 플라스틱 용기(말통, 20 L)에 담긴 불산을 빗물로 오인하고 마당에 버려 불산 누출(약 10 L 누출)",안전기준 미준수,누출,불산,,,0,0,0,0,,
698,2022-021,2022-05-13,11:09:00,대동켐텍㈜,경북 경산시 자인면 한장군로 478,경북,경산시,"접착제 제조 반응기(108호기) 세척을 위해 N,N-디메틸포름아미드(DMF)를 주입하고 교반하던 중 순환펌프와 연결된 호스 연결부 파손으로 작업자의 안면에 DMF가 튀어 부상을 입은 사고",시설 결함,누출,"N,N-디메틸포름아미드",,,0,0,2,0,,
699,2022-022,2022-05-16,10:39:00,㈜유창운수,"경기 안성시 공도읍 양기리 223-7(평택제천고속도로 평택기점 31:1 km, 남안성 IC 인근)",경기,안성시,"23톤 염산 탱크로리(경북87아7497)의 운전자가 인천 중구 소재 ‘한일탱크터미널’에서 염산을 상차 후 충북 진천 소재 ‘수정케미칼’로 향하던 중 평택제천고속도로 상에서 주밸브 기압이 내려가 차량을 확인 결과, 차량 하부 주배관의 핀홀로 인해 염산 약 30L가 도로상에 누출된 사고",운송차량,누출,염산,,,0,0,0,0,,
700,2022-023,2022-05-19,7:42:00,동서석유화학㈜,울산 남구 매암로 115 인근,울산,남구,"롯데정밀화학(주)에서 동서석유화학(주)으로 공급되는 암모니아 지하배관*(깊이 약 2.0 ~ 2.4 m, 4인치)의 노후(부식 추정)에 따른 파손으로 삼양사(주) 울산2공장 정문 앞 부근에서 암모니아가 누출된 사고",시설 결함,누출,암모니아,,,0,0,0,0,,
701,2022-024,2022-05-25,15:13:00,㈜씨에스에코,경기 화성시 장안면 매바위로366번길 68-13,경기,화성시,"저장탱크에 보관 중이던 폐산을 중화시설로 이송하기 위해 탱크로리 차량에 상차를 완료한 후, 호스내부 잔압을 제거하지 않은 채 호스를 분리하여 호스 내 폐산 소량이 분출되어 작업자 2명이 부상을 입은 사고",안전기준 미준수,누출,폐산,,,0,0,2,0,,
702,2022-025,2022-06-14,14:35:00,제삼특장㈜,경기 평택시 안중읍 대반리 539-9 소재 도로상,경기,평택시,"자일렌 13ton을 적재한 탱크로리(25ton)가 졸음 운전으로 대반리 도로에서 논두렁으로 전도, 저장탱크가 일부 파손되어 자일렌이 논과 도로상으로 누출된 사고",운송차량,누출,자일렌,,,0,0,0,0,,
703,2022-026,2022-06-27,,(유)신일특수,충남 서산시 해미면 서해안고속도로 242,충남,서산시,"서산휴게소(서울방향)에 주차된 염산(19%) 탱크로리(23ton)의 용기 하부 용접부 균열로 염산 약 0.5L*가 바닥으로 누출된 사고된 사고 ＊ 저장탱크로부터 총 9.5L 누출, 9L는 용기를 이용하여 즉시 회수※ 소방 미접수(안전원 최초접수)",운송차량,누출,염산,,,0,0,0,0,,3백만원
704,2022-027,2022-05-19,20:51:00,S-OIL㈜ 온산공장,울산 울주군 온산읍 온산로 68,울산,울주군,알킬레이션 공정 안티서지 밸브 정비작업 중 C4(아이소 뷰테인 및 부탄) 누출로 폭발·화재가 발생하여 작업자 10명의 사상자가 발생한 사고,안전기준 미준수,폭발,"C4(아이소뷰테인, 부탄)",,,1,0,9,0,,180억원
705,2022-028,2022-07-11,11:09:00,VERASPER호(러시아 선박),부산  사하구 원양로 339 인근 정박지,부산,사하구,러시아선박(VERASPER호) 내 냉동기 시설물 정비작업을 위해 지하 암모니아 탱크에 보관 중이던 암모니아를 갑판 위 임시 저장탱크로 회수하는 작업 중 연결고무호스 파손으로 암모니아 약 100L 누출(추정),시설 결함,누출,암모니아,,,0,0,0,0,,
706,2022-029,2022-07-19,16:01:00,동인화학㈜,경기 평택시 산단로 16번길 62,경기,평택시,폐산이 들어있는 IBC탱크(1톤)를 지게차로 옮기던 중 근처에 적재되어 있던 드럼통에 부딪쳐 낙하하며 용기가 파손되어 폐산이 누출된 사고,안전기준 미준수,누출,"폐산(폐황산, 폐질산 등이 혼합된 폐기물)",,,0,0,0,0,,
707,2022-030,2022-08-12,9:57:00,㈜한정물류,충북 제천시 강제동 110 인근 도로상,충북,제천시,주차중이던 운송차량(24.3 ton)에서 배관 파손으로 인해 황산(98%)이 도로상에 누출(약 300 L)되어 운전자가 신고한 사고,운송차량,누출,황산,,,0,0,0,0,,
708,2022-031,2022-08-12,10:22:00,삼경유화㈜,부산  기장군 일광읍 화전리 229-1 인근 램프구간(도로상),부산,기장군,"부산외곽순환고속도로 → 기장일광TG 진입 램프구간(내리막 커브)에서 탱크로리(24 ton, 경기91바6988)가 추락하며 적재중이던 자일렌(23.4 ton) 전량 누출",운송차량,누출,자일렌(40~50%),,,0,0,0,1,,
709,2022-032,2022-08-12,18:57:00,㈜에스엔,경기 안산시 단원구 첨단로245번길 64 부지 내,경기,안산시 단원구,사업장 내 탱크로리 차량(㈜에스엔)이 도착하여 저장탱크(㈜이피엠)로 염산을 주입하는 과정 중 이송압력 이상으로 차량 주입호스 연결부위에서 염산 약 20 L(추정) 누출,운송차량,누출,염산,,,0,0,0,0,,
710,2022-033,2022-08-23,7:13:00,풍천케미칼,"경기 시흥시 시화벤처로 59, 35동",경기,시흥시,과산화수소 용기에 질산을 오인 주입하여 출하 작업 완료(파렛트 적재 및 랩핑)한 상태에서 용기 팽창으로 파손되어 질산 누출(약 10L),안전기준 미준수,누출,질산,,,0,0,2,0,,
711,2022-034,2022-08-31,15:28:00,SK지오센트릭㈜,울산 남구 산업로 24,울산,남구,사업장 내 LLDPE공정 PE-V1101AR(Cyclohexane Purifier) 전후단에 설치된 HV-1101/1105/1106 밸브 Passing점검(close된 상태에서 새는지 여부 확인) 작업 중 폭발사고 발생,안전기준 미준수,폭발,시클로헥산,,,1,0,6,0,,
712,2022-035,2022-08-26,10:31:00,제주대학교,제주 제주시 제주대학로 102,제주,제주시,제주대 실험실에서 시약 정리 작업중 포르말린 폐시약통(플라스틱)을 떨어뜨려 상부가 파손되면서 약 500 ml 누출,안전기준 미준수,누출,포르말린,,,0,0,0,0,,
713,2022-036,2022-09-02,12:04:00,사조산업㈜ 의창냉장,경남 창원시 마산합포구 진전면 대실로 170,경남,창원시 마산합포구,사업장 3층 기계실 냉동용 압축기(3기중 1기) 밸브 교체작업을 위해 메인밸브 차단 후 배관 내 잔여가스 존재 여부를 확인하지 않고 사고원점 스탑밸브를 임의 개방·분리하여 미량의 액상 및 가스상 암모니아가 누출로 작업자(2명) 부상을 입는 사고,안전기준 미준수,누출,암모니아,,,0,0,2,0,,
714,2022-037,2022-09-03,8:23:00,데이원에너지㈜,"전남 여수시 산단중앙로 438, 인근 도로상",전남,여수시,데이원에너지㈜ 고압 스팀배관(20 inch)의 1차 파손 충격으로 ㈜LG화학(여수공장-용성) RPG(이소프렌 2 % 함유) 및 페놀 배관 파손,시설 결함,누출,RPG(이소프렌 2%함유),페놀,,0,0,0,0,,
715,2022-038,2022-09-07,14:29:00,(재)충북테크노파크 바이오센터,충북 청주시 청원구 오창읍 양청3길 3,충북,청주시 청원구,"외부 폐기물 저장창고에서 폐기물처리업체 작업자가 지정폐기물 운반을 위해 유효기간이 지난 질산(69~71%)을 차량에 적재하는 작업 중 질산 용기에서 질산이 새는 것을 발견, 질산 용기를 바닥에 투척하여 용기 파손 및 질산 약 4~5 L가 누출, 인근에서 검수하던 근로자(4명)에게 튄 사고",안전기준 미준수,누출,질산,,,0,0,4,0,,
716,2022-039,2022-09-09,11:59:00,경기 안산시 도로상,"경기 안산시 단원구 성곡동 635-7, 안산도금단지 내 도로상",경기,안산시 단원구,안산도금단지에 입주한 ㈜씨에스와이* 업체가 운반차량에 폐질산 용기(3.8 L)와 폐액 용기들을 적재하는 중 폐질산 용기 하부가 파손되면서 폐질산 약 3 L(추정)가 차량 내부 및 바닥에 누출된 사고 * 사고 운반차량 소유주,운송차량,누출,질산,,,0,0,0,0,,
717,2022-040,2022-09-13,9:26:00,삼성바이오로직스㈜ 2공장,인천 연수구 송도바이오대로 300,인천,연수구,"사업장 1층에서 Techcore Sampling 현장 개선 작업 중, CIP 100*(수산화칼륨 20~30%) 배관의 Clamp를 물배관 Clamp로 오인·탈착하여 수산화칼륨이 공장동 내 바닥에 약 3 ton 누출＊바이오의약품 제조 시 사용되는 세척제",안전기준 미준수,누출,수산화칼륨,,,0,0,1,0,,
718,2022-041,2022-09-22,,금호석유화학㈜,전남 여수시 산단중앙로 331,전남,여수시,"SBS 합성고무 제조공정 4층 I-line 시설 중 IP-351(펌프) → IV-363C(배관) 구간에서 혼합물질(사이클로헥산(CAS No. 110-82-7) 약 86% + TLA 14%)을 이송하는 과정 중 완전히 잠기지 않은 상태의 드레인 밸브로 물질 약 6.2 kg(추정)이 누출 된 사고, 누출된 지점과 약 10~15 m 사이에 위치한 H-Line(2~4층) 일반 시설물 증설 작업을 하던 근로자들에게 노출※ 소방미접수",안전기준 미준수,누출,사이클로헥산,,,0,0,0,0,,
719,2022-042,2022-09-28,7:14:00,아파트 건설 공사현장,서울 성동구 성수동 1가 671-176,서울,성동구,"아파트 공사현장 내 땅속에 매립되어 있던 가스용기에서 미상의 가스가 누출되는 것을 발견, 염소가스로 확인된 사고",안전기준 미준수,누출,염소,,,0,0,0,0,,
720,2022-043,2022-09-30,14:22:00,화일약품㈜,경기 화성시 향남읍 제약공단3길 57,경기,화성시,"사업장(H동) 3층에서 아세톤이 포함된 반응기 하부배관이 막혀 이를 해결하기 위한 배관 해체작업 중 아세톤 누출, 아세톤 누출에 따른 유증기 발생으로 폭발 및 화재 발생",안전기준 미준수,폭발,아세톤,,,1,0,15,0,,
721,2022-044,2022-05-20,,동서석유화학㈜,울산 남구 사평로 108-70,울산,남구,동서석유화학㈜ 공장 내 사외 암모니아 지하배관 보수작업 중 관내 잔여 암모니아를 회수하기 위해 회수배관에 압력계를 설치하는 과정에서 플렉시블 호스에 잔류된 소량의 암모니아가 누출되어 작업자 1명이 부상을 입은 사고 ※ 소방미접수,안전기준 미준수,누출,암모니아,,,0,0,1,0,,
722,2022-045,2022-10-06,5:49:00,부림운수㈜,"전남 여수시 화치동 48-1, 인근 도로상",전남,여수시,염산 탱크로리(22 ton)에서 운전자가 차량 운행을 위해 주차된 차량 점검 중 미세균열이 발생하여 염산(35 %)이 도로상에 누출(약 40kg)된 사고,운송차량,누출,염산,,,0,0,0,0,,
723,2022-046,2022-10-07,9:57:00,밀성제일고등학교,경남 밀양시 밀양대로 2078,경남,밀양시,과학실 내 생물 표본 보관장 문을 여는 과정에서 뚜껑이 밀폐되지 않은 표본 용기(1000 mL) 1개가 쓰러지면서 바닥에 포르말린 누출(500 mL)된 사고,안전기준 미준수,누출,포르말린,,,0,0,0,0,,
724,2022-047,2022-10-12,19:52:00,㈜서광특수,"전북 임실군 오수면 순천완주고속도로 74, 오수휴게소(상행선) 주차장",전북,임실군,"오수휴게소에서 휴식 후 탱크로리 확인 과정에서 염산 흄을 발견하고 119 신고, 염산 (22.7 ton)을 적재한 탱크로리(25 ton) 내부 부식 방지용 고무코팅의 노후화로 인해 탱크로리 운전석 방향 옆면에 약 3 cm 크기의 파공이 발생하여 적재 중이던 염산 약 16.9 L(계근표 확인)가 외부로 누출된 사고",운송차량,누출,염산,,,0,0,0,0,,
725,2022-048,2022-10-18,14:55:00,동서석유화학㈜,울산 남구 사평로 108-70,울산,남구,동서석유화학㈜ 시안화나트륨 공장 내 반응 열교환기 튜브 고압 세정작업 중 세척액 피부 노출로 인해 작업자 1명 부상을 입은 사고,안전기준 미준수,누출,시안화나트륨,,,0,0,1,0,,
726,2022-049,2022-10-19,,엘티소재㈜,경기 용인시 처인구 남사읍 당하로 113-19,경기,용인시 처인구,"연구실을 운영 과정에서 발생한 폐유기용제(드럼통에 보관)를 지정폐기물 수집·운반차량의 탱크로리에 이송하다가 탱크로리 상부 Over flow 방지 호스가 이탈되어 폐유기용제가 유출된 사고 ※ 폐유기용제 약 100 L 가량 유출되어 맨홀로 유입되었고, 맨홀로 흘러들어온 폐액을 지정폐기물 수집·운반차량 탱크로리로 이송하여 소하천 유입 방지 ※ 소방미접수",운송차량,누출,폐유기용제,,,0,0,0,0,,
727,2022-050,2022-10-20,11:39:00,코맥스화학㈜ 왜관지점,경북 칠곡군 왜관읍 공단로1길 82,경북,칠곡군,"사업장 내 수처리제(PAC) 제조공정에서 염산(35 %)와 수산화알루미늄을 배합 후 반응기로 이송 중 배관 막힘 현상이 생기면서 배관 연결부가 파손, 배관에 있던 혼합물질(도면 상 염산 23 % 함유)이 주변에 있던 작업자 1명에게 튀어 부상을 입은 사고",시설 결함,누출,염산,,,0,0,1,0,,
728,2022-051,2022-10-21,10:38:00,신성어코드호,경남 창원시 성산구 귀곡동 576,경남,창원시 성산구,"마산항 제5부두(귀곡부두)에 정박된 곡물 수입운반선박(신성어코드호(외항상선), 대한민국 국적) 내 쌀 소독용 훈증제(살균, 살충)를 갑판으로 이동 중 이상반응으로 연기 및 소규모 폭발사고 발생",안전기준 미준수,폭발,인화 알루미늄,,,0,0,0,0,,
729,2022-052,2022-10-13,,삼성전자㈜ 평택캠퍼스,경기 평택시 삼성로 114,경기,팽택시,"PTXV825 설비업체(도쿄일렉트론, TEL) 작업자가 PTXV825 설비(PHOTO공정 spinner) 설치 작업 중 신너용기 뚜껑 노즐부에서 작업자 안구에 신너(1cc 미만)가 튀어 발생한 사고 ※ 소방 미접수",안전기준 미준수,누출,프로필렌글리콜모노메틸에테르,,,0,0,1,0,,
730,2022-053,2022-11-02,12:16:00,해원에프엠㈜,경북 고령군 다산면 다산산단2길 10-76,경북,고령군,작업자가 푸란(Furan)수지 IBC탱크와 경화제 IBC탱크를 착각하고 경화제 IBC탱크에 퓨란수지를 오투입하여 강한 발열반응 및 화재 발생,안전기준 미준수,화재,메틸알코올,2-푸란메탄올,,0,0,0,0,,
731,2022-054,2022-11-07,,엘지디스플레이㈜ 파주공장,경기 파주시 월롱면 엘지로 245,경기,파주시,P10 공장 내 벽체 보수작업을 위해 커팅 작업 중 커팅날이 튀면서 수산화테트라메틸암모늄(TMAH) 배관이 파손되어 약 5L(추정)가 바닥으로 누출된 사고  ※ 소방 미접수,안전기준 미준수,누출,수산화테트라메틸암모늄,,,0,0,0,0,,
732,2022-055,2022-11-12,23:07:00,코오롱플라스틱㈜,경북 김천시 공단3길 64,경북,김천시,"벤젠 회수시설(D-5386, 4㎥) 후단 스트레이너(Strainer, 여과기)를 분해하여 여과망 소제(청소) 작업 후 누출된 벤젠을 제거하지 않고 스트레이너를 재결합하는 과정에서 벤젠 유증기가 미상의 점화원으로 인해 화재가 발생하여 작업자 1명이 부상을 입은 사고",안전기준 미준수,화재,벤젠,,,0,0,1,0,,
733,2022-056,2022-11-14,10:33:00,(정)이노베이션,제주 제주시 한림읍 명월리 1302,제주,제주시,제주 제주시 한림읍 명월리 1302 소재 지하수 수질 조사 관측정(관측소명: JQ명월2)에서 지하수 시료를 채취하여 보존처리하기 위해 질산을 취급 중 시료 채취원 1명*이 부상 당한 사고(추정)  * 소속: (주)정이노베이션(제주지역 지하수 시료채취 계약업체),안전기준 미준수,누출,질산,,,0,0,1,0,,
734,2022-057,2022-11-15,13:26:00,대동운수㈜,충남 천안시 서북구 성환읍 성환리 537,충남,천안시 서북구,수산화나트륨 탱크로리 차량이 커브길에서 전도되면서 탱크 상부 에어벤트가 파손되어 도로상에 수산화나트륨 약 6톤 누출된 사고,운송차량,누출,수산화나트륨,,,0,0,0,1,농수로 오염,
735,2022-058,2022-11-18,,㈜케이이씨,경북 구미시 수출대로 41,경북,구미시,"(주)케이이씨 구미사업장 4공장의 반도체 웨이퍼 에칭(Etching, 식각) 설비로 공급되는 에칭액(BD-100E) 순환 공급장치 드레인 배관 하부 틈으로 에칭액이 약 1.4L(추정) 누출된 사고 ※ 소방 미접수",시설 결함,누출,"혼산[황산(82~86%), 불산(1.4~2.0%)]",,,0,0,0,0,,
736,2022-059,2022-12-01,6:04:00,OCI㈜ 군산공장,전북 군산시 외항로 82,전북,군산시,"반도체용 폴리실리콘 제조공정(P1)의 CR Mixing Tank*(T-180) 상부 배관(3/4&quot;, Carbon Steel 이중배관) 파열로 트리클로로실란(TCS) 혼합물(액상) 약 88L(추정) 누출되어 흄이 발생한 사고",시설 결함,누출,트리클로로실란,,,0,0,0,0,,
737,2022-060,2022-12-01,,에스케이하이이엔지㈜,경기 이천시 부발읍 경출대로 2091,경기,이천시,"시운전 중인 W12B 폐수처리장 6층에서 배관 유지보수 작업을 실시한 하도급업체 직원이 작업을 완료한 이후 내화학보호복 탈의 및 화장실을 이용하고 나서 손목에 통증* 발생(황산 잔여물 미세접촉 추정)    * SK하이이엔지 관계자에 의하면, 내화학복 탈의 당시 통증이 없다가 화장실에서 손 세척을 실시하고 난 이후 통증 느꼈다고 함※ 소방미접수",안전기준 미준수,기타,황산,,,0,0,1,0,,
738,2022-061,2022-12-02,13:40:00,㈜씨이엔,부산  강서구 과학산단2로 43번길 38,부산,강서구,"사업장 내 제품연구실에서 신제품 연구개발을 위해 도데실아민과 에틸렌을 스텐용기에 혼합, 가열 중 작업자 부주의로 적정온도 이상으로 가열하다 혼합물 약 10L가 누출(추정)",안전기준 미준수,누출,도데실아민,,,0,0,0,0,,
739,2022-062,2022-12-02,11:10:00,한국바스프㈜,전남 여수시 산단중앙로 275 인근 도로변,전남,여수시,한국바스프㈜ 질산 사외배관 용접부위에 핀홀이 발생하여 질산 약 12.5kg 누출,시설 결함,누출,질산,,,0,0,0,0,,
740,2022-063,2022-12-02,,애경특수도료㈜ 포항공장,경북 포항시 남구 호동로 25,경북,포항시 남구,"P3 공정 내 L-305 탱크(혼합기, 3.6㎥)에서 스톤칼라 PA-6357(적갈색) 제품을 포장 완료 후 내부 세척을 위해 혼합자일렌(40∼50%, 에틸벤젠 50∼60%) 약 20L를 도포하여 치공구(솔)로 세척하던 중 정전기(스파크)로 인한 화재 발생※ 소방미접수",안전기준 미준수,화재,"혼합자일렌(자일렌 40∼50%, 에틸벤젠 50∼60%)",,,0,0,1,0,,
741,2022-064,2022-12-07,10:25:00,대구의료원 라파엘웰빙센터,대구  서구 평리로 157,대구,서구,대구의료원 라피엘웰빙센터 옥상 공조실 내 미사용 설비의 약품(성분 미상)을 처분하기 위해 다른 용기(말통)에 옮겨 담는 중 원인미상 반응으로 가스 발생,안전기준 미준수,기타,황산,아염소산나트륨,,0,0,0,0,,
742,2022-065,2022-12-14,10:00:00,세기아케마㈜,경남 함안군 공단동길 10,경남,함안군,"사업장 내 폐수처리장 시설에서 폭발 발생, 사고 영향으로 폐수처리 시설에서 사용되는 일부 수산화나트륨 설비와 황산 설비가 파손된 사고",시설 결함,폭발,수산화나트륨,,,0,0,0,0,,
743,2022-066,2022-12-26,12:42:00,㈜청해환경,부산  영도구 해양로 119,부산,영도구,폐기물 처리 문의를 위해 훈증제를 적재한 1톤 트럭이 산업폐기물 처리업체인 부영산업에 주차 후 자리를 비운 사이 적재함에서 화재 및 연기 발생,운송차량,화재,훈증제(인화알루미늄),,,0,0,0,0,,
744,2022-067,2022-02-11,,㈜로비스,"경북 김천시 공단로 152-26, ㈜엘지화학 김천공장 내 유해화학물질 하역장",경북,김천시,(주)로비스* 소속 운송차량이 아크릴산(99.9%)을 (주)엘지화학 김천공장 실외저장시설로 하역 완료 후 연결된 호스를 해제하지 않고 출차하여 호스가 손상되면서 호스에 잔류한 아크릴산(99.9%) 약 0.7L((주)엘지화학 김천공장 추산)가 누출된 사고     * 전라남도 여수시 소재(차고지 기준) 유해화학물질 운반업 사업장,안전기준 미준수,누출,아크릴산(99.9%),,,0,0,0,0,,
745,2023-001,2023-01-05,17:01:00,,"전남 고흥군 봉래명 사양리 205-2, 사양교 인근 도로상",전남,고흥군,"염산으로 추정되는 액체가 사양교 인근 도로상 바닥에 흘러있는 것을 발견하고 소방에 신고한 사고  - 사고 지역 인근 버려진 용기(20 L, 2개) 확인결과 염산(20%)으로 확인",운송차량,누출,염산,,,0,0,0,0,,
746,2023-002,2023-01-06,,동서석유화학㈜,울산 남구 사평로 108-70,울산,남구,"ACETO공장 내 아세토니트릴 탱크 펌프에 설치된 Strainer 청소작업 중 Drain액(아세토니트릴 65%)을 플라스틱통(25kg 용기)에 담아 Sump Drum으로 옮기던 중, 방지턱을 넘는 과정에서 아세토니트릴(약 15mL, 사업장 추정)이 왼쪽 종아리 위로 쏟아져 작업자 1명 부상(좌측 하퇴부 등 2도 화학화상)※ 소방미접수, 울센센터 환경팀 접수시간: &apos;23.1.10(화) 16:38",안전기준 미준수,누출,아세토니트릴,,,0,0,1,0,,
747,2023-003,2023-01-11,18:04:00,대구일과학고등학교,대구  동구 경안로 987,대구,동구,교내 화학실험실에서 금속화재 소화약제(산화알루미늄 및 탄산나트륨) 성능 실험 중 금속화재 상황을 구현하기 위해 마그네슘 분말에 점화하는 과정에서 폭발이 발생하여 실험 중이던 학생 2명 중 학생 1명이 안면부 및 손 등에 화상을 입은 사고- 1차 및 2차 실험 시 점화 후 마그네슘이 모두 산화되지 않고 일부가 질화마그네슘이 되는 것을 방지하기 위해 산화제로 질산칼륨을 과다 투입하여 점화 시 폭발한 것으로 추정,안전기준 미준수,폭발,마그네슘,질산칼륨,,0,0,1,0,,
748,2023-004,2023-01-14,9:38:00,파미셀㈜,울산 울주군 온산읍 공단로 249,울산,울주군,PCB 기판 원료 정제공정에서 회수한 용매(톨루엔)를 IBC 탱크로 이송작업 중 IBC 탱크 하부 누출(누출량 약 400L)로 화재 발생(추정),시설 결함,누출,톨루엔,,,0,0,0,0,,
749,2023-005,2023-01-15,12:24:00,,경기 수원시 장안구 수성로382번길 32-3,경기,수원시 장안구,상가건물 내 지하층에서 오랜시간 방치된 포름산 용기가 노후로 인해 파손되어 포름산 물질이 약 2L(추정) 누출된 사고,안전기준 미준수,누출,포름산,,,0,0,0,0,,
750,2023-006,2023-01-26,14:21:00,여천NCC㈜ 여수3공장,전남 여수시 중흥동 172-2,전남,여수시,"여수3공장 사외배관(여천NCC(주) → 중흥부두)의 가지배관(Block 구간)에 체류하던 수분이 빙결, 배관을 동파시켜 Block 구간 전단의 제품 (제품명: RAW C9+C*, 일반화학물질)이 약 35L 누출된 사고 * RAW C9+C: 솔벤트 나프타(45∼55%), 인덴(20∼30%), 비닐톨루엔(15∼25%), 스티렌(3∼7%)로 구성",시설 결함,누출,RAW C9+C,,,0,0,0,0,,
751,2023-007,2023-02-01,,고려아연㈜,울산 울주군 온산읍 이진로 139,울산,울주군,고려아연(주) 온산제련소 1공장 반도체 황산 제조공정 내 필터공정에서 14LINE PRE. MED FILTER BOX 내 8개의 필터교체를 위해 필터 내 남아 있는 황산 Drain 작업 중 용기(20L) 바닥면으로부터 황산이 튀어 작업자 1명 안면부 부상※ 사고 종료 후 접수(소방 미접수),안전기준 미준수,누출,황산,,,0,0,1,0,,
752,2023-008,2023-02-01,10:16:00,제이엠로지스틱㈜,"경남 사천시 축동면 가산리 산72-8, 인근 도로상",경남,사천시,"메틸알코올(적재량: 29,000L) 탱크로리 차량이 운행 중 운전자 부주의로 도로상에 전도되어 메틸알코올 약 500L 누출",운송차량,누출,메틸알코올,,,0,0,0,0,,2000만원(차량)
753,2023-009,2023-02-02,,세키스이코리아㈜,서울 서초구 강남대로 329,서울,서초구,반도체용 테이프의 내구성 강도 등을 시험하기 위한 목적으로 ㈜에이치켐에서 인수 받은 과산화수소(300ml × 6병)를 사무실 내 보관 중 자체 반응에 의해 2병의 용기가 파손되어 과산화수소가 누출되고 4병은 발열반응으로 증발됨※ 사고 종료 후 접수(소방 미접수),안전기준 미준수,누출,과산화수소,,,0,0,0,0,,
754,2023-010,2023-02-08,10:08:00,엠케미칼㈜,대전  유성구 엑스포로339번길 10-5,대전,유성구,"분석기기 제조업체의 실험실 작업자(연구원)가 세정 후 폐액(아세톤)을 폐유기용재 말통에 투입하였고, 약 30분 후 폐유기용재 말통과 연결되어 있는 여과기에서 이상반응으로 인해 경미한 화재 발생, 화재가 후드를 타고 번져 실험실 일부가 소실된 사고",시설 결함,화재,폐유기용제,,,0,0,0,0,,
755,2023-011,2023-02-16,19:34:00,국도화학㈜,경기 시흥시 공단2대로 15,경기,시흥시,사업장 내 에폭시 제조 설비 중 에피클로로히드린(ECH) 반응기에서 증류작업 후 반응기 내부 ECH 잔여물을 드럼 용기로 회수하던 중 화재 및 폭발한 사고,안전기준 미준수,화재,에피클로로히드린,,,0,0,1,0,,
756,2023-012,2023-02-21,,SK에너지㈜,울산 남구 신여천로 2,울산,남구,사업장 내 No.2FCC 생산 3Unit No.2 SAR 공정 내 황산 배관 보수작업 중 누출 방지용 밀봉재 교체과정에서 배관 내 잔류 황산(98.0%)이 누출되어 작업자 2명 부상※ 사고 종료 후 접수(소방 미접수),안전기준 미준수,누출,황산,,,0,0,2,0,,
757,2023-013,2023-02-23,,SK에너지㈜,울산 남구 신여천로 3,울산,남구,"사업장 내 No.2 FCC 생산 3Unit SAR 공정 가동 전 알킬레이션 장치 배관 내 황산(98%, 촉매용)을 주입하는 과정 중 드레인 밸브가 개방상태임을 인지하지 못해 주입 중이던 황산이 외부로 누출되어 작업자 1명이 부상당한 사고※ 사고 종료 후 접수(소방 미접수)",안전기준 미준수,누출,황산,,,0,0,1,0,,
758,2023-014,2023-02-28,,당진냉동,충남 당진시 양지말길 8,충남,당진시,냉동장치에 암모니아가 과량 주입되어 설비 정상화를 위해 냉동장치에서 빼내는 작업 중 작업자 부재로 암모니아 오염수가 수계로 유입(장시간 무단 방류)되어 어류가 폐사한 사고※ 화학재난합동방재센터 자체 접수(소방 미접수),안전기준 미준수,누출,암모니아,,,0,0,0,0,,
759,2023-015,2023-02-05,8:34:00,㈜코리아써키트,경기 안산시 단원구 강촌로 25,경기,안산시 단원구,약품실의 과산화수소 이송펌프 케이싱 볼트 풀림 및 내부 소손으로 인하여 과산화수소(저장탱크 총용량 10㎥)가 방류벽 내에 누출(약 3.14 ton)된 사고,시설 결함,누출,과산화수소,,,0,0,0,0,,
760,2023-016,2023-03-02,,지에스칼텍스㈜,전남 여수시 여수산단로 918,전남,여수시,대정비작업 준비 중 SRU 공정 내 황화수소 및 하이드로카본 감지기 알람으로 인하여 현장 확인하던 작업자 2명 쓰러짐※ 소방미접수,시설 결함,누출,황화수소,,,0,0,2,0,,
761,2023-017,2023-03-19,,S-OIL㈜ 온산공장,울산 울주군 온산읍 온산로 68,울산,울주군,수소제조공정 정기보수기간 중 해당 공정 구역 내 지하 피트에 위치한 Blow down drum 용접부 전처리 작업(파워브러싱 등)을 위해 협력업체 소속 작업자 2명이 드럼 하부 Boot 외면의 스팀용 코일 지지대를 그라인더로 절단하려는 순간 폭발로 인한 부상 사고 발생※ 소방접수시간 : 3.20.(월) 7:23경,안전기준 미준수,폭발,경질 납사 혼합물,,,0,0,2,0,,
762,2023-018,2023-03-24,10:08:00,(자)풍천산업,대구  서구 팔달로2길 24,대구,서구,사업장 내 소분시설에서 톨루엔을 소분하는 작업 중 톨루엔 유증기 폭발 및 화재가 발생한 사고,안전기준 미준수,화재,톨루엔,,,1,0,1,0,,
763,2023-019,2023-03-31,10:17:00,동양냉장 송도지점,부산  서구 충무대로 140,부산,서구,암모니아 저압 저장탱크실(지하 1층)에서 제상작업 중 배관 유니온 체결 불량으로 암모니아가 누출된 사고,시설 결함,누출,암모니아,,,0,0,0,0,,
764,2023-020,2023-04-03,,㈜에프엑스티,경북 구미시 1공단로4길 38-43,경북,구미시,사업장 내 지하저장탱크에서 증착공정으로 이송 중 이송펌프에서 메틸트리클로로실란 일부가 펌프실 내 방류벽 내부로 누출,시설 결함,누출,메틸트리클로로실란,,,0,0,0,0,,
765,2023-021,2023-04-05,,현대오일뱅크㈜,충남 서산시 대산읍 평신2로 182,충남,서산시,ALK(알킬레이트 생산) 공정 황산 탱크 레벨게이지 밸브에서 Leak 발생하여 피해저감시설(방류벽) 내부로 황산 배출(외부누출 없음)※ 소방미접수,시설 결함,누출,황산,,,0,0,0,0,,
766,2023-022,2023-04-05,12:52:00,㈜조양,경기 용인시 처인구 양지면 은이로 16,경기,용인시 처인구,사업장 코팅제 제조실 내 코팅제를 제조한 이후 믹서날에 묻은 색상 코팅제를 제거하기 위해 원통형 용기(20L)에 메탄올을 약 6L 가량 넣고 믹서날을 교반하여 세척하던 중 해당 용기의 철재 부분에 믹서날이 닿으면서 스파크에 의한 화재 발생,안전기준 미준수,화재,메틸알코올,,,0,0,0,0,,
767,2023-023,2023-04-06,,현대제철㈜ 당진공장,충남 당진시 송악읍 북부산업로 1480,충남,당진시,사업장 내 화성공장 타르 회수설비 중 #B 타르분리기 분쇄펌프 전단 이물질 막힘 해소 작업 중 타르 및 안수가 누출된 사고※ 소방미접수,안전기준 미준수,누출,퀴놀린,,,0,0,0,0,,
768,2023-024,2023-04-12,,,충북 진천군 이월면 신계리 221-23,충북,진천군,황산이 담긴 용기 2개를 경기도 안성에서 싣고 충북 음성으로 운반 중 차량 화물칸 내 적재물 하부가 파손(1개)되어 액상 화학물질이 진천군 옥정재 인근 도로상 약 15km 구간에 누출된 사고※ 소방미접수,운송차량,누출,황산,,,0,0,0,0,,
769,2023-025,2023-04-13,17:07:00,㈜이앤에스,경기 안성시 공단1로 77,경기,안성시,"폐액통에 오래된 질산(70%, 약1.5L)를 폐기 후, 밀폐된 폐액통에서 반응이 일어나 파손되어 실험실 바닥으로 혼합 폐액이 약 15L 가량 누출",안전기준 미준수,누출,질산,,,0,0,0,0,,
770,2023-026,2023-04-14,12:27:00,피제이산업,경기 평택시 청북읍 평택제천고속도로 6,경기,평택시,평택(복합)휴게소로 진입한 폐기물 운반차량에서 적재된 폐유기용제 IBC탱크(18개 중 1개)의 밸브 파손으로 약 500L 누출,운송차량,누출,폐유기용제,,,0,0,0,0,,
771,2023-027,2023-04-17,,㈜코씰,전북 군산시 외항1길 32-31,전북,군산시,사업장 내 실외저장탱크(15㎥) 하부밸브의 고무부식으로 인해 염산(35%) 약 110 kg이 방류벽 내에 누출된 사고※ 소방미접수,시설 결함,누출,염산,,,0,0,0,0,,
772,2023-028,2023-04-27,,케이지스틸㈜  당진공장,충남 당진시 송악읍 북부산업로 1228,충남,당진시,롤 시설 세척을 위해 작업자가 액체 세척제를 면소재 보루에 적셔 세척작업 중 세척제가 손목장갑 사이로 스며들어 부상(화상)당한 사고※ 소방미접수,안전기준 미준수,누출,WHITE(세척제),,,0,0,1,0,,
773,2023-029,2023-04-28,9:05:00,㈜산수금속,경기 화성시 정남면 여의동길 97,경기,화성시,귀금속 재료를 추출하기 위해 원통형 설비에 폐부품과 염산(35%)을 첨가하면서 가열하는 과정에서 온도차에 의해 폭발한 사고,안전기준 미준수,폭발,염산,,,0,0,1,0,,
774,2023-030,2023-05-12,,㈜연송,충남 천안시 서북구 백석공단1로 97-14,충남,천안시 서북구,지정폐기물 운반차량에서 저장탱크로 폐염산을 이송하는 과정 중 이송 호스가 찢어져 폐염산이 약 300 L누출※ 소방미접수,시설 결함,누출,폐염산,,,0,0,0,0,,
775,2023-031,2023-05-15,8:51:00,㈜에프엑스티,경북 구미시 1공단로4길 38-43,경북,구미시,지하 저장탱크의 다이어프램펌프 밸브 오작동 점검 중 전자식 개폐밸브 주변 부위에서 메틸트리클로로실란 약 10L 펌프실 방류벽 내부로 누출된 사고,안전기준 미준수,누출,메틸트리클로로실란,,,0,0,0,0,,
776,2023-032,2023-05-18,9:59:00,성지포리캠,충남 천안시 서북구 성환읍 와우1길 64,충남,천안시 서북구,"- (1차, 5.18) 사업장 내 연료보관실에서 폭발 및 화재가 발생하여 아크릴 수지 제조동(유해화학물질 취급)으로 연소가 확대된 사고- (2차, 5.20) 5.18.(목) 발생한 화재사고의 여파로 단전되어 미가동 중인 접착제 반응기 내 냉각수 공급의 차질이 생겨 잔여 물질이 반응되면서 상부 맨홀 틈으로 누출 및 증기 발생- (3차, 5.24) 5.18.(목) 발생한 화재사고의 여파로 온도를 제어하지 못해 미가동 중인 드롭핑 탱크(아크릴산 취급)에서 증기가 발생한 사고",안전기준 미준수,화재,접착제,,,2,0,4,0,,건축물(200만원)
777,2023-033,2023-05-18,16:03:00,㈜천보비엘에스,전북 군산시 새만금산단2로 304,전북,군산시,사업장 내 반응기로 이송되는 염소 이송배관 파열로 배관 내 염소가 누출되어 흄이 발생한 사고,시설 결함,누출,염소,,,0,0,0,0,,
778,2023-034,2023-05-19,,SK바이오텍㈜,세종 연동면 명학산단로 80,세종,연동면,1공장동 4층 모듈1 솔벤트스테이션룸 내 톨루엔 주입 배관 후단이 반응기와 미체결된 상태로 밸브를 열어 약 5분간 톨루엔 417 L가 누출된 사고※ 소방미접수,안전기준 미준수,누출,톨루엔,,,0,0,0,0,,
779,2023-035,2023-05-19,18:34:00,㈜그린원텍,전북 군산시 외항로 274,전북,군산시,"사업장 내 집수조에 위탁업체로부터 수거한 폐수를 주입 후, 이상반응이 발생하여 황화수소 등 가스가 발생한 사고",시설 결함,누출,황화수소,,,0,0,1,0,,
780,2023-036,2023-05-20,,㈜이수페타시스,대구  달성군 농공읍 논공로53길 36,대구,달성군,사업장 내 기존 에칭설비)를 매각하여 타 업체로 이송하기 위해 운반차량에 적재한 뒤 설비에서 폐에칭액이 누출※ 소방미접수,시설 결함,누출,폐에칭액,,,0,0,0,0,,
781,2023-037,2023-05-23,8:44:00,㈜세명테크,충남 아산시 둔포면 장영실로 922-5,충남,아산시,사업장 내 시멘트 혼화제 배합 시험 중 발생한 가스가 시설 외부로 누출된 사고,안전기준 미준수,누출,시트르산,제1인산암모늄,황산칼슘,0,0,0,0,,
782,2023-038,2023-05-23,19:08:00,경북바이오마이스터고등학교,경북 영천시 신녕면 찰방길 8,경북,영천시,"방과 후 수업 과정에서 학생들이 실험도구를 사용하여 시료 채취하던 중 선행 실험자가 정밀 측정을 위해 자세를 숙이는 과정에서 바닥에 흘렸던 황산이 실험복에 묻고, 이 실험복이 학생 2명의 다리에 접촉되어 화상이 발생한 사고",안전기준 미준수,누출,황산,,,0,0,2,0,,
783,2023-039,2023-05-24,14:34:00,원주고등학교,강원 원주시 치악로 1765,강원,원주시,교내 과학실에서 로켓 발사체 실험을 위해 질산칼륨을 이용한 고체연료를 만드는 과정에서 가열중인 비커가 깨지면서 안에 있던 질산칼륨 용액에 불이 붙고 용액이 튀어서 실험학생들이 화상을 입음,안전기준 미준수,누출,질산칼륨,,,0,0,4,0,,
784,2023-040,2023-05-24,18:32:00,영남대학교,경북 경산시 대학로 280,경북,경산시,교내 섬유관 324호 고분자재료실험실에서 초산을 폐액통에 버리는 과정에서 폐액통의 물질이 얼굴로 튀는 사고 발생,안전기준 미준수,누출,초산,,,0,0,1,0,,
785,2023-041,2023-05-24,,한국남동발전㈜ 삼천포발전본부,경남 고성군 하이면 하이로 1,경남,고성군,경남 고성군 한국남동발전㈜ 삼천포발전본부 수처리동 수산화나트륨 이송펌프에서 누출(약 12.6톤)이 발생되어 사상자가 발생된 사고※ 소방미접수,시설 결함,누출,수산화나트륨,,,0,0,2,0,,
786,2023-042,2023-05-27,,한국수력원자력 한빛 원자력본부,전남 영광군 홍농읍 홍농로 846,전남,영광군,한빛원자력본부 1폐수처리장 취급자가 현장 순찰 중 수산화나트륨 저장탱크 연결배관 보온재 하단에 하얀색 가루(수산화나트륨 추정)를 발견하여 개선보고용으로 사진 촬영 중 눈에 이물질이 들어간 사고※ 소방미접수,안전기준 미준수,누출,수산화나트륨,,,0,0,1,0,,
787,2023-043,2023-05-28,21:00:00,조선대학교,광주 동구 조선대길 146,광주,동구,교내 항공우주공학관 1층 실험실에 로켓 추진 실험을 위해 보관 중인 하이드록실아민 질산염 시료가 이상반응으로 가스 및 화재 발생,시설 결함,화재,하이드록실아민 질산염,,,0,0,0,0,,
788,2023-044,2023-06-07,15:48:00,일진산업㈜,경기 화성시 향남읍 우등길 52,경기,화성시,접착제를 제조하기 위해 교반기에 톨루엔을 투입하는 과정에서 정전기로 인해 화재가 발생한 사고,안전기준 미준수,화재,톨루엔,아세트산 에틸,,0,0,1,0,,
789,2023-045,2023-06-07,,한국수자원공사 구미권지사,경북 구미시 고아읍 송평구길 138-5,경북,구미시,차아염소산나트륨 제조시설에서 사용시설로 이송작업 중 배관 이탈로 인근 하천(인노천)에 차아염소산나트륨이 약 14톤(최대 추정치) 누출된 사고※ 소방미접수,시설 결함,누출,차아염소산나트륨,,,0,0,0,0,어류폐사,
790,2023-046,2023-06-13,16:33:00,법원하수처리장,경기 파주시 법원읍 대능리 512-20,경기,파주시,"차아염소산나트륨을 탱크로리에서 하수처리시설 내 약품탱크로 주입 중 배관 사이에 막혀있던 고무마개에 의해 압력이 발생, 주입 배관 가스켓 윗부분이 이탈되어 차아염소산나트륨 누출(약 20 L)",안전기준 미준수,누출,차아염소산나트륨,,,0,0,2,0,,
791,2023-047,2023-06-14,16:13:00,㈜천보비엘에스,전북 군산시 새만금산단2로 304,전북,군산시,반응기에 투입 전 계량 및 승온을 위한 탱크에 보관 중인 클로로에틸렌카보네이트(CEC)에서 이상반응에 의한 온도·압력 상승으로 탱크가 폭발한 사고,시설 결함,폭발,클로로에틸렌카보네이트,,,0,0,0,0,,
792,2023-048,2023-06-16,11:51:00,㈜케미로지스,인천 서구 오류동 1538,인천,서구,"메틸알코올(98%, 23톤)을 적재한 탱크로리가 운행 중 마주오던 차량을 피하기 위해 도로를 이탈하면서 전도되어 적재중인 화학물질 약 100L가 누출된 사고",운송차량,누출,메틸알코올,,,0,0,0,0,,
793,2023-049,2023-06-22,6:59:00,㈜연일특운,경남 하동군 진교면 백련리 산113-1,경남,하동군,"콜타르(퀴놀린 0.29~0.32% 함유)를 운반 중이던 탱크로리가 남해고속도로((주)포스코 포항제철소 → OCI(주) 광양공장 이동 중 타이어 펑크로 인해 타이어 휀더 고정 파이프가 탱크로리 옆면을 가격하여 핀홀이 발생, 콜타르 약 40~50L 누출",운송차량,누출,콜타르,퀴놀린,,0,0,0,0,,
794,2023-050,2023-06-22,,㈜세창이엔텍,충남 천안시 동남구 광덕면 차령고개로 682-11,충남,천안시 동남구,굴삭기 버켓 교체 작업 중 버켓이 낙하하여 수처리제(pH 조절제) 말통 5개가 파손되어 수처리제 약 100 L가 인근 하천(곡교천)으로 유출된 사고※ 소방미접수,안전기준 미준수,누출,pH조절제,,,0,0,0,0,어류폐사,
795,2023-051,2023-06-23,9:12:00,화일약품㈜,경기 화성시 향남읍 제약공단3길 57,경기,화성시,사업장 내 메틸알코올 지하저장시설 탱크와 연결된 이송배관 연결부(유니온) 노후화로 인해 메틸알코올 약 130L가 누출된 사고,시설 결함,누출,메틸알코올,,,0,0,0,0,,
796,2023-052,2023-06-28,12:03:00,㈜대림,충북 보은군 삼승면 우진리 736,충북,보은군,누출이 감지된 프로필렌 가스 용기(380kg)를 보관창고 외부로 이동한 후 가스 배출을 실시하던 중 작업자가 밸브를 닫기 위해 용기 하부 지지대에 놓여있던 개폐장치를 잡는 순간 화재가 발생한 사고,안전기준 미준수,화재,프로필렌,,,0,0,1,0,,
797,2023-053,2023-06-30,11:27:00,CJ대한통운 공주서브터미널,충남 공주시 의당길 264,충남,공주시,CJ대한통운 공주서브터미널에서 택배 집하 작업 중 작업자의 취급 부주의로 인해 박스안에 들어있던 염산 시약병(1 kg) 2개가 깨지면서 염산이 누출된 사고,안전기준 미준수,누출,염산,,,0,0,0,0,,
798,2023-054,2023-07-03,1:34:00,㈜명진,전북 완주군 순천완주고속도로 상행선(완주 방향) 상관IC 본선 합류 지점,전북,완주군,순천완주고속도로 상행선 상관IC 본선 합류 지점에서 염산(35 %) 탱크로리 차량의 하부 크랙으로 염산 약 22 kg 누출,운송차량,누출,염산,,,0,0,0,0,,1500만원
799,2023-055,2023-07-03,17:38:00,㈜원광빙고농업회사법인,전북 군산시 서수면 동군산로 1075-60,전북,군산시,사업장 내 건물 2층 냉매(암모니아 가스 사용) 순환시설의 플렉시블 배관 파손으로 암모니아 가스가 누출,시설 결함,누출,암모니아,,,0,0,0,0,,
800,2023-056,2023-07-05,15:43:00,㈜금정 옥천지점,충북 옥천군 동이면 동이농공길 86-11,충북,옥천군,"사업장 내 톨루엔이 함유된 소광제 저장탱크에서 소광제를 드럼으로 소분하는 과정 중 드럼 내부에서 화재가 발생하여 소광제가 약 45kg 소실된 사고  ※ 소광제 성분: 톨루엔 90%, 폴리에틸렌 10%",시설 결함,화재,톨루엔,,,0,0,2,0,,
801,2023-057,2023-07-07,7:50:00,,인천 서구 금곡동 323-37,인천,서구,화학물질을 운반 중이던 차량에서 무수크롬산 드럼용기(50 kg) 2개가 도로상에 낙하되어 약 10 kg이 누출된 사고,운송차량,누출,무수크롬산,,,0,0,0,0,,
802,2023-058,2023-07-08,,SK하이이엔지㈜,경기 이천시 부발읍 경충대로 2091,경기,이천시,소석회 탱크로리로부터 W11 1F 폐수처리장 약품 저장탱크 내 소석회 입고 작업 중 주입 호스의 파열로 소석회 액이 일부 누출된 상황을 확인하고 작업 중단 요청 중 외부 비산하여 하도급사 작업지휘자의 안면 및 안구에 접촉※ 소방미접수,안전기준 미준수,누출,수산화칼륨,,,0,0,1,0,,
803,2023-059,2023-07-13,8:47:00,대구염색산업단지관리공단,대구  서구 염색공단천로 19길 2,대구,서구,"황산(65%) 47.29톤이 저장되어 있는 탱크(35m3, 2기)에 탱크로리 차량을 이용해 황산 23.14톤을 주입완료 후 화학반응이 발생하여 황갈색 흄 발생 및 황산 일부가 통기관을 통해 방류벽 내로 누출된 사고",안전기준 미준수,누출,황산,,,0,0,0,0,,
804,2023-060,2023-07-14,14:44:00,㈜대창,경기 시흥시 공단1대로 391,경기,시흥시,사업장 유해화학물질 보관시설 트렌치 내에서 질산 용기(20L) 운반 과정 중 용기 파손(Crack)으로 인해 질산이 누출된 사고,안전기준 미준수,누출,질산,,,0,0,1,0,,
805,2023-061,2023-07-18,22:53:00,오씨아이㈜ 광양공장,전남 광양시 산업로 109,전남,광양시,콜타르를 원료로 Pitch를 생산하는 공정의 Reactor 부속설비인 Strainer 후단부에 설치된 온도계 이탈(누출부위 추정)로 인한 콜타르 피치 누출로 화재 발생,시설 결함,화재,콜타르피치,,,0,0,0,0,,
806,2023-062,2023-07-19,9:40:00,한남대학교 대덕밸리캠퍼스,대전  유성구 유성대로 1646,대전,유성구,복합재료분석연구실에서 청소 중 질산 용기를 떨어뜨려 약 2L 누출,안전기준 미준수,누출,질산,,,0,0,2,0,,
807,2023-063,2023-07-20,17:39:00,(유)동국상운,대전  대덕구 산업단지로 27,대전,대덕구,신탄진휴게소 주차장 내 염산 탱크로리 차량 우측 하단 용접부에 볼펜 두께의 천공 발생으로 염산 약 100kg 누출,운송차량,누출,염산,,,0,0,0,0,,
808,2023-064,2023-07-20,,한진부산컨테이너터미널㈜,경남 창원시 진해구 신항로 433,경남,창원시 진해구,"컨테이너 선적작업 중 컨테이너가 선박 난간에 출동하며 내부에  보관 중이던 DINP 용기(플랙시 탱크, 약 20톤)가 파손되어 화학물질이 일부 해상으로 누출(약 177 L, 해경 산출) 된 사고※ 소방미접수",안전기준 미준수,누출,다이아이소노닐 프탈레이트(DINP),,,0,0,0,0,해상오염,
809,2023-065,2023-07-25,,어프로티움㈜,울산 남구 처용로 35,울산,남구,"산업용 가스 제조업체 내 CO2 액화 공정의 밸브 탈락으로 배관 내부의 암모니아가 누출, 이후 밸브 결합 등 안전조치 하였으나 재탈락하여 누출이 지속된 사고※ 소방미접수",시설 결함,누출,암모니아,,,0,0,0,0,,
810,2023-066,2023-07-27,10:54:00,명지대학교,경기 용인시 처인구 명지로 116,경기,용인시 처인구,함박관 3층 연구실에 있던 미사용 폐시약(폐질산 등)을 위탁 처리하기 위해 카트기를 이용하여 옮기던 중 미포장된 질산 용기(4L)가 떨어지면서 바닥으로 누출,안전기준 미준수,누출,질산,,,0,0,2,0,,
811,2023-067,2023-07-31,14:06:00,신오케미칼,인천 서구 거북로 6,인천,서구,"사업장 내 폐산 저장탱크 2기가 파손되어 방류벽 내 약 15톤이 누출되었으며, 방류벽 갈라진 틈으로 폐산 일부가 외부로 소량 누출",시설 결함,누출,폐산,,,0,0,0,0,,
812,2023-068,2023-07-31,,이엔에프테크놀로지㈜ 천안공장,충남 천안시 동남구 성남면 5산단3로 14,충남,천안시 동남구,P2동 내 증류탑에서 저장탱크(FB-4113)로 무수불산 이송 작업 후 이송배관 내 정체되어 있던 무수불산 약 17.5 L(액상 기준)가 기화되어 flexible 호스로 누출된 사고※ 소방미접수,시설 결함,누출,무수불산,,,0,0,0,0,,
813,2023-069,2023-08-03,12:25:00,㈜비봉로지스,경남 창원시 의창구 소계동 397,경남,창원시 의창구,마산 톨게이트 인근에서 발연황산 운송차량이 유해화학물질 운반 중 탱크로리 전단 하부 메인배관 용접부위 균열으로 발연황산 약 10 kg 누출된 사고,운송차량,누출,발연황산,,,0,0,0,0,,
814,2023-070,2023-08-19,10:50:00,㈜대주이엔지,경남 김해시 진영읍 본산2로 51,경남,김해시,경남 김해 소재 ㈜대주이엔지(법정관리) 내 사용중지 중인 스티렌 저장시설(45㎥)에서 이상반응으로 저장시설 상부로 가스가 누출된 사고,시설 결함,누출,스티렌,,,0,0,0,0,,
815,2023-071,2023-08-19,18:06:00,솔베이실리카코리아㈜,전북 군산시 새만금산단2로 229,전북,군산시,사업장 내 황산 저장시설 균열로 인해 황산이 방류벽 내로 약 5톤 누출된 사고,시설 결함,누출,황산,,,0,0,0,0,,
816,2023-072,2023-08-20,9:41:00,㈜팜한농 반월공장,경기 안산시 단원구 해안로 131,경기,안산시 단원구,사업장 보관창고 내 시안화나트륨 용기가 물과 반응하여 흄 발생,안전기준 미준수,누출,시안화나트륨,,,0,0,0,0,,
817,2023-073,2023-08-20,12:06:00,㈜팜한농 울산공장,"울산 남구 부두로 114, 울산항 제4부두",울산,남구,"울산 남구 소재 케이피엑스글로벌(주) 내 저장탱크로부터 울산항 제4부두에 정박 중인 스톨트 프라이드호로 톨루엔 디이소시아네이트(이하. TDI)를 선적 중, 작업자가 펌프 가동 중인 상태에서 샘플링을 위해 선박 측 메인밸브 차단하여 울산항 제4부두(육상)에 임시 설치된 이동식 필터하우징 내 수격작용으로 필터하우징 상부 덮개 볼트 틈 사이로 TDI가 누출",안전기준 미준수,누출,톨루엔 디이소시아네이트(TDI),"2,4-톨루엔 디이소시아네이크","2,6-톨루엔 디이소시아네이트",0,0,0,0,,
818,2023-074,2023-08-23,19:27:00,고려대학교 사범대학부속고등학교,서울 성북구 정릉로 161,서울,성북구,교내 공학동아리 화학실에서 로켓캔디 추진체인 고체연료 제작 중 폭발 및 학생 1명 화상 입는 사고 발생,안전기준 미준수,폭발,질산칼륨,D-솔비톨,,0,0,1,0,,
819,2023-075,2023-08-30,19:54:00,홍인화학㈜,"울산 남구 북부순환도로 51 인근, 좋은삼정병원 인근 도로상",울산,남구,사업장에서 군부대(정수장)에 납품하기 위해 염소 봄베(100kg) 2개를 운반하던 중 용기 1개의 안전밸브 파손으로 도로상에서 누출(약 54kg)된 사고,운송차량,누출,염소,,,0,0,1,0,,
820,2023-076,2023-08-31,15:48:00,㈜용진에스앤티(S&T),울산 남구 여천로 215-84,울산,남구,"사업장 내 작업자가 제품(OBSH-75, 발포제) 생산을 위해 혼련기*에 원료 투입 후 진행상황 확인을 위해 원료 투입구를 개방한 순간, 고체원료에 화상을 입은 사고",시설 결함,화재,"OBSH-75(제품명, 발포제)",,,0,0,1,0,,
821,2023-077,2023-06-12,,현대다이텍㈜,대구  서구 염색공단천로19길 30,대구,서구,"유해화학물질 취급시설 방류벽 공사를 위해 작업자가 미장 작업 중 수산화나트륨 수용액을 물로 전달받아 작업 종료까지 노출되어 손,발 등에 화상을 입은 사고",안전기준 미준수,기타,수산화나트륨,,,0,0,1,0,,
822,2023-078,2023-07-12,,㈜엘지화학 김천공장(운반업체: ㈜로비스),경북 김천시 공단로 152-26,경북,김천시,사업장 유해화학물질 하역장 내 탱크로리 차량(㈜로비스)이 수산화나트륨(50%)을 저장탱크(㈜엘지화학 김천공장)로 주입하는 과정에서 호스가 연결된 차량 부분 메인밸브를 개방하자 커플러(coupler) 체결 미흡으로 이음새 부분에서 수산화나트륨이 약 0.5L(운반업체 추산)가 누출되어 작업자(운전자)에게 비산된 사고,안전기준 미준수,누출,수산화나트륨(50%),,,0,0,1,0,,
823,2023-079,2023-09-04,15:13:00,㈜셀트리온 제2공장,인천 연수구 아카데미로51번길 20,인천,연수구,실험실에서 사용된 시약 공병 2개를 화물차량(1톤)을 이용하여 지정폐기물 보관장소로 운반한 후 차량에서 폐기물 보관시설로 하역하는 과정에서 종이상자가 찢어지면서 용기 내 황산 잔량(약 0.2~0.3L)이 누출되어 부상자가 발생한 사고,안전기준 미준수,누출,황산,,,0,0,2,0,,
824,2023-080,2023-09-04,19:24:00,㈜팜한농 울산공장,"울산 남구 부두로 114, 울산항 제4부두",울산,남구,"㈜팜한농에서 제조한 황산을 KPX글로벌㈜의 저장탱크로 이송 후 선박으로 선적하는 과정 중, 저장탱크에서 선박으로 선적하는 6인치 배관 플랜지 부식으로 황산이 누출된 사고(약 320kg 누출 추정)",시설 결함,누출,황산,,,0,0,0,0,,
825,2023-081,2023-09-06,,㈜카프로,울산 남구 사평로 108-12,울산,남구,㈜카프로 제1공장 RO지역 1층 유틸리티 라인(N2 Line 3/4B)에서 폐수처리 공정 가동 중지를 위해 pH 조절용 황산 배관 세척(N2 purge)을 위한 밸브 개방 중 질소 하부 라인을 통해 배관 내 잔류하던 황산이 누출되어 작업자 1명이 황산 접촉으로 부상,시설 결함,누출,황산,,,0,0,1,0,,
826,2023-082,2023-09-09,8:55:00,㈜우영엔텍,"전북 군산시 외항로 83, OCI㈜ 군산공장 P1공정 주변",전북,군산시,폐혼산 이송 작업 중 지정폐기물 수집운반차량의 에어브레이크시스템(ABS) 파손으로 인해 하부에 리크(leak) 발생하여 폐혼산 약 11톤 누출(추정),운송차량,누출,"폐혼산(질산 62%, 불산 5%)",,,0,0,0,0,,
827,2023-083,2023-09-12,4:39:00,㈜태원 시흥지점,경기 시흥시 옥구천서로93번길 65,경기,시흥시,"사업장 내 염산 저장탱크(30m3, TK-109) 하단부위 파손으로 방류벽 내 염산(32%)이 누출(약 50L 이하 추정)된 사고",시설 결함,누출,염산(32%),,,0,0,0,0,,
828,2023-084,2023-09-18,6:43:00,대영물산㈜,부산  사하구 장평로 174,부산,사하구,사업장 생선 보관 창고 기계실(1층) 내 액분리기에 연결된 배관 부식으로 암모니아가 누출(추정)된 사고,시설 결함,누출,암모니아,,,0,0,0,0,,
829,2023-085,2023-09-19,,금호미쓰이화학㈜,전남 여수시 여수산단2로 305,전남,여수시,"염산 탱크로리 차량 상차 중 24.3ton을 실을 수 있으나, 상차 후 계근 값이 23.3ton으로 운반자가 1ton 추가 상차를 요구함. 금호미쓰이화학(주) 담당자가 추가 상차 시 0.95ton을 설정하여야 하나, 실수로 9.5ton을 설정하여 주입구 주변에서 염산 흄 발생, 약 10L 누출",안전기준 미준수,누출,염산,,,0,0,0,0,,
830,2023-086,2023-09-19,15:59:00,삼양화인테크놀로지㈜,전북 군산시 자유무역1길 63,전북,군산시,"주공정동 2층 반응기(R-232B) 하부 천공이 발생하여 황산 슬러리(수지)가 약 930kg 유출 된 사고     ※ 수지에 양이온기를 넣어주기 위해 황산과 접촉 시킨 후, 황산을 순차적으로 제거하는 공정에서 발생한 사고",시설 결함,누출,황산,,,0,0,0,0,,
831,2023-087,2023-09-20,2:29:00,애경케미칼㈜,"울산 울주군 청량읍 상개로 63-35, 애경케미칼㈜ 2부지 야적장",울산,울주군,아라미드 섬유용 원료(제조 연구용도)의 반응잔류물을 야적장(2부지)에 임시 보관하던 중* 내부포장이 손상된 포대의 잔류물이 공기 중 수분과 접촉하면서 염산 증기가 발생된 사고,안전기준 미준수,누출,테레프탈로일클로라이드(100%),,,0,0,0,0,,
832,2023-088,2023-09-20,8:26:00,삼진케미칼㈜,부산  사상구 학장로 169,부산,사상구,사업장 내 질산(60%)을 반입하여 질산과 물을 1:3 비율로 혼합한 용기(IBC탱크)를 적재하는 과정에서 지게차가 물기에 미끄러지면서 용기를 타격하여 IBC탱크가 파손되어 내부 질산이 누출된 사고(추정),안전기준 미준수,누출,질산(20%),,,0,0,0,0,,
833,2023-089,2023-09-25,,OCI㈜ 군산공장,전북 군산시 외항로 82,전북,군산시,"인산공정 대정비 기간 중 작업자 4명이 황린 여과기(strainer) 점검작업 중 워터배관 플랜지에서 황인 약 0.21 kg 누출되어 연기 발생, 인근 소방호스를 이용하여 방재 작업 중 작업자 2명에게 연기와 섞인 물이 튀어 상해 확인 및 병원 후송",안전기준 미준수,누출,황인,,,0,0,2,0,,
834,2023-090,2023-10-01,,에이스앤이㈜,울산 울주군 온산읍 회학3길 38-7,울산,울주군,"울산 울주군 소재 에이스앤이(주) 내 제품 테스트 용도로 제조한 발수제(n-뷰틸알코올과 물혼합물)를 IBC에 보관 중 하부밸브 파손(추정)으로 발수제 약 500 L(추정)가 누출되어 사업장 외부 우수로를 통해 인근 사업장(S-OIL(주) 온산공장, 약 2 km) 내 학남천으로 유입된 사고",시설 결함,누출,뷰틸알코올,,,0,0,0,0,,
835,2023-091,2023-10-12,,고려아연㈜ 온산제련소,울산 울주군 온산읍 이진로 139,울산,울주군,"연용해공정 내 침전조(L70DCN-TH.024) 하부 방류턱 청소작업 상태 확인을 위해 작업자가 순찰 중 미끄러져 침전조 하부에 잔류하는 슬러리액*에 접촉하여 부상(화상)을 입은 사고      * 슬러리액이 침전조에서 방류턱 내로 배출 후 회수하는 방식으로 운영되며, 부상자가 접촉한 슬러리액(60~70℃, 황산 10% 미만)은 청소작업 이후 바닥에 남은 일부 잔여물임",안전기준 미준수,누출,슬러리액(황산 10% 미만),,,0,0,1,0,,
836,2023-092,2023-10-12,,고려아연㈜ 온산제련소,울산 울주군 온산읍 이진로 139,울산,울주군,"황산 저장시설(제조,사용시설 보조 탱크) 주입 밸브 오조작*에 의해 황산(96~98%)이 방류벽 내부로 누출(overflow)된 사고(누출량 70kg)     ※ 황산 제조사용시설로부터 해당 시설로 황산이 유입되는 과정에서 작업자가 주입구 밸브를 열림 방향으로 오조작하여 지정 저장용량 초과      ※ 연용해공정 내 순찰작업자 미끄러짐 부상 사고 신고로 인한 현장 조사 중 인근 저장시설에서 황산 누출사고 발견",안전기준 미준수,누출,황산(96~98%),,,0,0,0,0,,
837,2023-093,2023-10-14,12:25:00,코오롱인더스트리㈜,울산 남구 사평로 33,울산,남구,"아염소산나트륨 수용액(24%) 저장시설 정기보수 작업을 폐수 중화조로 이송하던 중 중화조 내부 잔여물과의 이상반응으로 중화조가 폭발, 손상되어 내부의 아염소산나트륨이 방류벽 내 누출된 사고",안전기준 미준수,폭발,아염소산나트륨(24%),,,0,0,0,0,,
838,2023-094,2023-10-23,14:03:00,㈜씨엠디엘,충남 천안시 동남구 성남면 5산단2로 107,충남,천안시 동남구,옥외저장탱크에 저장되어 있는 테트라하이드로퓨란(THF)을 생산A동 3층 합성실로 끌어올려 PP드럼(200L)에 소분하는 과정 중 드럼 내부에서 정전기로 인한 화재 발생(추정),안전기준 미준수,화재,테트라하이드로퓨란,,,0,0,1,0,,
839,2023-095,2023-10-27,10:14:00,에이에스이코리아㈜,경기 파주시 산업단지길 76,경기,파주시,황산(98%)을 IBC탱크에서 폐수처리장 황산 저장고로 이송작업 중 주입 호스 이탈로 황산 약 5 L(추정)가 누출되며 작업자가 부상당한 사고,안전기준 미준수,누출,황산(98%),,,0,0,1,0,,
840,2023-096,2023-11-01,,㈜엘지에너지솔루션 오창 에너지플랜트2,충북 청주시 청원구 오창읍 2산단로 81,충북,청주시 청원구,동절기 동파방지 대비 SRP설비 DI-Water 배출 작업 중 작업자가 배출대상이 아닌 NMP배관 드레인 밸브를 열어 약 50리터 바닥에 누출된 사고,안전기준 미준수,누출,1-메틸-2-피롤리디논,,,0,0,0,0,,
841,2023-098,2023-11-03,15:44:00,농협경제지주㈜ 고령축산물공판장,경북 고령군 다산면 승곡리 787,경북,고령군,"사업장 내 예냉실(6번) 상부의 유닛 쿨러 코일 파손으로 암모니아가 250L(추정, 사업장 관계자 진술) 누출된 사고",시설 결함,누출,암모니아,,,0,0,0,0,,
842,2023-099,2023-11-06,11:06:00,부경대학교 6공학관 3층,부산  남구 신선로 365,부산,남구,"정밀 열제어 및 열측정 실험실에서 열전도 실험을 위해 나트륨이 투입된 히트파이프를 가열하는 과정에서 다량의 연기가 발생한 사고    ※ 기존 실험 시 온도 800℃ 이하에서 진행되었으나, 사고 당일 온도를 900℃까지 상승시켜 진행한 것으로 확인(낙동강유역환경청 조사 결과)",안전기준 미준수,누출,나트륨,,,0,0,0,0,,
843,2023-100,2023-11-07,,모트라스㈜,광주 광산구 진곡산단중앙로 45,광주,광산구,"사업장 내 MDI(4,4'-디이소시안산 디페닐메탄)탱크와 연결된 메인펌프 막힘 현상으로 임시펌프와 배관을 연결해서 사용하던 중 배관과 펌프 이음부 탈락으로 MDI 약 1.5 ton 누출(약 1ton 수거완료)된 사고",시설 결함,누출,"4,4'-디이소시안산 디페닐메탄",,,0,0,0,0,,
844,2023-101,2023-11-07,,삼성전자㈜ 기흥사업장,경기 용인시 기흥구 삼성로 1,경기,용인시 기흥구,삼성전자㈜ 협력업체(화성엔지니어링㈜) 소속 직원이 폐황산(70~80%) 탱크와 연결된 배관의 압력 저감을 위한 벤트 작업 과정에서 소량(1mL 이하 추정)의 폐황산 미스트가 발생하여 인근 지역 감독자에게 튄 사고,안전기준 미준수,누출,폐황산,,,0,0,0,0,,
845,2023-102,2023-11-10,,코오롱인더스트리㈜ 구미공장,경북 구미시 수출대로 48,경북,구미시,"황산 필터하우징 교체 후 하부 단관 길이에 단차가 생겨 재조립이 불가하자, 대한ENG(협력업체) 소속 작업자가 교체할 배관 제작을 위한 실측 도중 후단 밸브(레버타입)를 건드려 입상 배관에 잔류해있던 황산이 소량 누출(약 1L 추정)되면서 작업자의 양 손목과 왼쪽 허벅지 부위와 접촉",안전기준 미준수,누출,황산,,,0,0,1,0,,
846,2023-103,2023-11-14,,씨큐브㈜,충북 진천군 진천읍 성중로 144,충북,진천군,"사업장 내 스크러버로 투입되는 수산화나트륨(함량 50%)이 배관 내 굳어있어*, 배관과 연결된 T형 조인트 배관 쪽에 지하수 배관을 체결하여 수압으로 제거하는 작업 중 지하수 배관이 압력을 버티지 못하고 빠지면서 작업자 얼굴에 수산화나트륨이 튄 사고   *사고 당시 진천지역 기온은 약 5℃로 50% 수산화나트륨 용액(어는점 약 12℃)이굳거나 얼을 수 있는 조건임",안전기준 미준수,누출,수산화나트륨,,,0,0,1,0,,
847,2023-104,2023-11-15,3:51:00,성진수산㈜,부산  서구 원양로 87,부산,서구,사업장 옥상(12층) 내 냉동 응축기 연결 배관 부식(추정)으로 암모니아가 누출된 사고,시설 결함,누출,암모니아,,,0,0,0,0,,
848,2023-105,2023-11-15,9:04:00,제이엘켐㈜,충남 천안시 서북구 백석공단6길 47,충남,천안시 서북구,"연구동 내 반응기에서 반도체 재료용 물질에 메탄올을 투입하여 불순물을 제거하는 공정 중 반응기 하부 필터에서 화재발생(추정)     ※ 화재 발생 약 30분 후 사업장으로부터 약 190, 90, 70m 거리에 있는 우수관 맨홀이 차례로 폭발에 의해 파손됨",안전기준 미준수,화재,메탄올,,,0,0,0,0,,
849,2023-106,2023-11-15,9:20:00,㈜감로파인케미칼,경북 칠곡군 약목면 교8길 105,경북,칠곡군,"도료 제조 공정에서 제품(DE34-10*)을 제조하기 위해 조정기에 배합 및 분산이 완료된 원료를 투입 후 교반 과정에서 미상의 점화원으로 유증기가 화재·폭발하여 작업 중이던 근로자 1명이 부상(화상)을 입은 사고     * 비유해화학물질(속건알키드 수지, 이산화티타늄, 톨루엔, 자일렌 등 함유)",안전기준 미준수,화재,톨루엔,,,0,0,0,1,,
850,2023-107,2023-11-15,10:32:00,남양공업화학㈜,충남 공주시 정안농공단지길 32-87,충남,공주시,제조동(조색동14)에서 난연제* 제조를 위해 교반기에 원료 투입 중 발생한 분진 및 유증기(추정)으로 인해 집진기 하부(1층 백필터)에서 폭발이 발생하여 공장 1동이 손상된 사고,시설 결함,폭발,,,,0,0,0,1,,
851,2023-108,2023-11-19,,SK에너지㈜,울산 남구 신여천로 2,울산,남구,"사업장 내 No 2. FCC 생산 1 Unit에서 No 6. SRP 공정으로부터 유황 저장탱크(Y-7662B)로 이송하는 배관 내 유황 흐름이 원활하지 않아 벤트 라인을 통해 굳어 있는 유황을 녹이는 과정 중, 배관 내 유황이 일시적으로 분출되어 작업자의 안면에 접촉되어 부상을 입은 사고(사업장 분출 원인조사 중)       ※ SRP 공정: 잔사유 탈황 공정에서 제거된 유황 물질에서 황을 회수하는 공정",시설 결함,누출,용융유황,,,0,0,1,0,,
852,2023-109,2023-11-21,,현대제철㈜ 당진공장,충남 당진시 송악읍 북부산업로 1480,충남,당진시,1냉연공장 내 플렉시블 배관 크랙으로 인하여 열연강판 산세척 용도로 사용되는 염산(18%)가 약 300L(사업장 추정) 누출된 사고,시설 결함,누출,염산(18%),,,0,0,0,0,,
853,2023-110,2023-11-22,22:10:00,에스엠스틸㈜ 군산공장,전북 군산시 자유무역로 193,전북,군산시,사업장 내 격막식압력계의 내부 테프론 손상으로 산세정액*이 약 10 L 누출(추정)된 사고 * 후판(알루미늄판)의 불순물제거용(물 94: 황산(95%) 4 :불산(55%) 2),시설 결함,누출,산세정액(물 94: 황산(95%) 4: 불산(55%) 2),,,0,0,0,0,,
854,2023-111,2023-12-06,,에어머트리얼즈㈜,충북 청주시 상당구 가덕면 국전삼항길 130,충북,청주시 상당구,"진공펌프* 교체작업을 실시한 작업자 2명**이 작업 이틀 후 호흡기 통증으로 병원 입원      * 잔가스 회수가 종료된 봄베 내 잔류 “헥사플루오르-1,3-부타디엔”을 스크러버로 이송하는 펌프      ** 펌프 유지보수를 위한 외주업체 ㈜아이엠 소속 직원",안전기준 미준수,기타,"헥시플루오로-1,3-부타디엔",,,0,0,2,0,,
855,2023-112,2023-12-09,21:11:00,이엔에프테크놀로지㈜,충남 천안시 동남구 성남면 5산단3로 14,충남,천안시 동남구,옥외 암모니아 기화기(VR-2101A) 하단 열교환기 연결 볼트 체결 미흡(추정)으로 플랜지에 유격이 발생하여 암모니아가 누출된 사고    ※ 누출된 암모니아는 자동 살수설비에 의해 방재되어 방류벽 내에 잔류(12. 10.(일) 전량 회수 완료),시설 결함,누출,암모니아,,,0,0,0,0,,
856,2023-113,2023-12-12,17:02:00,이티알㈜,경기 화성시 서신면 전곡산단9길 5,경기,화성시,작업장 내 혼합기 내부의 자동차 변속기용 마찰재 원료인 카본가루와 메틸알코올(99.5%)을 전동 드릴로 교반작업 중 스파크에 의해 발생한 화재사고,안전기준 미준수,화재,"메틸알코올(99.5%), 카본",,,0,0,0,0,,
857,2023-114,2023-12-15,10:09:00,SK picglobal㈜,울산 남구 용잠로 255,울산,남구,"울산 남구 소재 SK지오센트릭㈜ 사업장 내 SK picglobal㈜ 소유 산화프로필렌 사외배관(SK CLX #258B/L)에서 당초 보수 예정인 SK지오센트릭㈜ NEP로 연결된 배관(3″)을 절단해야 하나, 인접한 KPX케미칼㈜ 배관(3″)을 오인하여 절단, 배관 내 잔류하던 산화프로필렌 약 200kg(사업장 추정) 누출로 화재가 발생하여 작업자 1명이 부상",안전기준 미준수,누출,산화프로필렌(99.98%이상),,,0,0,0,1,,
858,2023-115,2023-12-22,,코오롱인더스트리㈜ 구미공장,경북 구미시 수출대로 48,경북,구미시,"D/UP 방사공정 내 취급시설(황산 100% + 폴리머) 후단 펌프가 원인 미상으로 멈추면서 인터락 시스템 작동으로 전체 설비가 중단되어 배관 내 잔류중인 폴리머가 경화될 것을 우려, 배관을 탈거하는 도중 황산 일부가 작업자의 손 부위에 접촉되는 사고 발생",안전기준 미준수,누출,황산,,,0,0,1,0,,
859,2023-116,2023-12-26,7:07:00,SK인천석유화학㈜,인천 서구 봉수대로 415,인천,서구,"수산화나트륨 이송배관 파손으로 수산화나트륨 약 1,100L(추정)가 방류벽에 누출된 사고",시설 결함,누출,수산화나트륨,,,0,0,0,0,,
860,2024-001,2024-01-03,3:07:00,성진산업,경남 양산시 산막공단남7길 17,경남,양산시,"누전으로 발생한 화재로 인해 사업장 공장 전소로 도금공정액*(약 12.5톤 추정)과 폐수(약 5톤 추정, 일반화학물질), 인근 사업장 보관창고 내 제품(접착제, 일반화학물질)이 소방용수와 혼합되어 인근 하천으로 유입",시설 결함,화재,"도금공정액 및 폐수, 접착제(황산(5~6%), 질산(3~4%), 수산화나트륨(2~3%), 불산(0.5%))",,,0,0,0,0,수계 유입,
861,2024-002,2024-01-09,21:55:00,㈜케이앤티로지스틱스,경기 화성시 양감면 은행나무로62번길 18-99,경기,화성시,위험물 및 유해화학물질* 보관창고(2동) 통기구에서 발생한 화재(증기 점화 추정)로 보관창고(2동) 전체가 소실,시설 결함,화재,"에틸렌디아민(99.9%), 메틸에틸케톤(75%), 아세트산에틸(30~40%, 30~60%, 100%)",,,0,0,0,0,수계 유입,
862,2024-003,2024-01-18,9:30:00,㈜아팩,"충남 공주시 금홍동 321-2, 공주교도소 교차로 인근",충남,공주시,화학물질 운반차량이 점착제를 담은 철제용기(1ton) 4개를 운반 중 공주교도소 교차로 인근에서 철제용기 1개 하부 밸브가 개방되어 점착제 약 143kg이 누출(추정),운송차량,누출,아크릴레이트 공중합수지(63~65%),,,0,0,0,0,수계 유입,
863,2024-004,2024-01-26,9:29:00,코오롱인더스트리㈜,울산 남구 사평로 33,울산,남구,스티렌이 함유된 연료첨가제를 상차하던 중 탱크로리 운반자가 차량 격벽 밸브를 개방하지 않은 채 탱크로리에 상차하여 저장용량을 초과한 스티렌 약 20L(사업장 추정)가 벤트라인을 통해 트랜치로 누출(전량 오일트랩으로 회수),안전기준 미준수,누출,스티렌(23.5~33.5%),,,0,0,0,0,,
864,2024-005,2024-01-26,,에이치디현대오일뱅크㈜,충남 서산시 대산읍 평신2로 182,충남,서산시,부탄제조공정 저장탱크에서 물질이송 작업 중 테트라클로로에틸렌이 드레인 노즐에서 드레인 허브를 통해 집수조로 소량 누출,시설 결함,누출,테트라클로로에틸렌,,,0,0,0,0,,
865,2024-006,2024-01-27,,㈜코스모텍 세종2사업장,세종 전의면 전의면 산단길 21-40,세종,전의면,"제조소(주4동) 2층 배합기에 배합용 수지(PCN 622kg, T-115 110kg)를 맨홀로 투입 후 맨홀 뚜껑을 닫고 5초 뒤 폭발·화재가 발생",안전기준 미준수,기타,"톨루엔(100%), 아세트산에틸(99.8%)",,,0,0,3,0,,
866,2024-007,2024-02-01,15:10:00,개인화물,"전남 무안군 삼향읍 맥포리 937-2, 서해안고속도로(목포방향) 죽림분기점 인근",전남,무안군,"적재물(염산(추정) 용기(20리터), 약 1,000개)를 운반 중이던 탑차(윙바디, 25톤)가 서해안고속도로(충남 당진 → 전남 완도)에서 적재물 잘못 싣어, 죽림분기점(JC) 인근 램프구간에서 되돌아가던 중 적재 불량으로 인해 용기 617개(추정) 정도가 바닥에 떨어지고 그 중 129여개(약 2.6톤)가 파손되어 도로상에 누출",운송차량,누출,염산(염화수소),,,0,0,0,0,,
867,2024-008,2024-02-02,,㈜한승항만물류산업,"울산 남구 용연로 370, 울산신항컨테이터너미널 내",울산,남구,부두에 정박되어 있는 선박(KMTC XIAMEN호)으로 선적 작업 중 컨테이너가 선박구조물(셀가이드)에 부딪히며 컨테이너 내 플렉시백이 파손되어 적재된 디옥틸테레프탈레이트가 육상 및 해상으로 약 40 L 유출,안전기준 미준수,누출,디옥틸테레프탈레이트(100%),,,0,0,0,0,해상 유입,
868,2024-009,2024-02-06,9:56:00,삼성디스플레이㈜ 아산2사업장,충남 아산시 탕정면 삼성로 181,충남,아산시,"Photo공정 내 제조사용시설(현상기, A3PHTO1S) 설비 유지보수 작업 준비 중 벤트 배관에서 수산화테트라메틸암모늄 약 1~2방울이 작업자 얼굴에 튄 사고",안전기준 미준수,누출,수산화테트라메틸암모늄(2.38%),,,0,0,0,0,,
869,2024-010,2024-02-13,13:05:00,엔알에스한익스㈜,충남 천안시 서북구 2공단7길 50,충남,천안시 서북구,소니드㈜에서 수산화나트륨(25%) 탱크로리로 출하가 완료된 후 해당 차량의 운송 불가로 다른 탱크로리에 수산화나트륨을 이송하는 중 호스가 분리되면서 수산화나트륨 약 100kg 누출,운송차량,누출,수산화나트륨(25%),,,0,0,1,0,,
870,2024-011,2024-03-01,13:09:00,㈜엘지화학 김천공장 내 하역장,경북 김천시 공단로 152-26,경북,김천시,사업장 내 하역장(운송차량)에서 아크릴산(99.9%)을 저장시설로 하역하기 위해 작업자(수급사)가 플렉시블 호스 커플링을 운송차량 토출구에 체결하는 과정에서 토출구 인근에 위치한 퍼지용 에어 밸브를 거드려 플렉시블 호스가 급격히 이탈되면서 호스 내 잔류 아크릴산이 작업자에게 튄 사고,안전기준 미준수,누출,아크릴산(99.9%),,,0,0,1,0,,
871,2024-012,2024-03-14,,한국중부발전㈜ 신보령발전본부,충남 보령시 주교면 송도길 201,충남,보령시,"사업장 내 일상폐수저장조에 집수한 폐수 중화처리를 위해 탱크로리 차량에서 주입호스를 이용하여 수산화나트륨(4~4.5%) 하역작업 중, 작업자가 호스를 밟고 있던 발을 떼면서 호스가 고정되지 않아 수산화나트륨이 비산되어 작업자 1명이 부상(화상)당한 사고",안전기준 미준수,누출,수산화나트륨,,,0,0,1,0,,
872,2024-013,2024-03-14,13:03:00,의정부시 맑은물환경사업소,경기 의정부시 호국로1049번길 39,경기,의정부시,정수장 내 취급 중인 염소가스 예비용기(봄베 100kg)에서 안전밸브 불량으로 가스가 누출(약 2kg 추정),시설 결함,누출,염소,,,0,0,0,0,,
873,2024-014,2024-03-15,10:28:00,피아이첨단소재㈜,충북 진천군 이월면 고등1길 27,충북,진천군,운반차량 운전기사가 1:10분경 단독으로 저장탱크에서 탱크로리로 폐유기용제를 이송하는 과정에서 용량을 초과 주입하여 탱크로리 헤치를 통해 약 10.44ton이 누출되고 이중 2.95ton(업체 추정)이 수계로 유출,안전기준 미준수,누출,"폐유기용제(N,N-디메틸포름아미드 60%, 무수아세트산 20%, 3-메틸파라딘 5%)",,,0,0,0,0,수계 유입(어류 폐사),
874,2024-015,2024-03-19,0:25:00,의정부시 맑은물환경사업소,경기 의정부시 호국로1049번길 39,경기,의정부시,보관창고에 보관 중인 염소가스 용기(봄베 100kg)에 약 0.1mm 핀홀이 발생하여 염소가스가 누출,시설 결함,누출,염소,,,0,0,0,0,,
875,2024-016,2024-03-24,,SK인천석유화학㈜,인천 서구 봉수대로 415,인천,서구,"자일렌 저장탱크의 개방검사 중 취급시설인 펌프 케이싱 파손(크랙)으로 자일렌 미량(약 4 L, 추정) 누출",시설 결함,누출,자일렌,,,0,0,0,0,,
876,2024-017,2024-03-25,18:04:00,개인화물,"대구  북구 중앙대로 591, 코오롱하늘채2차아파트 지상주차장 내",대구,북구,아파트 지상주차장에 탑차가 주차 중 차량 내 적재된 우레탄폼(MDI 함유) 드럼이 넘어지면서 일부가 바닥으로 누출,운송차량,누출,메틸렌비스페닐이소시아네이트(MDI),,,0,0,0,0,,
877,2024-018,2024-04-01,,㈜엘지에너지솔루션 오창2공장,충북 청주시 청원구 오창읍 2산단로 81,충북,청주시 청원구,"NMP 정제공정 내 샘플박스 상단 플랜지에서 미세한 누수가 관찰되어, 보수 작업을 위해 배관 드레인 중 NMP(약 20 L)가 샘플박스를 통하여 방류벽 내로 누출",안전기준 미준수,누출,1-메틸-2-피롤리디논,,,0,0,0,0,,
878,2024-019,2024-04-02,,현대제철㈜ 당진공장,충남 당진시 송악읍 북부산업로 1480,충남,당진시,1냉연공장 내 직장협의회실 건물 외벽청소 작업을 했던 작업자 1명이 장갑 틈새 사이로 스며든 다목적세정제로 인해 손목을 부상(화상)당한 사고,안전기준 미준수,누출,"다목적세정제(수산화나트륨(1~2%), 폴리에틸렌글리콜(2~5%), 도데실 알코올 폴리옥시에틸렌 에테르(2~5%), 물(78~90%))",,,0,0,1,0,,
879,2024-020,2024-04-02,22:17:00,제일특운,"충북 단양군 매포읍 평동리 357, 매화공원 주차장 내",충북,단양군,"공원 주차장에 정차 중인 재생연료유(WDF, Waste oil Derived Fuel) 탱크로리에서 적재물 발열이 발생하고 측면, 하부에 파공이 생겨 물질이 누출",운송차량,누출,재생연료유,,,0,0,0,0,토양 유입,
880,2024-021,2024-04-09,6:17:00,롯데칠성음료㈜,경기 광주시 양벌로 257,경기,광주시,"제품 생산 종료 후 세정작업(CIP)을 위해 열수가 든 탱크 내에 수산화나트륨 투입, 투입 직후 수산화나트륨과 반응한 열수가 급격하게 분출하여 작업자가 화상을 입은 사고",안전기준 미준수,누출,수산화나트륨(98%),,,0,0,1,0,,
881,2024-022,2024-04-10,12:25:00,명지대학교 제2공학관 실험실,경기 용인시 처인구 명지로 116,경기,용인시 처인구,"제2공학관 6층 환경공학과 실험실에서 실험 수업 담당 조교 학생이 실험 준비로 사전 실험 진행, 수산화나트륨 20% 용액 제조를 위하여 수산화나트륨을 물에 넣고 용해하던 중 원인 미상의 압력이 발생하여 해당 용액이 얼굴 등에 튄 사고",안전기준 미준수,누출,수산화나트륨(시약),,,0,0,1,0,,
882,2024-023,2024-04-24,17:03:00,㈜진웅산업,경기 양주시 남면 검준길 126,경기,양주시,생산제품을 메탄올로 세척 후 건조 작업을 준비하던 중 메탄올 증기가 미상의 이유로 발화하여 화재 발생(추정),안전기준 미준수,화재,메탄올,,,0,0,1,0,,
883,2024-024,2024-05-05,18:38:00,현대제철㈜ 당진공장,충남 당진시 송악읍 북부산업로 1480,충남,당진시,3화성공장 타르 저장지역 열교환기(#B호기) 전단 배관에 미세한 균열(핀홀)이 발생하여 퀴놀린이 일부 누출,시설 결함,누출,퀴놀린(0.1~0.5%),,,0,0,0,0,,
884,2024-025,2024-05-06,,㈜영풍 석포제련소,경북 봉화군 석포면 승부길 16,경북,봉화군,전기동 공장(2층) 황산 이송 배관 플랜지 보수작업 후 원청사 근로자가 작업 적정성을 확인하는 과정 중 교체하지 않은 밸브플랜지 부분에서 황산 누출(약 10L 추정),시설 결함,누출,황산,,,0,0,1,0,,
885,2024-026,2024-05-07,8:37:00,제삼특장㈜,"경기 안성시 미양면 정동리 342-5, 인근",경기,안성시,"신너 탱크로리(약 20,000L 적재)의 바퀴가 도로에서 이탈하면서 차량 전복, 인근 하천(청룡천)으로 적재 물질 유입(약 5,000L)",운송차량,누출,신너,,,0,0,0,1,,
886,2024-027,2024-05-07,12:39:00,㈜비앤디하이텍,전북 군산시 산단동서로 96,전북,군산시,황산 옥외탱크의 배관 교체 작업 후 배관 시험 테스트 중 글래스관 파손으로 인한 황산 누출,시설 결함,누출,황산,,,0,0,0,0,,
887,2024-028,2024-05-16,10:58:00,동국생명과학㈜,경기 안성시 미양면 제2공단1길 92,경기,안성시,용매 취급 중 튐 사고로 부상자 발생,안전기준 미준수,누출,"N,N-다이메틸아세트아마이드",,,0,0,3,0,,
888,2024-029,2024-05-18,6:56:00,한일화학㈜,"경기 시흥시 정왕동 1392-2, 옥구5교 인근 하천(옥구천)",경기,시흥시,옥구5교 밑 하천(옥구천)에서 암모니아 냄새발생으로 주민이 119에 신고. 한일화학㈜ 우수로 배관에서 암모니아 함유 액상물질 누출로 인근 하수도 맨홀 및 옥구5교 하천(옥구천) 오염 사고 발생,시설 결함,누출,암모니아,,,0,0,0,0,수계 유입,
889,2024-030,2024-05-18,18:59:00,부산항 감만컨테이너터미널(화주: 솔브레인),"부산  남구 북항로 141, 부산항 감만컨테이너터미널 내",부산,남구,FMA-2P(200L IBC용기)가 포장(IBC용기 80개)된 컨테이너 수출 선적과정에서 컨테이너 내 약 200L가 누출 된 사고,안전기준 미준수,누출,"질산(49-59%), 아세트산(1-10%), 불산(0.1-0.99%)",,,0,0,0,0,,
890,2024-031,2024-05-20,10:25:00,수달코리아,경기 안성시 양성면 도곡길 34-3,경기,안성시,저장탱크의 레벨게이지 파손으로 DINP(실리콘 접착제 원료)가 누출,시설 결함,누출,다이소노닐프탈레이트,,,0,0,0,0,수계 유입,
891,2024-032,2024-05-20,12:15:00,㈜리가스 1공장,대전  대덕구 문평동로48번길 142,대전,대덕구,"제조동 용기처리장에서 불소(5%) 봄베(47 L, 고압용기) 2개를 재사용하기 위해 잔류가스 처리 중 금속 고압 플렉시블 연결라인이 손상되어 불소가 약 0.3kg 누출",안전기준 미준수,누출,불소(5%),,,0,0,0,0,,
892,2024-033,2024-05-22,10:55:00,㈜태화인더스트리,"경기 이천시 설성면 경충대로 873, 물류센터 신축공사장",경기,이천시,"물류센터 공사장(지상4층, 지하2층 건물, 유치권 행사 중) 지하1층 냉동창고 기계실에서 압축기 내 토출가스 온도감지기 연결부 부식으로 인해 암모니아 가스가 누출",시설 결함,누출,암모니아,,,0,0,0,0,,
893,2024-034,2024-05-24,,울산항 제4부두,울산 남구 부두로 114,울산,남구,울산항 4부두 롯데정밀화학㈜ 소유 수산화나트륨 맨홀(8번)에서 선적작업(담당 : ㈜신흥사) 종료 후 맨홀 내 게이트 밸브 잠금 미흡으로 약 100L의 수산화나트륨(우수포함)이 맨홀 내로 누출,안전기준 미준수,누출,수산화나트륨(50%),,,0,0,0,0,,
894,2024-035,2024-05-24,,㈜영테크,경기 화성시 삼성전자로 1,경기,화성시,유해화학물질 취급시설의 철거작업 중 잔류된 화학물질(0.245% 불산)이 투입된 작업자 중 1인의 방진화에 침투하여 발등에 화학 화상(심재성 2도)을 입은 사고,시설 결함,누출,불산(0.245%),,,0,0,1,0,,
895,2024-036,2024-05-28,13:45:00,에스피텍㈜,충북 청주시 흥덕구 옥산면 과학산업1로 38,충북,청주시 흥덕구,염산(35%) 옥내 저장탱크(5 ㎥) 펌프 교체 작업 중 메인밸브 파손으로 염산 약 4 ton이 방류벽 내에 누출,시설 결함,누출,염산(35%),,,0,0,0,0,,
896,2024-037,2024-05-28,,오송첨단의료산업진흥재단,충북 청주시 흥덕구 오송읍 오송생명로 123,충북,청주시 흥덕구,실험 후 남은 시약(질산)병을 폐기처리 하기 위해 이동 중 깨지면서 누출되어 부상자 1명 발생,안전기준 미준수,누출,질산(시약),,,0,0,1,0,,
897,2024-038,2024-05-29,13:51:00,에스티팜㈜,경기 시흥시 협력로 231,경기,시흥시,6공장 2층 포장건조실 원료의약품 제조공정의 건조기에 메틸알코올 약 50 L를 투입하여 세척 중 정전기에 의해 폭발 발생(추정),안전기준 미준수,폭발,메틸알코올,,,0,0,2,0,,
898,2024-039,2024-05-30,13:21:00,문현여자고등학교,부산  남구 고동골로 86-41,부산,남구,교내 택배 보관실(1층)에서 택배 배달*이 완료된 택배 상자 내 염산(35~37%) 시약병(1L)의 파손으로 염산이 보관실 바닥에 누출,안전기준 미준수,누출,염산(35~37%),,,0,0,0,0,,
899,2024-040,2024-05-30,,솔브레인㈜ 제2공장,충남 공주시 공단길 34-12,충남,공주시,1층 메탈 실험실에서 제품 순도 실험을 위해 질산(70%) 1L 용기를 취급하던 중 용기를 놓쳐 실험테이블 위로 용기가 낙하하여 질산 약 70ml 누출 및 작업자에 접촉된 사고,안전기준 미준수,누출,질산(70%),,,0,0,1,0,,
900,2024-041,2024-06-01,,홍덕산업㈜ 포항SC공장,경북 포항시 남구 대송면 철강산단로66번길 80,경북,포항시 남구,"BW도금 공정 하부 데크 지지대 보강 작업 중이던 외주업체 작업자가 보강대를 세우는 과정에서 보강대로 황산 배관(황산 서비스탱크 → 2차 탈지조) 엘보 부분을 부딪히며 배관이 파손되어 배관 내 잔존하던 황산(98%)이 누출, 작업 중이던 작업자(개인보호장구 미착용) 1명의 왼쪽 얼굴 및 팔을 부상당한 사고",안전기준 미준수,누출,황산(98%),,,0,0,1,0,,
901,2024-042,2024-06-03,,현대제철㈜ 당진공장,충남 당진시 송악읍 북부산업로 1480,충남,당진시,제1냉연공장 산세척 설비에 사용되는 염산탱크의 배관(PTFE 재질) 파손으로 염산(18%) 약 2톤이 누출,시설 결함,누출,염산(18%),,,0,0,0,0,,
902,2024-043,2024-06-05,,삼성전자㈜ 화성사업장,경기 화성시 삼성전자로 1,경기,화성시,질산(45∼55%) 용액공급 설비를 철거하기 위해 중성화 작업을 마친 후 배관을 절단하는 과정에서 작업 감독자*에게 미확인 화학물질(저농도 질산 추정)이 튄 사고,안전기준 미준수,누출,질산(저농도),,,0,0,1,0,,
903,2024-044,2024-06-07,6:01:00,㈜세아엠앤에스,전남 여수시 산단중앙로 188,전남,여수시,배소공정에서 발생하는 이산화황을 포함한 폐가스를 포집하여 방지(탈황)시설로 이송하는 도중 배관의 폐색으로 폐가스가 역류하여 대기중으로 누출,시설 결함,누출,이산화황,,,0,0,1,0,,
904,2024-045,2024-06-17,12:54:00,에스케이머티리얼즈그룹포틴㈜,경북 상주시 청리면 마공공단로 80-16,경북,상주시,"실란을 제조·사용시설에 투입 후 회수하는 공정에서 회수되지 않은 미량의 실란을 대기방지시설로 이송시키는 후단 배관 밸브가 모두 차단되어 과압 발생, 이로 인해 Blower 가동 중단 및 파열판 파열되면서 대기중으로 실란 일부가 누출",안전기준 미준수,누출,실란(100%),,,0,0,0,0,,
905,2024-046,2024-06-18,,부산신항국제터미널,부산  강서구 신항남로 330,부산,강서구,부산신항 국제터미널에서 환적화물 컨테이너를 선박으로 재선적한 후 누출이 확인되어 터미널 내 방재장비(리킹 샤시)로 방재조치 한 사고,안전기준 미준수,누출,비스(2-에틸헥실)프탈레이트(100%),,,0,0,0,0,,
906,2024-047,2024-06-18,,에스케이넥실리스,전북 정읍시 북면 3산단2길 2,전북,정읍시,작업자가 황산 운반 용기(약 1㎥)를 이동하는 작업 중 부주의로 하부 밸브가 개방되면서 사업장 내 도로에 황산이 약 8L 누출,안전기준 미준수,누출,황산(15%),,,0,0,0,0,,
907,2024-048,2024-06-19,2:33:00,코오롱생명과학㈜ 김천제2공장,경북 김천시 어모면 산업단지2로 77,경북,김천시,"원인 미상의 화재로 제품보관 창고동(3개, B, C, D동) 전소 및 생산동(2개, B, C동) 부분(벽면 등) 소실 발생 / 익일 생산B동에서 화재 재발",시설 결함,화재,아연피라치온,,,0,0,0,2,,
908,2024-049,2024-06-21,20:28:00,㈜후성,울산 남구 장생포로 336,울산,남구,이차전지 전해액 첨가제(OA-1300*) 제조공정 중 증류공정에서 규격 미달 제품을 재증류하기 위해 금속용기로부터 증류탑 리보일러로 테플론튜브를 체결하여 이송하던 중 리보일러의 급격한 온도 상승 및 압력 증가로 시설이 파손되면서 내부에 있던 첨가제가 누출,시설 결함,누출,"2-플루오로-4-메틸-1,3,2,-디옥사포스포란(100%)",,,0,0,0,0,,
909,2024-050,2024-06-21,,도레이첨단소재㈜ 구미1공장,경북 구미시 구미대로 102,경북,구미시,PET 중합동 5층 첨가제반 촉매제조 설비인 Mixing Vessel의 고체 원료 투입 받침대를 설치하기 위해 티그 용접하는 과정에서 용접 불티로 에틸렌 글리콜 증기가 화재·폭발하여 작업자 4명이 부상을 입은 사고,안전기준 미준수,기타,에틸렌글리콜,,,0,0,3,1,,
910,2024-051,2024-06-25,,한국바스프㈜,전남 여수시 여수산단2로 284,전남,여수시,사업장 내 DNT공정의 질산 출하 배관 철거 작업을 위해 맹판 체결과정(볼트 해체작업) 중 배관에 잔류되어 있던 질산이 누출되어 작업자 2명이 화상을 입은 사고,안전기준 미준수,누출,질산,,,0,0,2,0,,
911,2024-052,2024-06-25,10:34:00,㈜제이테크,울산 울주군 온산읍 화산1길 2,울산,울주군,"브롬화수소와 코발트, 망간을 각각 반응시키는 반응기에서 발생한 수소가스가 배출되지 않아 반응 중이던 반응기가 폭발",시설 결함,폭발,"브롬화수소(48%), 코발트, 망간",,,0,0,0,0,,
912,2024-053,2024-06-25,15:05:00,동원물류,경기 안성시 원곡면 청원로 1752-122,경기,안성시,냉동창고 냉매제 보수작업 중 작업자가 눈 등 안면부에 노출되어 부상자 발생,안전기준 미준수,누출,암모니아,,,0,0,1,0,,
913,2024-054,2024-06-26,,솔브레인㈜ 2공장,충남 공주시 공단길 34-12,충남,공주시,1층 메탈 실험실에서 제품 순도 실험을 위해 질산(70%) 1L 용기를 취급하던 중 질산 약 100ml가 흐르면서 작업자 손에 접촉된 사고,안전기준 미준수,누출,질산(70%),,,0,0,1,0,,
914,2024-055,2024-06-26,18:38:00,국립수산과학원,부산  기장군 기장읍 기장해안로 216,부산,기장군,"양식장 사육수 배출설비실(지하1층)에서 전기가 차단되어, 약품 자동 투입설비 오작동으로 M-201(정밀여과 분리막 unit)에 차아염소산나트륨(12%)과 황산(9.8%)이 과다 투입 및 혼합되어 중화반응으로 인한 염소가스가 발생(추정)",시설 결함,누출,"황산(9.8%), 차아염소산나트륨(12%)",,,0,0,0,0,,
915,2024-056,2024-07-01,13:06:00,개인화물,경북 안동시 임동면 갈전리 산 159-5 인근,경북,안동시,"적재물(60 % 질산 용기(20 L), 36개)을 운반 중이던 차량(88자9289, 포터)이 안동시 갈전2리 마을회관 인근 도로에서 이동 중 적재 불량으로 인해 용기 7개가 바닥에 떨어져 파손되어 도로상으로 질산이 유출(약 100 L 추정)된 사고",운송차량,누출,질산,,,0,0,1,0,,
916,2024-057,2024-07-02,12:10:00,㈜KBG 괴산공장,충북 괴산군 사리면 사리로방축골길 44-86,충북,괴산군,창고 내 질소배관 파손에 의한 질식으로 근로자(1명)가 쓰러지는 과정에서 폐액통 전도로 폐액 일부가 누출된 사고,안전기준 미준수,누출,폐액,,,0,0,1,0,,
917,2024-058,2024-07-10,6:22:00,아스트로,충북 청주시 청원구 오창읍 괴정2길 46,충북,청주시 청원구,"간이창고에 보관 중인 염화티오닐 드럼(200kg, 저장량 약 50L)에 빗물이 유입되어, 염화티오닐과 물이 반응하여 흄(염화수소, 이산화황 등)이 발생한 사고",시설 결함,누출,염화티오닐,,,0,0,0,0,,
918,2024-059,2024-07-10,8:43:00,아이에스티엠씨㈜,경북 구미시 1공단로 216,경북,구미시,폐배터리 야적장에서 화재 발생,자연재해,화재,산화코발트리튬망간니켈,,,0,0,0,0,,
919,2024-060,2024-07-10,16:20:00,㈜푸른환경,대전  동구 우암로 373-1,대전,동구,1층 실험실에서 수은 측정시약 제조 중 작업자의 부주의로 시약(황산+과망간산칼륨)이 터지면서 부상,안전기준 미준수,폭발,황산,,,0,0,1,0,,
920,2024-061,2024-07-12,,한국수력원자력㈜ 고리원자력본부,부산  기장군 장안읍 해맞이로 454,부산,기장군,"제2발전소 3호기 복수탈염설비 옥외 황산 저장탱크 이송배관 핀홀발생으로 황산(98%) 약 2.7L(추정)가 누출되었음을 일일 현장점검 중에 확인하여, 누출 차단조치를 완료한 사고",시설 결함,누출,황산,,,0,0,0,0,,
921,2024-062,2024-07-14,20:42:00,희성피엠텍㈜,충남 당진시 송악읍 부곡공단4길 28-76,충남,당진시,"보관시설에 보관된 질산 용기(5L)를 카트로 이동하던 중 용기가 파손, 누출(1L 이하 추정)되면서 작업자가 부상을 입은 사고",안전기준 미준수,누출,질산,,,0,0,1,0,,
922,2024-063,2024-07-18,,SK하이닉스㈜ 청주4공장,충북 청주시 흥덕구 에스케이로 120,충북,청주시 흥덕구,웨이퍼 접착제 제거장비의 배출구에서 접착제 제거액이 누출되어 닦아내는 작업 중 작업자 보호복의 내화학코팅이 벗겨진 부분으로 스며들면서 작업자에 접촉된 사고,안전기준 미준수,누출,"propanamide, N,N-dimethyl",,,0,0,1,0,,
923,2024-064,2024-07-19,,케이씨㈜,전남 영암군 삼호읍 산단서부로 85,전남,영암군,OIL보충 작업으로 Priming Pump에 압력을 채우던 중 배관 연결호스가 이탈되면서 알루민산나트륨용액이 작업자 앞면에 누출되어 안구화상을 입은 사고,안전기준 미준수,누출,알루민산나트륨,,,0,0,1,0,,
924,2024-065,2024-07-21,9:14:00,부영식품㈜,경기 평택시 산단로64번길 5,경기,평택시,암모니아수 저장탱크의 압력배출을 위해 옥상으로 연결된 호스에서 암모니아수 약 80 L(추정)가 누출,안전기준 미준수,누출,암모니아수,,,0,0,0,0,,
925,2024-066,2024-07-22,,㈜마가켐,충북 진천군 덕산읍 신척산단5로 130,충북,진천군,지하 저장탱크에 스티렌을 과주입하여 지하 저장탱크 벤트라인을 통해 약 372 kg가 누출 및 우수로에 유입된 사고,안전기준 미준수,누출,스티렌,,,0,0,0,0,,
926,2024-067,2024-07-22,14:53:00,신흥금속,대전  대덕구 신탄진로738번길 85,대전,대덕구,알루미늄 판넬의 불순물을 제거하는 공정에서 산세조(질산 20%)에 알루미늄 판넬 제품을 크레인을 이용해 담그고 들어올리는 작업 중 크레인과 제품 간 체결 불량으로 인해 판넬이 산세조에 떨어지며 질산이 작업자에 튄 사고,안전기준 미준수,누출,질산,,,0,0,1,0,,
927,2024-068,2024-07-24,9:50:00,경동택배,"전남 여수시 여수산단로 292-17 인근, 도로상",전남,여수시,화물차량(윙바디)이 지에스에프(주)(경기 고양)에서 롯데케미칼(주) 첨단소재(전남 여수)로 이동 중 적재된 메타아크릴산알릴 드럼(약180kg) 1개가 파손되어 누출된 사고,운송차량,누출,메타아크릴산알릴,,,0,0,0,0,,
928,2024-069,2024-07-25,,㈜엘지화학 청주공장,충북 청주시 흥덕구 백봉로 39,충북,청주시 흥덕구,수세반응기에 산화코발트리튬망간니켈을 주입하는 과정에서 수세반응기와 배관 사이에 설치된 우레탄 재질의 슈트가 이탈되어 슈트 부분으로 산화코발트리튬망간니켈 약 500kg(추정) 누출,시설 결함,누출,산화코발트리튬망간니켈,,,0,0,0,0,,
929,2024-070,2024-07-28,4:47:00,S-OIL㈜ 온산공장,울산 울주군 온산읍 신암리 236-1,울산,울주군,#2PX 공정 U-48500 Xymax Unit H-48501(Reactor Feed Heater) 내 Convection Tube에서 자일렌(Mixed Xylene)이 누출되어 발생한 화재 사고,시설 결함,누출,Mixed Xylene,,,0,0,0,0,,
930,2024-071,2024-07-30,20:05:00,길산파이프㈜,경기 양주시 백석읍 홍죽리 954,경기,양주시,옥상에 있는 수산화나트륨 탱크 보수 작업 중 물질이 누출되어 부상을 입은 사고,안전기준 미준수,누출,수산화나트륨,,,0,0,2,0,,
931,2024-072,2024-08-01,,㈜디엔오토모티브 울산2공장,울산 울주군 온산읍 화산2길 20,울산,울주군,사업장 내 황산 저장탱크 주입구 부근의 배관과 통근차량이 물리적 충돌로 인해 배관 손상으로 황산 약 50ml 누출,안전기준 미준수,누출,황산,,,0,0,0,0,,
932,2024-073,2024-08-05,,코오롱인더스트리㈜ 구미공장,경북 구미시 수출대로 48,경북,구미시,페닐렌디아민 취급시설 내 펌프 교체를 위한 드레인 작업 중 드레인 배관 밸브를 개방했음에도 물질이 배출되지 않아 연속적으로 개폐 중 배관 내 잔류물이 분사되어 작업자 왼쪽 팔에 접촉된 사고,안전기준 미준수,누출,페닐렌디아민,,,0,0,1,0,,
933,2024-074,2024-08-08,,㈜에코프로이노베이션,경북 포항시 북구 흥해읍 영일만산단로 74,경북,포항시 북구,사업장 내 운반차량(미화물류)에서 저장시설로 황산 이송 중 주입 호스가 파손(노후화 추정)되면서 누출되어 부상자 발생,시설 결함,누출,황산,,,0,0,1,0,,
934,2024-075,2024-08-08,,㈜동우티엠씨 전주지점,전북 전주시 완산구 정여립로 655-41,전북,전주시 완산구,"사업장 내 물, 아연재, 염화아연을 혼합하여 수산화아연을 제조하는 공정중 아연재에 포함된 불순물에 의해 수소 가스가 생성(추정), 폭발함에 따라 반응기 상단이 파손되고 근로자(1인)부상 발생",시설 결함,폭발,염화아연,,,0,0,1,0,,
935,2024-076,2024-08-11,16:36:00,신우특수화학,경기 파주시 광탄면 장지산단로316번길 189,경기,파주시,인쇄용 잉크 제조 사업장(공장 미가동)에서 원인 미상의 화재 발생,시설 결함,화재,"반제품, 수지류 등",,,0,0,0,0,우수로 유입,
936,2024-077,2024-08-11,,㈜엘지화학 청주공장,충북 청주시 흥덕구 백봉로 39,충북,청주시 흥덕구,사업장 내 배터리 양극재 반제품 포장 중 포장기 주입라인의 슈트가 파손되어 주입 중이던 산화코발트리튬망간니켈(고상)이 포장실 바닥에 약 200kg가 쏟아진 사고,안전기준 미준수,누출,산화코발트리튬망간니켈,,,0,0,0,0,,
937,2024-078,2024-08-12,,대구그린파워㈜,대구  동구 매여로 14,대구,동구,사업장 내 응축수처리설비 운영 중 수산화나트륨 저장시설의 수동 핸드밸브와 연결된 액레벨센서 고장으로 차단밸브가 닫히지 않아 수동 핸드밸브 틈으로 수산화나트륨이 누출,시설 결함,누출,수산화나트륨,,,0,0,1,0,,
938,2024-079,2024-08-16,,에스케이스페셜티㈜ 1공장,경북 영주시 가흥공단로 59-144,경북,영주시,사업장 N3공정에서 작업자가 HF 배관 교체 작업 중 배관 내 잔존된 물질이 작업자의 보호의 손목 틈새로 흘러 들어가 부상 발생,안전기준 미준수,누출,이플루오르화암모늄,,,0,0,1,0,,
939,2024-080,2024-08-21,14:39:00,수성에스피씨티㈜,"경북 상주시 선상서로 2389-46, 상주휴게소 상주방향",경북,상주시,"폐유기용제(IBC탱크(1ton), 11개)를 운반 중이던 차량이 상주휴게소(상주방향)에서 정차 중 IBC탱크 1개 파손으로 폐유기용제가 누출",운송차량,누출,폐유기용제,,,0,0,0,0,,
940,2024-081,2024-08-22,,프라임환경㈜,"경기 시흥시 공단1대로80번길 87, ㈜일삼 시화공장 내",경기,시흥시,"차량 탱크로리에서 사업장 내 옥외 저장탱크로 N,N-디메틸포름아미드 이송 작업 전 차량의 압력 해소 장치(에어라인) 미가동으로 물질 이송 중 내부 압력으로 인해 탱크로리 뒷면(레벨게이지 연결배관)이 파손되어 N,N-디메틸포름아미드가 방류턱 내로 약 300L 누출",안전기준 미준수,누출,"N,N-디메틸포름아미드",,,0,0,0,0,,
941,2024-082,2024-08-24,,지에스에코메탈㈜,울산 울주군 온산읍 화산1길 75-34,울산,울주군,바나듐 용해로동 옥상 대기방지시설에서 pH 조절을 위해 투입되는 염산 SOL밸브 플랜지부 부식으로 약 50 L 미만의 염산이 방류벽 내로 누출,시설 결함,누출,염산,,,0,0,0,0,,
942,2024-083,2024-08-26,,(유)피피지코리아,부산  남구 신선로356번길 21,부산,남구,레진(resin)공정 내 사이클로헥실아민 제조 후 자연압으로 용기(200L 드럼(철재)) 충진작업 과정에서 작업자에게 분출된 사고,안전기준 미준수,누출,사이클로헥실아민(90~100%),,,0,0,1,0,,
943,2024-084,2024-08-28,9:19:00,㈜제이엠씨,울산 울주군 온산읍 이진로 71,울산,울주군,황산 저장탱크(560ton) 상부 루프에서 부식 부위 용접작업 중 탱크 내부 폭발이 발생하여 작업자가 탱크 아래로 추락 및 상부 루프가 개방되면서 황산 흄 발생,안전기준 미준수,폭발,황산,,,0,1,0,0,,
944,2024-085,2024-08-29,,㈜포스코 광양제철소,전남 광양시 폭포사랑길 20-26,전남,광양시,암모니아 저장소에서 암모니아 주입작업 중 탱크로리 측 플렉시블 호스 가스켓이 파손되면서 암모니아 약 2.5L가 누출,시설 결함,누출,암모니아,,,0,0,0,0,,
945,2024-086,2024-09-04,,금호미쓰이화학㈜,전남 여수시 여수산단2로 305,전남,여수시,"MDI합성공정에서 배관 막힘 여부를 확인하고자 Drain 실시 과정 중 배관 내부에 막혀있는 슬러지가 섞인 ODCB(1,2-다이클로로벤젠)이 작업자에게 비산",안전기준 미준수,누출,"1,2-다이클로로벤젠",,,0,0,3,0,,
946,2024-087,2024-09-04,14:16:00,정의산업㈜,경기 화성시 양감면 줄터길 43,경기,화성시,밀폐된 제조공장에서 시험용 접착제 테스트 목적으로 폴리우레탄을 희석(75%→40%)하는 작업 중(용매 톨루엔 사용) 톨루엔 증기 및 정전기로 인한 화재 발생 추정,안전기준 미준수,화재,톨루엔,,,0,0,1,0,,
947,2024-088,2024-09-05,10:16:00,오서양돈영농조합법인,충남 홍성군 광천읍 홍남동로64번길 146,충남,홍성군,"축산폐수 처리업체에서 발생했던 화재로 인해 내부 정리 중 수산화나트륨 포대(25kg*4개, 고상)를 운반하던 작업자가 분말에 접촉되면서 수포가 발생한 사고",안전기준 미준수,누출,수산화나트륨,,,0,0,1,0,,
948,2024-089,2024-09-05,,한국남동발전㈜ 삼천포발전본부,경남 고성군 하이면 하이로 1,경남,고성군,수산화나트륨 이송펌프 정비작업 중 보호복 손상으로 작업자가 수산화나트륨에 접촉되어 부상을 입은 사고,안전기준 미준수,누출,수산화나트륨,,,0,0,1,0,,
949,2024-090,2024-09-14,,금호미쓰이화학㈜,전남 여수시 여수산단2로 305,전남,여수시,염화나트륨 등을 전기분해하여 수산화나트륨 등을 생산하는 CA공정 시운전 중 취급설비 배관 플랜지 용접부 균열 발생으로 수산화나트륨 약 1L가 누출된 사고,시설 결함,누출,수산화나트륨,,,0,0,0,0,,
950,2024-091,2024-09-16,8:42:00,㈜대성디앤아이,경북 칠곡군 북삼읍 경호천서길 92,경북,칠곡군,폐산을 보관하던 IBC 탱크가 이상반응으로 파손되어 폐산 혼합액 약 200L가 누출된 사고,안전기준 미준수,누출,폐산,,,0,0,0,0,,
951,2024-092,2024-09-19,,삼성전자㈜ 천안사업장,충남 천안시 서북구 번영로 465,충남,천안시 서북구,반도체 웨이퍼 세척공정 농도계 설치 작업 중 작업자가 수산화칼륨 배관(테프론 재질)을 건드려 수산화칼륨 소량이 작업자에게 튀어 팔부위를 부상당한 사고,안전기준 미준수,누출,수산화칼륨,,,0,0,1,0,,
952,2024-093,2024-09-24,11:04:00,제누스,경기 수원시 영통구 창룡대로256번길 76,경기,수원시 영통구,실험실에서 실험 중 황산이 담긴 비커(2 L)를 바닥에 떨어뜨려 누출,안전기준 미준수,누출,황산,,,0,0,0,0,,
953,2024-094,2024-09-25,,신영라텍스,경남 고성군 고성읍 율대5길 38-39,경남,고성군,고무제품 제조업체에서 금형장비 세척을 위해 염산 20L 용기를 이동 중 낙하되면서 바닥에 누출된 사고,안전기준 미준수,누출,염산,,,0,0,1,0,,
954,2024-095,2024-09-26,,㈜이화산업,광주 광산구 하남산단8번로 26,광주,광산구,"AS공정* 운영 중 황산알루미늄 반응조(8㎥) 상부의 맨홀 잠금조치가 미흡하여 반응물 월류가 발생, 이를 확인한 작업자가 기기 조작을 위해 접근 중 바닥에 흐르는 반응물에 미끄러져 엎어지고 화상을 입음    * AS공정: 수산화알루미늄(100%, 2ton), 황산(98%, 3.5ton), 물(3ton)을 반응시켜 황산알루미늄 생산",안전기준 미준수,누출,황산알루미늄,,,0,0,1,0,,
955,2024-096,2024-09-27,10:17:00,㈜제일화성,울산 울주군 온산읍 회학3길 38-16,울산,울주군,신제품 테스트를 위해 반응기에 에폭시수지(50kg)에 중합방지제 소량 투입 중 이상반응 발생으로 온도 약 200℃까지 상승하며 연기 발생,안전기준 미준수,누출,에폭시수지,,,0,0,1,0,,
956,2024-097,2024-09-28,8:58:00,보금물류㈜,"경북 김천시 남면 초곡리 산40-3(도로상), 경부고속도로 동김천IC 램프구간(동김천IC4교 방향)",경북,김천시,경부고속도로 동김천IC 램프구간(동김천IC4교 방향)에서 메틸 알코올 운반 탱크로리(26.5톤)가 전도되어 메틸 알코올 누출사고 발생,운송차량,누출,메틸알코올,,,0,0,0,1,,
957,2024-098,2024-09-29,5:31:00,㈜아이켐스,충북 진천군 초평면 은암산단2로 22,충북,진천군,실험실에서 반응용기(용량 50 L)의 파손으로 반도체의 박막 증착에 사용되는 디이오도실란이 약 33 L가 누출된 사고,시설 결함,누출,디이오도실란,,,0,0,0,0,,
958,2024-099,2024-09-29,,솔브레인㈜ 1공장,충남 공주시 공단길 34-19,충남,공주시,에천트제조팀 질산70%(T-106) 샘플링 작업 중 샘플병을 놓쳐 샘플링박스 내 질산이 흘러 세척 후 벽에 묻은 잔액을 제거하기 위해 샘플링박스 투입구에 와이퍼를 넣던 중 잔액 방울이 오른쪽팔에 떨어져 화상을 입은 사고,안전기준 미준수,누출,질산,,,0,0,1,0,,
959,2024-100,2024-10-14,,S-OIL㈜ 온산공장,울산 울주군 온산읍 온산로 68,울산,울주군,"탈납공정 디왁싱필터(F-2405, Repulp Filter) LT Chamber Drain 배관 교체 및 용접작업 중 폭발로 필터(F-2405) 인근 계측기기 연결을 위한 전선 케이블 작업자(3명) 부상",안전기준 미준수,폭발,"메틸에틸케톤, 톨루엔",,,0,0,3,0,,
960,2024-101,2024-10-17,,㈜엘지에이치와이비씨엠,경북 구미시 산동읍 5공단1로 20,경북,구미시,제조공정 내 반응기에 수산화코발트망간니켈(톤백)을 투입하기 위해 호이스트를 이용하여 반응기 상부로 이동 중 호이스트가 멈추었고 톤백이 매달려 있는 상태로 외피 및 내피를 개방하여 하중을 견디지 못한 알루미늄 포일이 찢어지며(추정) 수산화코발트망간니켈이 누출(약 500~600 kg) 된 사고,안전기준 미준수,누출,수산화코발트망간니켈,,,0,0,0,0,,
961,2024-102,2024-10-22,,㈜제이엠씨,울산 울주군 온산읍 이진로 71,울산,울주군,"황산 탱크(E063163, 3㎥) 상부 이송배관 헤더 용접작업 중, 용접부위 상부 밸브 조작핸들을 건드려 밸브가 개방되며, 잔류하던 황산이 누출되어 작업자 1명 부상",안전기준 미준수,누출,황산,,,0,0,1,0,,
962,2024-103,2024-10-24,16:44:00,에너지머티리얼즈㈜,경북 포항시 북구 흥해읍 해안로 991,경북,포항시 북구,황산 취급설비 방류벽 내 펌프 스트레이너 및 배관설비 육안점검 중 펌프압이 걸리지 않아 드레인 작업 이후 스트레이너 해체 작업 중 작업자 안면부 등에 황산 500mL가 비산되어 부상을 입은 사고,안전기준 미준수,누출,황산,,,0,0,1,0,,
963,2024-104,2024-10-25,,동서석유화학㈜,울산 남구 사평로 108-70,울산,남구,No.3 아크릴로니트릴 NCC ROOM(2층) 전기실 내부에서 판넬 케이블 분리·결속 작업 중 소화설비가 이상 작동하여 작업자 부상,안전기준 미준수,누출,이산화탄소,,,1,0,4,0,,
964,2024-105,2024-10-25,16:21:00,㈜바이오맥스,경기 구리시 갈매순환로166번길 46,경기,구리시,"박스를 치우던 중 박스 바닥 부분이 뜯어지면서 박스 내 들어있던 염산(35~37%, 1L) 용액병이 낙하해 깨지며 누출된 사고",안전기준 미준수,누출,염산,,,0,0,0,0,,
965,2024-106,2024-10-28,16:40:00,도원시스템즈,"광주 광산구 우산동 521-1, 어등대교 인근 도로상",광주,광산구,폐훈증제를 적재한 운반차량에서 연기가 발생한 사고,운송차량,기타,인화알루미늄(폐훈증제),,,0,0,0,0,,
966,2024-107,2024-10-31,4:19:00,동림특수유조㈜,"충남 서천군 비인면 구복리 276-1, 서해안고속도로 171k지점(서울방향) 도로상",충남,서천군,사고 운반차량(탱크로리)이 백광산업(전남 군산 소재)에서 에이치디씨(주)(경기 시흥 소재)로 염산을 운반 중 교통사고(승용차가 탱크로리 후미 추돌)로 인해 이송 호스가 파손되어 염산이 도로상에 소량 누출된 사고(추정),운송차량,누출,염산(35%),,,0,0,0,1,,
967,2024-108,2024-11-01,,국립안동대학교,경북 안동시 경동로 1375,경북,안동시,전기전자교육과 실험실 내 보관 중이던 염산 시약이 누출(약 2L),안전기준 미준수,누출,염산,,,0,0,0,0,,
968,2024-109,2024-11-06,,SK에너지㈜,울산 남구 신여천로 2,울산,남구,"황산 펌프 보수 후 Pump Coupling Cover Bolting 작업 중, 상단 압력 계기 벤트라인에 잔존하던 소량의 황산이 아래에서 작업 중이던 작업자에게 떨어져 부상을 당한 사고",안전기준 미준수,누출,황산,,,0,0,1,0,,
969,2024-110,2024-11-06,17:33:00,㈜캠베이스,충남 논산시 연산면 선비로730번길 58-12,충남,논산시,생산동에서 배터리 케이스용 수지 제조를 위해 반응기에 스티렌 주입 중 정전기에 의한 화재 발생(사업장 추정),안전기준 미준수,화재,스티렌,,,0,0,0,0,,
970,2024-111,2024-11-11,18:00:00,한경대학교 농학관 1층 실험실,경기 안성시 중앙로 327,경기,안성시,학생이 실험을 하던 중 TFA(트리플루오르아세트산)에 의해 팔꿈치 화상을 입은 사고,안전기준 미준수,누출,트리플루오르아세트산(TFA),,,0,0,1,0,,
971,2024-112,2024-11-11,,청라공원사업단,인천 서구 크리스탈로 131,인천,서구,수처리정화시설(지하) 내 황산 저장탱크 연결배관 이음부위 결함으로 황산 약 150kg이 방류벽 내로 누출,시설 결함,누출,황산(50%),,,0,0,0,0,,
972,2024-113,2024-11-13,17:08:00,단국대학교 천안캠퍼스,"충남 천안시 동남구 단대로 119, 단국대학교 천안캠퍼스 생명자원과학관",충남,천안시 동남구,산화환원 적정 실험 중 실험자가 피펫에이드를 이용해 묽은 황산(함량 3%)을 분취하여 들어올리는 과정에서 사진 촬영 중인 옆 실험자의 손에 묽은 황산을 떨어뜨린 사고,안전기준 미준수,누출,황산(3%),,,0,0,1,0,,
973,2024-114,2024-11-15,5:21:00,㈜씨앤씨테크,경기 화성시 마도면 청원산단3길 170,경기,화성시,탱크로리에 적재된 수산화나트륨을 사업장 내 저장탱크로 이송하기 위해 이송호스 체결 전 주입 배관에 부착된 캡을 분리하던 중 주입 배관 내부에 남아있던 잔여 수산화나트륨이 누출되어 작업자 부상,안전기준 미준수,누출,수산화나트륨(25%),,,0,0,1,0,,
974,2024-115,2024-11-23,11:11:00,㈜이알 제1공장,경남 김해시 한림면 안하로116번길 46,경남,김해시,위험물 제조소 상부 교반시설 보수작업 중 폭발로 인한 사상자 발생,안전기준 미준수,폭발,재생연료유,,,1,0,2,0,,
975,2024-116,2024-11-23,,삼성전자㈜ 기흥사업장,경기 용인시 기흥구 삼성로 1,경기,용인시 기흥구,사업장 S1라인 4층 FSF ACID ROOM 내 화학약품 공급설비의 Fitting Filter를 교체한 다음 설비 내부 확인 중 Filter 하단 Fitting부에 화학약품 용액이 맺혀있어 해당 설비에 딸린 나사를 조이는 과정에서 화학물질이 튄 사고,안전기준 미준수,누출,불산 혼합물,,,0,0,1,0,,
976,2024-117,2024-11-26,4:00:00,엔씨케이㈜,경기 평택시 팽성읍 추팔산단로 127,경기,평택시,작업자가 세정조에 펌프를 통해 DMF를 주입하는 중 자리를 이탈하여 약 130kg이 넘침,안전기준 미준수,누출,"N,N-디메틸포름아미드(DMF)",,,0,0,0,0,,
977,2024-118,2024-11-26,,에스엠스틸㈜,경기 시흥시 만해로 70,경기,시흥시,불산 저장탱크(0.8㎥) 연결된 볼밸브 노후화로 교체 작업중 플랜지 볼트 해체 과정에서 배관 내 잔류 불산(55%) 약 1.3L~2.4L(추정)이 누출된 사고,안전기준 미준수,누출,플루오르화수소산,,,0,0,1,0,,
978,2024-119,2024-11-27,12:18:00,백광산업 여수공장,전남 여수시 산단중앙로 176,전남,여수시,작업자가 배출시설 자가측정 작업 중 순간적으로 염소(추정) 가스를 흡입 한 사고,안전기준 미준수,누출,염소,,,0,0,1,0,,
979,2024-120,2024-12-05,23:29:00,㈜켐이,대전 대덕구 문평서로 8-8,대전,대덕구,디스플레이용 감광재 등을 생산하는 업체의 제조소 내 생산된 제품(SSP-D14)을 드럼 용기에 충진하던 중 반응기 하단 토출밸브와 충진배관의 연결클램프 부실체결로 바닥으로 누출(약 70kg 추정)되면서 연결클램프를 체결 중이던 작업자가 부상을 입은 사고,안전기준 미준수,누출,SSP-D14(1-에톡시-2-(2-메톡시에톡시)에테인(55~65%) 등 혼합물),,,0,0,1,0,,
980,2024-121,2024-12-06,21:01:00,㈜인터플렉스,경기 안산시 단원구 강촌로 149,경기,안산시 단원구,연성회로기판(FPCB) 등 제조업체의 동도금시설에서 사용된 노즐을 세척하던 중 세척조 내 차아염소산나트륨 용액에 황산을 오주입하여 가스가 발생한 사고,안전기준 미준수,누출,"황산(61.5%), 차아염소산나트륨(12%)",,,0,0,0,0,,
981,2024-122,2024-12-11,,㈜디케이유업,충북 단양군 상전리 345-14(도로상),충북,단양군,"5번 국도 가장자리에 주차된 약 25톤(32,000리터) 운송 차량(제4석유류)의 좌측면을 27톤 덤프트럭이 추돌하여 발생한 화재 사고",운송차량,누출,재생연료유,,,1,0,0,1,,
982,2024-123,2024-12-12,19:43:00,현대제철㈜ 당진공장,충남 당진시 송악읍 북부산업로 1480,충남,당진시,"사업장 내 1제강 1문 주변 외부 공동가대 상부 LDG(Linze Donawitz Gas, 전로가스)* 배관 인근에서 설비 점검을 하던 작업자가 사망한 사고* 전로가스: 철강 제조시 발생하는 부생가스",시설 결함,누출,일산화탄소(59.1~64.1%),,,1,0,0,0,,
983,2024-124,2024-12-13,,엘지이노텍㈜ 구미1공장,경북 구미시 수출대로7길 50-9,경북,구미시,사업장 내 황산 실외저장시설 펌프(P-0D05-01) 가동 중 자동제어 스위치의 오류로 펌프 내부 온도 및 압력 상승(추정)으로 casing에 균열이 발생하여 황산이 누출된 사고,시설 결함,누출,황산(61.5%),,,0,0,0,0,,
984,2024-125,2024-12-17,,㈜지디,충북 청주시 흥덕구 대신로146번길 174,충북,청주시 흥덕구,"보관 중인 IBC탱크(장비 세척용 세정액*)를 지게차로 불출작업 중, 작업자의 실수로 지게차 포크로 IBC탱크 밸브를 가격하여 파손으로 인한 세정액 약 35L(사업장 추정)누출. 방재작업 간, 작업자가 파손된 밸브부분을 맨손으로 막아 부상 입은 사고",안전기준 미준수,누출,메타규산나트륨(10%),,,0,0,1,0,,
985,2024-126,2024-12-18,6:55:00,㈜연일특운,"경남 진주시 사봉면 방촌리 1170-9(도로상),  남해고속도로(마산->진주방향)",경남,진주시,"경남 진주 인근 남해고속도로에서 조경유 적재 분리형 운송차량＊(25.1 ton, 경북 포항 → 전남 광양)이 정차 중인 트레일러 차량을 추돌하여 화재가 발생한 사고    ＊ 견인차량(트랙터) 98아2812 / 피견인차량(탱크 트레일러) 86아2210    ※ 운반업체명: ㈜연일특운(경북 포항시 남구 오천읍 냉천로560번길 31 소재)",운송차량,누출,"조경유(벤젠 81%, 톨루엔 11%, 나프탈렌 4%, 크실렌 3%, 퀴놀린 0.15%)",,,0,0,0,0,,
986,2024-127,2024-12-18,8:34:00,에코파크,전북 정읍시 북면 3산단4길 78-12,전북,정읍시,"염산 저장탱크(15㎥) 하부 미사용 밸브 파손으로 저장되어 있던 염산(35%, 약 15톤)이 전량 누출, 누출 물질이 사업장 내 유수분리조 및 외부 우수관로를 따라 인근 하천(장학천)으로 유입된 사고",시설 결함,누출,염산,,,0,0,0,0,수계 유입,
987,2024-128,2024-12-27,,SK실트론㈜ 구미2공장,경북 구미시 임수로 53,경북,구미시,웨이퍼 품질 확인용 신규 증착 설비의 실란 공급 배관(튜브) 체결 작업 중 작업 부위 옆에 설치되어 있던 기존 실란 공급 배관 밸브에서 배관 내 잔류된 실란이 누출되면서 자연 발화된 사고,안전기준 미준수,누출,실란,,,0,0,0,0,,
988,2025-001,2025-01-03,17:47:00,솔브레인㈜ 1공장,충남 공주시 공단길 34-12,충남,공주시,"드럼 충진 작업 후 충진 박스 내부로 손을 넣어 잔량 미세 누수 방지를 위해 비치한 와이퍼를 제거하는 중, 주변에 있던 질산 묻은 노즐에 팔꿈치 안쪽이 닿아 발생한 사고",안전기준 미준수,누출,질산(67~73%),,,0,0,1,0,,
989,2025-002,2025-01-11,,솔브레인㈜ 1공장,충남 공주시 공단길 34-12,충남,공주시,"드럼 충진 작업 후 드럼 이송작업 중 마개 주변에 있던 물질이(반도체용 표면처리제, 질산 45~55% 포함) 몇 방울이 작업자에 닿아 발생한 사고",안전기준 미준수,누출,질산(45~55%),,,0,0,1,0,,
990,2025-003,2025-01-13,,SK하이닉스㈜ 이천공장,경기 이천시 부발읍 경충대로 2091-1,경기,이천시,사업장 M14 2층 내 4CWC1201 생산장비 폐인산 Drain Line 철거 작업 중 Sub Main 배관에서 폐액 역류로 인해 작업자 2인이 접촉된 사고,안전기준 미준수,누출,폐인산,,,0,0,2,0,,
991,2025-004,2025-01-15,19:41:00,서울대학교,서울 관악구 관악로 1,서울,관악구,311동(엔지니어링개발연구센터) 217호에서 실험 중 아크릴산(추정)이 튀어 부상자 발생,안전기준 미준수,누출,아크릴산,,,0,0,1,0,,
992,2025-005,2025-01-17,11:01:00,㈜경보제약,경기 용인시 기흥구 청덕동 556,경기,용인시 기흥구,"실험실에서 시약병을 꺼내던 중 시약병을 깨트려 작업자 1명이 화학물질 접촉으로 부상, 동료직원이 부상자 조치과정에서 넘어지며 추가 화학물질 접촉으로 부상을 입은 사고",안전기준 미준수,누출,트리플루오로아세트산,,,0,0,2,0,,
993,2025-006,2025-01-17,,동서석유화학㈜,울산 남구 사평로 108-70,울산,남구,아크릴로니트릴 제조공정의 T-PP-109S/A 펌프 보수작업 중 아크릴로니트릴 흡입(추정),안전기준 미준수,누출,아크릴로니트릴(6%),,,0,0,0,0,,
994,2025-007,2025-01-21,,한국남동발전㈜ 영흥발전본부,인천 옹진군 영흥면 영흥남로293번길 75,인천,옹진군,"복수탈염설비 염산(9%, 비유해화학물질) 주입펌프 체크밸브 가스켓 교체 작업 중 밸브 상부에 남아있는 염산 일부(약 200ml)가 누출되어 작업자 얼굴에 튄 사고",안전기준 미준수,누출,염산(9%),,,0,0,1,0,,
995,2025-008,2025-01-23,14:31:00,대구그린파워㈜,대구 동구 매여로 14,대구,동구,펌프 후단 압력게이지 연결부 배관 파손으로 수산화나트륨 약 50L 누출,시설 결함,누출,수산화나트륨(50%),,,0,0,0,0,,
996,2025-009,2025-01-24,11:15:00,㈜세명백트론,인천 남동구 능허대로577번길 62,인천,남동구,3층 작업장 내 암모니아 용기 압력계 탈부착 과정 중 가스가 소량 누출된 사고,안전기준 미준수,누출,암모니아,,,0,0,0,0,,
997,2025-010,2025-01-30,22:49:00,에스케이스페셜티㈜ 제2공장,경북 영주시 가흥공단로 82,경북,영주시,테트라클로로실리콘 배관에 쌓인 고체상 부산물(염화알루미늄)을 제거하기 위해 배관 해체 후 폐수처리장으로 이동. 배관 내 일부 부산물을 제거(건식) 후 물로 세척하는 과정에서 물과 배관 내 잔존 물질이 급격하게 반응하면서 화학물질 분출,안전기준 미준수,누출,테트라클로로실리콘,,,0,0,1,0,,
998,2025-011,2025-02-03,,㈜태봉,광주 북구 양일로 159-30,광주,북구,"완제품 공정 클렌징티슈 에센스를 IBC탱크에서 오픈드럼으로 소분작업 중(자동펌프) 사용하지 않는 약품(포름산을 클리너 제품으로 오인)을 인지하고 작업 중단, 자동펌프 제거 중 호스에 잔류된 소량의 포름산이 작업자의 얼굴에 튐 사고 발생",안전기준 미준수,누출,포름산(85%),,,0,0,1,0,,
999,2025-012,2025-02-09,14:56:00,동림특수유조㈜,"충남 당진시 송산면 동곡로 195, ㈜삼주 당진공장 내 ",충남,당진시,동림특수유조㈜ 소속 탱크로리 운반차량 운전자가 수산화나트륨(50%)을 저장탱크에 주입하기 위해 준비 작업 중 호스 내부(얼어있는 상태)에 잔류하고 있던 수산화나트륨이 운전자 안면부에 튀어 부상 발생,안전기준 미준수,누출,수산화나트륨(50%),,,0,0,1,0,,
1000,2025-013,2025-02-10,11:15:00,유나이티드터미널코리아㈜,울산 울주군 온산읍 당월로 556-116,울산,울주군,"저장탱크(TK-607, SK-sol 7)  제품스펙 확인을 위한 레벨계측 및 시료채취 작업 중 미상의 점화원에 의해 화재 및 폭발이 발생하여 인명피해(사망 1, 부상 1)가 발생한 사고",안전기준 미준수,화재,"제품: SK-SOL7(나프타 함유)포함물질(메틸사이클로헥세인 <25%, 헥사하이드로벤젠 <1%, n-헵테인 >1%)",,,1,0,1,0,,
1001,2025-014,2025-02-12,13:47:00,DL케미칼 연구소,대전 유성구 신성남로 106,대전,유성구,실험실에서 고무 첨가제 샘플 테스트 중 반응기 내 온도상승에 따른 과압(이상반응)으로 안전밸브를 통해 반응물 분출 및 미상의 점화원에 의한 폭발·화재 발생,시설 결함,누출,"제품: 첨가제1,3-부타디엔(100%), 과산화수소(50%), 클로로사이클로헥세인(100%)",,,0,0,0,0,,
1002,2025-015,2025-02-12,13:47:00,㈜포앤테크,충남 아산시 탕정면 용두리 458-14(도로상),충남,아산시,지정폐기물수집운반차량이 SK하이닉스(청주)로부터 폐질산 18톤을 수집 후 운반하던 중 교통사고로 전도되어 약 760 kg이 누출된 사고(추정),운송차량,누출,폐질산(49~59%),,,0,0,0,0,,
1003,2025-016,2025-02-13,14:37:00,넥세온코리아(유),전북 군산시 임해로 49,전북,군산시,실란 회수공정 분리기와 액위측정기 간 연결배관의 내부 찌꺼기를 제거하던 중 실란이 누출되어 화재를 동반한 폭발사고 발생,시설 결함,누출,실란,,,0,0,8,0,,
1004,2025-017,2025-02-18,23:59:00,㈜파마젠,충남 천안시 동남구 수신면 수신로 262-55,충남,천안시 동남구,제품 제조를 위해 저장탱크에서 IBC탱크로 톨루엔 출하 중 과주입으로 톨루엔 약 17L 누출,안전기준 미준수,누출,톨루엔(100%),,,0,0,0,0,,
1005,2025-018,2025-02-19,13:00:00,㈜퓨어엔비텍,경기 시흥시 엠티브이북로193번길 24,경기,시흥시,시범생산을 위해 플라스틱 용기 내 헥산과 폴리다이메틸실록산을 배합하여 제품을 코팅하고 드라이기로 건조하는 과정 중 일시적 폭발 발생,안전기준 미준수,폭발,"헥산(100%), 폴리다이메틸실록산(100%)",,,1,0,6,0,,
1006,2025-019,2025-02-19,15:40:00,에스케이스페셜티㈜ 제2공장,경북 영주시 가흥공단로 82,경북,영주시,실란 충전 부대설비 밸브에 leak가 발생하여 실란 누출 및 자연 발화 사고 발생,시설 결함,누출,실란(100%),,,0,0,0,0,,
1007,2025-020,2025-02-24,20:44:00,삼성염직㈜,대구 서구 염색공단중앙로12길 9,대구,서구,작업자가 우레탄 수지를 톨루엔과 희석하는 과정에서 원인 미상의 화재 발생,안전기준 미준수,화재,톨루엔,,,0,0,1,0,,
1008,2025-021,2025-02-26,7:58:00,대성수산냉동영어조합법인,제주 제주시 한림읍 한림해안로 94,제주,제주시,냉동수산물 가공업장 3층에서 암모니아 가스 누출,시설 결함,누출,암모니아,,,1,0,0,0,,
1009,2025-022,2025-02-26,,에너지머티리얼즈㈜,경북 포항시 북구 흥해읍 영일만산단로234번길 90,경북,포항시 북구,실험실 내 수산화나트륨(액상)을 시린지 필터로 여과 중 필터 막힘으로 인한 압력 상승에 따라 필터가 빠지며 하단에 있던 비커 파손 및 유리와 수산화나트륨이 튄 사고,안전기준 미준수,누출,수산화나트륨(50%),,,0,0,1,0,,
1010,2025-023,2025-02-27,,(유)월드로지스,전남 여수시 월내동 763-1(도로상),전남,여수시,"질산 암모늄 운반차량(25톤, 카고트럭)에서 포대(500kg) 5개가 낙하로 인한 일부 누출",운송차량,누출,질산암모늄,,,0,0,0,0,,
1011,2025-024,2025-02-27,16:36:00,에너지머티리얼즈㈜,경북 포항시 북구 흥해읍 영일만산단로234번길 90,경북,포항시 북구,미니멈플로어라인 플랜지 교체 후 정상가동 확인하는 과정(밸브개방)에서 드레인 부위 나사 체결이 제대로 되지 않아 틈으로 황산 누출,안전기준 미준수,누출,황산,,,0,0,1,0,,
1012,2025-025,2025-03-05,12:32:00,에스티팜㈜,경기 시흥시 협력로 231,경기,시흥시,외부에 있는 아세트산에틸 저장탱크와 연결된 배관(3공장동 3층 반응실 내)을 통해 소분용기에 아세트산에틸(99.8%)을 소분하는 과정 중 화재 발생(추정),안전기준 미준수,화재,아세트산에틸 (99.8%),,,0,0,1,2,,
1013,2025-026,2025-03-10,9:14:00,천안화공약품상사,충남 천안시 동남구 성남면 성남로 292(도로상),충남,천안시 동남구,"암모니아수 납품을 위해 운반차량이 사업장(헨켈코리아) 입구로 진입 중 적재된 질산 용기(20L, 말통)가 낙하하며 질산(60%) 약 40L가 도로상에 누출",운송차량,누출,질산(60%),,,0,0,0,0,,
1014,2025-027,2025-03-10,,현대제철㈜ 당진제철소,충남 당진시 북부산업로 1480,충남,당진시,배관 막힘 현상 해소를 위한 퍼지 작업 중 화학물질(크레오소트 오일 아세나프텐)이 작업자 1명에게 소량 접촉된 사고,안전기준 미준수,누출,크레오소트오일아세나프텐,,,0,0,1,0,,
1015,2025-028,2025-03-11,,수경유조(유),"전남 여수시 여수산단2로 305, 금호미쓰이화학㈜ 내",전남,여수시,"사업장 제품 출하장에서 염산(35%) 출하 작업 중, 운반업체의 탱크로리 내부 격벽 개폐 밸브의 오작동으로 차량 상부에서 염산 약 10L가 넘쳐 흐르면서 누출된 사고",운송차량,누출,염산(35%),,,0,0,0,0,,
1016,2025-029,2025-03-20,13:20:00,㈜울산에너루트2호,울산 남구 사평로 119,울산,남구,수소연료전지 발전시설 시운전 중 정압기에서 수소 폭발로 인해 화재 및 작업자 2명이 부상당한 사고,안전기준 미준수,폭발,수소,,,0,0,2,0,,
1017,2025-030,2025-03-26,,한화에어로스페이스㈜,전남 여수시 신월로 411,전남,여수시,폐산을 산처리공정 혼산 제조탱크로 이송 전 폐산 인입배관 밸브 조작 중 상부 배관 용접부에서 핀홀이 발생하여 폐산 소량이 누출된 사고,시설 결함,누출,폐산(황산 58~66%),,,0,0,1,0,,
1018,2025-031,2025-04-07,,㈜엘지화학 온산공장,울산 울주군 온산읍 이진로 19,울산,울주군,황산 입고배관 플랜지 리크 보수 작업 중 황산이 작업자에게 튀어 1명 부상,안전기준 미준수,누출,황산(95~99%),,,0,0,1,0,,
1019,2025-032,2025-04-08,21:01:00,한양대학교,서울 성동구 왕십리로 222,서울,성동구,교내 기능성 하이브리드 나노소재 실험실(330호)에서 황산을 폐산 보관용기에 버리는 과정 중 폐산 보관용기 내에서 원인 미상의 반응이 일어나 화재 및 누출이 발생하여 실험자 2명이 부상당한 사고,안전기준 미준수,화재,폐액(폐황산 등),,,0,0,2,0,,
1020,2025-033,2025-04-10,16:17:00,약수세탁소,서울 동작구 양녕로22가길 68,서울,동작구,"세탁소(1층)에서 녹제거용으로 플라스틱 1 L 용기에 화학약품(불산(55%)+옥살산(99%, 분말)+물 혼합용액)을 보관 중에 부주의로 지하 1층 계단에 약 500 mL가 누출된 사고(추정)",안전기준 미준수,누출,"불산(55%), 옥살산(99%)",,,0,0,3,0,,
1021,2025-034,2025-04-15,,SK에코프라임㈜,울산 남구 처용로 718,울산,남구,"Splitting 공정에서 필터 하우징의 배출밸브를 잘못 개방하여 오일 회수탱크(FWT, 23.8㎥)*로 지방산 팜유(PAO/POME)**를 잘못 이송    - 오일 회수탱크 상부 벤트부로 이송된 지방산 팜유가 흘러넘쳐 우수로 및 울산 신항부두에 약 22.68kL가 누출된 사고",안전기준 미준수,누출,팜유(55~60%),,,0,0,0,0,수계 오염,
1022,2025-035,2025-04-16,18:01:00,피아이첨단소재㈜ 진천공장,충북 진천군 이월면 고등1길 27,충북,진천군,폴리이미드 생산공정의 폐액*을 폐기물 탱크로 이송하는 과정에서 레벨 센서 고장으로 자동 이송 중지가 되지 않아 탱크 상부 맨홀을 통해 폐액 약 177L(수거 최대량 추정)가 방류벽 내에 누출    * 에탄올(80%)+나프타(10%)+1-메틸-2-피롤리디논(10%) 혼합물,시설 결함,누출,1-메틸-2피롤리디논(NMP),,,0,0,0,0,,
1023,2025-036,2025-04-25,11:42:00,포항공과대학교,경북 포항시 남구 지곡로 127번길 50,경북,포항시 남구,화학관 417호 내 시약 정리 과정에서 취급자의 왼팔에 트리플루오로아세트산 소량접촉한 사고,안전기준 미준수,화재,트리플루오로아세트산(100%),,,0,0,1,0,,
1024,2025-037,2025-04-25,17:48:00,아이에스켐,충남 천안시 동남구 풍세면 풍세산단로 168,충남,천안시 동남구,생산동에서 OLED 소재 제조 후 남은 용제(톨루엔)를 리시버 탱크에서 드럼으로 소분 작업 중 화재 발생(추정),시설 결함,누출,톨루엔,,,0,0,0,0,,
1025,2025-038,2025-04-26,21:19:00,㈜인터플렉스,경기 안산시 단원구 강촌로 149,경기,안산시 단원구,스마트센터 5층 건물 내 지하 1층 동도금 작업장의 천장 과산화수소 배관 파손으로 인해 과산화수소 약 70L가 누출 발생한 사고(추정),시설 결함,누출,과산화수소(35%),,,0,0,0,0,,
1026,2025-039,2025-04-28,,한국수력원자력㈜ 새울원자력본부,울산 울주군 서생면 해맞이로 658-91,울산,울주군,저장탱크에서 일일저장탱크로 황산을 이송하는 배관에 설치된 스트레이너 차압계 차단밸브 부식으로 황산 약 5L가 방류벽 내 누출,시설 결함,누출,황산(95~99%),,,0,0,0,0,,
