연도,순번,재난구분,시설구분_등급,상세주소_시도,상세주소_시군구,상세주소_읍면도,상세주소_리,피해물량(ha)
2021,1,2021-07-05~07-08,산사태_사유림,전라남도,순천시,월등면,월용리,0.06
2021,2,2021-07-05~07-08,산사태_사유림,전라남도,순천시,별량면,금치리,0.32
2021,3,2021-07-05~07-08,산사태_사유림,전라남도,순천시,주암면,백록리,0.24
2021,4,2021-07-05~07-08,산사태_사유림,전라남도,순천시,안풍동,,0.44
2021,5,2021-07-05~07-08,산사태_사유림,전라남도,광양시,옥곡면,묵백리,0.23
2021,6,2021-07-05~07-08,산사태_사유림,전라남도,광양시,옥룡면,용곡리,0.31
2021,7,2021-07-05~07-08,산사태_사유림,전라남도,광양시,옥룡면,산남리,0.4
2021,8,2021-07-05~07-08,산사태_사유림,전라남도,광양시,진상면,비평리,0.31
2021,9,2021-07-05~07-08,산사태_사유림,전라남도,광양시,옥곡면,수평리,0.76
2021,10,2021-07-05~07-08,산사태_국유림,전라남도,구례군,산동면,계천리,0.57
2021,11,2021-07-05~07-08,산사태_국유림,전라남도,고흥군,도화면,신호리,0.02
2021,12,2021-07-05~07-08,산사태_사유림,전라남도,고흥군,도양읍,용정리,0.03
2021,13,2021-07-05~07-08,산사태_사유림,전라남도,고흥군,도양읍,관리,0.27
2021,14,2021-07-05~07-08,산사태_사유림,전라남도,고흥군,대서면,금마리,0.04
2021,15,2021-07-05~07-08,산사태_국유림,전라남도,보성군,벌교읍,옥전리,0.06
2021,16,2021-07-05~07-08,산사태_국유림,전라남도,장흥군,관산읍,부평리,0.19
2021,17,2021-07-05~07-08,산사태_국유림,전라남도,장흥군,관산읍,부평리,0.04
2021,18,2021-07-05~07-08,산사태_국유림,전라남도,장흥군,장평면,축내리,0.08
2021,19,2021-07-05~07-08,산사태_국유림,전라남도,장흥군,장평면,축내리,0.06
2021,20,2021-07-05~07-08,산사태_사유림,전라남도,장흥군,회진면,신상리,0.02
2021,21,2021-07-05~07-08,산사태_사유림,전라남도,장흥군,관산읍,고마리,0.02
2021,22,2021-07-05~07-08,산사태_사유림,전라남도,장흥군,부산면,기동리,0.02
2021,23,2021-07-05~07-08,산사태_사유림,전라남도,장흥군,관산읍,외동리,0.2
2021,24,2021-07-05~07-08,산사태_사유림,전라남도,장흥군,회진면,신상리,0.04
2021,25,2021-07-05~07-08,산사태_사유림,전라남도,강진군,대구면,용운리,0.21
2021,26,2021-07-05~07-08,산사태_사유림,전라남도,강진군,신전면,용월리,0.04
2021,27,2021-07-05~07-08,산사태_사유림,전라남도,강진군,도암면,신기리,0.2
2021,28,2021-07-05~07-08,산사태_사유림,전라남도,강진군,칠량면,송로리,0.1
2021,29,2021-07-05~07-08,산사태_사유림,전라남도,강진군,마량면,마량리,0.02
2021,30,2021-07-05~07-08,산사태_사유림,전라남도,강진군,신전면,벌정리,0.05
2021,31,2021-07-05~07-08,산사태_사유림,전라남도,강진군,칠량면,명주리,0.06
2021,32,2021-07-05~07-08,산사태_사유림,전라남도,강진군,성전면,명산리,0.12
2021,33,2021-07-05~07-08,산사태_사유림,전라남도,강진군,대구면,용운리,0.05
2021,34,2021-07-05~07-08,산사태_사유림,전라남도,강진군,칠량면,영복리,0.12
2021,35,2021-07-05~07-08,산사태_사유림,전라남도,강진군,도암면,만덕리,0.04
2021,36,2021-07-05~07-08,산사태_사유림,전라남도,강진군,칠량면,명주리,1.56
2021,37,2021-07-05~07-08,산사태_사유림,전라남도,해남군,삼산면,구림리,0.2
2021,38,2021-07-05~07-08,산사태_사유림,전라남도,해남군,현산면,황산리,0.6
2021,39,2021-07-05~07-08,산사태_사유림,전라남도,해남군,북평면,동해리,0.03
2021,40,2021-07-05~07-08,산사태_사유림,전라남도,해남군,마산면,상등리,0.02
2021,41,2021-07-05~07-08,산사태_사유림,전라남도,진도군,지산면,보전리,0.24
2021,42,2021-07-05~07-08,산사태_사유림,전라남도,진도군,고군면,원포리,0.53
2021,43,2021-07-05~07-08,산사태_사유림,경상남도,고성군,회화면,녹명리,0.3
2021,44,2021-07-05~07-08,산사태_사유림,경상남도,고성군,개천면,좌연리,0.2
2021,45,2021-07-05~07-08,산사태_사유림,경상남도,고성군,개천면,좌연리,0.3
2021,46,2021-07-05~07-08,산사태_사유림,경상남도,고성군,개천면,좌연리,0.1
2021,47,2021-07-05~07-08,산사태_사유림,경상남도,고성군,마암면,성전리,2.2
2021,48,2021-07-05~07-08,산사태_사유림,경상남도,하동군,고전면,신월리,0.09
2021,49,2021-07-05~07-08,산사태_타부처국유림,경상남도,창원시 진해구,마천동,,0.476
2021,50,2021-07-05~07-08,산사태_사유림,경상남도,창원시 진해구,수도동,,0.04
2021,51,2021-07-05~07-08,산사태_사유림,경상북도,영주시,단산면,사천리,0.08
2021,52,제12호 태풍 오마이스,산사태_국유림,강원도,영월군,상동읍,내덕리,0.19
2021,53,제12호 태풍 오마이스,산사태_사유림,경상북도,포항시,죽장면,침곡리,0.05
2021,54,제12호 태풍 오마이스,산사태_사유림,경상북도,포항시,죽장면,봉계리,0.04
2021,55,제12호 태풍 오마이스,산사태_사유림,경상북도,포항시,죽장면,두마리,0.03
2021,56,제12호 태풍 오마이스,산사태_사유림,경상북도,포항시,죽장면,상사리,0.02
2021,57,제12호 태풍 오마이스,산사태_사유림,경상북도,포항시,죽장면,월평리,0.02
2021,58,제12호 태풍 오마이스,산사태_사유림,경상북도,포항시,죽장면,두마리,0.03
2021,59,제12호 태풍 오마이스,산사태_사유림,경상북도,포항시,죽장면,매현리,0.06
2021,60,제12호 태풍 오마이스,산사태_사유림,경상북도,포항시,죽장면,상옥리,0.05
2021,61,제12호 태풍 오마이스,산사태_사유림,경상북도,포항시,죽장면,석계리,0.03
2021,62,제12호 태풍 오마이스,산사태_사유림,경상북도,포항시,죽장면,합덕리,0.09
2021,63,제12호 태풍 오마이스,산사태_사유림,경상북도,포항시,죽장면,상사리,0.03
2021,64,제12호 태풍 오마이스,산사태_사유림,경상북도,포항시,죽장면,두마리,0.08
2021,65,제12호 태풍 오마이스,산사태_사유림,경상북도,포항시,구룡포읍,구평리,0.05
2021,66,제12호 태풍 오마이스,산사태_사유림,경상북도,포항시,죽장면,현내리,0.1
2021,67,제12호 태풍 오마이스,산사태_사유림,경상북도,포항시,죽장면,현내리,0.08
2021,68,제12호 태풍 오마이스,산사태_사유림,경상북도,포항시,죽장면,두마리,0.11
2021,69,제12호 태풍 오마이스,산사태_사유림,경상북도,포항시,죽장면,봉계리,0.05
2021,70,제12호 태풍 오마이스,산사태_사유림,경상북도,포항시,죽장면,두마리,0.01
2021,71,제12호 태풍 오마이스,산사태_사유림,경상북도,포항시,죽장면,합덕리,0.01
2021,72,제12호 태풍 오마이스,산사태_사유림,경상북도,포항시,죽장면,두마리,0.08
2021,73,제12호 태풍 오마이스,산사태_사유림,경상북도,포항시,죽장면,월평리,0.18
2021,74,제12호 태풍 오마이스,산사태_사유림,경상북도,포항시,죽장면,상사리,0.13
2021,75,제12호 태풍 오마이스,산사태_사유림,경상북도,포항시,죽장면,합덕리,0.12
2021,76,제12호 태풍 오마이스,산사태_사유림,경상북도,포항시,죽장면,상옥리,0.2
2021,77,제12호 태풍 오마이스,산사태_사유림,경상북도,포항시,죽장면,현내리,0.24
2021,78,제12호 태풍 오마이스,산사태_사유림,경상북도,포항시,죽장면,합덕리,0.08
2021,79,제12호 태풍 오마이스,산사태_사유림,경상북도,포항시,죽장면,합덕리,0.1
2021,80,제12호 태풍 오마이스,산사태_사유림,경상북도,포항시,죽장면,상사리,0.21
2021,81,제12호 태풍 오마이스,산사태_사유림,경상북도,포항시,죽장면,매현리,0.06
2021,82,제12호 태풍 오마이스,산사태_사유림,경상북도,포항시,죽장면,합덕리,0.16
2021,83,제12호 태풍 오마이스,산사태_사유림,경상북도,포항시,죽장면,현내리,0.22
2021,84,제12호 태풍 오마이스,산사태_사유림,경상북도,포항시,죽장면,두마리,0.22
2021,85,제12호 태풍 오마이스,산사태_사유림,경상북도,포항시,죽장면,합덕리,0.25
2021,86,제12호 태풍 오마이스,산사태_사유림,경상북도,포항시,죽장면,매현리,0.2
2021,87,제12호 태풍 오마이스,산사태_사유림,경상북도,포항시,죽장면,봉계리,0.2
2021,88,제12호 태풍 오마이스,산사태_사유림,경상북도,포항시,죽장면,두마리,0.24
2021,89,제12호 태풍 오마이스,산사태_사유림,경상북도,포항시,죽장면,상사리,0.06
2021,90,제12호 태풍 오마이스,산사태_사유림,경상북도,김천시,대덕면,추량리,0.2
2021,91,제12호 태풍 오마이스,산사태_사유림,경상북도,영천시,자양면,보현리,0.1
2021,92,제12호 태풍 오마이스,산사태_지자체소유림,경상북도,영천시,화북면,옥계리,1.08
2021,93,제12호 태풍 오마이스,산사태_지자체소유림,경상북도,영천시,화북면,정각리,0.15
2021,94,제12호 태풍 오마이스,산사태_지자체소유림,경상북도,영천시,화남면,용계리,0.2
2021,95,제12호 태풍 오마이스,산사태_지자체소유림,경상북도,영천시,화북면,정각리,0.5
2021,96,제12호 태풍 오마이스,산사태_사유림,경상북도,영천시,화북면,자천리,0.5
2021,97,제12호 태풍 오마이스,산사태_사유림,경상북도,영천시,화북면,하송리,0.37
2021,98,제12호 태풍 오마이스,산사태_사유림,경상북도,영천시,화북면,정각리,0.2
2021,99,제12호 태풍 오마이스,산사태_사유림,경상북도,영천시,화북면,용소리,0.2
2021,100,제12호 태풍 오마이스,산사태_사유림,경상북도,영천시,화북면,입석리,0.06
2021,101,제12호 태풍 오마이스,산사태_사유림,경상북도,청송군,부남면,중기리,1.1
2021,102,제12호 태풍 오마이스,산사태_사유림,경상북도,청송군,현서면,무계리,0.35
2021,103,제12호 태풍 오마이스,산사태_사유림,경상북도,청송군,현서면,사촌리,0.06
2021,104,제12호 태풍 오마이스,산사태_사유림,경상북도,고령군,덕곡면,옥계리,0.35
2021,105,제12호 태풍 오마이스,산사태_사유림,경상북도,성주군,대가면,칠봉리,0.8
2021,106,제12호 태풍 오마이스,산사태_사유림,경상남도,창원시,진동면,요장리,0.02
2021,107,제12호 태풍 오마이스,산사태_사유림,경상남도,창원시,북면,무동리,0.33
2021,108,제12호 태풍 오마이스,산사태_사유림,경상남도,김해시,대동면,예안리,0.03
2021,109,제12호 태풍 오마이스,산사태_사유림,경상남도,김해시,상동면,우계리,0.24
2021,110,제12호 태풍 오마이스,산사태_사유림,경상남도,양산시,하북면,용연리,0.08
2021,111,제12호 태풍 오마이스,산사태_사유림,경상남도,양산시,동면,가산리,0.1
2021,112,제12호 태풍 오마이스,산사태_사유림,경상남도,고성군,마암면,화산리,0.62
2021,113,2021-08-31~09-01 집중호우,산사태_사유림,충청남도,예산군,대술면,마전리,0.6
2021,114,2021-08-31~09-01 집중호우,산사태_사유림,충청남도,예산군,대흥면,노동리,0.3
2021,115,2021-08-31~09-01 집중호우,산사태_사유림,충청남도,예산군,대흥면,하탄방리,0.3
2021,116,2021-08-31~09-01 집중호우,산사태_사유림,충청남도,예산군,대흥면,갈신리,0.5
2021,117,2021-08-31~09-01 집중호우,산사태_사유림,충청남도,예산군,대흥면,손지리,0.3
2021,118,2021-08-31~09-01 집중호우,산사태_사유림,충청남도,예산군,대술면,장복리,0.3
2021,119,2021-08-31~09-01 집중호우,산사태_사유림,충청남도,홍성군,홍북읍,중계리,0.025
2022,1,2022-06-23~06-24,산사태_국유림,경기도,파주시,탄현면,오금리,0.1
2022,2,2022-06-23~06-24,산사태_지자체소유림,경기도,군포시,속달동,,0.18
2022,3,2022-06-28~07-01,산사태_국유림,충청남도,서산시,읍내동,,0.02
2022,4,2022-06-28~07-01,산사태_국유림,충청남도,서산시,인지면,화수리,0.08
2022,5,2022-06-28~07-01,산사태_국유림,충청남도,서산시,동문동,,0.1
2022,6,2022-06-28~07-01,산사태_국유림,경기도,연천군,청산면,백의리,0.09
2022,7,2022-06-28~07-01,산사태_국유림,경기도,양주시,덕계동,,0.45
2022,8,2022-06-28~07-01,산사태_국유림,경기도,파주시,적성면,설마리,0.16
2022,9,2022-06-28~07-01,산사태_국유림,경기도,파주시,월룡면,덕은리,0.12
2022,10,2022-06-28~07-01,산사태_국유림,인천광역시,인천시,미추홀구,학익동,0.02
2022,11,2022-06-28~07-01,산사태_사유림,경기도,연천군,미산면,유촌리,0.19
2022,12,2022-06-28~07-01,산사태_사유림,경기도,연천군,미산면,유촌리,0.15
2022,13,2022-06-28~07-01,산사태_사유림,경기도,연천군,미산면,삼화리,0.1
2022,14,2022-06-28~07-01,산사태_사유림,경기도,양주시,장흥면,석현리,0.36
2022,15,2022-06-28~07-01,산사태_타부처국유림,경기도,김포시,하성면,석탄리,0.35
2022,16,2022-06-28~07-01,산사태_사유림,경기도,파주시,적성면,설마리,1.5
2022,17,2022-06-28~07-01,산사태_사유림,경기도,파주시,파평면,두포리,0.02
2022,18,2022-06-28~07-01,산사태_사유림,경기도,파주시,문산읍,이천리,0.08
2022,19,2022-06-28~07-01,산사태_사유림,경기도,파주시,광탄면,창만리,0.03
2022,20,2022-06-28~07-01,산사태_사유림,경기도,용인시,기흥구,동백동,0.6
2022,21,2022-07-13~07-14,산사태_타부처국유림,경기도,파주시,파평면,율곡리,0.25
2022,22,2022-07-13~07-14,산사태_지자체소유림,경기도,안성시,일죽면,화곡리,0.3
2022,23,2022-07-13~07-14,산사태_국유림,경기도,연천군,전곡읍,양원리,0.77
2022,24,2022-07-13~07-14,산사태_국유림,경기도,가평군,상면,봉수리,0.15
2022,25,2022-07-13~07-14,산사태_국유림,강원도,춘천시,동면,상걸리,0.1
2022,26,2022-07-13~07-14,산사태_국유림,강원도,화천군,상서면,부촌리,0.05
2022,27,2022-08-08~08-17,산사태_사유림,서울특별시,구로구,개봉동,,0.4
2022,28,2022-08-08~08-17,산사태_국유림,서울특별시,금천구,시흥동,,0.1
2022,29,2022-08-08~08-17,산사태_사유림,서울특별시,금천구,시흥동,,0.1
2022,30,2022-08-08~08-17,산사태_국유림,서울특별시,동작구,사당동,,0.28
2022,31,2022-08-08~08-17,산사태_타부처국유림,서울특별시,동작구,현충로,,0.5
2022,32,2022-08-08~08-17,산사태_지자체소유림,서울특별시,동작구,사당동,,0.21
2022,33,2022-08-08~08-17,산사태_지자체소유림,서울특별시,동작구,흑석동,,0.3
2022,34,2022-08-08~08-17,산사태_지자체소유림,서울특별시,동작구,사당동,,0.3
2022,35,2022-08-08~08-17,산사태_지자체소유림,서울특별시,동작구,상도동,,1
2022,36,2022-08-08~08-17,산사태_지자체소유림,서울특별시,동작구,상도동,,2
2022,37,2022-08-08~08-17,산사태_타부처국유림,서울특별시,서초구,우면동,,0.12
2022,38,2022-08-08~08-17,산사태_타부처국유림,서울특별시,서초구,우면동,,0.65
2022,39,2022-08-08~08-17,산사태_지자체소유림,서울특별시,서초구,서초동,,0.1
2022,40,2022-08-08~08-17,산사태_지자체소유림,서울특별시,서초구,서초동,,0.23
2022,41,2022-08-08~08-17,산사태_사유림,서울특별시,서초구,방배동,,0.29
2022,42,2022-08-08~08-17,산사태_사유림,서울특별시,서초구,원지동,,0.3
2022,43,2022-08-08~08-17,산사태_사유림,서울특별시,서초구,신원동,,0.3
2022,44,2022-08-08~08-17,산사태_사유림,서울특별시,서초구,내곡동,,0.3
2022,45,2022-08-08~08-17,산사태_사유림,서울특별시,서초구,양재동,,0.32
2022,46,2022-08-08~08-17,산사태_사유림,서울특별시,서초구,양재동,,0.3
2022,47,2022-08-08~08-17,산사태_사유림,서울특별시,서초구,내곡동,,0.5
2022,48,2022-08-08~08-17,산사태_사유림,서울특별시,서초구,방배동,,0.84
2022,49,2022-08-08~08-17,산사태_사유림,서울특별시,서초구,우면동,,1.62
2022,50,2022-08-08~08-17,산사태_사유림,서울특별시,서초구,방배동,,2.31
2022,51,2022-08-08~08-17,산사태_사유림,서울특별시,서초구,염곡동,,2.5
2022,52,2022-08-08~08-17,산사태_사유림,서울특별시,서초구,원지동,,2.86
2022,53,2022-08-08~08-17,산사태_국유림,서울특별시,강남구,개포동,,0.95
2022,54,2022-08-08~08-17,산사태_타부처국유림,경기도,수원시,장안구,,0.06
2022,55,2022-08-08~08-17,산사태_지자체소유림,경기도,수원시,장안구,,0.54
2022,56,2022-08-08~08-17,산사태_사유림,경기도,성남시,수정구,,1.8
2022,57,2022-08-08~08-17,산사태_사유림,경기도,성남시,수정구,,0.46
2022,58,2022-08-08~08-17,산사태_지자체소유림,경기도,안양시,만안구,,1.04
2022,59,2022-08-08~08-17,산사태_국유림,경기도,고양시,덕양구,,0.3
2022,60,2022-08-08~08-17,산사태_사유림,경기도,과천시,관문동,,0.37
2022,61,2022-08-08~08-17,산사태_사유림,경기도,과천시,주암동,,1.18
2022,62,2022-08-08~08-17,산사태_사유림,경기도,군포시,부곡동,,0.45
2022,63,2022-08-08~08-17,산사태_사유림,경기도,군포시,대야미동,,0.15
2022,64,2022-08-08~08-17,산사태_사유림,경기도,군포시,둔대동,,0.1
2022,65,2022-08-08~08-17,산사태_사유림,경기도,의왕시,오전동,,0.43
2022,66,2022-08-08~08-17,산사태_사유림,경기도,의왕시,학의동,,0.84
2022,67,2022-08-08~08-17,산사태_사유림,경기도,의왕시,왕곡로,,0.78
2022,68,2022-08-08~08-17,산사태_사유림,경기도,하남시,학암동,,4.67
2022,69,2022-08-08~08-17,산사태_사유림,경기도,하남시,학암동,,1.82
2022,70,2022-08-08~08-17,산사태_사유림,경기도,하남시,상산곡동,,0.84
2022,71,2022-08-08~08-17,산사태_국유림,경기도,용인시,처인구 이동읍,묵리,0.1
2022,72,2022-08-08~08-17,산사태_사유림,경기도,용인시,수지구 고기동,,0.55
2022,73,2022-08-08~08-17,산사태_국유림,경기도,파주시,광탄면,기산리,0.11
2022,74,2022-08-08~08-17,산사태_사유림,경기도,파주시,법원읍,갈곡리,0.02
2022,75,2022-08-08~08-17,산사태_사유림,경기도,파주시,파주읍,백석리,0.02
2022,76,2022-08-08~08-17,산사태_사유림,경기도,이천시,대월면,대흥리,0.24
2022,77,2022-08-08~08-17,산사태_사유림,경기도,이천시,모가면,산내리,0.03
2022,78,2022-08-08~08-17,산사태_국유림,경기도,화성시,매송면,어천리,0.15
2022,79,2022-08-08~08-17,산사태_국유림,경기도,화성시,팔탄면,기천리,0.04
2022,80,2022-08-08~08-17,산사태_국유림,경기도,광주시,목현동,,0.4
2022,81,2022-08-08~08-17,산사태_국유림,경기도,광주시,퇴촌면,우산리,1.12
2022,82,2022-08-08~08-17,산사태_국유림,경기도,광주시,퇴촌면,도수리,0.82
2022,83,2022-08-08~08-17,산사태_국유림,경기도,광주시,퇴촌면,영동리,2.44
2022,84,2022-08-08~08-17,산사태_지자체소유림,경기도,광주시,남한산성면,산성리,1.07
2022,85,2022-08-08~08-17,산사태_지자체소유림,경기도,광주시,남한산성면,산성리,0.86
2022,86,2022-08-08~08-17,산사태_지자체소유림,경기도,광주시,남한산성면,산성리,1
2022,87,2022-08-08~08-17,산사태_지자체소유림,경기도,광주시,남한산성면,산성리,0.22
2022,88,2022-08-08~08-17,산사태_사유림,경기도,광주시,퇴촌면,우산리,0.35
2022,89,2022-08-08~08-17,산사태_사유림,경기도,광주시,퇴촌면,우산리,0.38
2022,90,2022-08-08~08-17,산사태_사유림,경기도,광주시,퇴촌면,관음리,0.76
2022,91,2022-08-08~08-17,산사태_사유림,경기도,광주시,남한산성면,검복리,0.7
2022,92,2022-08-08~08-17,산사태_사유림,경기도,광주시,남한산성면,공지원리,1.05
2022,93,2022-08-08~08-17,산사태_사유림,경기도,광주시,남한산성면,오전리,1.09
2022,94,2022-08-08~08-17,산사태_사유림,경기도,광주시,남한산성면,검복리,1.37
2022,95,2022-08-08~08-17,산사태_사유림,경기도,광주시,퇴촌면,우산리,0.46
2022,96,2022-08-08~08-17,산사태_사유림,경기도,광주시,퇴촌면,도수리,0.53
2022,97,2022-08-08~08-17,산사태_사유림,경기도,광주시,남종면,삼성리,2.26
2022,98,2022-08-08~08-17,산사태_사유림,경기도,광주시,퇴촌면,관음리,1.47
2022,99,2022-08-08~08-17,산사태_사유림,경기도,광주시,퇴촌면,원당리,1.9
2022,100,2022-08-08~08-17,산사태_사유림,경기도,광주시,퇴촌면,우산리,2.2
2022,101,2022-08-08~08-17,산사태_사유림,경기도,광주시,남한산성면,검복리,2.5
2022,102,2022-08-08~08-17,산사태_사유림,경기도,광주시,퇴촌면,우산리,2.38
2022,103,2022-08-08~08-17,산사태_사유림,경기도,광주시,퇴촌면,영동리,2.4
2022,104,2022-08-08~08-17,산사태_사유림,경기도,양주시,장흥면,석현리,0.7
2022,105,2022-08-08~08-17,산사태_국유림,경기도,포천시,내촌면,음현리,0.02
2022,106,2022-08-08~08-17,산사태_국유림,경기도,포천시,소흘읍,직동리,0.06
2022,107,2022-08-08~08-17,산사태_국유림,경기도,포천시,소흘읍,직동리,0.05
2022,108,2022-08-08~08-17,산사태_사유림,경기도,여주시,강천면,도전리,0.36
2022,109,2022-08-08~08-17,산사태_사유림,경기도,여주시,산북면,백자리,2.14
2022,110,2022-08-08~08-17,산사태_사유림,경기도,여주시,금사면,도곡리,2.99
2022,111,2022-08-08~08-17,산사태_사유림,경기도,여주시,산북면,주어리,2.65
2022,112,2022-08-08~08-17,산사태_사유림,경기도,여주시,산북면,명품리,5.7
2022,113,2022-08-08~08-17,산사태_국유림,경기도,연천군,신서면,내산리,0.08
2022,114,2022-08-08~08-17,산사태_국유림,경기도,연천군,신서면,내산리,0.2
2022,115,2022-08-08~08-17,산사태_사유림,경기도,연천군,신서면,도신리,0.2
2022,116,2022-08-08~08-17,산사태_국유림,경기도,가평군,조종면,마일리,0.08
2022,117,2022-08-08~08-17,산사태_국유림,경기도,양평군,청운면,갈운리,1.84
2022,118,2022-08-08~08-17,산사태_국유림,경기도,양평군,청운면,비룡리,1.9
2022,119,2022-08-08~08-17,산사태_국유림,경기도,양평군,양동면,매월리,0.34
2022,120,2022-08-08~08-17,산사태_국유림,경기도,양평군,양동면,금왕리,2.48
2022,121,2022-08-08~08-17,산사태_국유림,경기도,양평군,양동면,금왕리,4.02
2022,122,2022-08-08~08-17,산사태_국유림,경기도,양평군,청운면,신론리,4.15
2022,123,2022-08-08~08-17,산사태_국유림,경기도,양평군,단월면,삼가리,3.31
2022,124,2022-08-08~08-17,산사태_국유림,경기도,양평군,지평면,무왕리,2.53
2022,125,2022-08-08~08-17,산사태_국유림,경기도,양평군,양동면,매월리,5.95
2022,126,2022-08-08~08-17,산사태_국유림,경기도,양평군,청운면,갈운리,0.37
2022,127,2022-08-08~08-17,산사태_국유림,경기도,양평군,양동면,금왕리,0.33
2022,128,2022-08-08~08-17,산사태_국유림,경기도,양평군,청운면,신론리,0.24
2022,129,2022-08-08~08-17,산사태_국유림,경기도,양평군,청운면,가현리,2.32
2022,130,2022-08-08~08-17,산사태_국유림,경기도,양평군,양동면,금왕리,2.3
2022,131,2022-08-08~08-17,산사태_국유림,경기도,양평군,옥천면,용천리,0.3
2022,132,2022-08-08~08-17,산사태_국유림,경기도,양평군,단월면,부안리,0.43
2022,133,2022-08-08~08-17,산사태_국유림,경기도,양평군,양동면,계정리,1.94
2022,134,2022-08-08~08-17,산사태_국유림,경기도,양평군,청운면,가현리,1.92
2022,135,2022-08-08~08-17,산사태_국유림,경기도,양평군,청운면,비룡리,3.67
2022,136,2022-08-08~08-17,산사태_국유림,경기도,양평군,양동면,매월리,0.4
2022,137,2022-08-08~08-17,산사태_국유림,경기도,양평군,청운면,삼성리,2.4
2022,138,2022-08-08~08-17,산사태_국유림,경기도,양평군,청운면,가현리,2.42
2022,139,2022-08-08~08-17,산사태_국유림,경기도,양평군,지평면,일신리,1.04
2022,140,2022-08-08~08-17,산사태_국유림,경기도,양평군,양평읍,오빈리,1.02
2022,141,2022-08-08~08-17,산사태_국유림,경기도,양평군,강하면,성덕리,0.99
2022,142,2022-08-08~08-17,산사태_국유림,경기도,양평군,강상면,세월리,1.33
2022,143,2022-08-08~08-17,산사태_국유림,경기도,양평군,양동면,금왕리,0.61
2022,144,2022-08-08~08-17,산사태_국유림,경기도,양평군,단월면,산음리,0.57
2022,145,2022-08-08~08-17,산사태_국유림,경기도,양평군,청운면,도원리,0.16
2022,146,2022-08-08~08-17,산사태_국유림,경기도,양평군,양동면,계정리,0.54
2022,147,2022-08-08~08-17,산사태_국유림,경기도,양평군,청운면,가현리,1.67
2022,148,2022-08-08~08-17,산사태_국유림,경기도,양평군,양동면,계정리,0.21
2022,149,2022-08-08~08-17,산사태_국유림,경기도,양평군,양동면,금왕리,1.78
2022,150,2022-08-08~08-17,산사태_국유림,경기도,양평군,청운면,가현리,0.69
2022,151,2022-08-08~08-17,산사태_국유림,경기도,양평군,지평면,월산리,0.75
2022,152,2022-08-08~08-17,산사태_국유림,경기도,양평군,청운면,가현리,1.26
2022,153,2022-08-08~08-17,산사태_국유림,경기도,양평군,양동면,계정리,0.8
2022,154,2022-08-08~08-17,산사태_국유림,경기도,양평군,개군면,불곡리,0.8
2022,155,2022-08-08~08-17,산사태_국유림,경기도,양평군,청운면,가현리,1.25
2022,156,2022-08-08~08-17,산사태_국유림,경기도,양평군,양동면,삼산리,0.11
2022,157,2022-08-08~08-17,산사태_국유림,경기도,양평군,양동면,계정리,0.86
2022,158,2022-08-08~08-17,산사태_국유림,경기도,양평군,강상면,병산리,0.87
2022,159,2022-08-08~08-17,산사태_국유림,경기도,양평군,청운면,가현리,1.17
2022,160,2022-08-08~08-17,산사태_국유림,경기도,양평군,청운면,가현리,0.89
2022,161,2022-08-08~08-17,산사태_국유림,경기도,양평군,양동면,계정리,0.93
2022,162,2022-08-08~08-17,산사태_국유림,경기도,양평군,청운면,갈운리,1.11
2022,163,2022-08-08~08-17,산사태_사유림,경기도,양평군,옥천면,용천리,0.38
2022,164,2022-08-08~08-17,산사태_사유림,경기도,양평군,강상면,화양리,0.39
2022,165,2022-08-08~08-17,산사태_사유림,경기도,양평군,양동면,고송리,0.4
2022,166,2022-08-08~08-17,산사태_사유림,경기도,양평군,양동면,금왕리,0.4
2022,167,2022-08-08~08-17,산사태_사유림,경기도,양평군,옥천면,신복리,0.42
2022,168,2022-08-08~08-17,산사태_사유림,경기도,양평군,강하면,항금리,0.87
2022,169,2022-08-08~08-17,산사태_사유림,경기도,양평군,단월면,삼가리,0.8
2022,170,2022-08-08~08-17,산사태_사유림,경기도,양평군,강하면,왕창리,0.8
2022,171,2022-08-08~08-17,산사태_사유림,경기도,양평군,양동면,고송리,0.77
2022,172,2022-08-08~08-17,산사태_사유림,경기도,양평군,강하면,항금리,0.66
2022,173,2022-08-08~08-17,산사태_사유림,경기도,양평군,양서면,증동리,0.6
2022,174,2022-08-08~08-17,산사태_사유림,경기도,양평군,강하면,성덕리,0.56
2022,175,2022-08-08~08-17,산사태_사유림,경기도,양평군,강하면,동오리,0.53
2022,176,2022-08-08~08-17,산사태_사유림,경기도,양평군,양서면,증동리,0.5
2022,177,2022-08-08~08-17,산사태_사유림,경기도,양평군,강상면,대석리,0.5
2022,178,2022-08-08~08-17,산사태_사유림,경기도,양평군,용문면,금곡리,0.48
2022,179,2022-08-08~08-17,산사태_사유림,경기도,양평군,용문면,광탄리,0.48
2022,180,2022-08-08~08-17,산사태_사유림,경기도,양평군,양동면,고송리,0.45
2022,181,2022-08-08~08-17,산사태_사유림,경기도,양평군,강상면,대석리,0.45
2022,182,2022-08-08~08-17,산사태_사유림,경기도,양평군,강상면,화양리,0.37
2022,183,2022-08-08~08-17,산사태_사유림,경기도,양평군,용문면,화전리,0.32
2022,184,2022-08-08~08-17,산사태_사유림,경기도,양평군,용문면,광탄리,0.36
2022,185,2022-08-08~08-17,산사태_사유림,경기도,양평군,개군면,석장리,1.2
2022,186,2022-08-08~08-17,산사태_사유림,경기도,양평군,용문면,삼성리,0.3
2022,187,2022-08-08~08-17,산사태_사유림,경기도,양평군,강상면,대석리,4.2
2022,188,2022-08-08~08-17,산사태_사유림,경기도,양평군,강상면,신화리,1.26
2022,189,2022-08-08~08-17,산사태_사유림,경기도,양평군,지평면,무왕리,1.6
2022,190,2022-08-08~08-17,산사태_사유림,경기도,양평군,강하면,전수리,3.5
2022,191,2022-08-08~08-17,산사태_사유림,경기도,양평군,강하면,항금리,1.54
2022,192,2022-08-08~08-17,산사태_사유림,경기도,양평군,강상면,화양리,0.36
2022,193,2022-08-08~08-17,산사태_사유림,경기도,양평군,지평면,월산리,2
2022,194,2022-08-08~08-17,산사태_사유림,경기도,양평군,양동면,금왕리,0.87
2022,195,2022-08-08~08-17,산사태_사유림,경기도,양평군,강상면,송학리,0.72
2022,196,2022-08-08~08-17,산사태_사유림,경기도,양평군,서종면,서후리,0.33
2022,197,2022-08-08~08-17,산사태_사유림,경기도,양평군,청운면,비룡리,0.33
2022,198,2022-08-08~08-17,산사태_사유림,경기도,양평군,양동면,고송리,0.33
2022,199,2022-08-08~08-17,산사태_사유림,경기도,양평군,지평면,무왕리,0.33
2022,200,2022-08-08~08-17,산사태_사유림,경기도,양평군,양서면,복포리,0.33
2022,201,2022-08-08~08-17,산사태_사유림,경기도,양평군,양동면,고송리,0.33
2022,202,2022-08-08~08-17,산사태_사유림,경기도,양평군,강하면,왕창리,0.34
2022,203,2022-08-08~08-17,산사태_사유림,경기도,양평군,강하면,왕창리,0.35
2022,204,2022-08-08~08-17,산사태_국유림,강원도,춘천시,사북면,오탄리,0.02
2022,205,2022-08-08~08-17,산사태_국유림,강원도,원주시,지정면,판대리,0.09
2022,206,2022-08-08~08-17,산사태_사유림,강원도,원주시,호저면,광격리,0.24
2022,207,2022-08-08~08-17,산사태_사유림,강원도,강릉시,주문진읍,장덕리,0.23
2022,208,2022-08-08~08-17,산사태_국유림,강원도,홍천군,서석면,생곡리,1.07
2022,209,2022-08-08~08-17,산사태_국유림,강원도,홍천군,홍천읍,검율리,1.18
2022,210,2022-08-08~08-17,산사태_국유림,강원도,홍천군,내면,자운리,0.32
2022,211,2022-08-08~08-17,산사태_국유림,강원도,홍천군,화촌면,군업리,1.9
2022,212,2022-08-08~08-17,산사태_사유림,강원도,홍천군,북방면,성동리,2.03
2022,213,2022-08-08~08-17,산사태_사유림,강원도,홍천군,서석면,청량리,0.75
2022,214,2022-08-08~08-17,산사태_사유림,강원도,홍천군,서석면,풍암리,0.62
2022,215,2022-08-08~08-17,산사태_사유림,강원도,홍천군,남면,화전리,0.77
2022,216,2022-08-08~08-17,산사태_사유림,강원도,홍천군,홍천읍,결운리,0.56
2022,217,2022-08-08~08-17,산사태_사유림,강원도,홍천군,영귀미면,신봉리,0.34
2022,218,2022-08-08~08-17,산사태_사유림,강원도,홍천군,화촌면,장평리,0.43
2022,219,2022-08-08~08-17,산사태_사유림,강원도,홍천군,화촌면,장평리,0.3
2022,220,2022-08-08~08-17,산사태_국유림,강원도,횡성군,둔내면,삽교리,0.44
2022,221,2022-08-08~08-17,산사태_국유림,강원도,횡성군,공근면,창봉리,1
2022,222,2022-08-08~08-17,산사태_국유림,강원도,횡성군,청일면,춘당리,0.9
2022,223,2022-08-08~08-17,산사태_국유림,강원도,횡성군,갑천면,병지방리,1.19
2022,224,2022-08-08~08-17,산사태_국유림,강원도,횡성군,청일면,신대리,1.15
2022,225,2022-08-08~08-17,산사태_국유림,강원도,횡성군,공근면,상창봉리,1.22
2022,226,2022-08-08~08-17,산사태_국유림,강원도,횡성군,둔내면,삽교리,2.25
2022,227,2022-08-08~08-17,산사태_국유림,강원도,횡성군,청일면,속실리,2
2022,228,2022-08-08~08-17,산사태_사유림,강원도,횡성군,서원면,석화리,0.43
2022,229,2022-08-08~08-17,산사태_사유림,강원도,횡성군,서원면,유현리,0.59
2022,230,2022-08-08~08-17,산사태_사유림,강원도,횡성군,둔내면,영랑리,0.46
2022,231,2022-08-08~08-17,산사태_사유림,강원도,횡성군,청일면,춘당리,0.79
2022,232,2022-08-08~08-17,산사태_사유림,강원도,횡성군,서원면,창촌리,0.36
2022,233,2022-08-08~08-17,산사태_사유림,강원도,횡성군,청일면,유평리,0.3
2022,234,2022-08-08~08-17,산사태_사유림,강원도,횡성군,서원면,유현리,1.18
2022,235,2022-08-08~08-17,산사태_사유림,강원도,횡성군,우천면,산전리,0.39
2022,236,2022-08-08~08-17,산사태_사유림,강원도,횡성군,횡성읍,생운리,0.26
2022,237,2022-08-08~08-17,산사태_사유림,강원도,횡성군,둔내면,둔방내리,0.27
2022,238,2022-08-08~08-17,산사태_사유림,강원도,횡성군,갑천면,구방리,0.36
2022,239,2022-08-08~08-17,산사태_사유림,강원도,횡성군,우천면,두곡리,2.54
2022,240,2022-08-08~08-17,산사태_사유림,강원도,횡성군,횡성읍,영영포리,0.23
2022,241,2022-08-08~08-17,산사태_사유림,강원도,횡성군,공근면,학담리,0.43
2022,242,2022-08-08~08-17,산사태_국유림,강원도,영월군,산솔면,직동리,4.05
2022,243,2022-08-08~08-17,산사태_국유림,강원도,영월군,주천면,판운리,0.75
2022,244,2022-08-08~08-17,산사태_국유림,강원도,영월군,무릉도원면,두산리,0.39
2022,245,2022-08-08~08-17,산사태_국유림,강원도,영월군,무릉도원면,법흥리,0.29
2022,246,2022-08-08~08-17,산사태_국유림,강원도,평창군,봉평면,유포리,0.12
2022,247,2022-08-08~08-17,산사태_국유림,강원도,평창군,봉평면,진조리,0.17
2022,248,2022-08-08~08-17,산사태_국유림,강원도,평창군,봉평면,흥정리,0.06
2022,249,2022-08-08~08-17,산사태_국유림,강원도,평창군,대화면,신리,0.52
2022,250,2022-08-08~08-17,산사태_국유림,강원도,평창군,봉평면,무이리,0.84
2022,251,2022-08-08~08-17,산사태_국유림,강원도,평창군,봉평면,덕거리,1.37
2022,252,2022-08-08~08-17,산사태_사유림,강원도,평창군,진부면,송정리,0.01
2022,253,2022-08-08~08-17,산사태_사유림,강원도,평창군,진부면,화의리,0.04
2022,254,2022-08-08~08-17,산사태_사유림,강원도,평창군,진부면,상진부리,0.05
2022,255,2022-08-08~08-17,산사태_사유림,강원도,평창군,봉평면,면온리,0.1
2022,256,2022-08-08~08-17,산사태_사유림,강원도,평창군,대관령면,유천리,0.1
2022,257,2022-08-08~08-17,산사태_사유림,강원도,평창군,봉평면,무이리,0.1
2022,258,2022-08-08~08-17,산사태_사유림,강원도,평창군,봉평면,면온리,0.12
2022,259,2022-08-08~08-17,산사태_사유림,강원도,평창군,용평면,용전리,0.13
2022,260,2022-08-08~08-17,산사태_사유림,강원도,평창군,평창읍,입탄리,0.28
2022,261,2022-08-08~08-17,산사태_사유림,강원도,평창군,용평면,장평리,0.3
2022,262,2022-08-08~08-17,산사태_국유림,강원도,양구군,해안면,오유리,0.85
2022,263,2022-08-08~08-17,산사태_국유림,강원도,양구군,양구읍,상리,0.3
2022,264,2022-08-08~08-17,산사태_국유림,강원도,양구군,국토정중앙면,원리,0.11
2022,265,2022-08-08~08-17,산사태_국유림,강원도,양구군,양구읍,상무룡리,0.05
2022,266,2022-08-08~08-17,산사태_국유림(대부),강원도,인제군,남면,신풍리,0.1
2022,267,2022-08-08~08-17,산사태_국유림,강원도,인제군,인제읍,원대리,1.92
2022,268,2022-08-08~08-17,산사태_국유림,강원도,인제군,인제읍,남북리,2.06
2022,269,2022-08-08~08-17,산사태_국유림,강원도,인제군,남면,남전리,1.19
2022,270,2022-08-08~08-17,산사태_국유림,강원도,인제군,인제읍,가아리,0.88
2022,271,2022-08-08~08-17,산사태_사유림,강원도,인제군,인제읍,하추리,0.09
2022,272,2022-08-08~08-17,산사태_사유림,강원도,인제군,남면,상수내리,0.28
2022,273,2022-08-08~08-17,산사태_사유림,강원도,인제군,남면,상수내리,0.51
2022,274,2022-08-08~08-17,산사태_국유림,충청북도,제천시,금성면,활산리,0.36
2022,275,2022-08-08~08-17,산사태_사유림,충청남도,보령시,미산면,늑전리,0.07
2022,276,2022-08-08~08-17,산사태_사유림,충청남도,보령시,청소면,진죽리,0.24
2022,277,2022-08-08~08-17,산사태_사유림,충청남도,보령시,주포면,연지리,0.06
2022,278,2022-08-08~08-17,산사태_사유림,충청남도,보령시,청라면,나원리,1.17
2022,279,2022-08-08~08-17,산사태_국유림,충청남도,부여군,은산면,나령리,0.23
2022,280,2022-08-08~08-17,산사태_국유림,충청남도,부여군,은산면,나령리,0.36
2022,281,2022-08-08~08-17,산사태_국유림,충청남도,부여군,은산면,가곡리,0.25
2022,282,2022-08-08~08-17,산사태_국유림,충청남도,부여군,은산면,나령리,0.29
2022,283,2022-08-08~08-17,산사태_국유림,충청남도,부여군,은산면,나령리,0.27
2022,284,2022-08-08~08-17,산사태_국유림,충청남도,부여군,은산면,가곡리,0.2
2022,285,2022-08-08~08-17,산사태_국유림,충청남도,부여군,은산면,신대리,0.21
2022,286,2022-08-08~08-17,산사태_사유림,충청남도,부여군,은산면,경둔리,0.56
2022,287,2022-08-08~08-17,산사태_사유림,충청남도,부여군,외산면,전장리,1.52
2022,288,2022-08-08~08-17,산사태_사유림,충청남도,부여군,은산면,장벌리,0.91
2022,289,2022-08-08~08-17,산사태_사유림,충청남도,부여군,은산면,홍산리,0.94
2022,290,2022-08-08~08-17,산사태_사유림,충청남도,부여군,은산면,홍산리,0.66
2022,291,2022-08-08~08-17,산사태_사유림,충청남도,부여군,은산면,장벌리,0.73
2022,292,2022-08-08~08-17,산사태_사유림,충청남도,부여군,외산면,문신리,0.4
2022,293,2022-08-08~08-17,산사태_사유림,충청남도,부여군,은산면,경둔리,0.56
2022,294,2022-08-08~08-17,산사태_사유림,충청남도,부여군,내산면,온해리,0.46
2022,295,2022-08-08~08-17,산사태_사유림,충청남도,부여군,은산면,대양리,0.46
2022,296,2022-08-08~08-17,산사태_사유림,충청남도,부여군,은산면,가곡리,0.56
2022,297,2022-08-08~08-17,산사태_사유림,충청남도,부여군,외산면,수신리,0.53
2022,298,2022-08-08~08-17,산사태_사유림,충청남도,부여군,은산면,홍산리,0.61
2022,299,2022-08-08~08-17,산사태_사유림,충청남도,부여군,은산면,대양리,0.62
2022,300,2022-08-08~08-17,산사태_사유림,충청남도,부여군,은산면,장벌리,0.63
2022,301,2022-08-08~08-17,산사태_사유림,충청남도,부여군,은산면,각대리,0.59
2022,302,2022-08-08~08-17,산사태_사유림,충청남도,부여군,은산면,거전리,0.64
2022,303,2022-08-08~08-17,산사태_사유림,충청남도,부여군,규암면,함양리,0.52
2022,304,2022-08-08~08-17,산사태_사유림,충청남도,부여군,외산면,화성리,0.7
2022,305,2022-08-08~08-17,산사태_사유림,충청남도,부여군,은산면,장벌리,0.56
2022,306,2022-08-08~08-17,산사태_사유림,충청남도,부여군,은산면,대양리,0.75
2022,307,2022-08-08~08-17,산사태_사유림,충청남도,부여군,은산면,거전리,1.62
2022,308,2022-08-08~08-17,산사태_사유림,충청남도,부여군,내산면,주암리,1.45
2022,309,2022-08-08~08-17,산사태_사유림,충청남도,부여군,은산면,나령리,0.39
2022,310,2022-08-08~08-17,산사태_사유림,충청남도,부여군,은산면,대양리,0.41
2022,311,2022-08-08~08-17,산사태_사유림,충청남도,부여군,외산면,화성리,0.4
2022,312,2022-08-08~08-17,산사태_사유림,충청남도,부여군,은산면,오번리,0.33
2022,313,2022-08-08~08-17,산사태_사유림,충청남도,부여군,외산면,화성리,0.35
2022,314,2022-08-08~08-17,산사태_사유림,충청남도,부여군,은산면,각대리,0.38
2022,315,2022-08-08~08-17,산사태_사유림,충청남도,부여군,외산면,화성리,0.28
2022,316,2022-08-08~08-17,산사태_사유림,충청남도,부여군,구룡면,현암리,0.25
2022,317,2022-08-08~08-17,산사태_사유림,충청남도,부여군,은산면,금공리,0.36
2022,318,2022-08-08~08-17,산사태_사유림,충청남도,부여군,은산면,가곡리,0.4
2022,319,2022-08-08~08-17,산사태_사유림,충청남도,부여군,은산면,가곡리,0.48
2022,320,2022-08-08~08-17,산사태_사유림,충청남도,부여군,은산면,거전리,0.34
2022,321,2022-08-08~08-17,산사태_사유림,충청남도,부여군,외산면,문신리,0.5
2022,322,2022-08-08~08-17,산사태_사유림,충청남도,부여군,은산면,가곡리,0.76
2022,323,2022-08-08~08-17,산사태_사유림,충청남도,부여군,외산면,화성리,0.79
2022,324,2022-08-08~08-17,산사태_사유림,충청남도,부여군,은산면,가곡리,0.85
2022,325,2022-08-08~08-17,산사태_사유림,충청남도,부여군,은산면,장벌리,0.96
2022,326,2022-08-08~08-17,산사태_사유림,충청남도,부여군,은산면,거전리,1
2022,327,2022-08-08~08-17,산사태_사유림,충청남도,부여군,은산면,경둔리,1.04
2022,328,2022-08-08~08-17,산사태_사유림,충청남도,부여군,외산면,비암리,0.89
2022,329,2022-08-08~08-17,산사태_사유림,충청남도,부여군,은산면,경둔리,1.32
2022,330,2022-08-08~08-17,산사태_사유림,충청남도,청양군,장평면,죽림리,1.1
2022,331,2022-08-08~08-17,산사태_사유림,충청남도,청양군,정산면,송학리,0.2
2022,332,2022-08-08~08-17,산사태_사유림,충청남도,청양군,청남면,대흥리,0.22
2022,333,2022-08-08~08-17,산사태_사유림,충청남도,청양군,장평면,화산리,0.4
2022,334,2022-08-08~08-17,산사태_사유림,충청남도,청양군,남양면,용마리,0.25
2022,335,2022-08-08~08-17,산사태_사유림,충청남도,청양군,대치면,구치리,0.2
2022,336,2022-08-08~08-17,산사태_사유림,충청남도,청양군,대치면,작천리,0.64
2022,337,2022-08-08~08-17,산사태_사유림,충청남도,청양군,남양면,온직리,0.5
2022,338,2022-08-08~08-17,산사태_사유림,충청남도,청양군,운곡면,신대리,0.6
2022,339,2022-08-08~08-17,산사태_사유림,충청남도,청양군,장평면,락지리,0.6
2022,340,2022-08-08~08-17,산사태_사유림,충청남도,청양군,장평면,지천리,0.54
2022,341,2022-08-08~08-17,산사태_사유림,충청남도,청양군,비봉면,신원리,0.06
2022,342,2022-08-08~08-17,산사태_사유림,충청남도,청양군,남양면,온직리,0.7
2022,343,2022-08-08~08-17,산사태_사유림,충청남도,청양군,장평면,화산리,0.6
2022,344,2022-08-08~08-17,산사태_사유림,충청남도,청양군,장평면,화산리,0.8
2022,345,2022-08-08~08-17,산사태_사유림,충청남도,청양군,대치면,개곡리,1.3
2022,346,2022-08-08~08-17,산사태_사유림,충청남도,청양군,장평면,지천리,0.9
2022,347,2022-08-08~08-17,산사태_사유림,충청남도,청양군,남양면,온직리,0.8
2022,348,2022-08-08~08-17,산사태_사유림,충청남도,청양군,장평면,죽림리,1.5
2022,349,2022-08-08~08-17,산사태_사유림,충청남도,청양군,장평면,화산리,1.7
2022,350,2022-08-08~08-17,산사태_사유림,충청남도,청양군,대치면,작천리,0.9
2022,351,2022-08-08~08-17,산사태_사유림,충청남도,청양군,장평면,죽림리,1.2
2022,352,2022-08-08~08-17,산사태_사유림,충청남도,청양군,장평면,죽림리,1.4
2022,353,2022-08-08~08-17,산사태_사유림,충청남도,청양군,장평면,지천리,0.8
2022,354,2022-08-08~08-17,산사태_사유림,충청남도,청양군,장평면,적곡리,2.4
2022,355,2022-08-08~08-17,산사태_사유림,충청남도,청양군,장평면,분향리,1.9
2022,356,2022-08-08~08-17,산사태_사유림,충청남도,청양군,남양면,봉암리,0.2
2022,357,2022-08-08~08-17,산사태_사유림,경기도,수원시,장안구 상광교동,,0.09
2022,358,2022-08-08~08-17,산사태_사유림,경기도,오산시,양산동,,0.35
2022,359,2022-08-08~08-17,산사태_지자체소유림,경기도,이천시,모가면,어농리,0.02
2022,360,2022-08-08~08-17,산사태_사유림,경기도,이천시,신둔면,지석리,0.02
2022,361,2022-08-19~08-20,산사태_국유림,충청남도,청양군,장평면,화산리,0.375
2022,362,2022-08-19~08-20,산사태_국유림,충청남도,옥천군,청산면,대성리,1
2022,363,제11호 태풍 '힌남노',산사태_국유림,강원도,춘천시,동면,품걸리,0.39
2022,364,제11호 태풍 '힌남노',산사태_사유림,강원도,원주시,지정면,월송리,0.18
2022,365,제11호 태풍 '힌남노',산사태_국유림,강원도,강릉시,왕산면,도마리,0.16
2022,366,제11호 태풍 '힌남노',산사태_국유림,강원도,강릉시,주문진읍,삼교리,0.14
2022,367,제11호 태풍 '힌남노',산사태_국유림,강원도,홍천군,화촌면,군업리,1.72
2022,368,제11호 태풍 '힌남노',산사태_국유림,강원도,홍천군,남면,유치리,0.3
2022,369,제11호 태풍 '힌남노',산사태_국유림,강원도,홍천군,서석면,수하리,0.65
2022,370,제11호 태풍 '힌남노',산사태_국유림,강원도,홍천군,두촌면,원동리,0.65
2022,371,제11호 태풍 '힌남노',산사태_국유림,강원도,양구군,양구읍,월명리,0.05
2022,372,제11호 태풍 '힌남노',산사태_국유림,강원도,인제군,인제읍,고사리,0.32
2022,373,제11호 태풍 '힌남노',산사태_사유림,강원도,인제군,상남면,상남리,0.23
2022,374,제11호 태풍 '힌남노',산사태_사유림,경기도,가평군,설악면,엄소리,0.2
2022,375,제11호 태풍 '힌남노',산사태_사유림,경기도,가평군,설악면,방일리,0.05
2022,376,제11호 태풍 '힌남노',산사태_사유림,울산광역시,울주군,상북면,소호리,0.2
2022,377,제11호 태풍 '힌남노',산사태_사유림,울산광역시,울주군,상북면,소호리,0.22
2022,378,제11호 태풍 '힌남노',산사태_사유림,울산광역시,울주군,두서면,내와리,0.2
2022,379,제11호 태풍 '힌남노',산사태_사유림,울산광역시,울주군,상북면,등억알프스리,0.2
2022,380,제11호 태풍 '힌남노',산사태_사유림,울산광역시,울주군,두서면,내와리,0.4
2022,381,제11호 태풍 '힌남노',산사태_사유림,울산광역시,울주군,상북면,소호리,0.2
2022,382,제11호 태풍 '힌남노',산사태_국유림,경상남도,함양군,병곡면,광평리,0.07
2022,383,제11호 태풍 '힌남노',산사태_국유림,경상남도,함양군,휴천면,월평리,1.99
2022,384,제11호 태풍 '힌남노',산사태_사유림,경상북도,경주시,황용동,,0.5
2022,385,제11호 태풍 '힌남노',산사태_사유림,경상북도,경주시,황용동,,0.2
2022,386,제11호 태풍 '힌남노',산사태_사유림,경상북도,경주시,황용동,,0.5
2022,387,제11호 태풍 '힌남노',산사태_사유림,경상북도,경주시,하동,,1
2022,388,제11호 태풍 '힌남노',산사태_사유림,경상북도,경주시,천북면,신당리,0.6
2022,389,제11호 태풍 '힌남노',산사태_사유림,경상북도,경주시,진현동,,1.1
2022,390,제11호 태풍 '힌남노',산사태_지자체소유림,경상북도,경주시,산내면,대현리,0.3
2022,391,제11호 태풍 '힌남노',산사태_사유림,경상북도,경주시,산내면,일부리,0.43
2022,392,제11호 태풍 '힌남노',산사태_사유림,경상북도,경주시,문무대왕면,장항리,1.11
2022,393,제11호 태풍 '힌남노',산사태_사유림,경상북도,경주시,문무대왕면,용동리,0.53
2022,394,제11호 태풍 '힌남노',산사태_사유림,경상북도,경주시,문무대왕면,용동리,0.63
2022,395,제11호 태풍 '힌남노',산사태_사유림,경상북도,경주시,문무대왕면,안동리,0.4
2022,396,제11호 태풍 '힌남노',산사태_사유림,경상북도,경주시,문무대왕면,범곡리,0.3
2022,397,제11호 태풍 '힌남노',산사태_사유림,경상북도,경주시,문무대왕면,권이리,0.75
2022,398,제11호 태풍 '힌남노',산사태_사유림,경상북도,경주시,문무대왕면,입천리,0.09
2022,399,제11호 태풍 '힌남노',산사태_사유림,경상북도,경주시,문무대왕면,용동리,0.25
2022,400,제11호 태풍 '힌남노',산사태_사유림,경상북도,경주시,내남면,안심리,0.52
2022,401,제11호 태풍 '힌남노',산사태_사유림,경상북도,경주시,건천읍,송선리,0.2
2022,402,제11호 태풍 '힌남노',산사태_사유림,경상북도,경주시,건천읍,모량리,0.38
2022,403,제11호 태풍 '힌남노',산사태_사유림,경상북도,경주시,강동면,국당리,0.55
2022,404,제11호 태풍 '힌남노',산사태_사유림,경상북도,김천시,조마면,장암리,0.24
2022,405,제11호 태풍 '힌남노',산사태_사유림,경상북도,김천시,구성면,미평리,0.36
2022,406,제11호 태풍 '힌남노',산사태_지자체소유림,경상북도,성주군,금수면,영천리,0.39
2022,407,제11호 태풍 '힌남노',산사태_사유림,경상북도,성주군,금수면,광산리,0.22
2022,408,제11호 태풍 '힌남노',산사태_사유림,경상북도,성주군,가천면,용사리,0.18
2022,409,제11호 태풍 '힌남노',산사태_사유림,경상북도,포항시 남구,호미곶면,대보리,0.11
2022,410,제11호 태풍 '힌남노',산사태_사유림,경상북도,포항시 남구,호동,,0.28
2022,411,제11호 태풍 '힌남노',산사태_사유림,경상북도,포항시 남구,장기면,산서리,0.08
2022,412,제11호 태풍 '힌남노',산사태_사유림,경상북도,포항시 남구,장흥동,,0.2
2022,413,제11호 태풍 '힌남노',산사태_사유림,경상북도,포항시 남구,장기면,정천리,0.32
2022,414,제11호 태풍 '힌남노',산사태_사유림,경상북도,포항시 남구,장기면,서촌리,0.43
2022,415,제11호 태풍 '힌남노',산사태_사유림,경상북도,포항시 남구,장기면,서촌리,0.15
2022,416,제11호 태풍 '힌남노',산사태_사유림,경상북도,포항시 남구,장기면,산서리,0.7
2022,417,제11호 태풍 '힌남노',산사태_사유림,경상북도,포항시 남구,장기면,대곡리,0.23
2022,418,제11호 태풍 '힌남노',산사태_사유림,경상북도,포항시 남구,오천읍,항사리,0.45
2022,419,제11호 태풍 '힌남노',산사태_사유림,경상북도,포항시 남구,오천읍,항사리,0.76
2022,420,제11호 태풍 '힌남노',산사태_사유림,경상북도,포항시 남구,오천읍,항사리,0.21
2022,421,제11호 태풍 '힌남노',산사태_지자체소유림,경상북도,포항시 남구,오천읍,진전리,1.09
2022,422,제11호 태풍 '힌남노',산사태_사유림,경상북도,포항시 남구,오천읍,원리,0.2
2022,423,제11호 태풍 '힌남노',산사태_사유림,경상북도,포항시 남구,연일읍,중명리,0.55
2022,424,제11호 태풍 '힌남노',산사태_사유림,경상북도,포항시 남구,연일읍,인주리,0.26
2022,425,제11호 태풍 '힌남노',산사태_사유림,경상북도,포항시 남구,연일읍,인주리,0.03
2022,426,제11호 태풍 '힌남노',산사태_사유림,경상북도,포항시 남구,연일읍,우복리,0.37
2022,427,제11호 태풍 '힌남노',산사태_사유림,경상북도,포항시 남구,연일읍 ,우복리,0.26
2022,428,제11호 태풍 '힌남노',산사태_사유림,경상북도,포항시 남구,연일읍,우복리,0.28
2022,429,제11호 태풍 '힌남노',산사태_사유림,경상북도,포항시 남구,동해면,중훙리,0.41
2022,430,제11호 태풍 '힌남노',산사태_사유림,경상북도,포항시 남구,동해면,상정리,0.7
2022,431,제11호 태풍 '힌남노',산사태_사유림,경상북도,포항시 남구,동해면,마산리,0.26
2022,432,제11호 태풍 '힌남노',산사태_사유림,경상북도,포항시 남구,대송면,홍계리,0.6
2022,433,제11호 태풍 '힌남노',산사태_사유림,경상북도,포항시 남구,대송면,홍계리,0.55
2022,434,제11호 태풍 '힌남노',산사태_사유림,경상북도,포항시 남구,대송면,홍계리,0.43
2022,435,제11호 태풍 '힌남노',산사태_사유림,경상북도,포항시 남구,대송면,홍계리,0.7
2022,436,제11호 태풍 '힌남노',산사태_사유림,경상북도,포항시 남구,대송면,홍계리,0.46
2022,437,제11호 태풍 '힌남노',산사태_사유림,경상북도,포항시 남구,대송면,장동리,0.45
2022,438,제11호 태풍 '힌남노',산사태_사유림,경상북도,포항시 남구,대송면,장동리,0.21
2022,439,제11호 태풍 '힌남노',산사태_사유림,경상북도,포항시 남구,대송면,산여리,1.38
2022,440,제11호 태풍 '힌남노',산사태_사유림,경상북도,포항시 남구,대송면,대각리,0.06
2022,441,제11호 태풍 '힌남노',산사태_사유림,경상북도,포항시 남구,대송면,대각리,0.26
2022,442,제11호 태풍 '힌남노',산사태_사유림,경상북도,포항시 남구,대송면,대각리,0.14
2022,443,제11호 태풍 '힌남노',산사태_사유림,경상북도,포항시 남구,대송면,남성리,0.12
2022,444,제11호 태풍 '힌남노',산사태_사유림,경상북도,포항시 남구,대송면,공수리,0.12
2022,445,제11호 태풍 '힌남노',산사태_사유림,경상북도,포항시 남구,구룡포읍,후동리,0.06
2022,446,제11호 태풍 '힌남노',산사태_사유림,경상북도,포항시 남구,구룡포읍,후동리,0.06
2022,447,제11호 태풍 '힌남노',산사태_사유림,경상북도,포항시 남구,구룡포읍,성동리,0.08
2022,448,제11호 태풍 '힌남노',산사태_사유림,경상북도,포항시 남구,구룡포읍,삼정리,0.09
2022,449,제11호 태풍 '힌남노',산사태_사유림,경상북도,포항시 남구,구룡포읍,삼정리,0.08
2022,450,제11호 태풍 '힌남노',산사태_사유림,경상북도,포항시 남구,구룡포읍,병포리,0.08
2022,451,제11호 태풍 '힌남노',산사태_사유림,경상북도,포항시 남구,구룡포읍,병포리,0.15
2022,452,제11호 태풍 '힌남노',산사태_사유림,경상북도,포항시 남구,구룡포읍,눌태리,0.21
2022,453,제11호 태풍 '힌남노',산사태_사유림,경상북도,포항시 남구,구룡포읍,구룡포리,0.14
2022,454,제11호 태풍 '힌남노',산사태_사유림,경상북도,포항시 남구,구룡포읍,눌태리,0.03
2022,455,제11호 태풍 '힌남노',산사태_사유림,경상북도,포항시 남구,구룡포읍 ,구룡포리,0.08
2022,456,제11호 태풍 '힌남노',산사태_사유림,경상북도,포항시 남구,구룡포읍,구평리,0.05
2022,457,제11호 태풍 '힌남노',산사태_사유림,제주시,한경면,고산리,,0.2
2023,1,2023-05-04~05-06 호우,산사태_국유림,경상북도,영양군,일월면,용화리,0.2
2023,2,2023-05-04~05-06 호우,산사태_국유림,강원특별자치도,횡성군,갑천면,병지방리,0.54
2023,3,2023-07-09~07-19 호우,산사태_공유림,강원특별자치도,원주시,신림면,황둔리,3.55
2023,4,2023-07-09~07-19 호우,산사태_사유림,강원특별자치도,원주시,신림면,황둔리,0.17
2023,5,2023-07-09~07-19 호우,산사태_사유림,강원특별자치도,원주시,신림면,황둔리,0.8
2023,6,2023-07-09~07-19 호우,산사태_사유림,강원특별자치도,원주시,신림면,금창리,0.08
2023,7,2023-07-09~07-19 호우,산사태_사유림,강원특별자치도,원주시,귀래면,운남리,0.59
2023,8,2023-07-09~07-19 호우,산사태_사유림,강원특별자치도,원주시,귀래면,귀래리,0.35
2023,9,2023-07-09~07-19 호우,산사태_사유림,강원특별자치도,원주시,귀래면,주포리,0.18
2023,10,2023-07-09~07-19 호우,산사태_공유림,강원특별자치도,원주시,흥업면,매지리,0.3
2023,11,2023-07-09~07-19 호우,산사태_사유림,강원특별자치도,영월군,산솔면,녹전리,0.08
2023,12,2023-07-09~07-19 호우,산사태_사유림,강원특별자치도,영월군,김삿갓면,내리,0.03
2023,13,2023-07-09~07-19 호우,산사태_사유림,강원특별자치도,영월군,영월읍,삼옥리,0.24
2023,14,2023-07-09~07-19 호우,산사태_군유림,강원특별자치도,영월군,상동읍,내덕리,0.07
2023,15,2023-07-09~07-19 호우,산사태_국유림,강원특별자치도,홍천군,남면,유치리,0.39
2023,16,2023-07-09~07-19 호우,산사태_국유림,강원특별자치도,홍천군,서석면,생곡리,0.19
2023,17,2023-07-09~07-19 호우,산사태_국유림,강원특별자치도,원주시,판부면,서곡리,0.2
2023,18,2023-07-09~07-19 호우,산사태_국유림,강원특별자치도,원주시,흥업면,매지리,0.67
2023,19,2023-07-09~07-19 호우,산사태_국유림,강원특별자치도,원주시,귀래면,운계리,0.33
2023,20,2023-07-09~07-19 호우,산사태_국유림,강원특별자치도,원주시,귀래면,운남리,0.77
2023,21,2023-07-09~07-19 호우,산사태_국유림,강원특별자치도,영월군,무릉도원면,두산리,0.71
2023,22,2023-07-09~07-19 호우,산사태_국유림,강원특별자치도,영월군,주천면,판운리,0.7
2023,23,2023-07-09~07-19 호우,산사태_국유림,강원특별자치도,영월군,무릉도원면,법흥리,0.65
2023,24,2023-07-09~07-19 호우,산사태_국유림,강원특별자치도,영월군,상동읍,내덕리,0.49
2023,25,2023-07-09~07-19 호우,산사태_국유림,강원특별자치도,영월군,산솔면,화원리,0.46
2023,26,2023-07-09~07-19 호우,산사태_국유림,강원특별자치도,영월군,김삿갓면,내리,0.25
2023,27,2023-07-09~07-19 호우,산사태_국유림,강원특별자치도,영월군,김삿갓면,주문리,0.25
2023,28,2023-07-09~07-19 호우,산사태_국유림,강원특별자치도,영월군,상동읍,천평리,0.22
2023,29,2023-07-09~07-19 호우,산사태_국유림,강원특별자치도,영월군,상동읍,구래리,0.18
2023,30,2023-07-09~07-19 호우,산사태_국유림,강원특별자치도,영월군,산솔면,직동리,0.16
2023,31,2023-07-09~07-19 호우,산사태_국유림,강원특별자치도,영월군,상동읍,덕구리,0.15
2023,32,2023-07-09~07-19 호우,산사태_국유림,강원특별자치도,양구군,방산면,고방산리,0.14
2023,33,2023-07-09~07-19 호우,산사태_국유림,전라남도,화순군,이양면,장치리,0.46
2023,34,2023-07-09~07-19 호우,산사태_국유림,경상남도,함양군,함양읍,죽림리,0.22
2023,35,2023-07-09~07-19 호우,산사태_국유림,경상남도,합천군,가야면,이천리,0.3
2023,36,2023-07-09~07-19 호우,산사태_국유림,전라북도,완주군,운주면,구제리,0.68
2023,37,2023-07-09~07-19 호우,산사태_국유림,전라북도,완주군,소양면,대흥리,0.17
2023,38,2023-07-09~07-19 호우,산사태_국유림,전라북도,완주군,동상면,사봉리,0.2
2023,39,2023-07-09~07-19 호우,산사태_국유림,전라북도,무주군,무풍면,철목리,0.3
2023,40,2023-07-09~07-19 호우,산사태_국유림,전라북도,임실군,삼계면,학정리,0.04
2023,41,2023-07-09~07-19 호우,산사태_국유림,전라북도,장수군,번암면,동화리,0.34
2023,42,2023-07-09~07-19 호우,산사태_국유림,전라북도,진안군,부귀면,궁항리,0.13
2023,43,2023-07-09~07-19 호우,산사태_사유림,경상남도,창원시 진해구,용원동,,0.1
2023,44,2023-07-09~07-19 호우,산사태_사유림,경상남도,진주시,진성면,동산리,0.1
2023,45,2023-07-09~07-19 호우,산사태_사유림,경상남도,통영시,도산면,법송리,0.18
2023,46,2023-07-09~07-19 호우,산사태_사유림,경상남도,통영시,용남면,원평리,0.23
2023,47,2023-07-09~07-19 호우,산사태_사유림,경상남도,통영시,한산면,매죽리,0.67
2023,48,2023-07-09~07-19 호우,산사태_사유림,경상남도,사천시,곤명면,연평리,0.5
2023,49,2023-07-09~07-19 호우,산사태_사유림,경상남도,김해시,생림면,마사리,0.1
2023,50,2023-07-09~07-19 호우,산사태_사유림,경상남도,함안군,가야읍,묘사리,0.05
2023,51,2023-07-09~07-19 호우,산사태_사유림,경상남도,남해군,삼동면,영지리,0.11
2023,52,2023-07-09~07-19 호우,산사태_사유림,경상남도,산청군,차황면,법평리,1.65
2023,53,2023-07-09~07-19 호우,산사태_사유림,경상남도,거창군,거창읍,동변리,0.16
2023,54,2023-07-09~07-19 호우,산사태_사유림,경상남도,거창군,주상면,성기리,0.17
2023,55,2023-07-09~07-19 호우,산사태_사유림,경상남도,거창군,신원면,수원리,0.3
2023,56,2023-07-09~07-19 호우,산사태_사유림,경상남도,거창군,남상면,무촌리,1
2023,57,2023-07-09~07-19 호우,산사태_사유림,경상남도,거창군,가북면,해평리,0.8
2023,58,2023-07-09~07-19 호우,산사태_사유림,경상남도,합천군,묘산면,산제리,0.8
2023,59,2023-07-09~07-19 호우,산사태_사유림,전라남도,광양시,옥룡면,용곡리,0.08
2023,60,2023-07-09~07-19 호우,산사태_사유림,전라남도,광양시,황금동,,0.24
2023,61,2023-07-09~07-19 호우,산사태_사유림,전라남도,담양군,무정면,평지리,2.9
2023,62,2023-07-09~07-19 호우,산사태_사유림,전라남도,구례군,산동면,좌사리,0.39
2023,63,2023-07-09~07-19 호우,산사태_사유림,전라북도,군산시,서수면,축동리,1.36
2023,64,2023-07-09~07-19 호우,산사태_사유림,전라북도,군산시,임피면,축산리,0.2
2023,65,2023-07-09~07-19 호우,산사태_사유림,전라북도,군산시,대야면,죽산리,0.64
2023,66,2023-07-09~07-19 호우,산사태_사유림,전라북도,군산시,옥구읍,옥정리,0.45
2023,67,2023-07-09~07-19 호우,산사태_사유림,전라북도,군산시,나포면,부곡리,0.54
2023,68,2023-07-09~07-19 호우,산사태_사유림,전라북도,군산시,성산면,둔덕리,0.53
2023,69,2023-07-09~07-19 호우,산사태_사유림,전라북도,군산시,구암동,,0.24
2023,70,2023-07-09~07-19 호우,산사태_사유림,전라북도,군산시,개정면,통사리,0.28
2023,71,2023-07-09~07-19 호우,산사태_사유림,전라북도,군산시,옥산면,옥산리,0.31
2023,72,2023-07-09~07-19 호우,산사태_사유림,전라북도,익산시,여산면,태성리,1.75
2023,73,2023-07-09~07-19 호우,산사태_사유림,전라북도,익산시,왕궁면,용화리,0.34
2023,74,2023-07-09~07-19 호우,산사태_사유림,전라북도,남원시,이백면,평촌리,0.38
2023,75,2023-07-09~07-19 호우,산사태_사유림,전라북도,완주군,봉동읍,제내리,0.39
2023,76,2023-07-09~07-19 호우,산사태_사유림,전라북도,완주군,화산면,문곡리,0.99
2023,77,2023-07-09~07-19 호우,산사태_사유림,전라북도,완주군,비봉면,이전리,0.37
2023,78,2023-07-09~07-19 호우,산사태_사유림,전라북도,진안군,백운면,노촌리,0.68
2023,79,2023-07-09~07-19 호우,산사태_사유림,전라북도,무주군,적상면,삼유리,0.27
2023,80,2023-07-09~07-19 호우,산사태_사유림,전라북도,무주군,안성면,죽천리,0.24
2023,81,2023-07-09~07-19 호우,산사태_사유림,전라북도,장수군,천천면,장판리,0.34
2023,82,2023-07-09~07-19 호우,산사태_사유림,전라북도,장수군,산서면,오산리,0.37
2023,83,2023-07-09~07-19 호우,산사태_사유림,전라북도,장수군,장수읍,두산리,0.24
2023,84,2023-07-09~07-19 호우,산사태_사유림,전라북도,임실군,청웅면,청계리,0.65
2023,85,2023-07-09~07-19 호우,산사태_사유림,전라북도,임실군,삼계면,삼계리,0.24
2023,86,2023-07-09~07-19 호우,산사태_사유림,전라북도,임실군,임실읍,신정리,0.26
2023,87,2023-07-09~07-19 호우,산사태_사유림,전라북도,부안군,변산면,격포리,0.2
2023,88,2023-07-09~07-19 호우,산사태_사유림,전라북도,부안군,보안면,우동리,0.3
2023,89,2023-07-09~07-19 호우,산사태_사유림,전라북도,부안군,주산면,소산리,0.33
2023,90,2023-07-09~07-19 호우,산사태_국유림,세종특별자치시,세종시, 연서면 ,쌍류리,0.2
2023,91,2023-07-09~07-19 호우,산사태_지자체소유림,세종특별자치시,세종시,부강면,문곡리,0.21
2023,92,2023-07-09~07-19 호우,산사태_사유림,세종특별자치시,세종시,장군면,송학리,1.37
2023,93,2023-07-09~07-19 호우,산사태_사유림,세종특별자치시,세종시,금남면,원봉리,0.3
2023,94,2023-07-09~07-19 호우,산사태_사유림,세종특별자치시,세종시,금남면,성덕리,0.2
2023,95,2023-07-09~07-19 호우,산사태_사유림,세종특별자치시,세종시,금남면,부용리 ,0.3
2023,96,2023-07-09~07-19 호우,산사태_사유림,세종특별자치시,세종시,장군면,은용리,0.28
2023,97,2023-07-09~07-19 호우,산사태_사유림,세종특별자치시,세종시,연동면,명학리,0.26
2023,98,2023-07-09~07-19 호우,산사태_사유림,세종특별자치시,세종시,금남면,부용리,2
2023,99,2023-07-09~07-19 호우,산사태_사유림,세종특별자치시,세종시,장군면,대교리,0.2
2023,100,2023-07-09~07-19 호우,산사태_사유림,세종특별자치시,세종시,연서면,쌍전리,0.21
2023,101,2023-07-09~07-19 호우,산사태_사유림,세종특별자치시,세종시,장군면,금암리,0.55
2023,102,2023-07-09~07-19 호우,산사태_사유림,대전광역시,중구,대사동,,0.2
2023,103,2023-07-09~07-19 호우,산사태_국유림,대전광역시,서구,장안동,,0.16
2023,104,2023-07-09~07-19 호우,산사태_사유림,대전광역시,유성구,반석동,,0.1
2023,105,2023-07-09~07-19 호우,산사태_사유림,대전광역시,유성구,금탄동,,0.23
2023,106,2023-07-09~07-19 호우,산사태_사유림,충청남도,천안시,동남구 동면,구도리,0.1
2023,107,2023-07-09~07-19 호우,산사태_사유림,충청남도,천안시,동남구 광덕면,원덕리,0.25
2023,108,2023-07-09~07-19 호우,산사태_사유림,충청남도,천안시,동남구 광덕면,광덕리,0.3
2023,109,2023-07-09~07-19 호우,산사태_사유림,충청남도,공주시,사곡면,회학리,1.58
2023,110,2023-07-09~07-19 호우,산사태_사유림,충청남도,공주시,계룡면,화은리,1.28
2023,111,2023-07-09~07-19 호우,산사태_사유림,충청남도,공주시,계룡면,화은리,0.65
2023,112,2023-07-09~07-19 호우,산사태_사유림,충청남도,공주시,우성면,한천리,0.2
2023,113,2023-07-09~07-19 호우,산사태_사유림,충청남도,공주시,유구읍,문금리,0.62
2023,114,2023-07-09~07-19 호우,산사태_사유림,충청남도,공주시,신기동,,0.6
2023,115,2023-07-09~07-19 호우,산사태_사유림,충청남도,공주시,정안면,쌍달리,0.21
2023,116,2023-07-09~07-19 호우,산사태_사유림,충청남도,공주시,신풍면,청흥리,0.57
2023,117,2023-07-09~07-19 호우,산사태_사유림,충청남도,공주시,사곡면,대중리,0.55
2023,118,2023-07-09~07-19 호우,산사태_사유림,충청남도,공주시,오곡동,,0.5
2023,119,2023-07-09~07-19 호우,산사태_사유림,충청남도,보령시,성주면,개화리,0.04
2023,120,2023-07-09~07-19 호우,산사태_사유림,충청남도,보령시,화산동,,0.14
2023,121,2023-07-09~07-19 호우,산사태_사유림,충청남도,보령시,남포면,양항리,0.09
2023,122,2023-07-09~07-19 호우,산사태_사유림,충청남도,보령시,주교면,은포리,0.2
2023,123,2023-07-09~07-19 호우,산사태_사유림,충청남도,보령시,주산면,삼곡리,0.24
2023,124,2023-07-09~07-19 호우,산사태_사유림,충청남도,보령시,청라면,의평리,0.51
2023,125,2023-07-09~07-19 호우,산사태_사유림,충청남도,보령시,웅천읍,두룡리,0.45
2023,126,2023-07-09~07-19 호우,산사태_사유림,충청남도,보령시,미산면,도화담리,0.31
2023,127,2023-07-09~07-19 호우,산사태_사유림,충청남도,보령시,청라면,향천리,0.5
2023,128,2023-07-09~07-19 호우,산사태_사유림,충청남도,논산시,양촌면,임화리,0.29
2023,129,2023-07-09~07-19 호우,산사태_사유림,충청남도,논산시,양촌면,임화리,0.6
2023,130,2023-07-09~07-19 호우,산사태_사유림,충청남도,논산시,가야곡면,강청리,0.47
2023,131,2023-07-09~07-19 호우,산사태_사유림,충청남도,논산시,가야곡면,양촌리,0.45
2023,132,2023-07-09~07-19 호우,산사태_사유림,충청남도,논산시,가야곡면,삼전리,0.26
2023,133,2023-07-09~07-19 호우,산사태_사유림,충청남도,논산시,양촌면,중산리,0.23
2023,134,2023-07-09~07-19 호우,산사태_사유림,충청남도,논산시,양촌면,반곡리,0.28
2023,135,2023-07-09~07-19 호우,산사태_사유림,충청남도,논산시,양촌면,중산리,0.25
2023,136,2023-07-09~07-19 호우,산사태_사유림,충청남도,논산시,양촌면,산직리,0.22
2023,137,2023-07-09~07-19 호우,산사태_사유림,충청남도,논산시,노성면,화곡리,0.33
2023,138,2023-07-09~07-19 호우,산사태_사유림,충청남도,논산시,벌곡면,사정리,0.28
2023,139,2023-07-09~07-19 호우,산사태_사유림,충청남도,논산시,양촌면,모촌리,0.24
2023,140,2023-07-09~07-19 호우,산사태_사유림,충청남도,논산시,양촌면,중산리,0.37
2023,141,2023-07-09~07-19 호우,산사태_사유림,충청남도,논산시,연무읍,소룡리,0.21
2023,142,2023-07-09~07-19 호우,산사태_사유림,충청남도,논산시,양촌면,산직리,0.23
2023,143,2023-07-09~07-19 호우,산사태_사유림,충청남도,논산시,양촌면,오산리,0.34
2023,144,2023-07-09~07-19 호우,산사태_사유림,충청남도,논산시,가야곡면,삼전리,0.54
2023,145,2023-07-09~07-19 호우,산사태_사유림,충청남도,논산시,벌곡면,대덕리,0.37
2023,146,2023-07-09~07-19 호우,산사태_사유림,충청남도,논산시,연무읍,고내리,0.49
2023,147,2023-07-09~07-19 호우,산사태_사유림,충청남도,논산시,양촌면,반암리,0.21
2023,148,2023-07-09~07-19 호우,산사태_사유림,충청남도,논산시,가야곡면,삼전리,1.27
2023,149,2023-07-09~07-19 호우,산사태_사유림,충청남도,논산시,연무읍,고내리,1.2
2023,150,2023-07-09~07-19 호우,산사태_사유림,충청남도,논산시,양촌면,중산리,1.2
2023,151,2023-07-09~07-19 호우,산사태_사유림,충청남도,논산시,가야곡면,삼전리,0.71
2023,152,2023-07-09~07-19 호우,산사태_사유림,충청남도,논산시,양촌면,석서리,0.45
2023,153,2023-07-09~07-19 호우,산사태_사유림,충청남도,논산시,양촌면,석서리,0.96
2023,154,2023-07-09~07-19 호우,산사태_사유림,충청남도,논산시,양촌면,남산리,0.6
2023,155,2023-07-09~07-19 호우,산사태_사유림,충청남도,논산시,가야곡면,양촌리,0.93
2023,156,2023-07-09~07-19 호우,산사태_사유림,충청남도,논산시,가야곡면,야촌리,0.5
2023,157,2023-07-09~07-19 호우,산사태_사유림,충청남도,논산시,연산면,관동리,0.44
2023,158,2023-07-09~07-19 호우,산사태_사유림,충청남도,금산군,군북면,보광리,1.79
2023,159,2023-07-09~07-19 호우,산사태_사유림,충청남도,금산군,군북면,산안리,1.19
2023,160,2023-07-09~07-19 호우,산사태_사유림,충청남도,금산군,군북면,상곡리,0.46
2023,161,2023-07-09~07-19 호우,산사태_사유림,충청남도,금산군,남일면,신천리,0.63
2023,162,2023-07-09~07-19 호우,산사태_사유림,충청남도,금산군,진산면,읍내리,0.28
2023,163,2023-07-09~07-19 호우,산사태_사유림,충청남도,금산군,진산면,지방리,0.2
2023,164,2023-07-09~07-19 호우,산사태_사유림,충청남도,금산군,복수면,신대리,0.2
2023,165,2023-07-09~07-19 호우,산사태_사유림,충청남도,부여군,초촌면,세탑리,0.35
2023,166,2023-07-09~07-19 호우,산사태_사유림,충청남도,부여군,충화면,충남리,0.25
2023,167,2023-07-09~07-19 호우,산사태_사유림,충청남도,부여군,외산면,가덕리,0.23
2023,168,2023-07-09~07-19 호우,산사태_사유림,충청남도,부여군,장암면,석동리,0.27
2023,169,2023-07-09~07-19 호우,산사태_사유림,충청남도,부여군,은산면,대양리,0.31
2023,170,2023-07-09~07-19 호우,산사태_사유림,충청남도,부여군,은산면,대양리,0.24
2023,171,2023-07-09~07-19 호우,산사태_사유림,충청남도,부여군,은산면,가중리,0.36
2023,172,2023-07-09~07-19 호우,산사태_사유림,충청남도,부여군,내산면,금지리,0.41
2023,173,2023-07-09~07-19 호우,산사태_사유림,충청남도,부여군,부여읍,신정리,0.22
2023,174,2023-07-09~07-19 호우,산사태_사유림,충청남도,부여군,은산면,회곡리,0.2
2023,175,2023-07-09~07-19 호우,산사태_사유림,충청남도,부여군,은산면,각대리,0.33
2023,176,2023-07-09~07-19 호우,산사태_사유림,충청남도,부여군,은산면,합수리,0.24
2023,177,2023-07-09~07-19 호우,산사태_사유림,충청남도,부여군,내산면,금지리,0.27
2023,178,2023-07-09~07-19 호우,산사태_사유림,충청남도,부여군,은산면,가곡리,0.29
2023,179,2023-07-09~07-19 호우,산사태_사유림,충청남도,부여군,남면,회동리,0.98
2023,180,2023-07-09~07-19 호우,산사태_사유림,충청남도,부여군,내산면,금지리,0.53
2023,181,2023-07-09~07-19 호우,산사태_사유림,충청남도,부여군,구룡면,현암리,0.23
2023,182,2023-07-09~07-19 호우,산사태_사유림,충청남도,부여군,은산면,홍산리,0.2
2023,183,2023-07-09~07-19 호우,산사태_사유림,충청남도,부여군,은산면,홍산리,0.5
2023,184,2023-07-09~07-19 호우,산사태_사유림,충청남도,부여군,은산면,거전리,0.2
2023,185,2023-07-09~07-19 호우,산사태_사유림,충청남도,부여군,은산면,경둔리,0.39
2023,186,2023-07-09~07-19 호우,산사태_사유림,충청남도,서천군,판교면,등고리,0.03
2023,187,2023-07-09~07-19 호우,산사태_사유림,충청남도,서천군,마산면,안당리,0.22
2023,188,2023-07-09~07-19 호우,산사태_사유림,충청남도,서천군,문산면,지원리,0.29
2023,189,2023-07-09~07-19 호우,산사태_사유림,충청남도,서천군,화양면,옥포리 ,0.2
2023,190,2023-07-09~07-19 호우,산사태_사유림,충청남도,청양군,정산면,대박리,2.4
2023,191,2023-07-09~07-19 호우,산사태_사유림,충청남도,청양군,정산면,백곡리,0.9
2023,192,2023-07-09~07-19 호우,산사태_사유림,충청남도,청양군,정산면,해남리,0.4
2023,193,2023-07-09~07-19 호우,산사태_사유림,충청남도,청양군,청양읍,정좌리,0.35
2023,194,2023-07-09~07-19 호우,산사태_사유림,충청남도,청양군,장평면,은곡리,0.35
2023,195,2023-07-09~07-19 호우,산사태_사유림,충청남도,예산군,신양면,차동리,1.1
2023,196,2023-07-09~07-19 호우,산사태_사유림,충청남도,예산군,대술면,마전리,1.05
2023,197,2023-07-09~07-19 호우,산사태_사유림,충청남도,예산군,신양면,녹문리,0.35
2023,198,2023-07-09~07-19 호우,산사태_사유림,충청남도,예산군,광시면,구례리,0.2
2023,199,2023-07-09~07-19 호우,산사태_사유림,충청남도,예산군,응봉면,신리,0.12
2023,200,2023-07-09~07-19 호우,산사태_사유림,충청남도,예산군,대술면,이티리,0.03
2023,201,2023-07-09~07-19 호우,산사태_사유림,충청남도,예산군,신양면,여래미리,0.03
2023,202,2023-07-09~07-19 호우,산사태_지자체소유림,충청남도,공주시,금학동,,1.03
2023,203,2023-07-09~07-19 호우,산사태_지자체소유림,충청남도,공주시,금학동,,0.76
2023,204,2023-07-09~07-19 호우,산사태_지자체소유림,충청남도,보령시,성주면,성주리,0.33
2023,205,2023-07-09~07-19 호우,산사태_국유림,충청남도,공주시,의당면,중흥리,0.27
2023,206,2023-07-09~07-19 호우,산사태_국유림,충청남도,공주시,쌍신동,,0.33
2023,207,2023-07-09~07-19 호우,산사태_국유림,충청남도,공주시,정안면,산성리,1.06
2023,208,2023-07-09~07-19 호우,산사태_국유림,충청남도,공주시,정안면,고성리,0.25
2023,209,2023-07-09~07-19 호우,산사태_국유림,충청남도,공주시,신풍면,쌍대리,0.4
2023,210,2023-07-09~07-19 호우,산사태_국유림,충청남도,공주시,사곡면,회학리,1.96
2023,211,2023-07-09~07-19 호우,산사태_국유림,충청남도,보령시,성주면,개화리,0.3
2023,212,2023-07-09~07-19 호우,산사태_국유림,충청남도,아산시,배방읍,수철리,0.02
2023,213,2023-07-09~07-19 호우,산사태_국유림,충청남도,논산시,가야곡면,육곡리,0.15
2023,214,2023-07-09~07-19 호우,산사태_국유림,충청남도,논산시,양촌면,중산리,2.38
2023,215,2023-07-09~07-19 호우,산사태_국유림,충청남도,금산군,진산면,막현리,0.02
2023,216,2023-07-09~07-19 호우,산사태_국유림,충청남도,부여군,은산면,나령리,0.23
2023,217,2023-07-09~07-19 호우,산사태_국유림,충청남도,부여군,구룡면,현암리,0.2
2023,218,2023-07-09~07-19 호우,산사태_국유림,충청남도,청양군,비봉면,관산리,0.03
2023,219,2023-07-09~07-19 호우,산사태_국유림,충청남도,청양군,청양읍,학당리,0.12
2023,220,2023-07-09~07-19 호우,산사태_국유림,충청남도,예산군,예산읍,관작리,0.03
2023,221,2023-07-09~07-19 호우,산사태_지자체소유림,충청북도,청주시,상당구,,0.04
2023,222,2023-07-09~07-19 호우,산사태_지자체소유림,충청북도,청주시,상당구,미원리,0.9
2023,223,2023-07-09~07-19 호우,산사태_지자체소유림,충청북도,청주시,상당구,관정리,0.01
2023,224,2023-07-09~07-19 호우,산사태_지자체소유림,충청북도,청주시,상당구,신대리,0.33
2023,225,2023-07-09~07-19 호우,산사태_사유림,충청북도,청주시,상당구,중리,0.01
2023,226,2023-07-09~07-19 호우,산사태_사유림,충청북도,청주시,상당구,갈산리,0.01
2023,227,2023-07-09~07-19 호우,산사태_사유림,충청북도,청주시,상당구,인경리,0.01
2023,228,2023-07-09~07-19 호우,산사태_사유림,충청북도,청주시,청원구,,0.003
2023,229,2023-07-09~07-19 호우,산사태_사유림,충청북도,청주시,상당구,대신리,0.01
2023,230,2023-07-09~07-19 호우,산사태_사유림,충청북도,청주시,상당구,기암리,0.01
2023,231,2023-07-09~07-19 호우,산사태_사유림,충청북도,청주시,상당구,종암리,0.01
2023,232,2023-07-09~07-19 호우,산사태_사유림,충청북도,청주시,청원구,선암리,0.002
2023,233,2023-07-09~07-19 호우,산사태_사유림,충청북도,청주시,상당구,두산리,0.001
2023,234,2023-07-09~07-19 호우,산사태_사유림,충청북도,청주시,상당구,화창리,0.02
2023,235,2023-07-09~07-19 호우,산사태_사유림,충청북도,청주시,서원구,문동리,0.01
2023,236,2023-07-09~07-19 호우,산사태_사유림,충청북도,청주시,서원구,문동리,0.02
2023,237,2023-07-09~07-19 호우,산사태_사유림,충청북도,청주시,상당구,어암리,0.04
2023,238,2023-07-09~07-19 호우,산사태_사유림,충청북도,청주시,청원구,구룡리,0.04
2023,239,2023-07-09~07-19 호우,산사태_사유림,충청북도,청주시,서원구,상발리,0.01
2023,240,2023-07-09~07-19 호우,산사태_사유림,충청북도,청주시,상당구,지산리,0.03
2023,241,2023-07-09~07-19 호우,산사태_사유림,충청북도,청주시,상당구,지산리,0.03
2023,242,2023-07-09~07-19 호우,산사태_사유림,충청북도,청주시,상당구,미원리,0.01
2023,243,2023-07-09~07-19 호우,산사태_사유림,충청북도,청주시,상당구,가양리,0.02
2023,244,2023-07-09~07-19 호우,산사태_사유림,충청북도,청주시,상당구,가양리,0.02
2023,245,2023-07-09~07-19 호우,산사태_사유림,충청북도,청주시,상당구,가양리,0.02
2023,246,2023-07-09~07-19 호우,산사태_사유림,충청북도,청주시,상당구,운암리,0.03
2023,247,2023-07-09~07-19 호우,산사태_사유림,충청북도,청주시,상당구,기암리,0.03
2023,248,2023-07-09~07-19 호우,산사태_사유림,충청북도,청주시,상당구,호정리,0.01
2023,249,2023-07-09~07-19 호우,산사태_사유림,충청북도,청주시,상당구,성대리,0.03
2023,250,2023-07-09~07-19 호우,산사태_사유림,충청북도,청주시,상당구,대신리,0.01
2023,251,2023-07-09~07-19 호우,산사태_사유림,충청북도,청주시,상당구,계원리,0.03
2023,252,2023-07-09~07-19 호우,산사태_사유림,충청북도,청주시,상당구,월용리,0.03
2023,253,2023-07-09~07-19 호우,산사태_사유림,충청북도,청주시,상당구,어암리,0.01
2023,254,2023-07-09~07-19 호우,산사태_사유림,충청북도,청주시,상당구,중리,0.03
2023,255,2023-07-09~07-19 호우,산사태_사유림,충청북도,청주시,흥덕구,태성리,0.03
2023,256,2023-07-09~07-19 호우,산사태_사유림,충청북도,청주시,상당구,기암리,0.02
2023,257,2023-07-09~07-19 호우,산사태_사유림,충청북도,청주시,상당구,대신리,0.02
2023,258,2023-07-09~07-19 호우,산사태_사유림,충청북도,청주시,상당구,운암리,0.02
2023,259,2023-07-09~07-19 호우,산사태_사유림,충청북도,청주시,상당구,중리,0.06
2023,260,2023-07-09~07-19 호우,산사태_사유림,충청북도,청주시,서원구,대련리,0.49
2023,261,2023-07-09~07-19 호우,산사태_사유림,충청북도,청주시,상당구,가중리,0.06
2023,262,2023-07-09~07-19 호우,산사태_사유림,충청북도,청주시,상당구,귀래리,0.02
2023,263,2023-07-09~07-19 호우,산사태_사유림,충청북도,청주시,상당구,호정리,0.42
2023,264,2023-07-09~07-19 호우,산사태_사유림,충청북도,청주시,서원구,석판리,0.05
2023,265,2023-07-09~07-19 호우,산사태_사유림,충청북도,청주시,서원구,구암리,0.05
2023,266,2023-07-09~07-19 호우,산사태_사유림,충청북도,청주시,청원구,호명리,0.05
2023,267,2023-07-09~07-19 호우,산사태_사유림,충청북도,청주시,상당구,송암리,0.37
2023,268,2023-07-09~07-19 호우,산사태_사유림,충청북도,청주시,서원구,산막리,0.05
2023,269,2023-07-09~07-19 호우,산사태_사유림,충청북도,청주시,상당구,현암리,0.04
2023,270,2023-07-09~07-19 호우,산사태_사유림,충청북도,청주시,상당구,추정리,0.41
2023,271,2023-07-09~07-19 호우,산사태_사유림,충청북도,청주시,청원구,우산리,0.98
2023,272,2023-07-09~07-19 호우,산사태_사유림,충청북도,청주시,서원구,갈원리,0.08
2023,273,2023-07-09~07-19 호우,산사태_사유림,충청북도,청주시,상당구,종암리,0.07
2023,274,2023-07-09~07-19 호우,산사태_사유림,충청북도,청주시,상당구,내암리,2.74
2023,275,2023-07-09~07-19 호우,산사태_사유림,충청북도,청주시,상당구,중리,0.1
2023,276,2023-07-09~07-19 호우,산사태_사유림,충청북도,청주시,상당구,종암리,0.1
2023,277,2023-07-09~07-19 호우,산사태_사유림,충청북도,청주시,상당구,남계리,0.47
2023,278,2023-07-09~07-19 호우,산사태_사유림,충청북도,청주시,흥덕구,국사리,0.46
2023,279,2023-07-09~07-19 호우,산사태_사유림,충청북도,청주시,상당구,미원리,0.12
2023,280,2023-07-09~07-19 호우,산사태_사유림,충청북도,청주시,흥덕구,당곡리,0.07
2023,281,2023-07-09~07-19 호우,산사태_사유림,충청북도,청주시,상당구,남계리,0.21
2023,282,2023-07-09~07-19 호우,산사태_사유림,충청북도,청주시,상당구,수산리,0.04
2023,283,2023-07-09~07-19 호우,산사태_사유림,충청북도,청주시,상당구,기암리,0.02
2023,284,2023-07-09~07-19 호우,산사태_사유림,충청북도,청주시,흥덕구,,0.02
2023,285,2023-07-09~07-19 호우,산사태_사유림,충청북도,청주시,청원구,성재리,0.02
2023,286,2023-07-09~07-19 호우,산사태_사유림,충청북도,청주시,상당구,신송리,0.02
2023,287,2023-07-09~07-19 호우,산사태_사유림,충청북도,청주시,청원구,여천리,0.02
2023,288,2023-07-09~07-19 호우,산사태_사유림,충청북도,청주시,상당구,성대리,0.02
2023,289,2023-07-09~07-19 호우,산사태_사유림,충청북도,청주시,상당구,귀래리,0.02
2023,290,2023-07-09~07-19 호우,산사태_지자체소유림,충청북도,충주시,대소원면,금곡리,1.15
2023,291,2023-07-09~07-19 호우,산사태_지자체소유림,충청북도,충주시,동량면,화암리,0.31
2023,292,2023-07-09~07-19 호우,산사태_지자체소유림,충청북도,충주시,살미면,세성리,0.4
2023,293,2023-07-09~07-19 호우,산사태_지자체소유림,충청북도,충주시,목행동,,0.03
2023,294,2023-07-09~07-19 호우,산사태_사유림,충청북도,충주시,신니면,모남리,0.1
2023,295,2023-07-09~07-19 호우,산사태_사유림,충청북도,충주시,주덕읍,삼청리,0.06
2023,296,2023-07-09~07-19 호우,산사태_사유림,충청북도,충주시,엄정면,신만리,0.05
2023,297,2023-07-09~07-19 호우,산사태_사유림,충청북도,충주시,금가면,하담리,0.02
2023,298,2023-07-09~07-19 호우,산사태_사유림,충청북도,충주시,동량면,하천리,0.04
2023,299,2023-07-09~07-19 호우,산사태_사유림,충청북도,충주시,살미면,공이리,0.02
2023,300,2023-07-09~07-19 호우,산사태_사유림,충청북도,충주시,살미면,토계리,0.02
2023,301,2023-07-09~07-19 호우,산사태_사유림,충청북도,충주시,지현동,,0.02
2023,302,2023-07-09~07-19 호우,산사태_사유림,충청북도,충주시,동량면,대전리,0.03
2023,303,2023-07-09~07-19 호우,산사태_사유림,충청북도,충주시,살미면,문강리,0.03
2023,304,2023-07-09~07-19 호우,산사태_사유림,충청북도,충주시,수안보면,화천리,0.1
2023,305,2023-07-09~07-19 호우,산사태_사유림,충청북도,충주시,대소원면,검단리,0.1
2023,306,2023-07-09~07-19 호우,산사태_사유림,충청북도,충주시,금가면,유송리,0.24
2023,307,2023-07-09~07-19 호우,산사태_사유림,충청북도,충주시,대소원면,매현리,0.2
2023,308,2023-07-09~07-19 호우,산사태_사유림,충청북도,충주시,대소원면,탄용리,0.27
2023,309,2023-07-09~07-19 호우,산사태_사유림,충청북도,충주시,대소원면,만정리,0.05
2023,310,2023-07-09~07-19 호우,산사태_사유림,충청북도,충주시,앙성면,영죽리,0.1
2023,311,2023-07-09~07-19 호우,산사태_사유림,충청북도,충주시,용관동,,0.1
2023,312,2023-07-09~07-19 호우,산사태_사유림,충청북도,충주시,산척면,영덕리,0.12
2023,313,2023-07-09~07-19 호우,산사태_사유림,충청북도,충주시,수안보면,중산리,0.14
2023,314,2023-07-09~07-19 호우,산사태_사유림,충청북도,충주시,대소원면,장성리,0.11
2023,315,2023-07-09~07-19 호우,산사태_사유림,충청북도,충주시,금릉동,,0.08
2023,316,2023-07-09~07-19 호우,산사태_사유림,충청북도,충주시,대소원면,대소리,0.1
2023,317,2023-07-09~07-19 호우,산사태_사유림,충청북도,충주시,엄정면,율능리,0.1
2023,318,2023-07-09~07-19 호우,산사태_사유림,충청북도,충주시,대소원면,두정리,0.2
2023,319,2023-07-09~07-19 호우,산사태_사유림,충청북도,충주시,앙성면,능암리,0.15
2023,320,2023-07-09~07-19 호우,산사태_사유림,충청북도,충주시,노은면,가신리,0.12
2023,321,2023-07-09~07-19 호우,산사태_사유림,충청북도,충주시,금가면,잠병리,0.06
2023,322,2023-07-09~07-19 호우,산사태_사유림,충청북도,충주시,수안보면,미륵리,0.07
2023,323,2023-07-09~07-19 호우,산사태_사유림,충청북도,충주시,주덕읍,당우리,0.06
2023,324,2023-07-09~07-19 호우,산사태_사유림,충청북도,충주시,앙성면,중전리,0.9
2023,325,2023-07-09~07-19 호우,산사태_사유림,충청북도,충주시,주덕읍,장록리,0.3
2023,326,2023-07-09~07-19 호우,산사태_사유림,충청북도,충주시,안림동,,1.26
2023,327,2023-07-09~07-19 호우,산사태_사유림,충청북도,충주시,동량면,조동리,0.77
2023,328,2023-07-09~07-19 호우,산사태_사유림,충청북도,충주시,대소원면,문주리,0.4
2023,329,2023-07-09~07-19 호우,산사태_사유림,충청북도,충주시,호암동,,2.08
2023,330,2023-07-09~07-19 호우,산사태_사유림,충청북도,충주시,살미면,세성리,2.15
2023,331,2023-07-09~07-19 호우,산사태_사유림,충청북도,충주시,대소원면,본리,0.26
2023,332,2023-07-09~07-19 호우,산사태_사유림,충청북도,충주시,살미면,내사리,0.27
2023,333,2023-07-09~07-19 호우,산사태_사유림,충청북도,충주시,대소원면,완오리,0.28
2023,334,2023-07-09~07-19 호우,산사태_사유림,충청북도,충주시,풍동,,0.31
2023,335,2023-07-09~07-19 호우,산사태_사유림,충청북도,충주시,목벌동,,2.01
2023,336,2023-07-09~07-19 호우,산사태_사유림,충청북도,충주시,앙성면,모점리,0.42
2023,337,2023-07-09~07-19 호우,산사태_사유림,충청북도,충주시,동량면,손동리,1.1
2023,338,2023-07-09~07-19 호우,산사태_사유림,충청북도,충주시,수안보면,안보리,0.44
2023,339,2023-07-09~07-19 호우,산사태_사유림,충청북도,충주시,동량면,지동리,0.1
2023,340,2023-07-09~07-19 호우,산사태_사유림,충청북도,충주시,살미면,향산리,0.1
2023,341,2023-07-09~07-19 호우,산사태_사유림,충청북도,충주시,살미면,재오개리,0.2
2023,342,2023-07-09~07-19 호우,산사태_사유림,충청북도,충주시,연수동,,0.18
2023,343,2023-07-09~07-19 호우,산사태_사유림,충청북도,충주시,종민동,,0.96
2023,344,2023-07-09~07-19 호우,산사태_사유림,충청북도,충주시,신니면,선당리,0.8
2023,345,2023-07-09~07-19 호우,산사태_사유림,충청북도,충주시,엄정면,원곡리,0.44
2023,346,2023-07-09~07-19 호우,산사태_사유림,충청북도,충주시,중앙탑면,루암리,0.6
2023,347,2023-07-09~07-19 호우,산사태_사유림,충청북도,충주시,산척면,석천리,1
2023,348,2023-07-09~07-19 호우,산사태_사유림,충청북도,충주시,동량면,용교리,0.16
2023,349,2023-07-09~07-19 호우,산사태_사유림,충청북도,충주시,동량면,조동리,0.51
2023,350,2023-07-09~07-19 호우,산사태_사유림,충청북도,충주시,단월동,,1.04
2023,351,2023-07-09~07-19 호우,산사태_지자체소유림,충청북도,제천시,백운면,평동리,0.45
2023,352,2023-07-09~07-19 호우,산사태_지자체소유림,충청북도,제천시,백운면,덕동리,0.47
2023,353,2023-07-09~07-19 호우,산사태_지자체소유림,충청북도,제천시,봉양읍,옥전리,0.48
2023,354,2023-07-09~07-19 호우,산사태_지자체소유림,충청북도,제천시,백운면,운학리,0.38
2023,355,2023-07-09~07-19 호우,산사태_지자체소유림,충청북도,제천시,모산동,,2.23
2023,356,2023-07-09~07-19 호우,산사태_지자체소유림,충청북도,제천시,백운면,덕동리,0.68
2023,357,2023-07-09~07-19 호우,산사태_지자체소유림,충청북도,제천시,모산동,,1.13
2023,358,2023-07-09~07-19 호우,산사태_지자체소유림,충청북도,제천시,백운면,운학리,0.77
2023,359,2023-07-09~07-19 호우,산사태_지자체소유림,충청북도,제천시,송학면,오미리,2.12
2023,360,2023-07-09~07-19 호우,산사태_지자체소유림,충청북도,제천시,봉양읍,옥전리,1.45
2023,361,2023-07-09~07-19 호우,산사태_사유림,충청북도,제천시,흑석동,,0.83
2023,362,2023-07-09~07-19 호우,산사태_사유림,충청북도,제천시,백운면,평동리,1.26
2023,363,2023-07-09~07-19 호우,산사태_사유림,충청북도,제천시,금성면,성내리,0.57
2023,364,2023-07-09~07-19 호우,산사태_사유림,충청북도,제천시,봉양읍,미당리,0.52
2023,365,2023-07-09~07-19 호우,산사태_사유림,충청북도,제천시,금성면,구룡리,0.28
2023,366,2023-07-09~07-19 호우,산사태_사유림,충청북도,제천시,송학면,오미리,0.55
2023,367,2023-07-09~07-19 호우,산사태_사유림,충청북도,제천시,청풍면,장선리,0.68
2023,368,2023-07-09~07-19 호우,산사태_사유림,충청북도,제천시,봉양읍,삼거리,0.52
2023,369,2023-07-09~07-19 호우,산사태_사유림,충청북도,제천시,봉양읍,장평리,0.52
2023,370,2023-07-09~07-19 호우,산사태_사유림,충청북도,제천시,송학면,시곡리,0.5
2023,371,2023-07-09~07-19 호우,산사태_사유림,충청북도,제천시,봉양읍,원박리,0.77
2023,372,2023-07-09~07-19 호우,산사태_사유림,충청북도,제천시,교동,,1.01
2023,373,2023-07-09~07-19 호우,산사태_사유림,충청북도,제천시,금성면,활산리,0.38
2023,374,2023-07-09~07-19 호우,산사태_사유림,충청북도,제천시,수산면,지곡리,0.98
2023,375,2023-07-09~07-19 호우,산사태_사유림,충청북도,제천시,봉양읍,마곡리,1.29
2023,376,2023-07-09~07-19 호우,산사태_사유림,충청북도,제천시,금성면,동막리,0.63
2023,377,2023-07-09~07-19 호우,산사태_사유림,충청북도,제천시,백운면,도곡리,0.1
2023,378,2023-07-09~07-19 호우,산사태_사유림,충청북도,제천시,수산면,괴곡리,0.3
2023,379,2023-07-09~07-19 호우,산사태_사유림,충청북도,제천시,백운면,덕동리,2.01
2023,380,2023-07-09~07-19 호우,산사태_사유림,충청북도,제천시,덕산면,선고리,0.34
2023,381,2023-07-09~07-19 호우,산사태_사유림,충청북도,제천시,송학면,도화리,0.4
2023,382,2023-07-09~07-19 호우,산사태_사유림,충청북도,제천시,봉양읍,구곡리,1.41
2023,383,2023-07-09~07-19 호우,산사태_사유림,충청북도,제천시,금성면,양화리,0.6
2023,384,2023-07-09~07-19 호우,산사태_사유림,충청북도,제천시,봉양읍,삼거리,1.15
2023,385,2023-07-09~07-19 호우,산사태_사유림,충청북도,보은군,수한면,교암리,0.07
2023,386,2023-07-09~07-19 호우,산사태_사유림,충청북도,보은군,보은읍,대아리,0.37
2023,387,2023-07-09~07-19 호우,산사태_사유림,충청북도,보은군,수한면,차정리,0.39
2023,388,2023-07-09~07-19 호우,산사태_사유림,충청북도,보은군,탄부면,대양리,0.41
2023,389,2023-07-09~07-19 호우,산사태_사유림,충청북도,보은군,수한면,교암리,0.04
2023,390,2023-07-09~07-19 호우,산사태_사유림,충청북도,보은군,수한면,동정리,0.56
2023,391,2023-07-09~07-19 호우,산사태_사유림,충청북도,보은군,회인면,중앙리,0.59
2023,392,2023-07-09~07-19 호우,산사태_사유림,충청북도,보은군,내북면,상궁리,0.64
2023,393,2023-07-09~07-19 호우,산사태_사유림,충청북도,보은군,삼승면,선곡리,0.47
2023,394,2023-07-09~07-19 호우,산사태_사유림,충청북도,옥천군,안내면,오덕리,0.09
2023,395,2023-07-09~07-19 호우,산사태_사유림,충청북도,증평군,증평읍,남하리,0.01
2023,396,2023-07-09~07-19 호우,산사태_사유림,충청북도,증평군,증평읍,용강리,0.01
2023,397,2023-07-09~07-19 호우,산사태_사유림,충청북도,증평군,도안면,석곡리,0.02
2023,398,2023-07-09~07-19 호우,산사태_사유림,충청북도,증평군,도안면,도당리,0.02
2023,399,2023-07-09~07-19 호우,산사태_사유림,충청북도,증평군,도안면,송정리,0.06
2023,400,2023-07-09~07-19 호우,산사태_사유림,충청북도,증평군,증평읍,덕상리,0.09
2023,401,2023-07-09~07-19 호우,산사태_사유림,충청북도,증평군,증평읍,남차리,0.12
2023,402,2023-07-09~07-19 호우,산사태_사유림,충청북도,증평군,증평읍,송산리,0.13
2023,403,2023-07-09~07-19 호우,산사태_사유림,충청북도,증평군,증평읍,미암리,0.29
2023,404,2023-07-09~07-19 호우,산사태_사유림,충청북도,증평군,도안면,광덕리,0.31
2023,405,2023-07-09~07-19 호우,산사태_사유림,충청북도,증평군,도안면,노암리,1.05
2023,406,2023-07-09~07-19 호우,산사태_사유림,충청북도,증평군,도안면,화성리,1.57
2023,407,2023-07-09~07-19 호우,산사태_사유림,충청북도,증평군,증평읍,율리,4.36
2023,408,2023-07-09~07-19 호우,산사태_지자체소유림,충청북도,진천군,문백면,옥성리,0.23
2023,409,2023-07-09~07-19 호우,산사태_지자체소유림,충청북도,진천군,백곡면,석현리,0.27
2023,410,2023-07-09~07-19 호우,산사태_지자체소유림,충청북도,진천군,백곡면,명암리,0.11
2023,411,2023-07-09~07-19 호우,산사태_지자체소유림,충청북도,진천군,문백면,도하리,0.01
2023,412,2023-07-09~07-19 호우,산사태_지자체소유림,충청북도,진천군,광혜원면,죽현리,0.03
2023,413,2023-07-09~07-19 호우,산사태_지자체소유림,충청북도,진천군,이월면,신계리,0.61
2023,414,2023-07-09~07-19 호우,산사태_사유림,충청북도,진천군,문백면,은탄리,0.02
2023,415,2023-07-09~07-19 호우,산사태_사유림,충청북도,진천군,문백면,옥성리,0.02
2023,416,2023-07-09~07-19 호우,산사태_사유림,충청북도,진천군,초평면,용기리,0.03
2023,417,2023-07-09~07-19 호우,산사태_사유림,충청북도,진천군,백곡면,갈월리,0.09
2023,418,2023-07-09~07-19 호우,산사태_사유림,충청북도,진천군,진천읍,사석리,0.1
2023,419,2023-07-09~07-19 호우,산사태_사유림,충청북도,진천군,문백면,도하리,0.2
2023,420,2023-07-09~07-19 호우,산사태_사유림,충청북도,진천군,문백면,봉죽리,0.2
2023,421,2023-07-09~07-19 호우,산사태_사유림,충청북도,진천군,진천읍,벽암리,0.2
2023,422,2023-07-09~07-19 호우,산사태_사유림,충청북도,진천군,문백면,구산동리,0.01
2023,423,2023-07-09~07-19 호우,산사태_사유림,충청북도,진천군,진천읍,지암리,0.85
2023,424,2023-07-09~07-19 호우,산사태_지자체소유림,충청북도,괴산군,감물면,광전리,0.85
2023,425,2023-07-09~07-19 호우,산사태_지자체소유림,충청북도,괴산군,괴산읍,검승리,0.05
2023,426,2023-07-09~07-19 호우,산사태_지자체소유림,충청북도,괴산군,감물면,매전리,0.7
2023,427,2023-07-09~07-19 호우,산사태_지자체소유림,충청북도,괴산군,불정면,앵천리,0.08
2023,428,2023-07-09~07-19 호우,산사태_지자체소유림,충청북도,괴산군,괴산읍,능촌리,0.09
2023,429,2023-07-09~07-19 호우,산사태_지자체소유림,충청북도,괴산군,괴산읍,동부리,0.07
2023,430,2023-07-09~07-19 호우,산사태_사유림,충청북도,괴산군,청안면,운곡리,0.08
2023,431,2023-07-09~07-19 호우,산사태_사유림,충청북도,괴산군,문광면,양곡리,0.37
2023,432,2023-07-09~07-19 호우,산사태_사유림,충청북도,괴산군,불정면,지장리,0.01
2023,433,2023-07-09~07-19 호우,산사태_사유림,충청북도,괴산군,감물면,오성리,0.02
2023,434,2023-07-09~07-19 호우,산사태_사유림,충청북도,괴산군,칠성면,사은리,0.42
2023,435,2023-07-09~07-19 호우,산사태_사유림,충청북도,괴산군,청천면,월문리,0.09
2023,436,2023-07-09~07-19 호우,산사태_사유림,충청북도,괴산군,칠성면,갈읍리,0.02
2023,437,2023-07-09~07-19 호우,산사태_사유림,충청북도,괴산군,사리면,이곡리,0.2
2023,438,2023-07-09~07-19 호우,산사태_사유림,충청북도,괴산군,불정면,목도리,0.02
2023,439,2023-07-09~07-19 호우,산사태_사유림,충청북도,괴산군,소수면,아성리,0.09
2023,440,2023-07-09~07-19 호우,산사태_사유림,충청북도,괴산군,연풍면,적석리,0.02
2023,441,2023-07-09~07-19 호우,산사태_사유림,충청북도,괴산군,소수면,수리,0.13
2023,442,2023-07-09~07-19 호우,산사태_사유림,충청북도,괴산군,칠성면,송동리,0.37
2023,443,2023-07-09~07-19 호우,산사태_사유림,충청북도,괴산군,문광면,신기리,0.03
2023,444,2023-07-09~07-19 호우,산사태_사유림,충청북도,괴산군,청천면,여사왕리,0.68
2023,445,2023-07-09~07-19 호우,산사태_사유림,충청북도,괴산군,사리면,사담리,0.62
2023,446,2023-07-09~07-19 호우,산사태_사유림,충청북도,괴산군,괴산읍,서부리,0.04
2023,447,2023-07-09~07-19 호우,산사태_사유림,충청북도,괴산군,소수면,몽촌리,0.56
2023,448,2023-07-09~07-19 호우,산사태_사유림,충청북도,괴산군,소수면,입암리,0.54
2023,449,2023-07-09~07-19 호우,산사태_사유림,충청북도,괴산군,청안면,문방리,0.04
2023,450,2023-07-09~07-19 호우,산사태_사유림,충청북도,괴산군,청천면,도원리,0.5
2023,451,2023-07-09~07-19 호우,산사태_사유림,충청북도,괴산군,청천면,고성리,0.05
2023,452,2023-07-09~07-19 호우,산사태_사유림,충청북도,괴산군,장연면,광진리,0.05
2023,453,2023-07-09~07-19 호우,산사태_사유림,충청북도,괴산군,문광면,광덕리,0.08
2023,454,2023-07-09~07-19 호우,산사태_지자체소유림,충청북도,음성군,소이면,충도리,0.48
2023,455,2023-07-09~07-19 호우,산사태_지자체소유림,충청북도,음성군,원남면,하당리,0.44
2023,456,2023-07-09~07-19 호우,산사태_지자체소유림,충청북도,음성군,소이면,중동리,1.23
2023,457,2023-07-09~07-19 호우,산사태_지자체소유림,충청북도,음성군,음성읍,평곡리,1
2023,458,2023-07-09~07-19 호우,산사태_지자체소유림,충청북도,음성군,음성읍,용산리,0.92
2023,459,2023-07-09~07-19 호우,산사태_사유림,충청북도,음성군,음성읍,평곡리,0.03
2023,460,2023-07-09~07-19 호우,산사태_사유림,충청북도,음성군,음성읍,동음리,0.07
2023,461,2023-07-09~07-19 호우,산사태_사유림,충청북도,음성군,소이면,갑산리,0.13
2023,462,2023-07-09~07-19 호우,산사태_사유림,충청북도,음성군,원남면,문암리,0.23
2023,463,2023-07-09~07-19 호우,산사태_사유림,충청북도,음성군,원남면,상노리,0.3
2023,464,2023-07-09~07-19 호우,산사태_사유림,충청북도,음성군,원남면,마송리,0.34
2023,465,2023-07-09~07-19 호우,산사태_사유림,충청북도,음성군,소이면,금고리,0.35
2023,466,2023-07-09~07-19 호우,산사태_사유림,충청북도,음성군,소이면,봉전리,0.47
2023,467,2023-07-09~07-19 호우,산사태_사유림,충청북도,음성군,소이면,충도리,0.66
2023,468,2023-07-09~07-19 호우,산사태_사유림,충청북도,음성군,음성읍,한벌리,1.4
2023,469,2023-07-09~07-19 호우,산사태_사유림,충청북도,음성군,소이면,갑산리,0.6
2023,470,2023-07-09~07-19 호우,산사태_사유림,충청북도,음성군,원남면,덕정리,1.17
2023,471,2023-07-09~07-19 호우,산사태_지자체소유림,충청북도,단양군,대강면,올산리,1
2023,472,2023-07-09~07-19 호우,산사태_지자체소유림,충청북도,단양군,단양읍,기촌리,0.5
2023,473,2023-07-09~07-19 호우,산사태_사유림,충청북도,단양군,적성면,기동리,0.45
2023,474,2023-07-09~07-19 호우,산사태_사유림,충청북도,단양군,가곡면,향산리,0.35
2023,475,2023-07-09~07-19 호우,산사태_사유림,충청북도,단양군,대강면,남천리,0.72
2023,476,2023-07-09~07-19 호우,산사태_사유림,충청북도,단양군,단양읍,천동리,0.45
2023,477,2023-07-09~07-19 호우,산사태_사유림,충청북도,단양군,매포읍,가평리,0.25
2023,478,2023-07-09~07-19 호우,산사태_사유림,충청북도,단양군,대강면,두음리,0.21
2023,479,2023-07-09~07-19 호우,산사태_사유림,충청북도,단양군,대강면,남조리,1.18
2023,480,2023-07-09~07-19 호우,산사태_사유림,충청북도,단양군,대강면,올산리,1.21
2023,481,2023-07-09~07-19 호우,산사태_사유림,충청북도,단양군,대강면,무수천리,2.66
2023,482,2023-07-09~07-19 호우,산사태_사유림,충청북도,단양군,영춘면,의풍리,2.99
2023,483,2023-07-09~07-19 호우,산사태_사유림,충청북도,단양군,대강면,덕촌리,0.45
2023,484,2023-07-09~07-19 호우,산사태_국유림,충청북도,청주시,청원구,덕암리,1.29
2023,485,2023-07-09~07-19 호우,산사태_국유림,충청북도,청주시,상당구,마동리,1.11
2023,486,2023-07-09~07-19 호우,산사태_국유림,충청북도,청주시,청원구,원리,0.06
2023,487,2023-07-09~07-19 호우,산사태_국유림,충청북도,청주시,상당구,,0.32
2023,488,2023-07-09~07-19 호우,산사태_타부처 국유림,충청북도,청주시,청원구,비상리,0.11
2023,489,2023-07-09~07-19 호우,산사태_국유림,충청북도,청주시,상당구,현암리,0.48
2023,490,2023-07-09~07-19 호우,산사태_국유림,충청북도,충주시,산척면,송강리,0.35
2023,491,2023-07-09~07-19 호우,산사태_국유림,충청북도,충주시,수안보면,송강리,0.87
2023,492,2023-07-09~07-19 호우,산사태_국유림,충청북도,충주시,산척면,명서리,0.84
2023,493,2023-07-09~07-19 호우,산사태_국유림,충청북도,충주시,살미면,향산리,0.22
2023,494,2023-07-09~07-19 호우,산사태_국유림,충청북도,충주시,산척면,송강리,0.63
2023,495,2023-07-09~07-19 호우,산사태_국유림,충청북도,충주시,직동,,0.21
2023,496,2023-07-09~07-19 호우,산사태_국유림,충청북도,충주시,수안보면,안보리,0.2
2023,497,2023-07-09~07-19 호우,산사태_국유림,충청북도,충주시,산척면,송강리,0.48
2023,498,2023-07-09~07-19 호우,산사태_국유림,충청북도,제천시,금성면,월림리,0.65
2023,499,2023-07-09~07-19 호우,산사태_국유림,충청북도,제천시,백운면,화당리,0.18
2023,500,2023-07-09~07-19 호우,산사태_국유림,충청북도,제천시,송학면,송한리,0.94
2023,501,2023-07-09~07-19 호우,산사태_국유림,충청북도,제천시,송학면,오미리,0.12
2023,502,2023-07-09~07-19 호우,산사태_국유림,충청북도,제천시,백운면,도곡리,2.84
2023,503,2023-07-09~07-19 호우,산사태_국유림,충청북도,제천시,송학면,송한리,1.58
2023,504,2023-07-09~07-19 호우,산사태_국유림,충청북도,보은군,내북면,도원리,0.21
2023,505,2023-07-09~07-19 호우,산사태_국유림,충청북도,옥천군,안내면,오덕리,2.88
2023,506,2023-07-09~07-19 호우,산사태_국유림,충청북도,옥천군,청산면,대성리,0.4
2023,507,2023-07-09~07-19 호우,산사태_국유림,충청북도,진천군,백곡면,대문리,1.06
2023,508,2023-07-09~07-19 호우,산사태_국유림,충청북도,진천군,문백면,사양리,1
2023,509,2023-07-09~07-19 호우,산사태_국유림,충청북도,괴산군,청천면,상신리,0.76
2023,510,2023-07-09~07-19 호우,산사태_국유림,충청북도,괴산군,청안면,문방리,0.31
2023,511,2023-07-09~07-19 호우,산사태_국유림,충청북도,괴산군,청안면,장암리,0.77
2023,512,2023-07-09~07-19 호우,산사태_국유림,충청북도,괴산군,청안면,장암리,1.11
2023,513,2023-07-09~07-19 호우,산사태_국유림,충청북도,괴산군,청안면,효근리,0.48
2023,514,2023-07-09~07-19 호우,산사태_국유림,충청북도,괴산군,청안면,문방리,0.81
2023,515,2023-07-09~07-19 호우,산사태_국유림,충청북도,음성군,소이면,후미리,0.45
2023,516,2023-07-09~07-19 호우,산사태_국유림,충청북도,음성군,음성읍,신천리,0.58
2023,517,2023-07-09~07-19 호우,산사태_국유림,충청북도,단양군,영춘면,오사리,0.08
2023,518,2023-07-09~07-19 호우,산사태_국유림,충청북도,단양군,적성면,기동리,0.1
2023,519,2023-07-09~07-19 호우,산사태_국유림,충청북도,단양군,어상천면,심곡리,0.1
2023,520,2023-07-09~07-19 호우,산사태_국유림,충청북도,단양군,영춘면,사지원리,0.18
2023,521,2023-07-09~07-19 호우,산사태_국유림,충청북도,단양군,영춘면,사지원리,0.18
2023,522,2023-07-09~07-19 호우,산사태_국유림,충청북도,단양군,영춘면,장발리,0.3
2023,523,2023-07-09~07-19 호우,산사태_국유림,충청북도,단양군,영춘면,백자리,0.32
2023,524,2023-07-09~07-19 호우,산사태_국유림,충청북도,단양군,단성면,벌천리,0.45
2023,525,2023-07-09~07-19 호우,산사태_국유림,경상북도,포항시,북구,가안리,0.52
2023,526,2023-07-09~07-19 호우,산사태_국유림,경상북도,영주시,순흥면,배점리,0.29
2023,527,2023-06-27~06-30,산사태_국유림,경상북도,영주시,향교길,,0.2
2023,528,2023-06-27~06-30,산사태_국유림,경상북도,영주시,장수면,두전리,0.21
2023,529,2023-07-09~07-19 호우,산사태_국유림,경상북도,영주시,부석면,용암리,0.5
2023,530,2023-07-09~07-19 호우,산사태_국유림,경상북도,영주시,봉현면,두산리,2.6
2023,531,2023-07-09~07-19 호우,산사태_국유림,경상북도,영주시,봉현면,두산리,0.36
2023,532,2023-07-09~07-19 호우,산사태_국유림,경상북도,영주시,봉현면,두산리,0.28
2023,533,2023-07-09~07-19 호우,산사태_국유림,경상북도,영주시,풍기읍,삼가리,0.35
2023,534,2023-07-09~07-19 호우,산사태_국유림,경상북도,영주시,봉현면,두산리,1.15
2023,535,2023-07-09~07-19 호우,산사태_국유림,경상북도,영주시,봉현면,,0.36
2023,536,2023-07-09~07-19 호우,산사태_국유림,경상북도,상주시,화북면,상오리,0.2
2023,537,2023-07-09~07-19 호우,산사태_국유림,경상북도,상주시,이안면,안용리,0.36
2023,538,2023-07-09~07-19 호우,산사태_국유림,경상북도,문경시,동로면,명전리,0.48
2023,539,2023-07-09~07-19 호우,산사태_국유림,경상북도,영양군,영양읍,전곡리,1.4
2023,540,2023-07-09~07-19 호우,산사태_국유림,경상북도,영양군,영양읍,화천리 ,0.52
2023,541,2023-06-27~06-30,산사태_국유림,경상북도,영양군,일월면,오리리,0.25
2023,542,2023-06-27~06-30,산사태_국유림,경상북도,영양군,수비면,본신리,0.13
2023,543,2023-06-27~06-30,산사태_국유림,경상북도,영양군,일월면,오리리,0.12
2023,544,2023-07-09~07-19 호우,산사태_국유림,경상북도,예천군,효자면,백석리,0.34
2023,545,2023-07-09~07-19 호우,산사태_국유림,경상북도,예천군,효자면,사곡리,1.39
2023,546,2023-06-27~06-30,산사태_국유림,경상북도,봉화군,재산면,갈산리,1.5
2023,547,2023-07-09~07-19 호우,산사태_국유림,경상북도,봉화군,소천면,현동리,0.73
2023,548,2023-07-09~07-19 호우,산사태_국유림,경상북도,봉화군,소천면,분천리,0.54
2023,549,2023-07-09~07-19 호우,산사태_국유림,경상북도,봉화군,재산면,갈산리,1.66
2023,550,2023-07-09~07-19 호우,산사태_국유림,경상북도,봉화군,소천면,고선리,0.89
2023,551,2023-07-09~07-19 호우,산사태_국유림,경상북도,봉화군,춘양면,서벽리,0.66
2023,552,2023-06-27~06-30,산사태_국유림,경상북도,봉화군,소천면,두음리,0.5
2023,553,2023-07-09~07-19 호우,산사태_국유림,경상북도,봉화군,봉성면,금봉리,0.26
2023,554,2023-06-27~06-30,산사태_국유림,경상북도,봉화군,소천면,임기리,0.2
2023,555,2023-07-09~07-19 호우,산사태_국유림,경상북도,봉화군,소천면,두음리,0.37
2023,556,2023-07-09~07-19 호우,산사태_국유림,경상북도,봉화군,봉성면,우곡리,0.45
2023,557,2023-06-27~06-30,산사태_국유림,경상북도,봉화군,소천면,남회룡리,0.1
2023,558,2023-07-09~07-19 호우,산사태_국유림,경상북도,봉화군,법전면,법전리,0.09
2023,559,2023-07-09~07-19 호우,산사태_국유림,경상북도,봉화군,석포면,대현리,0.49
2023,560,2023-07-09~07-19 호우,산사태_국유림,경상북도,봉화군,춘양면,서동리,0.5
2023,561,2023-07-09~07-19 호우,산사태_국유림,경상북도,봉화군,춘양면,서벽리,1.13
2023,562,2023-06-27~06-30,산사태_국유림,경상북도,봉화군,법전면,눌산리,0.3
2023,563,2023-06-27~06-30,산사태_국유림,경상북도,봉화군,법전면,소천리,0.3
2023,564,2023-07-09~07-19 호우,산사태_국유림,경상북도,봉화군,춘양면,서벽리,2.28
2023,565,2023-07-09~07-19 호우,산사태_국유림,경상북도,봉화군,춘양면,학산리,0.77
2023,566,2023-07-09~07-19 호우,산사태_국유림,경상북도,봉화군,춘양면,서벽리,3.26
2023,567,2023-07-09~07-19 호우,산사태_국유림,경상북도,봉화군,춘양면,서벽리,3.54
2023,568,2023-07-09~07-19 호우,산사태_국유림,경상북도,봉화군,물야면,개단리,0.25
2023,569,2023-07-09~07-19 호우,산사태_국유림,경상북도,봉화군,춘양면,서벽리,3.69
2023,570,2023-07-09~07-19 호우,산사태_국유림,경상북도,봉화군,춘양면,소로리,0.82
2023,571,2023-07-09~07-19 호우,산사태_국유림,경상북도,봉화군,춘양면,도심리,5.97
2023,572,2023-07-09~07-19 호우,산사태_국유림,경상북도,봉화군,석포면,승부리,0.71
2023,573,2023-07-09~07-19 호우,산사태_국유림,경상북도,봉화군,춘양면,서벽리,3.68
2023,574,2023-07-09~07-19 호우,산사태_국유림,경상북도,봉화군,소천면,두음리,0.66
2023,575,2023-07-09~07-19 호우,산사태_국유림,경상북도,울진군,금강송면,쌍전리,0.14
2023,576,2023-07-09~07-19 호우,산사태_국유림,경상북도,울진군,매화면,길곡리,0.2
2023,577,2023-07-09~07-19 호우,산사태_국유림,경상북도,울진군,금강송면,전곡리,0.58
2023,578,2023-07-09~07-19 호우,산사태_국유림,경상북도,울진군,금강송면,쌍전리,0.59
2023,579,2023-06-27~06-30,산사태_국유림,경상북도,울진군,금강송면,전곡리,0.5
2023,580,2023-07-09~07-19 호우,산사태_지자체소유림,경상북도,포항시,남구,산여리,0.74
2023,581,2023-07-09~07-19 호우,산사태_사유림,경상북도,포항시,남구,산여리,0.8
2023,582,2023-07-09~07-19 호우,산사태_사유림,경상북도,김천시,증산면,평촌리,0.58
2023,583,2023-06-27~06-30,산사태_사유림,경상북도,영주시,봉현면,두산리,1.57
2023,584,2023-06-27~06-30,산사태_사유림,경상북도,영주시,봉현면,두산리 ,1.71
2023,585,2023-07-09~07-19 호우,산사태_사유림,경상북도,영주시,봉현면,두산리,1.24
2023,586,2023-07-09~07-19 호우,산사태_사유림,경상북도,영주시,풍기읍,삼가리,0.34
2023,587,2023-06-27~06-30,산사태_사유림,경상북도,영주시,봉현면,노좌리,2
2023,588,2023-06-27~06-30,산사태_사유림,경상북도,영주시,영주동,,3.4
2023,589,2023-06-27~06-30,산사태_사유림,경상북도,영주시,상망동,,1.52
2023,590,2023-07-09~07-19 호우,산사태_사유림,경상북도,영주시,부석면,보계리,0.35
2023,591,2023-07-09~07-19 호우,산사태_사유림,경상북도,영주시,봉현면,한천리,1.57
2023,592,2023-07-09~07-19 호우,산사태_사유림,경상북도,영주시,장수면,갈산리,0.32
2023,593,2023-07-09~07-19 호우,산사태_사유림,경상북도,영주시,안정면,여륵리,1.03
2023,594,2023-07-09~07-19 호우,산사태_사유림,경상북도,영주시,풍기읍,욱금리,1.05
2023,595,2023-07-09~07-19 호우,산사태_사유림,경상북도,영주시,풍기읍,금계리,1.41
2023,596,2023-07-09~07-19 호우,산사태_사유림,경상북도,영주시,봉현면,노좌리,2.18
2023,597,2023-07-09~07-19 호우,산사태_지자체소유림,경상북도,상주시,화서면,하송리,0.32
2023,598,2023-07-09~07-19 호우,산사태_사유림,경상북도,상주시,이안면,안용리,0.4
2023,599,2023-07-09~07-19 호우,산사태_사유림,경상북도,상주시,화서면,하송리,0.32
2023,600,2023-07-09~07-19 호우,산사태_사유림,경상북도,상주시,이안면,안용리,0.2
2023,601,2023-07-09~07-19 호우,산사태_사유림,경상북도,문경시,동로면,노은리,0.85
2023,602,2023-07-09~07-19 호우,산사태_사유림,경상북도,문경시,문경읍,진안리,1.06
2023,603,2023-07-09~07-19 호우,산사태_사유림,경상북도,문경시,동로면,적성리,0.6
2023,604,2023-07-09~07-19 호우,산사태_사유림,경상북도,문경시,산북면,가좌리,0.79
2023,605,2023-07-09~07-19 호우,산사태_사유림,경상북도,문경시,동로면,석항리,1.38
2023,606,2023-07-09~07-19 호우,산사태_사유림,경상북도,문경시,동로면,석항리,0.85
2023,607,2023-07-09~07-19 호우,산사태_사유림,경상북도,문경시,동로면,적성리,0.47
2023,608,2023-07-09~07-19 호우,산사태_사유림,경상북도,문경시,문경읍,중평리,0.77
2023,609,2023-07-09~07-19 호우,산사태_사유림,경상북도,문경시,동로면,석항리,0.65
2023,610,2023-07-09~07-19 호우,산사태_사유림,경상북도,문경시,동로면,생달리,0.8
2023,611,2023-07-09~07-19 호우,산사태_사유림,경상북도,문경시,동로면,적성리,0.94
2023,612,2023-07-09~07-19 호우,산사태_사유림,경상북도,문경시,산북면,이곡리,0.55
2023,613,2023-07-09~07-19 호우,산사태_사유림,경상북도,문경시,동로면,수평리,1.8
2023,614,2023-07-09~07-19 호우,산사태_사유림,경상북도,문경시,동로면,노은리,0.47
2023,615,2023-07-09~07-19 호우,산사태_사유림,경상북도,문경시,동로면,적성리,0.51
2023,616,2023-07-09~07-19 호우,산사태_사유림,경상북도,문경시,산북면,우곡리,0.69
2023,617,2023-07-09~07-19 호우,산사태_사유림,경상북도,문경시,우지동,,0.68
2023,618,2023-07-09~07-19 호우,산사태_사유림,경상북도,문경시,동로면,석항리,0.38
2023,619,2023-07-09~07-19 호우,산사태_사유림,경상북도,문경시,산북면,창구리,0.22
2023,620,2023-07-09~07-19 호우,산사태_사유림,경상북도,문경시,문경읍,팔영리,0.31
2023,621,2023-07-09~07-19 호우,산사태_사유림,경상북도,문경시,산북면,거산리,0.31
2023,622,2023-07-09~07-19 호우,산사태_사유림,경상북도,문경시,동로면,노은리,0.37
2023,623,2023-07-09~07-19 호우,산사태_사유림,경상북도,문경시,농암면,사현리,0.22
2023,624,2023-07-09~07-19 호우,산사태_사유림,경상북도,문경시,동로면,석항리,0.27
2023,625,2023-07-09~07-19 호우,산사태_사유림,경상북도,문경시,산북면,석봉리,0.24
2023,626,2023-07-09~07-19 호우,산사태_사유림,경상북도,문경시,산북면,호암리,0.23
2023,627,2023-07-09~07-19 호우,산사태_사유림,경상북도,문경시,문경읍,마원리,0.24
2023,628,2023-07-09~07-19 호우,산사태_사유림,경상북도,문경시,동로면,적성리,0.48
2023,629,2023-07-09~07-19 호우,산사태_사유림,경상북도,성주군,수륜면,송계리,0.2
2023,630,2023-07-09~07-19 호우,산사태_지자체소유림,경상북도,예천군,용문면,내지리,1.01
2023,631,2023-07-09~07-19 호우,산사태_지자체소유림,경상북도,예천군,감천면,수한리,1.17
2023,632,2023-07-09~07-19 호우,산사태_사유림,경상북도,예천군,효자면,고항리,0.08
2023,633,2023-07-09~07-19 호우,산사태_사유림,경상북도,예천군,용문면,내지리,0.21
2023,634,2023-07-09~07-19 호우,산사태_사유림,경상북도,예천군,효자면,보곡리,0.22
2023,635,2023-07-09~07-19 호우,산사태_사유림,경상북도,예천군,효자면,명봉리,0.94
2023,636,2023-07-09~07-19 호우,산사태_사유림,경상북도,예천군,효자면,명봉리,1.01
2023,637,2023-07-09~07-19 호우,산사태_사유림,경상북도,예천군,용문면,선리,0.95
2023,638,2023-07-09~07-19 호우,산사태_사유림,경상북도,예천군,효자면,용두리,1.24
2023,639,2023-07-09~07-19 호우,산사태_사유림,경상북도,예천군,효자면,사곡리,0.85
2023,640,2023-07-09~07-19 호우,산사태_사유림,경상북도,예천군,효자면,사곡리,2.55
2023,641,2023-07-09~07-19 호우,산사태_사유림,경상북도,예천군,감천면,천향리,2.02
2023,642,2023-07-09~07-19 호우,산사태_사유림,경상북도,예천군,은풍면,송월리,1.2
2023,643,2023-07-09~07-19 호우,산사태_사유림,경상북도,예천군,은풍면,시항리,0.41
2023,644,2023-07-09~07-19 호우,산사태_사유림,경상북도,예천군,용문면,선리,0.7
2023,645,2023-07-09~07-19 호우,산사태_사유림,경상북도,예천군,효자면,초항리,0.25
2023,646,2023-07-09~07-19 호우,산사태_사유림,경상북도,예천군,용문면,내지리,0.67
2023,647,2023-07-09~07-19 호우,산사태_사유림,경상북도,예천군,용문면,사부리,0.53
2023,648,2023-07-09~07-19 호우,산사태_사유림,경상북도,예천군,용문면,내지리,1.65
2023,649,2023-07-09~07-19 호우,산사태_사유림,경상북도,예천군,효자면,명봉리,1.61
2023,650,2023-07-09~07-19 호우,산사태_사유림,경상북도,예천군,은풍면,시항리,0.22
2023,651,2023-07-09~07-19 호우,산사태_사유림,경상북도,예천군,용문면,선리,1.2
2023,652,2023-07-09~07-19 호우,산사태_사유림,경상북도,예천군,효자면,명봉리,1.69
2023,653,2023-07-09~07-19 호우,산사태_사유림,경상북도,예천군,효자면,명봉리,11.53
2023,654,2023-07-09~07-19 호우,산사태_사유림,경상북도,예천군,은풍면,금곡리,6.6
2023,655,2023-07-09~07-19 호우,산사태_사유림,경상북도,예천군,감천면,수한리,1.5
2023,656,2023-07-09~07-19 호우,산사태_사유림,경상북도,예천군,은풍면,동사리,9.06
2023,657,2023-07-09~07-19 호우,산사태_사유림,경상북도,예천군,감천면,돈산리,2.38
2023,658,2023-07-09~07-19 호우,산사태_사유림,경상북도,예천군,감천면,진평리,4.5
2023,659,2023-07-09~07-19 호우,산사태_사유림,경상북도,예천군,용문면,사부리,1.23
2023,660,2023-06-27~06-30,산사태_사유림,경상북도,봉화군,명호면,양곡리,0.7
2023,661,2023-07-09~07-19 호우,산사태_사유림,경상북도,봉화군,봉화읍,화천리 ,0.45
2023,662,2023-06-27~06-30,산사태_사유림,경상북도,봉화군,봉성면,봉양리,0.53
2023,663,2023-07-09~07-19 호우,산사태_사유림,경상북도,봉화군,봉성면,봉성리,0.79
2023,664,2023-07-09~07-19 호우,산사태_사유림,경상북도,봉화군,봉성면,동양리,0.54
2023,665,2023-07-09~07-19 호우,산사태_사유림,경상북도,봉화군,물야면,압동리,0.51
2023,666,2023-06-27~06-30,산사태_사유림,경상북도,봉화군,소천면,두음리,0.4
2023,667,2023-07-09~07-19 호우,산사태_사유림,경상북도,봉화군,물야면,북지리,0.47
2023,668,2023-07-09~07-19 호우,산사태_사유림,경상북도,봉화군,봉화읍,해저리,0.65
2023,669,2023-07-09~07-19 호우,산사태_사유림,경상북도,봉화군,법전면,눌산리,0.41
2023,670,2023-07-09~07-19 호우,산사태_사유림,경상북도,봉화군,물야면,가평리,0.4
2023,671,2023-07-09~07-19 호우,산사태_사유림,경상북도,봉화군,명호면,고감리,0.39
2023,672,2023-07-09~07-19 호우,산사태_사유림,경상북도,봉화군,법전면,풍정리,0.39
2023,673,2023-07-09~07-19 호우,산사태_사유림,경상북도,봉화군,봉화읍,도촌리,0.38
2023,674,2023-06-27~06-30,산사태_사유림,경상북도,봉화군,봉성면,봉성리,0.97
2023,675,2023-07-09~07-19 호우,산사태_사유림,경상북도,봉화군,물야면,두문리,0.24
2023,676,2023-06-27~06-30,산사태_사유림,경상북도,봉화군,소천면,임기리,0.5
2023,677,2023-07-09~07-19 호우,산사태_사유림,경상북도,봉화군,봉화읍,내성리,0.32
2023,678,2023-07-09~07-19 호우,산사태_사유림,경상북도,봉화군,춘양면,애당리,0.27
2023,679,2023-07-09~07-19 호우,산사태_사유림,경상북도,봉화군,춘양면,서벽리,1.27
2023,680,2023-06-27~06-30,산사태_사유림,경상북도,봉화군,명호면,도천리,1.2
2023,681,2023-06-27~06-30,산사태_사유림,경상북도,봉화군,상운면,가곡리,0.32
2023,682,2023-07-09~07-19 호우,산사태_사유림,경상북도,봉화군,봉성면,창평리,0.82
2023,683,2023-07-09~07-19 호우,산사태_사유림,경상북도,봉화군,소천면,분천리,0.59
2023,684,2023-06-27~06-30,산사태_사유림,경상북도,봉화군,명호면,고감리,1.4
2023,685,2023-07-09~07-19 호우,산사태_사유림,경상북도,봉화군,춘양면,석현리,1.32
2023,686,2023-07-09~07-19 호우,산사태_사유림,경상북도,봉화군,법전면,어지리,0.26
2023,687,2023-06-27~06-30,산사태_사유림,경상북도,봉화군,봉화읍,유곡리,0.2
2023,688,2023-07-09~07-19 호우,산사태_사유림,경상북도,봉화군,물야면,수식리,1.15
2023,689,2023-07-09~07-19 호우,산사태_사유림,경상북도,봉화군,법전면,법전리,3.41
2023,690,2023-07-09~07-19 호우,산사태_사유림,경상북도,봉화군,봉화읍,유곡리,1.05
2023,691,2023-07-09~07-19 호우,산사태_사유림,경상북도,봉화군,봉화읍,삼계리,0.27
2023,692,2023-07-09~07-19 호우,산사태_사유림,경상북도,봉화군,춘양면,서동리,0.91
2023,693,2023-07-09~07-19 호우,산사태_사유림,경상북도,봉화군,춘양면,도심리,0.89
2023,694,2023-07-09~07-19 호우,산사태_사유림,경상북도,봉화군,상운면,하눌리,0.23
2023,695,2023-07-09~07-19 호우,산사태_사유림,경상북도,봉화군,법전면,법전면,2.18
2023,696,2023-07-09~07-19 호우,산사태_사유림,경상북도,봉화군,봉성면,금봉리,0.87
2023,697,2023-06-27~06-30,산사태_사유림,경상북도,봉화군,상운면,하눌리,0.23
2023,698,2023-07-09~07-19 호우,산사태_사유림,경상북도,봉화군,명호면,도천리,2.45
2023,699,2023-07-09~07-19 호우,산사태_사유림,경상북도,봉화군,봉화읍,석평리,0.82
2023,700,2023-07-09~07-19 호우,산사태_사유림,경상북도,봉화군,물야면,개단리,0.22
2023,701,2023-07-09~07-19 호우,산사태_사유림,경상북도,봉화군,춘양면,학산리,4.19
2023,702,2023-06-27~06-30,산사태_사유림,경상북도,봉화군,법전면,소천리,0.21
2023,703,2023-07-09~07-19 호우,산사태_사유림,경상북도,봉화군,법전면,법전리,1.22
2023,704,2023-06-27~06-30,산사태_사유림,경상북도,봉화군,법전면,눌산리,1.98
2023,705,2023-07-09~07-19 호우,산사태_사유림,경상북도,봉화군,춘양면,의양리,0.21
2023,706,2023-07-09~07-19 호우,산사태_사유림,경상북도,봉화군,물야면,오전리,1.43
2023,707,2023-06-27~06-30,산사태_사유림,경상북도,봉화군,법전면,법전리,0.2
2023,708,2023-07-09~07-19 호우,산사태_사유림,경상북도,봉화군,봉성면,우곡리,1.33
2023,709,2023-07-20~07-27 호우,산사태_사유림,전라남도,무안군,몽탄면,귀학리,0.1
2023,710,2023-07-20~07-27 호우,산사태_사유림,전라남도,무안군,몽탄면,구산리,0.15
2023,711,2023-07-20~07-27 호우,산사태_사유림,전라남도,무안군,삼향읍,남악리,0.01
2023,712,2023-07-20~07-27 호우,산사태_사유림,전라남도,무안군,몽탄명,봉명리,0.32
2023,713,2023-07-20~07-27 호우,산사태_사유림,전라남도,무안군,몽탄명,이산리,0.17
2023,714,2023-07-20~07-27 호우,산사태_사유림,전라남도,함평군,함평읍,자풍리,0.24
2023,715,2023-07-20~07-27 호우,산사태_국유림,경상북도,김천시,남면,부상리,0.2
2023,716,제6호 태풍 '카눈',산사태_국유림,경상북도,경주시,문무대왕면,범곡리,1.95
2023,717,제6호 태풍 '카눈',산사태_사유림,경상북도,영주시,장수면,성곡리,3.42
2023,718,제6호 태풍 '카눈',산사태_사유림,경상북도,김천시,증산면,황점리,0.41
2023,719,제6호 태풍 '카눈',산사태_사유림,경상북도,경주시,강동면,왕신리,0.6
2023,720,제6호 태풍 '카눈',산사태_사유림,경상북도,김천시,증산면,황점리,0.33
2023,721,제6호 태풍 '카눈',산사태_국유림,경상북도,영덕군,영해면,대리,0.46
2023,722,제6호 태풍 '카눈',산사태_사유림,경상북도,영주시,단산면,단곡리,0.21
2023,723,제6호 태풍 '카눈',산사태_국유림,경상북도,김천시,증산면,수도리,0.55
2023,724,제6호 태풍 '카눈',산사태_국유림,경상북도,칠곡군,석적읍,성곡리,0.2
2023,725,제6호 태풍 '카눈',산사태_국유림,경상북도,김천시,부항면,안간리,0.21
2023,726,제6호 태풍 '카눈',산사태_사유림,경상북도,칠곡군,가산면,학하리,0.48
2023,727,제6호 태풍 '카눈',산사태_국유림,경상북도,울진군,금강송면,전곡리,0.44
2023,728,제6호 태풍 '카눈',산사태_국유림,경상북도,울진군,매화면,길곡리,0.2
2023,729,제6호 태풍 '카눈',산사태_사유림,경상북도,칠곡군,가산면,응추리,0.4
2023,730,제6호 태풍 '카눈',산사태_사유림,경상북도,성주군,수륜면,작은리,0.22
2023,731,제6호 태풍 '카눈',산사태_사유림,경상북도,성주군,수륜면,수성리,0.21
2023,732,제6호 태풍 '카눈',산사태_사유림,경상북도,칠곡군,가산면,가산리,0.34
2023,733,제6호 태풍 '카눈',산사태_국유림,경상북도,김천시,대덕면,화전리,0.2
2023,734,제6호 태풍 '카눈',산사태_사유림,경상북도,상주시,내서면,평지리,0.21
2023,735,제6호 태풍 '카눈',산사태_국유림,경상북도,영덕군,영해면,대리,0.26
2023,736,제6호 태풍 '카눈',산사태_사유림,경상북도,경주시,산내면,일부리,0.16
2023,737,제6호 태풍 '카눈',산사태_사유림,경상북도,경주시,암곡동,암곡동,0.1
2023,738,제6호 태풍 '카눈',산사태_사유림,경상북도,김천시,대항면,대성리,0.08
2023,739,제6호 태풍 '카눈',산사태_사유림,경상북도,김천시,부항면,신옥리,0.08
2023,740,제6호 태풍 '카눈',산사태_사유림,경상남도,창원시 마산회원구,내서읍,감천리,0.6
2023,741,제6호 태풍 '카눈',산사태_사유림,경상남도,함안군,군북면,오곡리,0.76
2023,742,제6호 태풍 '카눈',산사태_사유림,경상남도,함안군,여항면,주동리 ,0.16
2023,743,제6호 태풍 '카눈',산사태_사유림,경상남도,창원시 의창구,북면,상천리,0.26
2023,744,제6호 태풍 '카눈',산사태_국유림,경상남도,산청군,오부면,방곡리,0.21
2023,745,제6호 태풍 '카눈',산사태_사유림,경상남도,함안군,칠원읍,무기리,0.12
2023,746,제6호 태풍 '카눈',산사태_사유림,경상남도,함안군,함안면,파수리,0.17
2023,747,제6호 태풍 '카눈',산사태_사유림,경상남도,함안군,칠북면,봉촌리,0.19
2023,748,제6호 태풍 '카눈',산사태_사유림,경상남도,김해시,대동면,대감리,0.12
2023,749,제6호 태풍 '카눈',산사태_국유림,경상남도,남해군,미조면,송정리,0.1
2023,750,제6호 태풍 '카눈',산사태_사유림,경상남도,김해시,생림면,생철리,0.05
2023,751,제6호 태풍 '카눈',산사태_사유림,경상남도,밀양시,산내면,남명리,0.02
2023,752,제6호 태풍 '카눈',산사태_사유림,경상남도,창원시 마산합포구,진전면,여양리,0.06
2023,753,제6호 태풍 '카눈',산사태_사유림,경상남도,밀양시,가곡동,,0.05
2023,754,제6호 태풍 '카눈',산사태_사유림,경상남도,밀양시,산내면,남명리,0.02
2023,755,제6호 태풍 '카눈',산사태_사유림,대구광역시,군위군,부계면,동산리,1.83
2023,756,제6호 태풍 '카눈',산사태_사유림,대구광역시,군위군,효령면,마시리,0.43
2023,757,제6호 태풍 '카눈',산사태_사유림,대구광역시,군위군,부계면,동산리,0.33
2023,758,제6호 태풍 '카눈',산사태_사유림,대구광역시,군위군,부계면,춘산리,0.42
2023,759,제6호 태풍 '카눈',산사태_사유림,대구광역시,군위군,부계면,대율리,0.5
2023,760,제6호 태풍 '카눈',산사태_사유림,대구광역시,군위군,부계면,남산리,0.26
2023,761,제6호 태풍 '카눈',산사태_국유림,대구광역시,군위군,삼국유사면,가암리,0.45
2023,762,제6호 태풍 '카눈',산사태_사유림,대구광역시,군위군,부계면,남산리,0.77
2023,763,제6호 태풍 '카눈',산사태_사유림,대구광역시,군위군,부계면,동산리,0.49
2023,764,제6호 태풍 '카눈',산사태_사유림,대구광역시,군위군,부계면,대율리,0.21
2023,765,제6호 태풍 '카눈',산사태_사유림,대구광역시,군위군,부계면,남산리,0.26
2023,766,제6호 태풍 '카눈',산사태_사유림,강원특별자치도,고성군,거진읍,반암리,2.18
2023,767,제6호 태풍 '카눈',산사태_사유림,강원특별자치도,고성군,토성면,봉포리,1.57
2023,768,제6호 태풍 '카눈',산사태_사유림,강원특별자치도,고성군,죽왕면,오봉리,1.67
2023,769,제6호 태풍 '카눈',산사태_국유림,강원특별자치도,고성군,간성읍,선유실리,1.14
2023,770,제6호 태풍 '카눈',산사태_사유림,강원특별자치도,속초시,동명동,동명동,0.71
2023,771,제6호 태풍 '카눈',산사태_사유림,강원특별자치도,고성군,간성읍,탑동리,0.65
2023,772,제6호 태풍 '카눈',산사태_사유림,강원특별자치도,강릉시,연곡면,방내리,0.55
2023,773,제6호 태풍 '카눈',산사태_사유림,강원특별자치도,동해시,부곡동,,0.46
2023,774,제6호 태풍 '카눈',산사태_사유림,강원특별자치도,고성군,현내면,철통리,0.69
2023,775,제6호 태풍 '카눈',산사태_사유림,강원특별자치도,동해시,초구동,,0.6
2023,776,제6호 태풍 '카눈',산사태_사유림,강원특별자치도,양양군,현남면,남애리,0.22
2023,777,제6호 태풍 '카눈',산사태_사유림,강원특별자치도,강릉시,안현동,,0.33
2023,778,제6호 태풍 '카눈',산사태_국유림,강원특별자치도,고성군,죽왕면,구성리,0.33
2023,779,제6호 태풍 '카눈',산사태_국유림,강원특별자치도,속초시,장사동,,0.2
2023,780,제6호 태풍 '카눈',산사태_국유림,강원특별자치도,양양군,현북면,어성전리,0.23
2023,781,제6호 태풍 '카눈',산사태_국유림,강원특별자치도,고성군,간성읍,흘리,0.13
2023,782,제6호 태풍 '카눈',산사태_사유림,강원특별자치도,삼척시,적노동,,0.1
2023,783,제6호 태풍 '카눈',산사태_사유림,강원특별자치도,동해시,비천동,,0.23
2023,784,제6호 태풍 '카눈',산사태_사유림,강원특별자치도,삼척시,조비동,,0.09
2023,785,제6호 태풍 '카눈',산사태_사유림,강원특별자치도,삼척시,노곡면,하마읍리,0.09
2023,786,제6호 태풍 '카눈',산사태_국유림,강원특별자치도,양양군,서면,미천리,0.04
2023,787,제6호 태풍 '카눈',산사태_타부처국유림,강원특별자치도,삼척시,정상동,,0.04
2023,788,제6호 태풍 '카눈',산사태_사유림,강원특별자치도,삼척시,근덕면,궁촌리,0.02
2023,789,제6호 태풍 '카눈',산사태_국유림,강원특별자치도,고성군,간성읍,신안리,0.02
2023,790,제6호 태풍 '카눈',산사태_국유림,강원특별자치도,고성군,간성읍,금수리,0.01
2023,791,제6호 태풍 '카눈',산사태_사유림,강원특별자치도,삼척시,사직동,,0.03
2023,792,제6호 태풍 '카눈',산사태_국유림,강원특별자치도,양양군,서면,미천리,0.06
2023,793,제6호 태풍 '카눈',산사태_사유림,강원특별자치도,삼척시,정하동,,0.02
2023,794,제6호 태풍 '카눈',산사태_사유림,강원특별자치도,삼척시,원덕읍,산양리,0.05
2023,795,제6호 태풍 '카눈',산사태_국유림,강원특별자치도,고성군,간성읍,장신리,0.05
2023,796,제6호 태풍 '카눈',산사태_사유림,강원특별자치도,삼척시,사직동,,0.03
2023,797,제6호 태풍 '카눈',산사태_사유림,강원특별자치도,삼척시,미로면,하거노리,0.03
2023,798,제6호 태풍 '카눈',산사태_사유림,강원특별자치도,삼척시,남양동,,0.03
2024,1,2024-07-08~07-10 호우,산사태_사유림,전북특별자치도,익산시,함라면,함열리,0.46
2024,2,2024-07-08~07-10 호우,산사태_사유림,전북특별자치도,익산시,함라면,함열리,0.21
2024,3,2024-07-08~07-10 호우,산사태_사유림,전북특별자치도,익산시,함라면,함열리,0.06
2024,4,2024-07-08~07-10 호우,산사태_사유림,전북특별자치도,익산시,함라면,함열리,1.53
2024,5,2024-07-08~07-10 호우,산사태_사유림,전북특별자치도,익산시,함라면,함열리,0.75
2024,6,2024-07-08~07-10 호우,산사태_사유림,전북특별자치도,익산시,함라면,함열리,0.31
2024,7,2024-07-08~07-10 호우,산사태_사유림,전북특별자치도,익산시,함라면,함열리,0.64
2024,8,2024-07-08~07-10 호우,산사태_사유림,전북특별자치도,익산시,함라면,함열리,0.96
2024,9,2024-07-08~07-10 호우,산사태_사유림,충청북도,옥천군,이원면,원동리,4.2
2024,10,2024-07-08~07-10 호우,산사태_사유림,전북특별자치도,익산시,웅포면,입점리,0.57
2024,11,2024-07-08~07-10 호우,산사태_사유림,전북특별자치도,익산시,웅포면,입점리,0.38
2024,12,2024-07-08~07-10 호우,산사태_사유림,전북특별자치도,익산시,웅포면,입점리,0.45
2024,13,2024-07-08~07-10 호우,산사태_사유림,전북특별자치도,익산시,웅포면,입점리,0.4
2024,14,2024-07-08~07-10 호우,산사태_사유림,전북특별자치도,익산시,웅포면,입점리,0.01
2024,15,2024-07-08~07-10 호우,산사태_사유림,전북특별자치도,익산시,웅포면,입점리,0.18
2024,16,2024-07-08~07-10 호우,산사태_사유림,전북특별자치도,익산시,웅포면,입점리,0.03
2024,17,2024-07-08~07-10 호우,산사태_사유림,전북특별자치도,익산시,웅포면,입점리,0.03
2024,18,2024-07-08~07-10 호우,산사태_사유림,전북특별자치도,익산시,웅포면,입점리,0.57
2024,19,2024-07-08~07-10 호우,산사태_국유림,충청남도,서천군,종천면,산천리,0.02
2024,20,2024-07-08~07-10 호우,산사태_국유림,충청남도,서천군,종천면,산천리,0.03
2024,21,2024-07-08~07-10 호우,산사태_국유림,충청남도,서천군,종천면,산천리,0.83
2024,22,2024-07-08~07-10 호우,산사태_국유림,충청남도,서천군,종천면,산천리,0.01
2024,23,2024-07-08~07-10 호우,산사태_국유림,충청남도,서천군,종천면,산천리,0.08
2024,24,2024-07-08~07-10 호우,산사태_국유림,충청남도,서천군,종천면,산천리,0.02
2024,25,2024-07-08~07-10 호우,산사태_국유림,충청남도,서천군,종천면,산천리,0.02
2024,26,2024-07-08~07-10 호우,산사태_국유림,충청남도,서천군,종천면,산천리,0.01
2024,27,2024-07-08~07-10 호우,산사태_국유림,충청남도,서천군,마산면,마명리,0.02
2024,28,2024-07-08~07-10 호우,산사태_국유림,충청남도,서천군,마산면,소야리,0.02
2024,29,2024-07-08~07-10 호우,산사태_국유림,충청남도,서천군,비인면,성내리,0.02
2024,30,2024-07-08~07-10 호우,산사태_사유림,충청남도,서천군,문산면,수암리,0.32
2024,31,2024-07-08~07-10 호우,산사태_사유림,충청남도,서천군,문산면,수암리,0.19
2024,32,2024-07-08~07-10 호우,산사태_사유림,충청남도,서천군,문산면,수암리,0.12
2024,33,2024-07-08~07-10 호우,산사태_사유림,충청남도,서천군,문산면,수암리,0.08
2024,34,2024-07-08~07-10 호우,산사태_사유림,충청남도,서천군,문산면,수암리,0.09
2024,35,2024-07-08~07-10 호우,산사태_사유림,충청남도,서천군,문산면,수암리,0.08
2024,36,2024-07-08~07-10 호우,산사태_사유림,충청남도,서천군,문산면,수암리,0.23
2024,37,2024-07-08~07-10 호우,산사태_사유림,충청남도,서천군,문산면,수암리,0.88
2024,38,2024-07-08~07-10 호우,산사태_사유림,충청남도,서천군,문산면,수암리,0.06
2024,39,2024-07-08~07-10 호우,산사태_사유림,충청남도,서천군,문산면,수암리,0.09
2024,40,2024-07-08~07-10 호우,산사태_사유림,충청남도,서천군,문산면,수암리,0.03
2024,41,2024-07-08~07-10 호우,산사태_사유림,전북특별자치도,익산시,웅포면,송천리,0.75
2024,42,2024-07-08~07-10 호우,산사태_사유림,전북특별자치도,익산시,웅포면,고창리,0.6
2024,43,2024-07-08~07-10 호우,산사태_사유림,전북특별자치도,익산시,웅포면,고창리,0.18
2024,44,2024-07-08~07-10 호우,산사태_사유림,전북특별자치도,익산시,웅포면,송천리,0.08
2024,45,2024-07-08~07-10 호우,산사태_사유림,전북특별자치도,익산시,웅포면,웅포리,0.12
2024,46,2024-07-08~07-10 호우,산사태_사유림,전북특별자치도,익산시,웅포면,고창리,0.05
2024,47,2024-07-08~07-10 호우,산사태_사유림,전북특별자치도,익산시,웅포면,맹산리,0.05
2024,48,2024-07-08~07-10 호우,산사태_사유림,전북특별자치도,익산시,웅포면,고창리,0.12
2024,49,2024-07-08~07-10 호우,산사태_사유림,전북특별자치도,익산시,웅포면,고창리,0.11
2024,50,2024-07-08~07-10 호우,산사태_사유림,전북특별자치도,익산시,여산면,호산리,0.3
2024,51,2024-07-08~07-10 호우,산사태_사유림,전북특별자치도,익산시,여산면,호산리,0.22
2024,52,2024-07-08~07-10 호우,산사태_사유림,전북특별자치도,익산시,여산면,호산리,0.4
2024,53,2024-07-08~07-10 호우,산사태_사유림,전북특별자치도,익산시,여산면,호산리,0.28
2024,54,2024-07-08~07-10 호우,산사태_사유림,전북특별자치도,익산시,여산면,호산리,0.4
2024,55,2024-07-08~07-10 호우,산사태_사유림,전북특별자치도,익산시,여산면,태성리,0.09
2024,56,2024-07-08~07-10 호우,산사태_사유림,전북특별자치도,익산시,여산면,여산리,0.04
2024,57,2024-07-08~07-10 호우,산사태_사유림,전북특별자치도,익산시,여산면,제남리,0.02
2024,58,2024-07-08~07-10 호우,산사태_사유림,충청남도,서천군,한산면,단상리,0.03
2024,59,2024-07-08~07-10 호우,산사태_사유림,충청남도,서천군,한산면,단상리,0.41
2024,60,2024-07-08~07-10 호우,산사태_사유림,충청남도,서천군,한산면,동지리,0.09
2024,61,2024-07-08~07-10 호우,산사태_사유림,충청남도,서천군,한산면,송산리,0.03
2024,62,2024-07-08~07-10 호우,산사태_사유림,충청남도,서천군,한산면,단상리,0.66
2024,63,2024-07-08~07-10 호우,산사태_사유림,충청남도,서천군,한산면,송산리,0.17
2024,64,2024-07-08~07-10 호우,산사태_사유림,충청남도,서천군,한산면,송산리,0.25
2024,65,2024-07-08~07-10 호우,산사태_사유림,충청남도,서천군,한산면,송산리,0.02
2024,66,2024-07-08~07-10 호우,산사태_사유림,충청남도,서천군,한산면,연봉리,0.02
2024,67,2024-07-08~07-10 호우,산사태_사유림,충청남도,서천군,한산면,연봉리,0.02
2024,68,2024-07-08~07-10 호우,산사태_사유림,충청남도,서천군,한산면,호암리,0.45
2024,69,2024-07-08~07-10 호우,산사태_사유림,충청남도,서천군,한산면,호암리,0.48
2024,70,2024-07-08~07-10 호우,산사태_사유림,충청남도,서천군,한산면,호암리,0.03
2024,71,2024-07-08~07-10 호우,산사태_사유림,충청남도,서천군,판교면,금덕리,0.75
2024,72,2024-07-08~07-10 호우,산사태_사유림,충청남도,서천군,판교면,금덕리,0.28
2024,73,2024-07-08~07-10 호우,산사태_사유림,충청남도,서천군,판교면,금덕리,0.14
2024,74,2024-07-08~07-10 호우,산사태_사유림,충청남도,서천군,판교면,금덕리,0.45
2024,75,2024-07-08~07-10 호우,산사태_사유림,충청남도,서천군,판교면,금덕리,0.08
2024,76,2024-07-08~07-10 호우,산사태_사유림,충청남도,서천군,판교면,금덕리,0.05
2024,77,2024-07-08~07-10 호우,산사태_사유림,충청남도,서천군,판교면,금덕리,0.06
2024,78,2024-07-08~07-10 호우,산사태_사유림,충청남도,서천군,판교면,복대리,0.01
2024,79,2024-07-08~07-10 호우,산사태_사유림,충청남도,서천군,판교면,복대리,0.02
2024,80,2024-07-08~07-10 호우,산사태_사유림,충청남도,서천군,판교면,판교리,0.02
2024,81,2024-07-08~07-10 호우,산사태_사유림,충청남도,서천군,판교면,판교리,0.04
2024,82,2024-07-08~07-10 호우,산사태_사유림,충청남도,서천군,판교면,저산리,0.04
2024,83,2024-07-08~07-10 호우,산사태_사유림,경상북도,영양군,입암면,금학리,0.26
2024,84,2024-07-08~07-10 호우,산사태_사유림,경상북도,영양군,입암면,금학리,0.87
2024,85,2024-07-08~07-10 호우,산사태_사유림,전북특별자치도,군산시,성산면,둔덕리,2.31
2024,86,2024-07-08~07-10 호우,산사태_국유림,충청남도,금산군,남이면,역평리,0.09
2024,87,2024-07-08~07-10 호우,산사태_국유림,충청남도,금산군,남이면,역평리,0.13
2024,88,2024-07-08~07-10 호우,산사태_국유림,충청남도,금산군,남이면,역평리,0.27
2024,89,2024-07-08~07-10 호우,산사태_국유림,충청남도,금산군,남이면,역평리,0.14
2024,90,2024-07-08~07-10 호우,산사태_국유림,충청남도,금산군,남이면,역평리,0.16
2024,91,2024-07-08~07-10 호우,산사태_국유림,충청남도,금산군,남이면,역평리,0.06
2024,92,2024-07-08~07-10 호우,산사태_사유림,충청남도,서천군,판교면,상좌리,0.41
2024,93,2024-07-08~07-10 호우,산사태_사유림,충청남도,서천군,판교면,상좌리,0.05
2024,94,2024-07-08~07-10 호우,산사태_사유림,충청남도,서천군,판교면,상좌리,0.28
2024,95,2024-07-08~07-10 호우,산사태_사유림,충청남도,서천군,판교면,마대리,0.37
2024,96,2024-07-08~07-10 호우,산사태_사유림,충청남도,서천군,판교면,복대리,0.05
2024,97,2024-07-08~07-10 호우,산사태_사유림,충청남도,서천군,판교면,복대리,0.05
2024,98,2024-07-08~07-10 호우,산사태_국유림,충청남도,논산시,벌곡면 ,만목리,0.1
2024,99,2024-07-08~07-10 호우,산사태_국유림,충청남도,논산시,벌곡면 ,만목리,0.05
2024,100,2024-07-08~07-10 호우,산사태_국유림,충청남도,논산시,벌곡면 ,덕곡리,0.25
2024,101,2024-07-08~07-10 호우,산사태_국유림,충청남도,논산시,노성면,구암리,0.04
2024,102,2024-07-08~07-10 호우,산사태_국유림,충청남도,논산시,노성면,구암리,0.01
2024,103,2024-07-08~07-10 호우,산사태_사유림,충청남도,서천군,비인면,율리,0.5
2024,104,2024-07-08~07-10 호우,산사태_사유림,충청남도,서천군,비인면,율리,0.17
2024,105,2024-07-08~07-10 호우,산사태_사유림,충청남도,서천군,비인면,율리,0.26
2024,106,2024-07-08~07-10 호우,산사태_사유림,충청남도,서천군,문산면,금복리,0.03
2024,107,2024-07-08~07-10 호우,산사태_사유림,충청남도,서천군,문산면,금복리,0.05
2024,108,2024-07-08~07-10 호우,산사태_사유림,충청남도,서천군,문산면,금복리,0.14
2024,109,2024-07-08~07-10 호우,산사태_사유림,충청남도,서천군,문산면,금복리,0.02
2024,110,2024-07-08~07-10 호우,산사태_사유림,충청남도,서천군,문산면,금복리,0.05
2024,111,2024-07-08~07-10 호우,산사태_사유림,충청남도,서천군,문산면,금복리,0.02
2024,112,2024-07-08~07-10 호우,산사태_사유림,충청남도,서천군,문산면,금복리,0.63
2024,113,2024-07-08~07-10 호우,산사태_사유림,충청남도,서천군,문산면,금복리,0.32
2024,114,2024-07-08~07-10 호우,산사태_사유림,충청남도,서천군,문산면,금복리,0.04
2024,115,2024-07-08~07-10 호우,산사태_사유림,충청남도,서천군,문산면,금복리,0.04
2024,116,2024-07-08~07-10 호우,산사태_사유림,충청남도,논산시,가야곡면,삼전리,0.75
2024,117,2024-07-08~07-10 호우,산사태_사유림,충청남도,논산시,가야곡면,삼전리,0.9
2024,118,2024-07-08~07-10 호우,산사태_사유림,충청남도,논산시,가야곡면,삼전리,0.1
2024,119,2024-07-08~07-10 호우,산사태_사유림,충청남도,논산시,가야곡면,삼전리,0.1
2024,120,2024-07-08~07-10 호우,산사태_사유림,충청남도,논산시,가야곡면,삼전리,0.75
2024,121,2024-07-08~07-10 호우,산사태_사유림,충청남도,논산시,가야곡면,등리,0.08
2024,122,2024-07-08~07-10 호우,산사태_사유림,충청남도,논산시,가야곡면,목곡리,0.02
2024,123,2024-07-08~07-10 호우,산사태_사유림,충청남도,논산시,가야곡면,목곡리,0.15
2024,124,2024-07-08~07-10 호우,산사태_사유림,충청남도,논산시,가야곡면,삼전리,0.09
2024,125,2024-07-08~07-10 호우,산사태_사유림,충청남도,논산시,가야곡면,두월리,0.32
2024,126,2024-07-08~07-10 호우,산사태_사유림,충청남도,논산시,가야곡면,야촌리,0.25
2024,127,2024-07-08~07-10 호우,산사태_사유림,충청남도,서천군,종천면,지석리,0.4
2024,128,2024-07-08~07-10 호우,산사태_사유림,충청남도,서천군,종천면,종천리,0.28
2024,129,2024-07-08~07-10 호우,산사태_사유림,충청남도,서천군,종천면,종천리,0.1
2024,130,2024-07-08~07-10 호우,산사태_사유림,충청남도,서천군,종천면,종천리,0.01
2024,131,2024-07-08~07-10 호우,산사태_사유림,충청남도,서천군,종천면,종천리,0.04
2024,132,2024-07-08~07-10 호우,산사태_사유림,충청남도,서천군,종천면,당정리,0.2
2024,133,2024-07-08~07-10 호우,산사태_사유림,충청남도,서천군,서천읍,오석리,1
2024,134,2024-07-08~07-10 호우,산사태_사유림,충청남도,서천군,종천면,랑평리,0.9
2024,135,2024-07-08~07-10 호우,산사태_사유림,충청남도,금산군,진산면,오항리,0.1
2024,136,2024-07-08~07-10 호우,산사태_사유림,충청남도,금산군,진산면,오항리,0.05
2024,137,2024-07-08~07-10 호우,산사태_사유림,충청남도,금산군,진산면,오항리,0.03
2024,138,2024-07-08~07-10 호우,산사태_사유림,충청남도,금산군,진산면,오항리,0.02
2024,139,2024-07-08~07-10 호우,산사태_사유림,충청남도,금산군,진산면,오항리,0.03
2024,140,2024-07-08~07-10 호우,산사태_사유림,충청남도,금산군,진산면,오항리,0.24
2024,141,2024-07-08~07-10 호우,산사태_사유림,충청남도,금산군,진산면,오항리,0.02
2024,142,2024-07-08~07-10 호우,산사태_사유림,충청남도,금산군,진산면,오항리,0.13
2024,143,2024-07-08~07-10 호우,산사태_사유림,충청남도,금산군,진산면,오항리,0.01
2024,144,2024-07-08~07-10 호우,산사태_사유림,충청남도,금산군,진산면,오항리,0.39
2024,145,2024-07-08~07-10 호우,산사태_사유림,충청남도,금산군,진산면,오항리,0.58
2024,146,2024-07-08~07-10 호우,산사태_사유림,충청남도,금산군,진산면,오항리,0.04
2024,147,2024-07-08~07-10 호우,산사태_사유림,충청남도,금산군,진산면,오항리,0.02
2024,148,2024-07-08~07-10 호우,산사태_사유림,충청남도,금산군,진산면,오항리,0.08
2024,149,2024-07-08~07-10 호우,산사태_사유림,충청남도,금산군,진산면,오항리,0.06
2024,150,2024-07-08~07-10 호우,산사태_사유림,전북특별자치도,익산시,웅포면,웅포리,0.13
2024,151,2024-07-08~07-10 호우,산사태_사유림,전북특별자치도,익산시,웅포면,웅포리,0.09
2024,152,2024-07-08~07-10 호우,산사태_사유림,전북특별자치도,익산시,웅포면,웅포리,0.19
2024,153,2024-07-08~07-10 호우,산사태_사유림,전북특별자치도,익산시,웅포면,웅포리,0.09
2024,154,2024-07-08~07-10 호우,산사태_사유림,전북특별자치도,익산시,웅포면,웅포리,0.14
2024,155,2024-07-08~07-10 호우,산사태_사유림,전북특별자치도,익산시,웅포면,웅포리,0.16
2024,156,2024-07-08~07-10 호우,산사태_사유림,전북특별자치도,익산시,웅포면,웅포리,0.07
2024,157,2024-07-08~07-10 호우,산사태_사유림,전북특별자치도,익산시,웅포면,웅포리,0.06
2024,158,2024-07-08~07-10 호우,산사태_사유림,전북특별자치도,익산시,웅포면,웅포리,0.03
2024,159,2024-07-08~07-10 호우,산사태_사유림,전북특별자치도,군산시,성산면,여방리,0.71
2024,160,2024-07-08~07-10 호우,산사태_사유림,전북특별자치도,군산시,성산면,여방리,0.14
2024,161,2024-07-08~07-10 호우,산사태_사유림,충청남도,서천군,판교면,등고리,0.6
2024,162,2024-07-08~07-10 호우,산사태_사유림,충청남도,서천군,판교면,등고리,0.11
2024,163,2024-07-08~07-10 호우,산사태_사유림,충청남도,서천군,판교면,등고리,0.1
2024,164,2024-07-08~07-10 호우,산사태_사유림,충청남도,서천군,판교면,등고리,0.08
2024,165,2024-07-08~07-10 호우,산사태_사유림,충청남도,서천군,판교면,수성리,0.02
2024,166,2024-07-08~07-10 호우,산사태_사유림,충청남도,서천군,판교면,수성리,0.15
2024,167,2024-07-08~07-10 호우,산사태_사유림,충청남도,서천군,판교면,수성리,0.14
2024,168,2024-07-08~07-10 호우,산사태_사유림,충청남도,서천군,판교면,현암리,0.08
2024,169,2024-07-08~07-10 호우,산사태_사유림,충청남도,서천군,판교면,만덕리,0.28
2024,170,2024-07-08~07-10 호우,산사태_사유림,충청남도,서천군,판교면,금덕리,0.13
2024,171,2024-07-08~07-10 호우,산사태_사유림,충청남도,서천군,판교면,등고리,0.23
2024,172,2024-07-08~07-10 호우,산사태_사유림,충청남도,서천군,판교면,등고리,0.08
2024,173,2024-07-08~07-10 호우,산사태_사유림,충청남도,서천군,판교면,등고리,0.02
2024,174,2024-07-08~07-10 호우,산사태_사유림,충청남도,서천군,판교면,금덕리,0.12
2024,175,2024-07-08~07-10 호우,산사태_사유림,충청남도,서천군,판교면,금덕리,0.08
2024,176,2024-07-08~07-10 호우,산사태_사유림,충청남도,서천군,판교면,금덕리,0.06
2024,177,2024-07-08~07-10 호우,산사태_사유림,충청남도,서천군,판교면,금덕리,0.15
2024,178,2024-07-08~07-10 호우,산사태_사유림,충청남도,금산군,군북면,천을리,1.72
2024,179,2024-07-08~07-10 호우,산사태_사유림,전북특별자치도,익산시,금마면,산북리,1
2024,180,2024-07-08~07-10 호우,산사태_사유림,전북특별자치도,익산시,금마면,서고도리,0.15
2024,181,2024-07-08~07-10 호우,산사태_사유림,충청남도,서천군,판교면,심동리,0.25
2024,182,2024-07-08~07-10 호우,산사태_사유림,충청남도,서천군,판교면,심동리,0.12
2024,183,2024-07-08~07-10 호우,산사태_사유림,충청남도,서천군,판교면,심동리,0.06
2024,184,2024-07-08~07-10 호우,산사태_사유림,충청남도,서천군,판교면,송림리,0.24
2024,185,2024-07-08~07-10 호우,산사태_국유림,전북특별자치도,완주군,운주면,고당리,0.07
2024,186,2024-07-08~07-10 호우,산사태_국유림,전북특별자치도,완주군,운주면,구제리,0
2024,187,2024-07-08~07-10 호우,산사태_국유림,전북특별자치도,완주군,운주면,구제리,0.14
2024,188,2024-07-08~07-10 호우,산사태_국유림,전북특별자치도,완주군,운주면,구제리,0.09
2024,189,2024-07-08~07-10 호우,산사태_국유림,전북특별자치도,완주군,운주면,구제리,0.01
2024,190,2024-07-08~07-10 호우,산사태_국유림,전북특별자치도,완주군,운주면,구제리,0.09
2024,191,2024-07-08~07-10 호우,산사태_국유림,전북특별자치도,완주군,운주면,구제리,0.04
2024,192,2024-07-08~07-10 호우,산사태_국유림,전북특별자치도,완주군,운주면,구제리,0.02
2024,193,2024-07-08~07-10 호우,산사태_국유림,전북특별자치도,완주군,운주면,구제리,0.04
2024,194,2024-07-08~07-10 호우,산사태_국유림,전북특별자치도,완주군,운주면,구제리,0.18
2024,195,2024-07-08~07-10 호우,산사태_국유림,전북특별자치도,완주군,운주면,완창리,0.06
2024,196,2024-07-08~07-10 호우,산사태_사유림,충청남도,논산시,양촌면,모촌리,0.23
2024,197,2024-07-08~07-10 호우,산사태_사유림,충청남도,논산시,양촌면,모촌리,0.03
2024,198,2024-07-08~07-10 호우,산사태_사유림,충청남도,논산시,양촌면,산직리,0.06
2024,199,2024-07-08~07-10 호우,산사태_사유림,충청남도,논산시,양촌면,도평리,0.19
2024,200,2024-07-08~07-10 호우,산사태_사유림,충청남도,논산시,양촌면,인천리,0.01
2024,201,2024-07-08~07-10 호우,산사태_사유림,충청남도,부여군,임천면,구교리,0.9
2024,202,2024-07-08~07-10 호우,산사태_사유림,충청남도,부여군,양화면,수원리,0.9
2024,203,2024-07-08~07-10 호우,산사태_국유림,충청북도,영동군,상촌면,물한리,0.54
2024,204,2024-07-08~07-10 호우,산사태_국유림,충청북도,영동군,상촌면,물한리,0.08
2024,205,2024-07-08~07-10 호우,산사태_국유림,충청북도,영동군,상촌면,물한리,0.13
2024,206,2024-07-08~07-10 호우,산사태_국유림,충청북도,영동군,상촌면,물한리,0.07
2024,207,2024-07-08~07-10 호우,산사태_국유림,충청북도,영동군,상촌면,물한리,0.12
2024,208,2024-07-08~07-10 호우,산사태_사유림,충청남도,부여군,임천면,군사리,0.8
2024,209,2024-07-08~07-10 호우,산사태_국유림,충청남도,금산군,남이면,역평리,0.05
2024,210,2024-07-08~07-10 호우,산사태_국유림,충청남도,금산군,남이면,역평리,0.02
2024,211,2024-07-08~07-10 호우,산사태_국유림,충청남도,금산군,남이면,신안리,0.12
2024,212,2024-07-08~07-10 호우,산사태_국유림,충청남도,금산군,남이면,신안리,0.07
2024,213,2024-07-08~07-10 호우,산사태_국유림,충청남도,금산군,남이면,신안리,0.04
2024,214,2024-07-08~07-10 호우,산사태_국유림,충청남도,금산군,남이면,상금리,0.12
2024,215,2024-07-08~07-10 호우,산사태_국유림,충청남도,금산군,남이면,지방리,0.02
2024,216,2024-07-08~07-10 호우,산사태_국유림,충청남도,금산군,남이면,지방리,0.02
2024,217,2024-07-08~07-10 호우,산사태_국유림,충청남도,금산군,남이면,지방리,0.02
2024,218,2024-07-08~07-10 호우,산사태_사유림,충청남도,금산군,제원면,동곡리,0.77
2024,219,2024-07-08~07-10 호우,산사태_사유림,충청남도,서천군,화양면,죽산리,0.05
2024,220,2024-07-08~07-10 호우,산사태_사유림,충청남도,서천군,화양면,죽산리,0.4
2024,221,2024-07-08~07-10 호우,산사태_사유림,전북특별자치도,무주군,적상면,포내리,0.29
2024,222,2024-07-08~07-10 호우,산사태_사유림,전북특별자치도,무주군,적상면,포내리,0.21
2024,223,2024-07-08~07-10 호우,산사태_사유림,충청남도,서천군,시초면,신곡리,1.32
2024,224,2024-07-08~07-10 호우,산사태_사유림,충청남도,서천군,문산면,은곡리,0.34
2024,225,2024-07-08~07-10 호우,산사태_사유림,충청남도,서천군,문산면,은곡리,0.1
2024,226,2024-07-08~07-10 호우,산사태_사유림,충청남도,서천군,문산면,은곡리,0.05
2024,227,2024-07-08~07-10 호우,산사태_사유림,충청남도,서천군,문산면,은곡리,0.04
2024,228,2024-07-08~07-10 호우,산사태_사유림,충청남도,서천군,문산면,은곡리,0.17
2024,229,2024-07-08~07-10 호우,산사태_사유림,충청남도,서천군,문산면,신농리,0.1
2024,230,2024-07-08~07-10 호우,산사태_사유림,충청남도,서천군,문산면,신농리,0.03
2024,231,2024-07-08~07-10 호우,산사태_사유림,충청남도,서천군,문산면,신농리,0.04
2024,232,2024-07-08~07-10 호우,산사태_사유림,충청남도,서천군,문산면,신농리,0.06
2024,233,2024-07-08~07-10 호우,산사태_사유림,충청남도,서천군,문산면,신농리,0.09
2024,234,2024-07-08~07-10 호우,산사태_사유림,충청남도,서천군,문산면,신농리,0.05
2024,235,2024-07-08~07-10 호우,산사태_사유림,충청남도,서천군,문산면,신농리,0.03
2024,236,2024-07-08~07-10 호우,산사태_사유림,충청남도,논산시,양촌면,중산리,0.15
2024,237,2024-07-08~07-10 호우,산사태_사유림,충청남도,논산시,양촌면,중산리,0.12
2024,238,2024-07-08~07-10 호우,산사태_사유림,충청남도,논산시,양촌면,중산리,0.18
2024,239,2024-07-08~07-10 호우,산사태_사유림,충청남도,논산시,양촌면,중산리,0.09
2024,240,2024-07-08~07-10 호우,산사태_사유림,충청남도,논산시,양촌면,중산리,0.21
2024,241,2024-07-08~07-10 호우,산사태_사유림,충청남도,논산시,양촌면,중산리,0.15
2024,242,2024-07-08~07-10 호우,산사태_국유림,전북특별자치도,군산시,성산면,성덕리,0.5
2024,243,2024-07-08~07-10 호우,산사태_국유림,전북특별자치도,군산시,성산면,성덕리,0.27
2024,244,2024-07-08~07-10 호우,산사태_국유림,전북특별자치도,군산시,성산면,성덕리,0.28
2024,245,2024-07-08~07-10 호우,산사태_사유림,충청남도,보령시,미산면,도화담리,0.35
2024,246,2024-07-08~07-10 호우,산사태_사유림,경상북도,김천시,봉산면,신암리,0.53
2024,247,2024-07-08~07-10 호우,산사태_국유림,충청북도,영동군,황간면,노근리,0.34
2024,248,2024-07-08~07-10 호우,산사태_국유림,충청북도,영동군,황간면,노근리,0.12
2024,249,2024-07-08~07-10 호우,산사태_사유림,충청남도,논산시,연산면,덕암리,0.09
2024,250,2024-07-08~07-10 호우,산사태_사유림,충청남도,논산시,연산면,덕암리,0.08
2024,251,2024-07-08~07-10 호우,산사태_사유림,충청남도,논산시,연산면,화악리,0.2
2024,252,2024-07-08~07-10 호우,산사태_사유림,충청남도,논산시,연산면,화악리,0.1
2024,253,2024-07-08~07-10 호우,산사태_사유림,충청남도,논산시,벌곡면,사정리,0.27
2024,254,2024-07-08~07-10 호우,산사태_사유림,충청남도,논산시,벌곡면,사정리,0.35
2024,255,2024-07-08~07-10 호우,산사태_사유림,충청남도,논산시,벌곡면,사정리,0.24
2024,256,2024-07-08~07-10 호우,산사태_사유림,충청남도,서천군,문산면,문장리,0.2
2024,257,2024-07-08~07-10 호우,산사태_사유림,충청남도,서천군,문산면,문장리,0.08
2024,258,2024-07-08~07-10 호우,산사태_사유림,충청남도,서천군,문산면,문장리,0.01
2024,259,2024-07-08~07-10 호우,산사태_사유림,충청남도,서천군,문산면,문장리,0.01
2024,260,2024-07-08~07-10 호우,산사태_사유림,전북특별자치도,군산시,나포면,옥곤리,0.02
2024,261,2024-07-08~07-10 호우,산사태_사유림,전북특별자치도,군산시,나포면,옥곤리,0.78
2024,262,2024-07-08~07-10 호우,산사태_사유림,대전광역시,서구,장안동,,0.49
2024,263,2024-07-08~07-10 호우,산사태_사유림,대전광역시,서구,장안동,,0.45
2024,264,2024-07-08~07-10 호우,산사태_사유림,대전광역시,서구,장안동,,0.18
2024,265,2024-07-08~07-10 호우,산사태_사유림,충청남도,논산시,광석면,왕전리,0.04
2024,266,2024-07-08~07-10 호우,산사태_사유림,충청남도,논산시,광석면,왕전리,0.1
2024,267,2024-07-08~07-10 호우,산사태_사유림,충청남도,논산시,광석면,율리,0.02
2024,268,2024-07-08~07-10 호우,산사태_사유림,충청남도,논산시,광석면,항월리,0.04
2024,269,2024-07-08~07-10 호우,산사태_사유림,충청남도,논산시,광석면,한천리,0.1
2024,270,2024-07-08~07-10 호우,산사태_사유림,전북특별자치도,익산시,웅포면,입점리,0.04
2024,271,2024-07-08~07-10 호우,산사태_사유림,전북특별자치도,익산시,웅포면,입점리,0.12
2024,272,2024-07-08~07-10 호우,산사태_사유림,전북특별자치도,익산시,웅포면,입점리,0.1
2024,273,2024-07-08~07-10 호우,산사태_사유림,전북특별자치도,익산시,웅포면,입점리,0.17
2024,274,2024-07-08~07-10 호우,산사태_사유림,전북특별자치도,익산시,웅포면,입점리,0.09
2024,275,2024-07-08~07-10 호우,산사태_사유림,전북특별자치도,익산시,웅포면,입점리,0.31
2024,276,2024-07-08~07-10 호우,산사태_사유림,전북특별자치도,익산시,웅포면,입점리,0.15
2024,277,2024-07-08~07-10 호우,산사태_사유림,전북특별자치도,익산시,웅포면,입점리,0.26
2024,278,2024-07-08~07-10 호우,산사태_사유림,충청남도,논산시,연산면,관동리,0.08
2024,279,2024-07-08~07-10 호우,산사태_사유림,충청남도,논산시,연산면,관동리,0.1
2024,280,2024-07-08~07-10 호우,산사태_사유림,충청남도,논산시,연산면,관동리,0.06
2024,281,2024-07-08~07-10 호우,산사태_사유림,충청남도,논산시,연산면,관동리,0.28
2024,282,2024-07-08~07-10 호우,산사태_사유림,충청남도,논산시,연산면,관동리,0.3
2024,283,2024-07-08~07-10 호우,산사태_사유림,충청남도,금산군,금산읍,음지리,0.34
2024,284,2024-07-08~07-10 호우,산사태_사유림,경상북도,영양군,입암면,대천리,0.01
2024,285,2024-07-08~07-10 호우,산사태_사유림,경상북도,영양군,입암면,대천리,0.26
2024,286,2024-07-08~07-10 호우,산사태_사유림,충청남도,논산시,벌곡면,검천리,0.06
2024,287,2024-07-08~07-10 호우,산사태_사유림,충청남도,논산시,벌곡면,검천리,0.3
2024,288,2024-07-08~07-10 호우,산사태_사유림,충청남도,논산시,벌곡면,대덕리,0.6
2024,289,2024-07-08~07-10 호우,산사태_사유림,충청남도,논산시,벌곡면,대덕리,0.4
2024,290,2024-07-08~07-10 호우,산사태_사유림,충청남도,논산시,벌곡면,대덕리,0.1
2024,291,2024-07-08~07-10 호우,산사태_사유림,충청남도,서천군,판교면,복대리,0.51
2024,292,2024-07-08~07-10 호우,산사태_사유림,충청남도,서천군,판교면,복대리,0.06
2024,293,2024-07-08~07-10 호우,산사태_사유림,충청남도,서천군,판교면,복대리,0.04
2024,294,2024-07-08~07-10 호우,산사태_사유림,경상북도,영양군,청기면,상청리,0.35
2024,295,2024-07-08~07-10 호우,산사태_사유림,경상북도,영양군,청기면,상청리,0.19
2024,296,2024-07-08~07-10 호우,산사태_사유림,경상북도,영양군,청기면,상청리,0.09
2024,297,2024-07-08~07-10 호우,산사태_사유림,경상북도,영양군,청기면,상청리,0.12
2024,298,2024-07-08~07-10 호우,산사태_사유림,충청남도,서천군,한산면,동산리,0.29
2024,299,2024-07-08~07-10 호우,산사태_사유림,충청남도,서천군,한산면,동산리,0.35
2024,300,2024-07-08~07-10 호우,산사태_사유림,충청남도,서천군,한산면,동산리,0.16
2024,301,2024-07-08~07-10 호우,산사태_사유림,충청남도,논산시,벌곡면,덕곡리,0.3
2024,302,2024-07-08~07-10 호우,산사태_사유림,충청남도,논산시,벌곡면,덕곡리,0.09
2024,303,2024-07-08~07-10 호우,산사태_사유림,충청남도,논산시,벌곡면,덕곡리,0.15
2024,304,2024-07-08~07-10 호우,산사태_사유림,충청남도,논산시,벌곡면,만목리,0.12
2024,305,2024-07-08~07-10 호우,산사태_사유림,충청남도,논산시,벌곡면,어곡리,0.64
2024,306,2024-07-08~07-10 호우,산사태_사유림,충청남도,논산시,벌곡면,어곡리,0.08
2024,307,2024-07-08~07-10 호우,산사태_사유림,전북특별자치도,완주군,화산면,춘산리 ,0.18
2024,308,2024-07-08~07-10 호우,산사태_사유림,전북특별자치도,완주군,화산면,춘산리 ,0.3
2024,309,2024-07-08~07-10 호우,산사태_사유림,전북특별자치도,완주군,화산면,춘산리 ,0.15
2024,310,2024-07-08~07-10 호우,산사태_사유림,전북특별자치도,완주군,화산면,춘산리 ,0.04
2024,311,2024-07-08~07-10 호우,산사태_사유림,전북특별자치도,완주군,화산면,화평리,0.09
2024,312,2024-07-08~07-10 호우,산사태_사유림,전북특별자치도,완주군,화산면,춘산리 ,0.07
2024,313,2024-07-08~07-10 호우,산사태_사유림,충청남도,서천군,종천면,지석리,0.3
2024,314,2024-07-08~07-10 호우,산사태_사유림,충청남도,서천군,종천면,지석리,0.13
2024,315,2024-07-08~07-10 호우,산사태_사유림,충청남도,서천군,종천면,지석리,0.07
2024,316,2024-07-08~07-10 호우,산사태_사유림,충청남도,서천군,종천면,랑평리,0.1
2024,317,2024-07-08~07-10 호우,산사태_사유림,충청남도,서천군,종천면,산천리,0.06
2024,318,2024-07-08~07-10 호우,산사태_사유림,충청남도,서천군,종천면,석촌리,0.02
2024,319,2024-07-08~07-10 호우,산사태_사유림,충청남도,서천군,종천면,당정리,0.05
2024,320,2024-07-08~07-10 호우,산사태_사유림,충청남도,서천군,종천면,도만리,0.06
2024,321,2024-07-08~07-10 호우,산사태_사유림,충청남도,서천군,종천면,도만리,0.05
2024,322,2024-07-08~07-10 호우,산사태_사유림,충청남도,서천군,기산면,광암리,0.15
2024,323,2024-07-08~07-10 호우,산사태_사유림,충청남도,서천군,기산면,광암리,0.37
2024,324,2024-07-08~07-10 호우,산사태_사유림,충청남도,서천군,기산면,영모리 ,0.2
2024,325,2024-07-08~07-10 호우,산사태_사유림,충청남도,서천군,기산면,영모리 ,0.06
2024,326,2024-07-08~07-10 호우,산사태_사유림,충청남도,서천군,기산면,영모리 ,0.07
2024,327,2024-07-08~07-10 호우,산사태_사유림,전북특별자치도,익산시,용안면,법성리,0.18
2024,328,2024-07-08~07-10 호우,산사태_사유림,전북특별자치도,익산시,용안면,용두리,0.27
2024,329,2024-07-08~07-10 호우,산사태_사유림,전북특별자치도,익산시,용안면,창리,0.03
2024,330,2024-07-08~07-10 호우,산사태_사유림,전북특별자치도,익산시,용안면,용두리,0.01
2024,331,2024-07-08~07-10 호우,산사태_사유림,충청남도,금산군,추부면,요광리,0.73
2024,332,2024-07-08~07-10 호우,산사태_사유림,충청남도,논산시,양촌면,중산리,0.3
2024,333,2024-07-08~07-10 호우,산사태_사유림,충청남도,논산시,양촌면,중산리,0.06
2024,334,2024-07-08~07-10 호우,산사태_사유림,충청남도,논산시,양촌면,중산리,0.31
2024,335,2024-07-08~07-10 호우,산사태_사유림,충청남도,논산시,양촌면,중산리,0.1
2024,336,2024-07-08~07-10 호우,산사태_사유림,충청남도,논산시,양촌면,중산리,0.02
2024,337,2024-07-08~07-10 호우,산사태_사유림,충청남도,서천군,서천읍,오석리,0.3
2024,338,2024-07-08~07-10 호우,산사태_사유림,충청남도,서천군,서천읍,오석리,0.6
2024,339,2024-07-08~07-10 호우,산사태_사유림,충청남도,서천군,서천읍,오석리,0.52
2024,340,2024-07-08~07-10 호우,산사태_사유림,전북특별자치도,익산시,성당면,갈산리,0.33
2024,341,2024-07-08~07-10 호우,산사태_사유림,전북특별자치도,익산시,성당면,두동리,0.3
2024,342,2024-07-08~07-10 호우,산사태_사유림,전북특별자치도,익산시,성당면,성당리,0.16
2024,343,2024-07-08~07-10 호우,산사태_사유림,전북특별자치도,익산시,성당면,장성리,0.02
2024,344,2024-07-08~07-10 호우,산사태_사유림,경상남도,거창군,북상면,갈계리,0.84
2024,345,2024-07-08~07-10 호우,산사태_사유림,충청남도,논산시,벌곡면,검천리,0.15
2024,346,2024-07-08~07-10 호우,산사태_사유림,충청남도,논산시,벌곡면,검천리,0.14
2024,347,2024-07-08~07-10 호우,산사태_사유림,충청남도,논산시,벌곡면,검천리,0.12
2024,348,2024-07-08~07-10 호우,산사태_사유림,충청남도,논산시,벌곡면,검천리,0.15
2024,349,2024-07-08~07-10 호우,산사태_사유림,충청남도,논산시,벌곡면,검천리,0.15
2024,350,2024-07-08~07-10 호우,산사태_사유림,충청남도,논산시,가야곡면,양촌리,0.16
2024,351,2024-07-08~07-10 호우,산사태_사유림,충청남도,논산시,가야곡면,양촌리,0.28
2024,352,2024-07-08~07-10 호우,산사태_사유림,충청남도,논산시,가야곡면,종연리,0.15
2024,353,2024-07-08~07-10 호우,산사태_사유림,충청남도,논산시,가야곡면,종연리,0.03
2024,354,2024-07-08~07-10 호우,산사태_사유림,충청남도,논산시,가야곡면,삼전리,0.15
2024,355,2024-07-08~07-10 호우,산사태_사유림,충청남도,논산시,가야곡면,삼전리,0.21
2024,356,2024-07-08~07-10 호우,산사태_사유림,경상북도,영양군,영양읍,서부리,0.4
2024,357,2024-07-08~07-10 호우,산사태_사유림,경상북도,영양군,영양읍,서부리,0.09
2024,358,2024-07-08~07-10 호우,산사태_사유림,충청남도,논산시,가야곡면,삼전리,0.11
2024,359,2024-07-08~07-10 호우,산사태_사유림,충청남도,논산시,가야곡면,삼전리,0.15
2024,360,2024-07-08~07-10 호우,산사태_사유림,충청남도,논산시,가야곡면,삼전리,0.49
2024,361,2024-07-08~07-10 호우,산사태_사유림,충청남도,논산시,가야곡면,삼전리,0.04
2024,362,2024-07-08~07-10 호우,산사태_사유림,충청남도,논산시,가야곡면,삼전리,0.05
2024,363,2024-07-08~07-10 호우,산사태_사유림,충청남도,논산시,양촌면,중산리,0.07
2024,364,2024-07-08~07-10 호우,산사태_사유림,충청남도,논산시,양촌면,중산리,0.1
2024,365,2024-07-08~07-10 호우,산사태_사유림,충청남도,논산시,양촌면,중산리,0.01
2024,366,2024-07-08~07-10 호우,산사태_사유림,충청남도,논산시,양촌면,중산리,0.01
2024,367,2024-07-08~07-10 호우,산사태_사유림,충청남도,논산시,양촌면,중산리,0.15
2024,368,2024-07-08~07-10 호우,산사태_사유림,충청남도,논산시,양촌면,중산리,0.06
2024,369,2024-07-08~07-10 호우,산사태_사유림,충청남도,서천군,한산면,지현리,0.75
2024,370,2024-07-08~07-10 호우,산사태_사유림,전북특별자치도,군산시,나포면,장상리,0.54
2024,371,2024-07-08~07-10 호우,산사태_사유림,전북특별자치도,군산시,나포면,장상리,0.13
2024,372,2024-07-08~07-10 호우,산사태_사유림,전북특별자치도,군산시,나포면,장상리,0.08
2024,373,2024-07-08~07-10 호우,산사태_사유림,전북특별자치도,완주군,화산면,성북리,0.01
2024,374,2024-07-08~07-10 호우,산사태_사유림,전북특별자치도,완주군,화산면,운산리,0.45
2024,375,2024-07-08~07-10 호우,산사태_사유림,전북특별자치도,완주군,화산면,운곡리,0.01
2024,376,2024-07-08~07-10 호우,산사태_사유림,전북특별자치도,완주군,화산면,송치리,0.01
2024,377,2024-07-08~07-10 호우,산사태_사유림,전북특별자치도,완주군,화산면,춘산리 ,0.02
2024,378,2024-07-08~07-10 호우,산사태_지자체소유림,충청북도,영동군,양강면,산막리,0.26
2024,379,2024-07-08~07-10 호우,산사태_지자체소유림,충청북도,영동군,양강면,산막리,0.31
2024,380,2024-07-08~07-10 호우,산사태_지자체소유림,충청북도,영동군,양강면,산막리,0.03
2024,381,2024-07-08~07-10 호우,산사태_사유림,충청남도,논산시,벌곡면,신양리,0.16
2024,382,2024-07-08~07-10 호우,산사태_사유림,충청남도,논산시,벌곡면,양산리,0.16
2024,383,2024-07-08~07-10 호우,산사태_사유림,충청남도,논산시,벌곡면,양산리,0.25
2024,384,2024-07-08~07-10 호우,산사태_사유림,충청남도,논산시,벌곡면,한삼천리,0.2
2024,385,2024-07-08~07-10 호우,산사태_사유림,충청남도,논산시,벌곡면,산삼천리,0.06
2024,386,2024-07-08~07-10 호우,산사태_사유림,충청남도,서천군,기산면,광암리,0.65
2024,387,2024-07-08~07-10 호우,산사태_사유림,전북특별자치도,완주군,운주면,산북리,0.04
2024,388,2024-07-08~07-10 호우,산사태_사유림,전북특별자치도,완주군,운주면,완창리,0.1
2024,389,2024-07-08~07-10 호우,산사태_사유림,전북특별자치도,완주군,운주면,완창리,0.1
2024,390,2024-07-08~07-10 호우,산사태_사유림,전북특별자치도,완주군,운주면,구제리,0.2
2024,391,2024-07-08~07-10 호우,산사태_사유림,전북특별자치도,완주군,운주면,산북리,0.02
2024,392,2024-07-08~07-10 호우,산사태_사유림,전북특별자치도,완주군,운주면,금당리,0.03
2024,393,2024-07-08~07-10 호우,산사태_사유림,전북특별자치도,완주군,운주면,금당리,0.02
2024,394,2024-07-08~07-10 호우,산사태_사유림,전북특별자치도,완주군,운주면,금당리,0.25
2024,395,2024-07-08~07-10 호우,산사태_사유림,충청남도,논산시,양촌면,임화리,0.08
2024,396,2024-07-08~07-10 호우,산사태_사유림,충청남도,논산시,양촌면,임화리,0.16
2024,397,2024-07-08~07-10 호우,산사태_사유림,충청남도,논산시,양촌면,임화리,0.12
2024,398,2024-07-08~07-10 호우,산사태_사유림,충청남도,논산시,양촌면,임화리,0.02
2024,399,2024-07-08~07-10 호우,산사태_사유림,충청남도,논산시,양촌면,임화리,0.12
2024,400,2024-07-08~07-10 호우,산사태_사유림,충청남도,논산시,양촌면,임화리,0.19
2024,401,2024-07-08~07-10 호우,산사태_사유림,충청남도,금산군,부리면,창평리,0.38
2024,402,2024-07-08~07-10 호우,산사태_사유림,충청남도,금산군,부리면,창평리,0.07
2024,403,2024-07-08~07-10 호우,산사태_사유림,충청남도,금산군,부리면,창평리,0.03
2024,404,2024-07-08~07-10 호우,산사태_사유림,충청남도,금산군,금성면,두곡리,0.64
2024,405,2024-07-08~07-10 호우,산사태_사유림,충청남도,부여군,충화면,가화리,1.08
2024,406,2024-07-08~07-10 호우,산사태_사유림,충청남도,부여군,충화면,가화리,0.28
2024,407,2024-07-08~07-10 호우,산사태_사유림,충청남도,논산시,양촌면,남산리,0.11
2024,408,2024-07-08~07-10 호우,산사태_사유림,충청남도,논산시,양촌면,남산리,0.18
2024,409,2024-07-08~07-10 호우,산사태_사유림,충청남도,논산시,양촌면,남산리,0.02
2024,410,2024-07-08~07-10 호우,산사태_사유림,충청남도,논산시,양촌면,남산리,0.07
2024,411,2024-07-08~07-10 호우,산사태_사유림,충청남도,논산시,양촌면,남산리,0.23
2024,412,2024-07-08~07-10 호우,산사태_사유림,충청남도,논산시,양촌면,임화리,0.19
2024,413,2024-07-08~07-10 호우,산사태_사유림,충청남도,논산시,양촌면,임화리,0.11
2024,414,2024-07-08~07-10 호우,산사태_사유림,충청남도,논산시,양촌면,임화리,0.06
2024,415,2024-07-08~07-10 호우,산사태_사유림,충청남도,논산시,양촌면,임화리,0.05
2024,416,2024-07-08~07-10 호우,산사태_사유림,충청남도,논산시,양촌면,임화리,0.24
2024,417,2024-07-08~07-10 호우,산사태_사유림,충청남도,논산시,연산면,임리,0.16
2024,418,2024-07-08~07-10 호우,산사태_사유림,충청남도,논산시,연산면,화악리,0.48
2024,419,2024-07-08~07-10 호우,산사태_사유림,대전광역시,서구,장안동,,0.15
2024,420,2024-07-08~07-10 호우,산사태_사유림,대전광역시,서구,장안동,,0.7
2024,421,2024-07-08~07-10 호우,산사태_사유림,충청남도,논산시,벌곡면,만목리,0.16
2024,422,2024-07-08~07-10 호우,산사태_사유림,충청남도,논산시,벌곡면,산직리,0.13
2024,423,2024-07-08~07-10 호우,산사태_사유림,충청남도,논산시,벌곡면,산직리,0.14
2024,424,2024-07-08~07-10 호우,산사태_사유림,충청남도,금산군,진산면,행정리,0.34
2024,425,2024-07-08~07-10 호우,산사태_사유림,충청남도,금산군,군북면,신안리,0.02
2024,426,2024-07-08~07-10 호우,산사태_사유림,충청남도,금산군,군북면,두두리,0.04
2024,427,2024-07-08~07-10 호우,산사태_사유림,충청남도,금산군,군북면,두두리,0.12
2024,428,2024-07-08~07-10 호우,산사태_사유림,충청남도,금산군,군북면,두두리,0.24
2024,429,2024-07-08~07-10 호우,산사태_사유림,충청남도,금산군,군북면,신안리,0.02
2024,430,2024-07-08~07-10 호우,산사태_사유림,충청남도,금산군,군북면,신안리,0.45
2024,431,2024-07-08~07-10 호우,산사태_국유림,충청남도,부여군,양화면,시음리,0.02
2024,432,2024-07-08~07-10 호우,산사태_국유림,충청남도,부여군,양화면,시음리,0.05
2024,433,2024-07-08~07-10 호우,산사태_국유림,충청남도,부여군,양화면,시음리,0.01
2024,434,2024-07-08~07-10 호우,산사태_국유림,충청남도,부여군,양화면,시음리,0.04
2024,435,2024-07-08~07-10 호우,산사태_국유림,충청남도,부여군,양화면,시음리,0.03
2024,436,2024-07-08~07-10 호우,산사태_국유림,충청남도,부여군,양화면,시음리,0.02
2024,437,2024-07-08~07-10 호우,산사태_국유림,충청남도,부여군,양화면,시음리,0.05
2024,438,2024-07-08~07-10 호우,산사태_국유림,충청남도,부여군,양화면,시음리,0.08
2024,439,2024-07-08~07-10 호우,산사태_국유림,충청남도,부여군,양화면,시음리,0.03
2024,440,2024-07-08~07-10 호우,산사태_국유림,충청남도,부여군,양화면,시음리,0.02
2024,441,2024-07-08~07-10 호우,산사태_국유림,충청남도,부여군,양화면,응평리,0.03
2024,442,2024-07-08~07-10 호우,산사태_사유림,충청남도,논산시,연산면,관동리,0.06
2024,443,2024-07-08~07-10 호우,산사태_사유림,충청남도,논산시,연산면,관동리,0.05
2024,444,2024-07-08~07-10 호우,산사태_사유림,충청남도,논산시,연산면,관동리,0.2
2024,445,2024-07-08~07-10 호우,산사태_사유림,충청남도,논산시,연산면,관동리,0.08
2024,446,2024-07-08~07-10 호우,산사태_사유림,충청남도,논산시,연산면,관동리,0.04
2024,447,2024-07-08~07-10 호우,산사태_사유림,충청남도,금산군,남일면,마장리,0.49
2024,448,2024-07-08~07-10 호우,산사태_사유림,충청남도,금산군,남일면,신동리,0.46
2024,449,2024-07-08~07-10 호우,산사태_사유림,충청남도,논산시,부적면,감곡리,0.2
2024,450,2024-07-08~07-10 호우,산사태_사유림,충청남도,논산시,부적면,감곡리,0.17
2024,451,2024-07-08~07-10 호우,산사태_사유림,충청남도,논산시,연무읍,고내리,0.07
2024,452,2024-07-08~07-10 호우,산사태_사유림,충청남도,논산시,연무읍,동산리,0.37
2024,453,2024-07-08~07-10 호우,산사태_사유림,대전광역시,서구,장안동,,0.45
2024,454,2024-07-08~07-10 호우,산사태_사유림,충청남도,금산군,추부면,마전리,0.45
2024,455,2024-07-08~07-10 호우,산사태_사유림,충청남도,금산군,추부면,마전리,0.12
2024,456,2024-07-08~07-10 호우,산사태_사유림,충청남도,부여군,양화면,수원리,0.1
2024,457,2024-07-08~07-10 호우,산사태_사유림,충청남도,부여군,양화면,수원리,0.03
2024,458,2024-07-08~07-10 호우,산사태_사유림,충청남도,부여군,양화면,수원리,0.02
2024,459,2024-07-08~07-10 호우,산사태_사유림,충청남도,부여군,양화면,수원리,0.5
2024,460,2024-07-08~07-10 호우,산사태_사유림,충청남도,부여군,양화면,수원리,0.03
2024,461,2024-07-08~07-10 호우,산사태_국유림,충청남도,청양군,정산면,대박리,0.09
2024,462,2024-07-08~07-10 호우,산사태_국유림,충청남도,청양군,정산면,대박리,0.02
2024,463,2024-07-08~07-10 호우,산사태_국유림,충청남도,청양군,정산면,대박리,0.06
2024,464,2024-07-08~07-10 호우,산사태_국유림,충청남도,청양군,정산면,대박리,0.02
2024,465,2024-07-08~07-10 호우,산사태_국유림,충청남도,청양군,정산면,대박리,0.02
2024,466,2024-07-08~07-10 호우,산사태_국유림,충청남도,청양군,정산면,송암리,0.16
2024,467,2024-07-08~07-10 호우,산사태_사유림,충청남도,논산시,연산면,청동리,0.12
2024,468,2024-07-08~07-10 호우,산사태_사유림,충청남도,논산시,연산면,청동리,0.06
2024,469,2024-07-08~07-10 호우,산사태_사유림,충청남도,논산시,연산면,청동리,0.04
2024,470,2024-07-08~07-10 호우,산사태_사유림,충청남도,논산시,연산면,고양리,0.03
2024,471,2024-07-08~07-10 호우,산사태_사유림,충청남도,논산시,연산면,고양리,0.03
2024,472,2024-07-08~07-10 호우,산사태_사유림,충청남도,금산군,군북면,천을리,0.3
2024,473,2024-07-08~07-10 호우,산사태_사유림,충청남도,논산시,양촌면,반암리,0.15
2024,474,2024-07-08~07-10 호우,산사태_사유림,충청남도,논산시,양촌면,반암리,0.08
2024,475,2024-07-08~07-10 호우,산사태_사유림,충청남도,논산시,양촌면,반암리,0.14
2024,476,2024-07-08~07-10 호우,산사태_사유림,충청남도,논산시,양촌면,오산리,0.02
2024,477,2024-07-08~07-10 호우,산사태_사유림,충청남도,논산시,양촌면,오산리,0.02
2024,478,2024-07-08~07-10 호우,산사태_사유림,충청남도,논산시,양촌면,채광리,0.01
2024,479,2024-07-08~07-10 호우,산사태_국유림,충청남도,논산시,양촌면,중산리,0.02
2024,480,2024-07-08~07-10 호우,산사태_국유림,충청남도,논산시,양촌면,중산리,0.02
2024,481,2024-07-08~07-10 호우,산사태_국유림,충청남도,논산시,양촌면,중산리,0.12
2024,482,2024-07-08~07-10 호우,산사태_국유림,충청남도,논산시,양촌면,중산리,0.05
2024,483,2024-07-08~07-10 호우,산사태_국유림,충청남도,논산시,양촌면,중산리,0.03
2024,484,2024-07-08~07-10 호우,산사태_국유림,충청남도,논산시,양촌면,중산리,0.08
2024,485,2024-07-08~07-10 호우,산사태_국유림,충청남도,논산시,양촌면,중산리,0.06
2024,486,2024-07-08~07-10 호우,산사태_사유림,전북특별자치도,군산시,나포면,나포리,0.06
2024,487,2024-07-08~07-10 호우,산사태_사유림,전북특별자치도,군산시,나포면,나포리,0.1
2024,488,2024-07-08~07-10 호우,산사태_사유림,전북특별자치도,군산시,나포면,나포리,0.26
2024,489,2024-07-08~07-10 호우,산사태_사유림,전북특별자치도,군산시,나포면,나포리,0.13
2024,490,2024-07-08~07-10 호우,산사태_사유림,전북특별자치도,군산시,나포면,나포리,0.2
2024,491,2024-07-08~07-10 호우,산사태_사유림,전북특별자치도,군산시,구암동,,0.15
2024,492,2024-07-08~07-10 호우,산사태_사유림,전북특별자치도,군산시,구암동,,0.16
2024,493,2024-07-08~07-10 호우,산사태_사유림,충청남도,부여군,양화면,송정리,0.3
2024,494,2024-07-08~07-10 호우,산사태_사유림,충청남도,서천군,마산면,지산리,0.2
2024,495,2024-07-08~07-10 호우,산사태_사유림,충청남도,서천군,마산면,지산리,0.1
2024,496,2024-07-08~07-10 호우,산사태_사유림,충청남도,논산시,연산면,송정리,0.09
2024,497,2024-07-08~07-10 호우,산사태_사유림,충청남도,논산시,연산면,송정리,0.05
2024,498,2024-07-08~07-10 호우,산사태_사유림,충청남도,논산시,연산면,송정리,0.08
2024,499,2024-07-08~07-10 호우,산사태_사유림,충청남도,논산시,연산면,천호리,0.25
2024,500,2024-07-08~07-10 호우,산사태_사유림,충청남도,논산시,연산면,천호리,0.2
2024,501,2024-07-08~07-10 호우,산사태_사유림,충청북도,보은군,삼승면,선곡리,0.18
2024,502,2024-07-08~07-10 호우,산사태_사유림,충청북도,보은군,삼승면,천남리,0.02
2024,503,2024-07-08~07-10 호우,산사태_사유림,충청북도,보은군,삼승면,천남리,0.04
2024,504,2024-07-08~07-10 호우,산사태_사유림,충청북도,보은군,삼승면,천남리,0.04
2024,505,2024-07-08~07-10 호우,산사태_국유림,경상북도,안동시,상아동,,0.27
2024,506,2024-07-08~07-10 호우,산사태_사유림,충청남도,부여군,양화면,송정리,0.26
2024,507,2024-07-08~07-10 호우,산사태_사유림,충청남도,부여군,충화면,청남리,0.26
2024,508,2024-07-08~07-10 호우,산사태_사유림,전북특별자치도,군산시,성산면,도암리,0.14
2024,509,2024-07-08~07-10 호우,산사태_사유림,전북특별자치도,군산시,성산면,도암리,0.11
2024,510,2024-07-08~07-10 호우,산사태_사유림,전북특별자치도,군산시,성산면,성덕리,0.4
2024,511,2024-07-08~07-10 호우,산사태_사유림,충청남도,부여군,양화면,시음리,0.16
2024,512,2024-07-08~07-10 호우,산사태_사유림,충청남도,부여군,양화면,시음리,0.2
2024,513,2024-07-08~07-10 호우,산사태_사유림,충청남도,부여군,양화면,시음리,0.6
2024,514,2024-07-08~07-10 호우,산사태_사유림,충청남도,금산군,복수면,백암리,0.24
2024,515,2024-07-08~07-10 호우,산사태_국유림,경상북도,영양군,입암면,금학리,0.23
2024,516,2024-07-08~07-10 호우,산사태_사유림,충청남도,논산시,연산면,신암리,0.3
2024,517,2024-07-08~07-10 호우,산사태_사유림,충청남도,논산시,연산면,신암리,0.16
2024,518,2024-07-08~07-10 호우,산사태_사유림,충청남도,논산시,연산면,신양리,0.06
2024,519,2024-07-08~07-10 호우,산사태_사유림,충청남도,서천군,마산면,관포리,0.05
2024,520,2024-07-08~07-10 호우,산사태_사유림,충청남도,서천군,마산면,마명리,0.05
2024,521,2024-07-08~07-10 호우,산사태_사유림,충청남도,서천군,마산면,마명리,0.02
2024,522,2024-07-08~07-10 호우,산사태_사유림,충청남도,서천군,마산면,삼월리,0.02
2024,523,2024-07-08~07-10 호우,산사태_사유림,충청남도,서천군,마산면,삼월리,0.06
2024,524,2024-07-08~07-10 호우,산사태_사유림,충청남도,서천군,마산면,삼월리,0.04
2024,525,2024-07-08~07-10 호우,산사태_사유림,충청남도,서천군,마산면,삼월리,0.01
2024,526,2024-07-08~07-10 호우,산사태_사유림,충청남도,서천군,마산면,이사리,0.01
2024,527,2024-07-08~07-10 호우,산사태_사유림,충청남도,서천군,마산면,이사리,0.02
2024,528,2024-07-08~07-10 호우,산사태_사유림,충청남도,금산군,남일면,신동리,0.15
2024,529,2024-07-08~07-10 호우,산사태_사유림,충청남도,금산군,남일면,신동리,0.03
2024,530,2024-07-08~07-10 호우,산사태_사유림,충청남도,금산군,남일면,신동리,0.15
2024,531,2024-07-08~07-10 호우,산사태_사유림,충청남도,금산군,남일면,신동리,0.33
2024,532,2024-07-08~07-10 호우,산사태_사유림,충청북도,영동군,상촌면,고자리,0.13
2024,533,2024-07-08~07-10 호우,산사태_사유림,충청북도,영동군,상촌면,옥전리,0.3
2024,534,2024-07-08~07-10 호우,산사태_사유림,충청남도,논산시,양촌면,반암리,0.15
2024,535,2024-07-08~07-10 호우,산사태_사유림,충청남도,논산시,양촌면,반암리,0.4
2024,536,2024-07-08~07-10 호우,산사태_사유림,충청남도,논산시,양촌면,반암리,0.05
2024,537,2024-07-08~07-10 호우,산사태_사유림,충청남도,부여군,양화면,상촌리,0.2
2024,538,2024-07-08~07-10 호우,산사태_사유림,충청남도,논산시,양촌면,양촌리,0.28
2024,539,2024-07-08~07-10 호우,산사태_사유림,충청남도,논산시,양촌면,채광리,0.1
2024,540,2024-07-08~07-10 호우,산사태_사유림,충청남도,논산시,양촌면,채광리,0.08
2024,541,2024-07-08~07-10 호우,산사태_사유림,충청남도,부여군,충화면,오덕리,0.69
2024,542,2024-07-08~07-10 호우,산사태_사유림,충청남도,부여군,충화면,오덕리,0.03
2024,543,2024-07-08~07-10 호우,산사태_사유림,충청남도,부여군,충화면,오덕리,0.1
2024,544,2024-07-08~07-10 호우,산사태_사유림,충청남도,부여군,충화면,오덕리,0.09
2024,545,2024-07-08~07-10 호우,산사태_사유림,충청남도,논산시,양촌면,중산리,0.1
2024,546,2024-07-08~07-10 호우,산사태_사유림,충청남도,논산시,양촌면,중산리,0.03
2024,547,2024-07-08~07-10 호우,산사태_사유림,충청남도,논산시,양촌면,중산리,0.03
2024,548,2024-07-08~07-10 호우,산사태_사유림,충청남도,논산시,양촌면,중산리,0.01
2024,549,2024-07-08~07-10 호우,산사태_사유림,충청남도,논산시,양촌면,중산리,0.14
2024,550,2024-07-08~07-10 호우,산사태_사유림,전북특별자치도,완주군,화산면,승치리,0.31
2024,551,2024-07-08~07-10 호우,산사태_사유림,전북특별자치도,완주군,화산면,승치리,0.06
2024,552,2024-07-08~07-10 호우,산사태_사유림,전북특별자치도,완주군,화산면,승치리,0.23
2024,553,2024-07-08~07-10 호우,산사태_사유림,전북특별자치도,완주군,화산면,승치리,0.05
2024,554,2024-07-08~07-10 호우,산사태_사유림,전북특별자치도,완주군,화산면,승치리,0.16
2024,555,2024-07-08~07-10 호우,산사태_사유림,충청북도,영동군,황간면,서송원리,0.39
2024,556,2024-07-08~07-10 호우,산사태_사유림,충청북도,영동군,황간면,서송원리,0.06
2024,557,2024-07-08~07-10 호우,산사태_사유림,경상북도,김천시,어모면,능치리,0.16
2024,558,2024-07-08~07-10 호우,산사태_사유림,충청남도,부여군,충화면,천당리,0.5
2024,559,2024-07-08~07-10 호우,산사태_사유림,충청남도,부여군,충화면,천당리,0.16
2024,560,2024-07-08~07-10 호우,산사태_사유림,충청남도,부여군,충화면,천당리,0.2
2024,561,2024-07-08~07-10 호우,산사태_사유림,충청북도,영동군,양강면,양정리,0.2
2024,562,2024-07-08~07-10 호우,산사태_사유림,충청남도,논산시,연산면,연산리,0.12
2024,563,2024-07-08~07-10 호우,산사태_사유림,충청남도,논산시,연산면,연산리,0.06
2024,564,2024-07-08~07-10 호우,산사태_사유림,충청남도,논산시,연산면,연산리,0.03
2024,565,2024-07-08~07-10 호우,산사태_사유림,충청남도,논산시,연산면,신암리,0.03
2024,566,2024-07-08~07-10 호우,산사태_사유림,충청남도,논산시,연산면,관동리,0.26
2024,567,2024-07-08~07-10 호우,산사태_사유림,충청남도,논산시,연산면,관동리,0.18
2024,568,2024-07-08~07-10 호우,산사태_사유림,충청남도,논산시,벌곡면,한삼천리,0.25
2024,569,2024-07-08~07-10 호우,산사태_사유림,충청남도,논산시,벌곡면,한삼천리,0.18
2024,570,2024-07-08~07-10 호우,산사태_사유림,충청남도,서천군,종천면,지석리,0.5
2024,571,2024-07-08~07-10 호우,산사태_사유림,충청남도,서천군,종천면,지석리,0.02
2024,572,2024-07-08~07-10 호우,산사태_사유림,충청남도,서천군,종천면,지석리,0.03
2024,573,2024-07-08~07-10 호우,산사태_사유림,충청남도,금산군,금성면,화림리,0.17
2024,574,2024-07-08~07-10 호우,산사태_사유림,충청남도,금산군,금성면,화림리,0.09
2024,575,2024-07-08~07-10 호우,산사태_사유림,충청남도,논산시,양촌면,반암리,0.1
2024,576,2024-07-08~07-10 호우,산사태_사유림,충청남도,논산시,양촌면,반암리,0.14
2024,577,2024-07-08~07-10 호우,산사태_사유림,충청남도,논산시,양촌면,반암리,0.18
2024,578,2024-07-08~07-10 호우,산사태_사유림,충청남도,부여군,구룡면,현암리,0.12
2024,579,2024-07-08~07-10 호우,산사태_사유림,충청남도,부여군,구룡면,온해리,0.03
2024,580,2024-07-08~07-10 호우,산사태_사유림,충청남도,부여군,구룡면,주암리,0.07
2024,581,2024-07-08~07-10 호우,산사태_사유림,충청남도,부여군,구룡면,현암리,0.2
2024,582,2024-07-08~07-10 호우,산사태_사유림,전북특별자치도,군산시,임피면,읍내리,0.37
2024,583,2024-07-08~07-10 호우,산사태_사유림,전북특별자치도,군산시,임피면,축산리,0.18
2024,584,2024-07-08~07-10 호우,산사태_사유림,전북특별자치도,군산시,임피면,축산리,0.11
2024,585,2024-07-08~07-10 호우,산사태_사유림,충청남도,논산시,양촌면,반곡리,0.05
2024,586,2024-07-08~07-10 호우,산사태_사유림,충청남도,논산시,양촌면,반곡리,0.01
2024,587,2024-07-08~07-10 호우,산사태_사유림,충청남도,논산시,양촌면,반곡리,0.05
2024,588,2024-07-08~07-10 호우,산사태_사유림,충청남도,논산시,양촌면,거사리,0.02
2024,589,2024-07-08~07-10 호우,산사태_사유림,충청남도,논산시,양촌면,명암리,0.08
2024,590,2024-07-08~07-10 호우,산사태_사유림,충청남도,논산시,양촌면,명암리,0.08
2024,591,2024-07-08~07-10 호우,산사태_사유림,충청북도,영동군,영동읍,오탄리,0.18
2024,592,2024-07-08~07-10 호우,산사태_사유림,충청북도,영동군,영동읍,계산리,0.11
2024,593,2024-07-08~07-10 호우,산사태_사유림,충청북도,영동군,영동읍,계산리,0.1
2024,594,2024-07-08~07-10 호우,산사태_사유림,충청북도,영동군,영동읍,산저리,0.15
2024,595,2024-07-08~07-10 호우,산사태_사유림,충청남도,서천군,한산면,구동리,0.3
2024,596,2024-07-08~07-10 호우,산사태_사유림,충청남도,서천군,한산면,구동리,0.24
2024,597,2024-07-08~07-10 호우,산사태_사유림,충청남도,부여군,충화면,현미리,0.07
2024,598,2024-07-08~07-10 호우,산사태_사유림,충청남도,부여군,충화면,현미리,0.05
2024,599,2024-07-08~07-10 호우,산사태_사유림,충청남도,부여군,충화면,현미리,0.1
2024,600,2024-07-08~07-10 호우,산사태_사유림,충청남도,부여군,충화면,현미리,0.5
2024,601,2024-07-08~07-10 호우,산사태_사유림,충청남도,논산시,벌곡면,수락리,0.42
2024,602,2024-07-08~07-10 호우,산사태_사유림,전북특별자치도,군산시,나포면,부곡리,0.16
2024,603,2024-07-08~07-10 호우,산사태_사유림,전북특별자치도,군산시,나포면,부곡리,0.1
2024,604,2024-07-08~07-10 호우,산사태_사유림,전북특별자치도,군산시,나포면,부곡리,0.18
2024,605,2024-07-08~07-10 호우,산사태_사유림,전북특별자치도,군산시,나포면,부곡리,0.11
2024,606,2024-07-08~07-10 호우,산사태_사유림,전북특별자치도,군산시,나포면,부곡리,0.09
2024,607,2024-07-08~07-10 호우,산사태_사유림,충청남도,부여군,충화면,청남리,0.11
2024,608,2024-07-08~07-10 호우,산사태_사유림,충청남도,부여군,충화면,청남리,0.08
2024,609,2024-07-08~07-10 호우,산사태_사유림,충청남도,부여군,충화면,청남리,0.02
2024,610,2024-07-08~07-10 호우,산사태_사유림,충청남도,부여군,충화면,청남리,0.06
2024,611,2024-07-08~07-10 호우,산사태_사유림,충청남도,부여군,충화면,청남리,0.03
2024,612,2024-07-08~07-10 호우,산사태_사유림,충청남도,부여군,충화면,청남리,0.04
2024,613,2024-07-08~07-10 호우,산사태_지자체소유림,충청남도,금산군,남이면,건천리,0.04
2024,614,2024-07-08~07-10 호우,산사태_지자체소유림,충청남도,금산군,남이면,건천리,0.28
2024,615,2024-07-08~07-10 호우,산사태_사유림,충청남도,서천군,비인면,다사리,0.5
2024,616,2024-07-08~07-10 호우,산사태_사유림,충청남도,서천군,비인면,칠지리,0.18
2024,617,2024-07-08~07-10 호우,산사태_사유림,전북특별자치도,군산시,나포면,서포리,0.5
2024,618,2024-07-08~07-10 호우,산사태_사유림,전북특별자치도,군산시,서수면,축동리,0.09
2024,619,2024-07-08~07-10 호우,산사태_사유림,전북특별자치도,군산시,서수면,축동리,0.42
2024,620,2024-07-08~07-10 호우,산사태_사유림,전북특별자치도,군산시,서수면,축동리,0.1
2024,621,2024-07-08~07-10 호우,산사태_사유림,대전광역시,서구,원정동,,0.25
2024,622,2024-07-08~07-10 호우,산사태_사유림,충청북도,영동군,양산면,호탄리,0.08
2024,623,2024-07-08~07-10 호우,산사태_사유림,충청북도,영동군,양산면,죽산리,0.21
2024,624,2024-07-08~07-10 호우,산사태_사유림,충청북도,영동군,학산면,서산리,0.15
2024,625,2024-07-08~07-10 호우,산사태_사유림,충청남도,서천군,마산면,마명리,0.03
2024,626,2024-07-08~07-10 호우,산사태_사유림,충청남도,서천군,마산면,마명리,0.03
2024,627,2024-07-08~07-10 호우,산사태_사유림,충청남도,서천군,마산면,마명리,0.07
2024,628,2024-07-08~07-10 호우,산사태_사유림,충청남도,서천군,마산면,마명리,0.11
2024,629,2024-07-08~07-10 호우,산사태_사유림,충청남도,서천군,마산면,마명리,0.05
2024,630,2024-07-08~07-10 호우,산사태_사유림,충청남도,서천군,마산면,마명리,0.02
2024,631,2024-07-08~07-10 호우,산사태_사유림,충청남도,보령시,주산면,금암리,0.24
2024,632,2024-07-08~07-10 호우,산사태_사유림,충청남도,부여군,장암면,점상리,0.4
2024,633,2024-07-08~07-10 호우,산사태_사유림,충청남도,부여군,장암면,점상리,0.04
2024,634,2024-07-08~07-10 호우,산사태_사유림,충청남도,부여군,장암면,점상리,0.12
2024,635,2024-07-08~07-10 호우,산사태_사유림,충청남도,부여군,장암면,점상리,0.05
2024,636,2024-07-08~07-10 호우,산사태_사유림,충청남도,부여군,장암면,점상리,0.01
2024,637,2024-07-08~07-10 호우,산사태_사유림,충청남도,부여군,장암면,점상리,0.03
2024,638,2024-07-08~07-10 호우,산사태_사유림,충청남도,부여군,장암면,점상리,0.01
2024,639,2024-07-08~07-10 호우,산사태_사유림,충청남도,금산군,금성면,상가리,0.65
2024,640,2024-07-08~07-10 호우,산사태_사유림,충청남도,서천군,마서면,당선리,0.24
2024,641,2024-07-08~07-10 호우,산사태_사유림,충청남도,서천군,마서면,옥산리,0.05
2024,642,2024-07-08~07-10 호우,산사태_사유림,전북특별자치도,완주군,경천면,용복리,0.03
2024,643,2024-07-08~07-10 호우,산사태_사유림,전북특별자치도,완주군,경천면,용복리,0.03
2024,644,2024-07-08~07-10 호우,산사태_사유림,전북특별자치도,완주군,경천면,가천리,0.03
2024,645,2024-07-08~07-10 호우,산사태_사유림,전북특별자치도,완주군,경천면,경천리,0.04
2024,646,2024-07-08~07-10 호우,산사태_사유림,전북특별자치도,완주군,경천면,가천리,0.05
2024,647,2024-07-08~07-10 호우,산사태_사유림,전북특별자치도,완주군,경천면,가천리,0.05
2024,648,2024-07-08~07-10 호우,산사태_사유림,전북특별자치도,완주군,경천면,경천리,0.03
2024,649,2024-07-08~07-10 호우,산사태_사유림,전북특별자치도,완주군,경천면,용복리,0.09
2024,650,2024-07-08~07-10 호우,산사태_사유림,전북특별자치도,완주군,경천면,용복리,0.04
2024,651,2024-07-08~07-10 호우,산사태_사유림,전북특별자치도,완주군,경천면,용복리,0.04
2024,652,2024-07-08~07-10 호우,산사태_사유림,충청남도,부여군,장암면,합곡리,0.03
2024,653,2024-07-08~07-10 호우,산사태_사유림,충청남도,부여군,장암면,합곡리,0.21
2024,654,2024-07-08~07-10 호우,산사태_사유림,충청남도,부여군,장암면,정암리,0.03
2024,655,2024-07-08~07-10 호우,산사태_국유림,충청남도,금산군,남이면,구석리,0.07
2024,656,2024-07-08~07-10 호우,산사태_국유림,충청남도,금산군,남이면,구석리,0.02
2024,657,2024-07-08~07-10 호우,산사태_국유림,충청남도,금산군,남이면,구석리,0.09
2024,658,2024-07-08~07-10 호우,산사태_국유림,충청남도,금산군,남이면,구석리,0.05
2024,659,2024-07-08~07-10 호우,산사태_사유림,충청남도,논산시,양촌면,반암리,0.16
2024,660,2024-07-08~07-10 호우,산사태_사유림,충청남도,논산시,양촌면,반암리,0.11
2024,661,2024-07-08~07-10 호우,산사태_사유림,충청남도,서천군,종천면,종천리,0.53
2024,662,2024-07-08~07-10 호우,산사태_사유림,충청남도,서천군,마서면,송내리,0.2
2024,663,2024-07-08~07-10 호우,산사태_사유림,충청남도,서천군,마서면,송내리,0.03
2024,664,2024-07-08~07-10 호우,산사태_사유림,충청남도,서천군,마서면,어리,0.01
2024,665,2024-07-08~07-10 호우,산사태_사유림,충청남도,서천군,마서면,도삼리,0.03
2024,666,2024-07-08~07-10 호우,산사태_사유림,대전광역시,서구,산직동,,0.24
2024,667,2024-07-08~07-10 호우,산사태_사유림,대전광역시,서구,산직동,,0.14
2024,668,2024-07-08~07-10 호우,산사태_사유림,대전광역시,서구,산직동,,0.1
2024,669,2024-07-08~07-10 호우,산사태_사유림,대전광역시,서구,산직동,,0.12
2024,670,2024-07-08~07-10 호우,산사태_사유림,충청남도,부여군,양화면,시음리,0.06
2024,671,2024-07-08~07-10 호우,산사태_사유림,충청남도,부여군,양화면,시음리,0.1
2024,672,2024-07-08~07-10 호우,산사태_사유림,충청남도,부여군,양화면,내성리,0.05
2024,673,2024-07-08~07-10 호우,산사태_사유림,충청남도,부여군,양화면,상촌리,0.02
2024,674,2024-07-08~07-10 호우,산사태_사유림,대전광역시,서구,산직동,,0.5
2024,675,2024-07-08~07-10 호우,산사태_사유림,대전광역시,서구,산직동,,0.09
2024,676,2024-07-08~07-10 호우,산사태_사유림,충청남도,금산군,남이면,대양리,0.02
2024,677,2024-07-08~07-10 호우,산사태_사유림,충청남도,금산군,남이면,대양리,0.02
2024,678,2024-07-08~07-10 호우,산사태_사유림,충청남도,금산군,남이면,대양리,0.04
2024,679,2024-07-08~07-10 호우,산사태_사유림,충청남도,금산군,남이면,대양리,0.03
2024,680,2024-07-08~07-10 호우,산사태_사유림,충청남도,금산군,남이면,대양리,0.04
2024,681,2024-07-08~07-10 호우,산사태_사유림,충청남도,금산군,남이면,대양리,0.08
2024,682,2024-07-08~07-10 호우,산사태_사유림,충청남도,금산군,남이면,대양리,0.02
2024,683,2024-07-08~07-10 호우,산사태_사유림,충청남도,금산군,남이면,역평리,0.04
2024,684,2024-07-08~07-10 호우,산사태_사유림,충청남도,금산군,남이면,대양리,0.03
2024,685,2024-07-08~07-10 호우,산사태_사유림,충청남도,금산군,남이면,건천리,0.01
2024,686,2024-07-08~07-10 호우,산사태_국유림,경상북도,김천시,대덕면,화전리,0.13
2024,687,2024-07-08~07-10 호우,산사태_국유림,경상북도,김천시,대덕면,화전리,0.26
2024,688,2024-07-08~07-10 호우,산사태_사유림,전북특별자치도,군산시,개정면,아동리,0.28
2024,689,2024-07-08~07-10 호우,산사태_사유림,전북특별자치도,군산시,개정면,통사리,0.09
2024,690,2024-07-08~07-10 호우,산사태_사유림,전북특별자치도,군산시,개정면,옥산리,0.11
2024,691,2024-07-08~07-10 호우,산사태_사유림,충청남도,부여군,충화면,가화리,0.24
2024,692,2024-07-08~07-10 호우,산사태_사유림,충청남도,부여군,충화면,가화리,0.27
2024,693,2024-07-08~07-10 호우,산사태_사유림,충청남도,부여군,충화면,가화리,0.05
2024,694,2024-07-08~07-10 호우,산사태_사유림,충청남도,서천군,서천읍,화금리,0.4
2024,695,2024-07-08~07-10 호우,산사태_지자체소유림,대전광역시,서구,흑석동,,0.21
2024,696,2024-07-08~07-10 호우,산사태_사유림,충청남도,금산군,진산면,지방리,0.21
2024,697,2024-07-08~07-10 호우,산사태_지자체소유림,대전광역시,서구,장안동,,0.12
2024,698,2024-07-08~07-10 호우,산사태_지자체소유림,대전광역시,서구,장안동,,0.1
2024,699,2024-07-08~07-10 호우,산사태_지자체소유림,대전광역시,서구,장안동,,0.1
2024,700,2024-07-08~07-10 호우,산사태_지자체소유림,대전광역시,서구,장안동,,0.03
2024,701,2024-07-08~07-10 호우,산사태_지자체소유림,대전광역시,서구,장안동,,0.1
2024,702,2024-07-08~07-10 호우,산사태_사유림,충청남도,서천군,문산면,북산리,0.16
2024,703,2024-07-08~07-10 호우,산사태_사유림,충청남도,서천군,문산면,북산리,0.04
2024,704,2024-07-08~07-10 호우,산사태_사유림,충청남도,서천군,문산면,북산리,0.01
2024,705,2024-07-08~07-10 호우,산사태_사유림,충청남도,부여군,충화면,청남리,0.33
2024,706,2024-07-08~07-10 호우,산사태_사유림,충청남도,부여군,충화면,청남리,0.1
2024,707,2024-07-08~07-10 호우,산사태_사유림,충청남도,부여군,충화면,청남리,0.05
2024,708,2024-07-08~07-10 호우,산사태_사유림,충청남도,부여군,충화면,청남리,0.04
2024,709,2024-07-08~07-10 호우,산사태_사유림,충청남도,금산군,진산면,묵산리,0.05
2024,710,2024-07-08~07-10 호우,산사태_사유림,충청남도,금산군,진산면,묵산리,0.06
2024,711,2024-07-08~07-10 호우,산사태_사유림,충청남도,금산군,진산면,묵산리,0.08
2024,712,2024-07-08~07-10 호우,산사태_사유림,충청남도,금산군,진산면,묵산리,0.05
2024,713,2024-07-08~07-10 호우,산사태_사유림,충청남도,금산군,진산면,묵산리,0.08
2024,714,2024-07-08~07-10 호우,산사태_사유림,전북특별자치도,익산시,웅포면,웅포리,0.02
2024,715,2024-07-08~07-10 호우,산사태_사유림,전북특별자치도,익산시,웅포면,웅포리,0.03
2024,716,2024-07-08~07-10 호우,산사태_사유림,충청남도,서천군,마산면,벽오리,0.45
2024,717,2024-07-08~07-10 호우,산사태_사유림,충청남도,서천군,마산면,벽오리,0.05
2024,718,2024-07-08~07-10 호우,산사태_사유림,충청북도,보은군,마로면,송현리,0.06
2024,719,2024-07-08~07-10 호우,산사태_사유림,충청북도,보은군,마로면,임곡리,0.07
2024,720,2024-07-08~07-10 호우,산사태_사유림,충청북도,보은군,마로면,소여리,0.08
2024,721,2024-07-08~07-10 호우,산사태_사유림,충청북도,보은군,수한면,거현리,0.15
2024,722,2024-07-08~07-10 호우,산사태_사유림,충청북도,보은군,수한면,거현리,0.18
2024,723,2024-07-08~07-10 호우,산사태_사유림,충청남도,부여군,장암면,지토리,0.01
2024,724,2024-07-08~07-10 호우,산사태_사유림,충청남도,부여군,장암면,지토리,0.01
2024,725,2024-07-08~07-10 호우,산사태_사유림,충청남도,부여군,장암면,지토리,0.02
2024,726,2024-07-08~07-10 호우,산사태_사유림,충청남도,부여군,장암면,지토리,0.1
2024,727,2024-07-08~07-10 호우,산사태_사유림,충청남도,부여군,장암면,지토리,0.1
2024,728,2024-07-08~07-10 호우,산사태_사유림,충청남도,부여군,장암면,지토리,0.25
2024,729,2024-07-08~07-10 호우,산사태_사유림,충청남도,부여군,장암면,지토리,0.01
2024,730,2024-07-08~07-10 호우,산사태_사유림,충청남도,부여군,충화면,가화리,0.13
2024,731,2024-07-08~07-10 호우,산사태_사유림,충청남도,부여군,충화면,가화리,0.06
2024,732,2024-07-08~07-10 호우,산사태_사유림,충청남도,부여군,충화면,가화리,0.03
2024,733,2024-07-08~07-10 호우,산사태_사유림,충청남도,부여군,충화면,가화리,0.06
2024,734,2024-07-08~07-10 호우,산사태_사유림,경상북도,구미시,무을면,무등리,0.14
2024,735,2024-07-08~07-10 호우,산사태_사유림,경상북도,구미시,무을면,안곡리,0.05
2024,736,2024-07-08~07-10 호우,산사태_사유림,경상북도,구미시,무을면,안곡리,0.06
2024,737,2024-07-08~07-10 호우,산사태_사유림,경상북도,구미시,무을면,안곡리,0.08
2024,738,2024-07-08~07-10 호우,산사태_사유림,경상북도,구미시,무을면,무수리,0.05
2024,739,2024-07-08~07-10 호우,산사태_사유림,경상북도,구미시,무을면,안곡리,0.1
2024,740,2024-07-08~07-10 호우,산사태_국유림,충청북도,옥천군,청성면,궁촌리,0.12
2024,741,2024-07-08~07-10 호우,산사태_국유림,충청북도,옥천군,청성면,궁촌리,0.08
2024,742,2024-07-08~07-10 호우,산사태_사유림,충청남도,부여군,임천면,옥곡리,0.14
2024,743,2024-07-08~07-10 호우,산사태_사유림,충청남도,부여군,임천면,옥곡리,0.02
2024,744,2024-07-08~07-10 호우,산사태_사유림,충청남도,부여군,임천면,발산리,0.05
2024,745,2024-07-08~07-10 호우,산사태_사유림,충청남도,부여군,임천면,발산리,0.03
2024,746,2024-07-08~07-10 호우,산사태_사유림,충청남도,부여군,임천면,발산리,0.05
2024,747,2024-07-08~07-10 호우,산사태_사유림,충청남도,부여군,임천면,탑산리,0.07
2024,748,2024-07-08~07-10 호우,산사태_사유림,대전광역시,서구,용촌동,,0.25
2024,749,2024-07-08~07-10 호우,산사태_사유림,충청남도,금산군,추부면,추정리,0.34
2024,750,2024-07-08~07-10 호우,산사태_사유림,충청남도,부여군,양화면,암수리,0.02
2024,751,2024-07-08~07-10 호우,산사태_사유림,충청남도,부여군,양화면,암수리,0.02
2024,752,2024-07-08~07-10 호우,산사태_사유림,충청남도,부여군,양화면,암수리,0.02
2024,753,2024-07-08~07-10 호우,산사태_사유림,충청남도,부여군,양화면,암수리,0.08
2024,754,2024-07-08~07-10 호우,산사태_사유림,충청남도,부여군,양화면,암수리,0.08
2024,755,2024-07-08~07-10 호우,산사태_사유림,충청남도,부여군,양화면,송정리,0.45
2024,756,2024-07-08~07-10 호우,산사태_사유림,충청남도,부여군,은산면,내지리,0.06
2024,757,2024-07-08~07-10 호우,산사태_사유림,충청남도,부여군,은산면,홍산리,0.1
2024,758,2024-07-08~07-10 호우,산사태_사유림,충청남도,부여군,은산면,거전리,0.04
2024,759,2024-07-08~07-10 호우,산사태_사유림,충청남도,금산군,부리면,어재리,0.01
2024,760,2024-07-08~07-10 호우,산사태_사유림,충청남도,금산군,부리면,어재리,0.07
2024,761,2024-07-08~07-10 호우,산사태_사유림,충청남도,금산군,부리면,어재리,0.1
2024,762,2024-07-08~07-10 호우,산사태_사유림,충청남도,금산군,부리면,어재리,0.01
2024,763,2024-07-08~07-10 호우,산사태_사유림,충청남도,금산군,부리면,어재리,0.04
2024,764,2024-07-08~07-10 호우,산사태_사유림,충청남도,금산군,부리면,어재리,0
2024,765,2024-07-08~07-10 호우,산사태_사유림,충청남도,금산군,부리면,현내리,0.23
2024,766,2024-07-08~07-10 호우,산사태_사유림,충청남도,금산군,부리면,현내리,0.01
2024,767,2024-07-08~07-10 호우,산사태_사유림,충청남도,금산군,부리면,현내리,0.03
2024,768,2024-07-08~07-10 호우,산사태_사유림,충청남도,부여군,충화면,만지리,0.05
2024,769,2024-07-08~07-10 호우,산사태_사유림,충청남도,부여군,충화면,만지리,0.08
2024,770,2024-07-08~07-10 호우,산사태_사유림,충청남도,부여군,충화면,만지리,0.07
2024,771,2024-07-08~07-10 호우,산사태_사유림,충청남도,부여군,충화면,만지리,0.05
2024,772,2024-07-08~07-10 호우,산사태_사유림,충청남도,부여군,충화면,만지리,0.07
2024,773,2024-07-08~07-10 호우,산사태_사유림,충청남도,부여군,충화면,만지리,0.06
2024,774,2024-07-08~07-10 호우,산사태_사유림,충청남도,부여군,충화면,만지리,0.02
2024,775,2024-07-08~07-10 호우,산사태_사유림,충청남도,부여군,충화면,만지리,0.03
2024,776,2024-07-08~07-10 호우,산사태_사유림,전북특별자치도,군산시,대야면,보덕리,0.33
2024,777,2024-07-08~07-10 호우,산사태_사유림,전북특별자치도,군산시,서수면,관원리,0.1
2024,778,2024-07-08~07-10 호우,산사태_사유림,전북특별자치도,군산시,서수면,관원리,0.18
2024,779,2024-07-08~07-10 호우,산사태_사유림,충청남도,금산군,복수면,곡남리,0.13
2024,780,2024-07-08~07-10 호우,산사태_사유림,충청남도,금산군,복수면,곡남리,0.13
2024,781,2024-07-08~07-10 호우,산사태_사유림,충청남도,금산군,복수면,곡남리,0.04
2024,782,2024-07-08~07-10 호우,산사태_사유림,충청남도,부여군,옥산면,가덕리,0.02
2024,783,2024-07-08~07-10 호우,산사태_사유림,충청남도,부여군,옥산면,내대리,0.24
2024,784,2024-07-08~07-10 호우,산사태_사유림,충청남도,부여군,옥산면,대덕리,0.05
2024,785,2024-07-08~07-10 호우,산사태_사유림,충청남도,부여군,옥산면,중양리,0.03
2024,786,2024-07-08~07-10 호우,산사태_사유림,충청남도,부여군,옥산면,중양리,0.03
2024,787,2024-07-08~07-10 호우,산사태_사유림,충청남도,부여군,옥산면,신안리,0.04
2024,788,2024-07-08~07-10 호우,산사태_사유림,충청남도,부여군,옥산면,신안리,0.02
2024,789,2024-07-08~07-10 호우,산사태_사유림,충청남도,부여군,양화면,초왕리,0.06
2024,790,2024-07-08~07-10 호우,산사태_사유림,충청남도,부여군,양화면,초왕리,0.1
2024,791,2024-07-08~07-10 호우,산사태_사유림,충청남도,부여군,양화면,초왕리,0.02
2024,792,2024-07-08~07-10 호우,산사태_사유림,충청남도,부여군,양화면,초왕리,0.12
2024,793,2024-07-08~07-10 호우,산사태_사유림,충청남도,부여군,충화면,가화리,0.21
2024,794,2024-07-08~07-10 호우,산사태_사유림,충청남도,부여군,충화면,현미리,0.28
2024,795,2024-07-08~07-10 호우,산사태_사유림,충청남도,부여군,충화면,현미리,0.01
2024,796,2024-07-08~07-10 호우,산사태_사유림,충청남도,부여군,충화면,현미리,0.06
2024,797,2024-07-08~07-10 호우,산사태_사유림,충청남도,부여군,충화면,현미리,0.01
2024,798,2024-07-08~07-10 호우,산사태_사유림,충청남도,부여군,충화면,현미리,0.04
2024,799,2024-07-08~07-10 호우,산사태_사유림,충청남도,부여군,충화면,가신리,0.02
2024,800,2024-07-08~07-10 호우,산사태_사유림,경상북도,포항시,북구 흥해읍,매산리,0.24
2024,801,2024-07-08~07-10 호우,산사태_사유림,충청남도,부여군,충화면,청남리,0.4
2024,802,2024-07-08~07-10 호우,산사태_지자체소유림,충청북도,영동군,용산면,한곡리,0.26
2024,803,2024-07-08~07-10 호우,산사태_사유림,충청남도,부여군,충화면,청남리,0.03
2024,804,2024-07-08~07-10 호우,산사태_사유림,충청남도,부여군,충화면,청남리,0.2
2024,805,2024-07-08~07-10 호우,산사태_사유림,충청남도,부여군,충화면,복금리,0.05
2024,806,2024-07-08~07-10 호우,산사태_사유림,충청남도,부여군,충화면,복금리,0.03
2024,807,2024-07-08~07-10 호우,산사태_사유림,충청남도,부여군,충화면,복금리,0.06
2024,808,2024-07-08~07-10 호우,산사태_사유림,충청남도,부여군,충화면,복금리,0.06
2024,809,2024-07-08~07-10 호우,산사태_사유림,충청남도,부여군,충화면,만지리,0.08
2024,810,2024-07-08~07-10 호우,산사태_사유림,충청남도,부여군,충화면,지석리,0.01
2024,811,2024-07-08~07-10 호우,산사태_사유림,충청남도,부여군,충화면,지석리,0.05
2024,812,2024-07-08~07-10 호우,산사태_사유림,충청남도,부여군,충화면,지석리,0.05
2024,813,2024-07-08~07-10 호우,산사태_사유림,충청남도,부여군,양화면,오량리,0.1
2024,814,2024-07-08~07-10 호우,산사태_사유림,충청남도,부여군,양화면,오량리,0.02
2024,815,2024-07-08~07-10 호우,산사태_사유림,충청남도,부여군,양화면,원당리,0.05
2024,816,2024-07-08~07-10 호우,산사태_사유림,충청남도,부여군,양화면,입포리,0.01
2024,817,2024-07-08~07-10 호우,산사태_사유림,충청남도,부여군,양화면,입포리,0.02
2024,818,2024-07-08~07-10 호우,산사태_사유림,충청남도,부여군,양화면,입포리,0.02
2024,819,2024-07-08~07-10 호우,산사태_사유림,경상북도,칠곡군,가산면,학산리,0.38
2024,820,2024-07-08~07-10 호우,산사태_사유림,충청남도,서천군,한산면,지현리,0.2
2024,821,2024-07-08~07-10 호우,산사태_사유림,충청남도,서천군,한산면,지현리,0.02
2024,822,2024-07-08~07-10 호우,산사태_사유림,충청남도,부여군,충화면,천당리,0.21
2024,823,2024-07-08~07-10 호우,산사태_사유림,충청남도,부여군,충화면,천당리,0.05
2024,824,2024-07-08~07-10 호우,산사태_사유림,충청남도,부여군,충화면,천당리,0.04
2024,825,2024-07-08~07-10 호우,산사태_사유림,충청남도,부여군,충화면,천당리,0.05
2024,826,2024-07-08~07-10 호우,산사태_사유림,충청남도,부여군,충화면,천당리,0.03
2024,827,2024-07-08~07-10 호우,산사태_사유림,충청남도,부여군,양화면,초왕리,0.3
2024,828,2024-07-08~07-10 호우,산사태_사유림,충청남도,부여군,남면,송암리,0.02
2024,829,2024-07-08~07-10 호우,산사태_사유림,충청남도,부여군,남면,마정리,0.11
2024,830,2024-07-08~07-10 호우,산사태_사유림,충청남도,부여군,남면,마정리,0.08
2024,831,2024-07-08~07-10 호우,산사태_사유림,충청남도,부여군,남면,마정리,0.01
2024,832,2024-07-08~07-10 호우,산사태_사유림,충청남도,부여군,내산면,저동리,0.08
2024,833,2024-07-08~07-10 호우,산사태_사유림,충청남도,부여군,내산면,지티리,0.05
2024,834,2024-07-08~07-10 호우,산사태_사유림,충청남도,부여군,내산면,지티리,0.1
2024,835,2024-07-08~07-10 호우,산사태_사유림,충청남도,부여군,내산면,지티리,0.06
2024,836,2024-07-08~07-10 호우,산사태_사유림,충청남도,부여군,임천면,군사리,0.21
2024,837,2024-07-08~07-10 호우,산사태_사유림,충청남도,부여군,임천면,군사리,0.15
2024,838,2024-07-08~07-10 호우,산사태_사유림,전북특별자치도,익산시,웅포면,송천리,0.02
2024,839,2024-07-08~07-10 호우,산사태_사유림,전북특별자치도,익산시,웅포면,송천리,0.1
2024,840,2024-07-08~07-10 호우,산사태_사유림,전북특별자치도,익산시,웅포면,송천리,0.08
2024,841,2024-07-08~07-10 호우,산사태_사유림,전북특별자치도,완주군,화산면,승치리,0.04
2024,842,2024-07-08~07-10 호우,산사태_사유림,전북특별자치도,완주군,화산면,승치리,0.06
2024,843,2024-07-08~07-10 호우,산사태_사유림,전북특별자치도,완주군,화산면,승치리,0.03
2024,844,2024-07-08~07-10 호우,산사태_사유림,전북특별자치도,완주군,화산면,승치리,0.04
2024,845,2024-07-08~07-10 호우,산사태_사유림,전북특별자치도,완주군,화산면,종리,0.08
2024,846,2024-07-08~07-10 호우,산사태_지자체소유림,충청남도,금산군,진산면,엄정리,0.09
2024,847,2024-07-08~07-10 호우,산사태_지자체소유림,충청남도,금산군,진산면,엄정리,0.09
2024,848,2024-07-08~07-10 호우,산사태_지자체소유림,충청남도,금산군,진산면,엄정리,0.05
2024,849,2024-07-08~07-10 호우,산사태_지자체소유림,충청남도,금산군,진산면,엄정리,0.02
2024,850,2024-07-08~07-10 호우,산사태_사유림,충청남도,부여군,충화면,청남리,0.03
2024,851,2024-07-08~07-10 호우,산사태_사유림,충청남도,부여군,충화면,청남리,0.04
2024,852,2024-07-08~07-10 호우,산사태_사유림,충청남도,부여군,충화면,청남리,0.02
2024,853,2024-07-08~07-10 호우,산사태_사유림,충청남도,부여군,충화면,청남리,0.15
2024,854,2024-07-08~07-10 호우,산사태_사유림,대전광역시,서구,산직동,,0.35
2024,855,2024-07-08~07-10 호우,산사태_국유림,충청남도,태안군,태안읍,동문리,0.02
2024,856,2024-07-08~07-10 호우,산사태_국유림,충청남도,태안군,근흥면,신진도리,0.08
2024,857,2024-07-08~07-10 호우,산사태_사유림,충청남도,금산군,진산면,엄정리,0.21
2024,858,2024-07-08~07-10 호우,산사태_사유림,충청남도,금산군,진산면,지방리,0.21
2024,859,2024-07-08~07-10 호우,산사태_사유림,충청남도,금산군,진산면,지방리,0.02
2024,860,2024-07-08~07-10 호우,산사태_사유림,경상북도,김천시,농소면,노곡리,0.08
2024,861,2024-07-08~07-10 호우,산사태_사유림,충청남도,부여군,홍산면,홍양리,0.08
2024,862,2024-07-08~07-10 호우,산사태_사유림,충청남도,부여군,홍산면,교원리,0.02
2024,863,2024-07-08~07-10 호우,산사태_사유림,충청남도,부여군,홍산면,무정리,0.03
2024,864,2024-07-08~07-10 호우,산사태_사유림,충청남도,부여군,충화면,팔충리,0.08
2024,865,2024-07-08~07-10 호우,산사태_사유림,충청남도,부여군,충화면,팔충리,0.05
2024,866,2024-07-08~07-10 호우,산사태_사유림,충청남도,부여군,충화면,팔충리,0.08
2024,867,2024-07-08~07-10 호우,산사태_사유림,충청북도,보은군,탄부면,대양리,0.07
2024,868,2024-07-08~07-10 호우,산사태_사유림,충청북도,보은군,탄부면,대양리,0.09
2024,869,2024-07-08~07-10 호우,산사태_사유림,충청북도,보은군,탄부면,대양리,0.06
2024,870,2024-07-08~07-10 호우,산사태_사유림,충청북도,보은군,탄부면,대양리,0.11
2024,871,2024-07-08~07-10 호우,산사태_사유림,충청남도,부여군,충화면,가화리,0.14
2024,872,2024-07-08~07-10 호우,산사태_사유림,충청남도,부여군,충화면,가화리,0.04
2024,873,2024-07-08~07-10 호우,산사태_사유림,충청남도,부여군,충화면,가화리,0.01
2024,874,2024-07-08~07-10 호우,산사태_사유림,충청남도,부여군,충화면,가화리,0.05
2024,875,2024-07-08~07-10 호우,산사태_사유림,충청남도,부여군,충화면,가화리,0.01
2024,876,2024-07-08~07-10 호우,산사태_사유림,충청남도,부여군,충화면,가화리,0.01
2024,877,2024-07-08~07-10 호우,산사태_사유림,충청남도,부여군,충화면,가화리,0.03
2024,878,2024-07-08~07-10 호우,산사태_사유림,충청남도,부여군,양화면,송정리,0.21
2024,879,2024-07-08~07-10 호우,산사태_사유림,충청남도,금산군,금산읍,중도리,0.22
2024,880,2024-07-08~07-10 호우,산사태_사유림,충청남도,금산군,남일면,신정리,0.23
2024,881,2024-07-08~07-10 호우,산사태_사유림,충청남도,서천군,마산면,벽오리,0.32
2024,882,2024-07-08~07-10 호우,산사태_사유림,충청남도,보령시,미산면,도흥리,0.04
2024,883,2024-07-08~07-10 호우,산사태_사유림,충청남도,보령시,미산면,내평리,0.04
2024,884,2024-07-08~07-10 호우,산사태_사유림,충청남도,보령시,미산면,삼계리,0.05
2024,885,2024-07-08~07-10 호우,산사태_사유림,충청남도,보령시,미산면,늑전리,0.01
2024,886,2024-07-08~07-10 호우,산사태_사유림,충청남도,보령시,미산면,용수리,0.01
2024,887,2024-07-08~07-10 호우,산사태_사유림,충청남도,보령시,미산면,풍계리,0.01
2024,888,2024-07-08~07-10 호우,산사태_사유림,충청남도,보령시,미산면,풍계리,0.01
2024,889,2024-07-08~07-10 호우,산사태_사유림,충청남도,서천군,마산면,군간리,0.12
2024,890,2024-07-08~07-10 호우,산사태_국유림,강원특별자치도,홍천군,내면,율전리,0.15
2024,891,2024-07-08~07-10 호우,산사태_사유림,경상북도,안동시,북후면,옹천리,0.06
2024,892,2024-07-08~07-10 호우,산사태_국유림,경상북도,영양군,청기면,상청리,0.1
2024,893,2024-07-08~07-10 호우,산사태_국유림,경상북도,영양군,청기면,상청리,0.04
2024,894,2024-07-08~07-10 호우,산사태_국유림,경상북도,영양군,청기면,상청리,0.14
2024,895,2024-07-08~07-10 호우,산사태_지자체소유림,경상북도,구미시,선산읍,노상리,0.15
2024,896,2024-07-08~07-10 호우,산사태_지자체소유림,경상북도,구미시,선산읍,노상리,0.08
2024,897,2024-07-08~07-10 호우,산사태_지자체소유림,경상북도,구미시,옥성면,태봉리,0.05
2024,898,2024-07-08~07-10 호우,산사태_사유림,충청남도,서천군,화양면,추동리,0.01
2024,899,2024-07-08~07-10 호우,산사태_사유림,충청남도,서천군,화양면,추동리,0.03
2024,900,2024-07-08~07-10 호우,산사태_사유림,충청남도,서천군,화양면,추동리,0.03
2024,901,2024-07-08~07-10 호우,산사태_사유림,충청남도,부여군,장암면,상황리,0.01
2024,902,2024-07-08~07-10 호우,산사태_사유림,충청남도,부여군,장암면,북고리,0.02
2024,903,2024-07-08~07-10 호우,산사태_사유림,충청남도,부여군,장암면,석동리,0.02
2024,904,2024-07-08~07-10 호우,산사태_사유림,충청남도,부여군,장암면,하황리,0.1
2024,905,2024-07-08~07-10 호우,산사태_사유림,충청남도,부여군,장암면,원문리,0.06
2024,906,2024-07-08~07-10 호우,산사태_사유림,충청남도,부여군,장암면,원문리,0.03
2024,907,2024-07-08~07-10 호우,산사태_사유림,경상북도,김천시,부항면,파천리,0.11
2024,908,2024-07-08~07-10 호우,산사태_사유림,충청남도,보령시,천북면,사호리,0.03
2024,909,2024-07-08~07-10 호우,산사태_사유림,충청남도,보령시,웅천읍,평리,0.01
2024,910,2024-07-08~07-10 호우,산사태_사유림,충청남도,보령시,성주면,개화리,0.01
2024,911,2024-07-08~07-10 호우,산사태_사유림,충청남도,보령시,청라면,의평리,0.01
2024,912,2024-07-08~07-10 호우,산사태_사유림,충청남도,부여군,부여읍,송곡리,0.01
2024,913,2024-07-08~07-10 호우,산사태_사유림,충청남도,부여군,부여읍,현북리,0.12
2024,914,2024-07-08~07-10 호우,산사태_사유림,충청남도,부여군,부여읍,저석리,0.04
2024,915,2024-07-08~07-10 호우,산사태_사유림,충청남도,부여군,석성면,봉정리,0.01
2024,916,2024-07-08~07-10 호우,산사태_사유림,충청남도,부여군,석성면,증산리,0.02
2024,917,2024-07-08~07-10 호우,산사태_사유림,충청남도,부여군,초촌면,응평리,0.01
2024,918,2024-07-08~07-10 호우,산사태_사유림,충청남도,부여군,임천면,두곡리,0.03
2024,919,2024-07-08~07-10 호우,산사태_사유림,충청남도,부여군,임천면,두곡리,0.01
2024,920,2024-07-08~07-10 호우,산사태_사유림,충청남도,부여군,임천면,두곡리,0.06
2024,921,2024-07-08~07-10 호우,산사태_사유림,충청남도,부여군,임천면,칠산리,0.05
2024,922,2024-07-08~07-10 호우,산사태_사유림,충청남도,부여군,임천면,탑산리,0.05
2024,923,2024-07-08~07-10 호우,산사태_국유림,경상북도,김천시,부항면,안간리 ,0.07
2024,924,2024-07-08~07-10 호우,산사태_국유림,경상북도,김천시,부항면,안간리 ,0.08
2024,925,2024-07-08~07-10 호우,산사태_국유림,경상북도,김천시,부항면,안간리 ,0.05
2024,926,2024-07-08~07-10 호우,산사태_지자체소유림,충청북도,옥천군,동이면,조령리,0.02
2024,927,2024-07-08~07-10 호우,산사태_지자체소유림,충청북도,옥천군,동이면,조령리,0.04
2024,928,2024-07-08~07-10 호우,산사태_지자체소유림,충청북도,옥천군,동이면,조령리,0.01
2024,929,2024-07-08~07-10 호우,산사태_지자체소유림,충청북도,옥천군,동이면,조령리,0.07
2024,930,2024-07-08~07-10 호우,산사태_지자체소유림,충청북도,옥천군,동이면,조령리,0.01
2024,931,2024-07-08~07-10 호우,산사태_지자체소유림,충청북도,옥천군,동이면,조령리,0.01
2024,932,2024-07-08~07-10 호우,산사태_사유림,충청남도,부여군,임천면,가신리,0.07
2024,933,2024-07-08~07-10 호우,산사태_사유림,충청남도,부여군,임천면,가신리,0.06
2024,934,2024-07-08~07-10 호우,산사태_사유림,충청남도,서천군,서면,신합리,0.09
2024,935,2024-07-08~07-10 호우,산사태_사유림,충청남도,부여군,옥산면,안서리,0.03
2024,936,2024-07-08~07-10 호우,산사태_사유림,충청남도,부여군,옥산면,안서리,0.01
2024,937,2024-07-08~07-10 호우,산사태_사유림,충청남도,부여군,옥산면,안서리,0
2024,938,2024-07-08~07-10 호우,산사태_사유림,충청남도,부여군,옥산면,안서리,0.06
2024,939,2024-07-08~07-10 호우,산사태_국유림,강원특별자치도,영월군,무릉도원면,두산리,0.15
2024,940,2024-07-08~07-10 호우,산사태_지자체소유림,충청남도,홍성군,홍성읍,소향리,0.15
2024,941,2024-07-08~07-10 호우,산사태_사유림,전북특별자치도,완주군,동상면,사봉리,0.02
2024,942,2024-07-08~07-10 호우,산사태_국유림,대전광역시,동구,삼괴동,,0.06
2024,943,2024-07-08~07-10 호우,산사태_사유림,충청남도,서천군,비인면,칠지리,0.08
2024,944,2024-07-08~07-10 호우,산사태_사유림,충청남도,서천군,비인면,남당리,0.03
2024,945,2024-07-08~07-10 호우,산사태_사유림,충청남도,예산군,삽교읍,안치리,0.1
2024,946,2024-07-08~07-10 호우,산사태_사유림,충청남도,예산군,삽교읍,월산리,0.1
2024,947,2024-07-08~07-10 호우,산사태_국유림,강원특별자치도,영월군,김삿갓면,예밀리,0.07
2024,948,2024-07-08~07-10 호우,산사태_사유림,충청남도,홍성군,서부면,어사리 ,0.05
2024,949,2024-07-08~07-10 호우,산사태_사유림,전북특별자치도,익산시,용동면,대조리,0.02
2024,950,2024-07-16~07-19 호우,산사태_국유림,경기도,파주시,적성면,마지리,0.81
2024,951,2024-07-16~07-19 호우,산사태_사유림,충청남도,당진시,면천면,율사리,1.2
2024,952,2024-07-16~07-19 호우,산사태_사유림,전라남도,해남군,화원면,영호리,1.21
2024,953,2024-07-16~07-19 호우,산사태_사유림,충청남도,당진시,순성면,성북리,0.08
2024,954,2024-07-16~07-19 호우,산사태_사유림,충청남도,당진시,순성면,봉소리,0
2024,955,2024-07-16~07-19 호우,산사태_사유림,충청남도,당진시,순성면,백성리,0.05
2024,956,2024-07-16~07-19 호우,산사태_사유림,충청남도,당진시,면천면,성상리,0.06
2024,957,2024-07-16~07-19 호우,산사태_사유림,충청남도,당진시,면천면,성상리,0.11
2024,958,2024-07-16~07-19 호우,산사태_사유림,경기도,파주시,법원읍,웅담리,1.21
2024,959,2024-07-16~07-19 호우,산사태_사유림,경기도,파주시,법원읍,웅담리,0.22
2024,960,2024-07-16~07-19 호우,산사태_사유림,충청남도,서산시,운산면,수평리,0.12
2024,961,2024-07-16~07-19 호우,산사태_사유림,충청남도,서산시,운산면,수평리,0.08
2024,962,2024-07-16~07-19 호우,산사태_사유림,충청남도,서산시,운산면,수평리,0.15
2024,963,2024-07-16~07-19 호우,산사태_사유림,충청남도,서산시,운산면,수평리,0.15
2024,964,2024-07-16~07-19 호우,산사태_국유림,경기도,파주시,파평면,두포리 ,0.61
2024,965,2024-07-16~07-19 호우,산사태_국유림,경기도,파주시,파평면,두포리 ,0.09
2024,966,2024-07-16~07-19 호우,산사태_사유림,충청남도,당진시,면천면,삼웅리,0.2
2024,967,2024-07-16~07-19 호우,산사태_사유림,충청남도,당진시,면천면,삼웅리,0.35
2024,968,2024-07-16~07-19 호우,산사태_사유림,충청남도,당진시,면천면,삼웅리,0.01
2024,969,2024-07-16~07-19 호우,산사태_사유림,경기도,파주시,파평면,금파리,0.39
2024,970,2024-07-16~07-19 호우,산사태_사유림,경기도,파주시,파평면,금파리,0.02
2024,971,2024-07-16~07-19 호우,산사태_사유림,경기도,파주시,파평면,두포리 ,0.04
2024,972,2024-07-16~07-19 호우,산사태_사유림,경기도,파주시,파평면,두포리 ,0.11
2024,973,2024-07-16~07-19 호우,산사태_사유림,경기도,파주시,파평면,두포리 ,0.02
2024,974,2024-07-16~07-19 호우,산사태_사유림,경기도,파주시,파평면,두포리 ,0.02
2024,975,2024-07-16~07-19 호우,산사태_사유림,경기도,파주시,파평면,두포리 ,0.3
2024,976,2024-07-16~07-19 호우,산사태_지자체소유림,대전광역시,동구,상소동,,0.22
2024,977,2024-07-16~07-19 호우,산사태_사유림,충청남도,당진시,면천면,송학리,0.2
2024,978,2024-07-16~07-19 호우,산사태_사유림,충청남도,당진시,면천면,구룡동,0.16
2024,979,2024-07-16~07-19 호우,산사태_사유림,충청남도,당진시,면천면,행정동,0.01
2024,980,2024-07-16~07-19 호우,산사태_사유림,충청남도,당진시,면천면,삼웅리,0.17
2024,981,2024-07-16~07-19 호우,산사태_사유림,충청남도,당진시,정미면,매방리,0.02
2024,982,2024-07-16~07-19 호우,산사태_사유림,경기도,파주시,법원읍,동문리 ,0.03
2024,983,2024-07-16~07-19 호우,산사태_사유림,경기도,파주시,법원읍,갈곡리,0.08
2024,984,2024-07-16~07-19 호우,산사태_사유림,경기도,파주시,법원읍,동문리,0.04
2024,985,2024-07-16~07-19 호우,산사태_사유림,경기도,파주시,법원읍,법원리,0.23
2024,986,2024-07-16~07-19 호우,산사태_사유림,충청남도,당진시,시곡동,,0.03
2024,987,2024-07-16~07-19 호우,산사태_사유림,충청남도,당진시,대덕동,,0.02
2024,988,2024-07-16~07-19 호우,산사태_사유림,충청남도,당진시,대덕동,,0.03
2024,989,2024-07-16~07-19 호우,산사태_사유림,충청남도,당진시,대덕동,,0.04
2024,990,2024-07-16~07-19 호우,산사태_사유림,충청남도,당진시,대덕동,,0.03
2024,991,2024-07-16~07-19 호우,산사태_사유림,충청남도,당진시,순심면,봉소리,0.06
2024,992,2024-07-16~07-19 호우,산사태_사유림,충청남도,당진시,고대면,항곡리,0.02
2024,993,2024-07-16~07-19 호우,산사태_사유림,충청남도,당진시,우두동,,0.03
2024,994,2024-07-16~07-19 호우,산사태_사유림,충청남도,당진시,우두동,,0.04
2024,995,2024-07-16~07-19 호우,산사태_사유림,충청남도,당진시,원당동,,0.02
2024,996,2024-07-16~07-19 호우,산사태_사유림,충청남도,당진시,채운동,,0.03
2024,997,2024-07-16~07-19 호우,산사태_사유림,충청남도,당진시,채운동,,0.05
2024,998,2024-07-16~07-19 호우,산사태_사유림,경기도,파주시,문산읍,이천리,0.04
2024,999,2024-07-16~07-19 호우,산사태_사유림,충청남도,당진시,대호지면,출포리,0.02
2024,1000,2024-07-16~07-19 호우,산사태_사유림,충청남도,당진시,대호지면,적서리,0.1
2024,1001,2024-07-16~07-19 호우,산사태_사유림,충청남도,당진시,대호지면,적서리,0.08
2024,1002,2024-07-16~07-19 호우,산사태_사유림,충청남도,당진시,대호지면,천의리,0.05
2024,1003,2024-07-16~07-19 호우,산사태_사유림,충청남도,당진시,면천면,송학리,0.19
2024,1004,2024-07-16~07-19 호우,산사태_사유림,충청남도,당진시,면천면,송학리,0.1
2024,1005,2024-07-16~07-19 호우,산사태_사유림,충청남도,서산시,운산면,신창리,0.1
2024,1006,2024-07-16~07-19 호우,산사태_사유림,충청남도,서산시,운산면,원평리,0.12
2024,1007,2024-07-16~07-19 호우,산사태_사유림,충청남도,서산시,운산면,고산리,0.04
2024,1008,2024-07-16~07-19 호우,산사태_사유림,충청남도,서산시,해미면,산수리,0.3
2024,1009,2024-07-16~07-19 호우,산사태_사유림,충청남도,당진시,면천면,죽동리,0.01
2024,1010,2024-07-16~07-19 호우,산사태_사유림,충청남도,당진시,면천면,죽동리,0.04
2024,1011,2024-07-16~07-19 호우,산사태_사유림,충청남도,당진시,면천면,죽동리,0.17
2024,1012,2024-07-16~07-19 호우,산사태_사유림,경기도,파주시,적성면,식현리,0.09
2024,1013,2024-07-16~07-19 호우,산사태_사유림,경기도,파주시,적성면,식현리,0.06
2024,1014,2024-07-16~07-19 호우,산사태_사유림,경기도,파주시,적성면,식현리,0.08
2024,1015,2024-07-16~07-19 호우,산사태_사유림,충청남도,서산시,성연면,왕정리,0.24
2024,1016,2024-07-16~07-19 호우,산사태_지자체소유림,인천광역시,서구,금곡동,,0.3
2024,1017,2024-07-16~07-19 호우,산사태_사유림,충청남도,당진시,면천면,성하리,0.25
2024,1018,2024-07-16~07-19 호우,산사태_국유림,경기도,파주시,적성면,설마리 ,0.14
2024,1019,2024-07-16~07-19 호우,산사태_사유림,경기도,파주시,파주읍,설마리 ,0.11
2024,1020,2024-07-16~07-19 호우,산사태_국유림,전라남도,보성군,벌교읍,징광리,0.09
2024,1021,2024-07-16~07-19 호우,산사태_사유림,경기도,파주시,문산읍,이천리,0.02
2024,1022,2024-07-16~07-19 호우,산사태_사유림,경기도,파주시,문산읍,이천리,0.05
2024,1023,2024-07-16~07-19 호우,산사태_사유림,경기도,파주시,광탄면,발랑리,0.04
2024,1024,2024-07-16~07-19 호우,산사태_사유림,경기도,파주시,장단면,거곡리,0.02
2024,1025,2024-07-16~07-19 호우,산사태_사유림,경기도,파주시,문산읍,선유리,0.01
2024,1026,2024-07-16~07-19 호우,산사태_사유림,경기도,파주시,문산읍,당동리,0.03
2024,1027,2024-07-16~07-19 호우,산사태_국유림,경기도,파주시,장단면,거곡리,0.04
2024,1028,2024-07-16~07-19 호우,산사태_지자체소유림,경기도,파주시,문산읍,당동리,0.02
2024,1029,2024-07-16~07-19 호우,산사태_사유림,경기도,파주시,파주읍,부곡리,0.01
2024,1030,2024-07-16~07-19 호우,산사태_사유림,경기도,파주시,파주읍,파주리,0.01
2024,1031,2024-07-20~07-21,산사태_국유림,경기도,연천군,장남면,자작리,0.25
2024,1032,2024-07-20~07-21,산사태_국유림,경기도,파주시,파평면,눌노리,0.19
2024,1033,2024-07-20~07-21,산사태_국유림,경기도,파주시,파평면,눌노리,0.08
2024,1034,2024-07-20~07-21,산사태_국유림,강원특별자치도,양구군,해안면,만대리,0.06
2024,1035,2024-07-20~07-21,산사태_국유림,강원특별자치도,양구군,해안면,만대리,0.08
2024,1036,2024-07-20~07-21,산사태_국유림,강원특별자치도,양구군,방산면,고방산리,0.32
2024,1037,2024-07-20~07-21,산사태_국유림,강원특별자치도,양구군,동면,후곡리,0.18
2024,1038,2024-07-20~07-21,산사태_국유림,강원특별자치도,양구군,동면,후곡리,1.19
2024,1039,2024-07-20~07-21,산사태_국유림,강원특별자치도,양구군,동면,후곡리,0.45
2024,1040,2024-07-22~07-23,산사태_국유림,경기도,양평군,양동면,매월리,0.08
2024,1041,2024-07-22~07-23,산사태_국유림,경기도,양평군,양동면,매월리,0.08
2024,1042,2024-07-22~07-23,산사태_국유림,경기도,양평군,양동면,매월리,0.09
2024,1043,2024-07-22~07-23,산사태_국유림,경기도,용인시,처인구,호동,1.24
2024,1044,2024-07-22~07-23,산사태_국유림,경기도,용인시,처인구,호동,0.02
2024,1045,2024-07-22~07-23,산사태_국유림,강원특별자치도,횡성군,서원면,창촌리,0.03
2024,1046,2024-07-22~07-23,산사태_국유림,강원특별자치도,횡성군,서원면,창촌리,0.1
2024,1047,2024-07-22~07-23,산사태_국유림,강원특별자치도,횡성군,서원면,창촌리,0.13
2024,1048,2024-07-24,산사태_국유림,경기도,포천시,화현면,명덕리,0.12
2024,1049,2024-07-24,산사태_사유림,경기도,가평군,가평읍,하색리,0.31
2024,1050,2024-07-24,산사태_사유림,강원특별자치도,횡성군,횡성읍,학곡리,0.77
2024,1051,2024-07-24,산사태_사유림,강원특별자치도,홍천군,홍천읍,삼마치리,0.2
2024,1052,2024-08-05,산사태_국유림,경기도,연천군,전곡읍,양원리,0.1
2024,1053,2024-08-05,산사태_국유림,경기도,연천군,전곡읍,양원리,0.12
2024,1054,2024-08-05,산사태_국유림,강원특별자치도,인제군,인제읍,가아리,0.24
2024,1055,2024-08-05,산사태_국유림,강원특별자치도,인제군,인제읍,가아리,0.15
2024,1056,2024-08-05,산사태_국유림,경기도,가평군,설악면,회곡리,0.1
2024,1057,2024-08-05,산사태_국유림,강원특별자치도,철원군,갈말읍,신철원리,0.03
2024,1058,2024-08-05,산사태_국유림,강원특별자치도,철원군,갈말읍,신철원리,0.05
2024,1059,2024-08-05,산사태_국유림,강원특별자치도,철원군,갈말읍,신철원리,0.08
2024,1060,2024-08-05,산사태_국유림,강원특별자치도,춘천시,서면,당림리,0.17
2024,1061,2024-08-05,산사태_국유림,강원특별자치도,춘천시,동면,품걸리,0.16
2024,1062,2024-08-05,산사태_국유림,강원특별자치도,춘천시,동면,품걸리,0.06
2024,1063,2024-08-05,산사태_국유림,강원특별자치도,춘천시,동면,품걸리,0.01
2024,1064,2024-08-05,산사태_국유림,강원특별자치도,춘천시,남면,가정리,0.03
2024,1065,2024-08-05,산사태_국유림,강원특별자치도,춘천시,남면,가정리,0.06
2024,1066,2024-08-05,산사태_국유림,강원특별자치도,춘천시,남면,가정리,0.24
2024,1067,2024-08-05,산사태_국유림,강원특별자치도,춘천시,남면,가정리,0.05
2024,1068,2024-08-05,산사태_국유림,강원특별자치도,춘천시,남면,가정리,0.21
2024,1069,2024-08-05,산사태_국유림,강원특별자치도,춘천시,남면,가정리,0.19
2024,1070,2024-08-05,산사태_국유림,강원특별자치도,춘천시,남면,가정리,0.28
2024,1071,2024-08-05,산사태_국유림,강원특별자치도,춘천시,남면,가정리,0.26
2024,1072,2024-08-05,산사태_국유림,강원특별자치도,화천군,상서면,다목리,0.38
2024,1073,2024-08-05,산사태_국유림,강원특별자치도,화천군,상서면,다목리,0.13
2024,1074,2024-08-05,산사태_국유림,강원특별자치도,화천군,상서면,다목리,0.05
2024,1075,2024-08-19,산사태_국유림,강원특별자치도,횡성군,둔내면,태기리,0.06
2024,1076,2024-08-19,산사태_국유림,강원특별자치도,횡성군,둔내면,태기리,0.16
2024,1077,2024-08-19,산사태_국유림,강원특별자치도,홍천군,화촌면,야시대리,0.29
2024,1078,2024-08-19,산사태_국유림,강원특별자치도,홍천군,화촌면,야시대리,0.12
2024,1079,2024-09-19~09-21,산사태_지자체소유림,경상남도,고성군,거류면,가려리,1
2024,1080,2024-09-19~09-21,산사태_사유림,경상남도,창원시 ,마산회원구,감천리,0.03
2024,1081,2024-09-19~09-21,산사태_사유림,경상남도,창원시 ,마산합포구,옥계리,0.03
2024,1082,2024-09-19~09-21,산사태_사유림,경상남도,창원시 ,마산합포구,옥계리,0.05
2024,1083,2024-09-19~09-21,산사태_사유림,경상남도,창원시 ,마산합포구,심리,0.1
2024,1084,2024-09-19~09-21,산사태_사유림,경상남도 ,김해시,,내덕동,0.11
2024,1085,2024-09-19~09-21,산사태_사유림,경상남도,김해시,,대청동,0.07
2024,1086,2024-09-19~09-21,산사태_국유림,강원특별자치도,인제군,상남면,상남리,0.34
2024,1087,2024-09-19~09-21,산사태_사유림,전라남도,강진군,군동면,호계리,0.1
2024,1088,2024-09-19~09-21,산사태_사유림,전라남도,강진군,군동면,호계리,0.07
2024,1089,2024-09-19~09-21,산사태_사유림,전라남도,강진군,군동면,호계리,0.06
2024,1090,2024-09-19~09-21,산사태_사유림,전라남도,강진군,군동면,호계리,0.02
2024,1091,2024-09-19~09-21,산사태_사유림,전라남도,강진군,신전면,수양리,0.2
2024,1092,2024-09-19~09-21,산사태_사유림,전라남도,순천시,상사면,오곡리,0.22
2024,1093,2024-09-19~09-21,산사태_사유림,전라남도,장흥군,장흥읍,연산리,0.2
2024,1094,2024-09-19~09-21,산사태_사유림,전라남도,순천시,,가곡동,0.2
2024,1095,2024-09-19~09-21,산사태_지자체소유림,전라남도,해남군,마산면,송석리,0.38
2024,1096,2024-09-19~09-21,산사태_사유림,전라남도,강진군,성전면,명산리,0.06
2024,1097,2024-09-19~09-21,산사태_사유림,전라남도,강진군,성전면,명산리,0.14
2024,1098,2024-09-19~09-21,산사태_사유림,전라남도,강진군,성전면,명산리,0.06
2024,1099,2024-09-19~09-21,산사태_사유림,전라남도,강진군,성전면,명산리,0.08
2024,1100,2024-09-19~09-21,산사태_사유림,전라남도,영암군,영암읍,학송리,0.06
2024,1101,2024-09-19~09-21,산사태_사유림,전라남도,영암군,영암읍,학송리,0.02
2024,1102,2024-09-19~09-21,산사태_사유림,전라남도,영암군,영암읍,학송리,0.12
2024,1103,2024-09-19~09-21,산사태_사유림,충청남도,서천군,한산면,동산리,0.08
2024,1104,2024-09-19~09-21,산사태_사유림,충청남도,서천군,한산면,동산리,0.22
2024,1105,2024-09-19~09-21,산사태_사유림,충청남도,서천군,한산면,지현리,0.75
2024,1106,2024-09-19~09-21,산사태_사유림,충청남도,서천군,시초면,용곡리,0.2
2024,1107,2024-09-19~09-21,산사태_사유림,충청남도,서천군,마산면,삼월리,0.2
2025,1,2025-07-16~07-20,산사태_사유림,경상남도,산청군,산청읍,내수리,0.56
2025,2,2025-07-16~07-20,산사태_사유림,경상남도,산청군,산청읍,내수리,0.74
2025,3,2025-07-16~07-20,산사태_사유림,경상남도,산청군,산청읍,내수리,0.3
2025,4,2025-07-16~07-20,산사태_사유림,경상남도,산청군,산청읍,내수리,7.5
2025,5,2025-07-16~07-20,산사태_사유림,경상남도,산청군,산청읍,내수리,0.4
2025,6,2025-07-16~07-20,산사태_사유림,경상남도,산청군,산청읍,내수리,1.32
2025,7,2025-07-16~07-20,산사태_사유림,경상남도,산청군,산청읍,내수리,1.3
2025,8,2025-07-16~07-20,산사태_사유림,경상남도,산청군,산청읍,내수리,3.6
2025,9,2025-07-16~07-20,산사태_사유림,경상남도,산청군,산청읍,내수리,1.22
2025,10,2025-07-16~07-20,산사태_사유림,경상남도,산청군,산청읍,내수리,0.52
2025,11,2025-07-16~07-20,산사태_사유림,경상남도,산청군,산청읍,내수리,2.2
2025,12,2025-07-16~07-20,산사태_사유림,경상남도,산청군,산청읍,내수리,0.52
2025,13,2025-07-16~07-20,산사태_사유림,경상남도,산청군,산청읍,내수리,0.8
2025,14,2025-07-16~07-20,산사태_사유림,경상남도,산청군,산청읍,내수리,0.95
2025,15,2025-07-16~07-20,산사태_사유림,경상남도,산청군,산청읍,내수리,0.05
2025,16,2025-07-16~07-20,산사태_사유림,경상남도,산청군,산청읍,내수리,1.4
2025,17,2025-07-16~07-20,산사태_사유림,경상남도,산청군,단성면,방목리,4
2025,18,2025-07-16~07-20,산사태_사유림,경상남도,산청군,단성면,방목리,0.32
2025,19,2025-07-16~07-20,산사태_사유림,경상남도,산청군,단성면,방목리,0.12
2025,20,2025-07-16~07-20,산사태_사유림,경상남도,산청군,단성면,방목리,0.5
2025,21,2025-07-16~07-20,산사태_사유림,경상남도,산청군,단성면,방목리,0.2
2025,22,2025-07-16~07-20,산사태_사유림,경상남도,산청군,단성면,방목리,0.56
2025,23,2025-07-16~07-20,산사태_사유림,경상남도,산청군,단성면,방목리,0.24
2025,24,2025-07-16~07-20,산사태_사유림,경상남도,산청군,단성면,방목리,0.09
2025,25,2025-07-16~07-20,산사태_사유림,경상남도,산청군,단성면,방목리,0.32
2025,26,2025-07-16~07-20,산사태_사유림,경상남도,산청군,단성면,방목리,0.2
2025,27,2025-07-16~07-20,산사태_사유림,경상남도,산청군,단성면,방목리,1
2025,28,2025-07-16~07-20,산사태_사유림,경상남도,산청군,단성면,방목리,1
2025,29,2025-07-16~07-20,산사태_사유림,경상남도,산청군,단성면,방목리,1.8
2025,30,2025-07-16~07-20,산사태_사유림,경상남도,산청군,단성면,방목리,1.8
2025,31,2025-07-16~07-20,산사태_사유림,경상남도,산청군,단성면,방목리,1.22
2025,32,2025-07-16~07-20,산사태_사유림,경상남도,산청군,신안면,외송리,6.42
2025,33,2025-07-16~07-20,산사태_사유림,경상남도,산청군,신안면,외송리,5.27
2025,34,2025-07-16~07-20,산사태_사유림,경상남도,산청군,신안면,외송리,0.27
2025,35,2025-07-16~07-20,산사태_사유림,경상남도,산청군,신안면,외송리,0.08
2025,36,2025-07-16~07-20,산사태_사유림,경상남도,산청군,신안면,외송리,0.45
2025,37,2025-07-16~07-20,산사태_사유림,경상남도,산청군,신안면,외송리,0.2
2025,38,2025-07-16~07-20,산사태_사유림,경상남도,산청군,신안면,외송리,0.65
2025,39,2025-07-16~07-20,산사태_사유림,경상남도,산청군,신안면,외송리,0.24
2025,40,2025-07-16~07-20,산사태_사유림,경상남도,산청군,신안면,외송리,0.06
2025,41,2025-07-16~07-20,산사태_사유림,경상남도,산청군,신안면,외송리,0.16
2025,42,2025-07-16~07-20,산사태_사유림,경상남도,산청군,신안면,외송리,0.11
2025,43,2025-07-16~07-20,산사태_사유림,경상남도,산청군,신안면,외송리,0.5
2025,44,2025-07-16~07-20,산사태_사유림,경상남도,산청군,신안면,외송리,0.42
2025,45,2025-07-16~07-20,산사태_사유림,경상남도,산청군,신안면,외송리,0.03
2025,46,2025-07-16~07-20,산사태_사유림,경상남도,산청군,산청읍,모고리,4.27
2025,47,2025-07-16~07-20,산사태_사유림,경상남도,산청군,산청읍,모고리,0.52
2025,48,2025-07-16~07-20,산사태_사유림,경상남도,산청군,산청읍,모고리,0.56
2025,49,2025-07-16~07-20,산사태_사유림,경상남도,산청군,산청읍,모고리,1.13
2025,50,2025-07-16~07-20,산사태_사유림,경상남도,합천군,가회면,둔내리,0.21
2025,51,2025-07-16~07-20,산사태_사유림,경상남도,합천군,가회면,둔내리,0.55
2025,52,2025-07-16~07-20,산사태_사유림,경상남도,합천군,가회면,둔내리,0.2
2025,53,2025-07-16~07-20,산사태_사유림,경상남도,합천군,가회면,둔내리,0.15
2025,54,2025-07-16~07-20,산사태_사유림,경상남도,합천군,가회면,둔내리,0.18
2025,55,2025-07-16~07-20,산사태_사유림,경상남도,합천군,가회면,둔내리,0.04
2025,56,2025-07-16~07-20,산사태_사유림,경상남도,합천군,가회면,둔내리,0.1
2025,57,2025-07-16~07-20,산사태_사유림,경상남도,합천군,가회면,둔내리,0.03
2025,58,2025-07-16~07-20,산사태_사유림,경상남도,합천군,가회면,둔내리,0.3
2025,59,2025-07-16~07-20,산사태_사유림,경상남도,합천군,가회면,둔내리,0.24
2025,60,2025-07-16~07-20,산사태_사유림,경상남도,합천군,가회면,둔내리,0.3
2025,61,2025-07-16~07-20,산사태_사유림,경상남도,합천군,가회면,둔내리,0.12
2025,62,2025-07-16~07-20,산사태_사유림,경상남도,합천군,가회면,둔내리,2
2025,63,2025-07-16~07-20,산사태_사유림,경상남도,합천군,가회면,둔내리,0.06
2025,64,2025-07-16~07-20,산사태_사유림,경상남도,합천군,가회면,둔내리,0.05
2025,65,2025-07-16~07-20,산사태_사유림,경상남도,합천군,가회면,둔내리,3.6
2025,66,2025-07-16~07-20,산사태_사유림,경상남도,합천군,가회면,둔내리,0.5
2025,67,2025-07-16~07-20,산사태_사유림,경상남도,합천군,가회면,둔내리,0.05
2025,68,2025-07-16~07-20,산사태_사유림,경상남도,합천군,가회면,둔내리,0.11
2025,69,2025-07-16~07-20,산사태_사유림,경상남도,합천군,가회면,둔내리,0.14
2025,70,2025-07-16~07-20,산사태_사유림,경상남도,합천군,가회면,둔내리,0.03
2025,71,2025-07-16~07-20,산사태_사유림,경상남도,합천군,가회면,둔내리,0.22
2025,72,2025-07-16~07-20,산사태_사유림,경상남도,합천군,가회면,둔내리,1.6
2025,73,2025-07-16~07-20,산사태_사유림,경상남도,합천군,가회면,둔내리,0.07
2025,74,2025-07-16~07-20,산사태_사유림,경상남도,합천군,가회면,둔내리,0.01
2025,75,2025-07-16~07-20,산사태_사유림,경상남도,합천군,가회면,둔내리,0.1
2025,76,2025-07-16~07-20,산사태_사유림,경상남도,산청군,신안면,안봉리,0.28
2025,77,2025-07-16~07-20,산사태_사유림,경상남도,산청군,신안면,안봉리,0.1
2025,78,2025-07-16~07-20,산사태_사유림,경상남도,산청군,신안면,안봉리,2.8
2025,79,2025-07-16~07-20,산사태_사유림,경상남도,산청군,신안면,안봉리,0.28
2025,80,2025-07-16~07-20,산사태_사유림,경상남도,산청군,신안면,안봉리,0.09
2025,81,2025-07-16~07-20,산사태_사유림,경상남도,산청군,신안면,안봉리,0.3
2025,82,2025-07-16~07-20,산사태_사유림,경상남도,산청군,신안면,안봉리,1.35
2025,83,2025-07-16~07-20,산사태_사유림,경상남도,산청군,신안면,안봉리,0.5
2025,84,2025-07-16~07-20,산사태_사유림,경상남도,산청군,신안면,안봉리,1.78
2025,85,2025-07-16~07-20,산사태_사유림,경상남도,산청군,신안면,안봉리,0.9
2025,86,2025-07-16~07-20,산사태_사유림,경상남도,산청군,신안면,안봉리,1
2025,87,2025-07-16~07-20,산사태_사유림,경상남도,산청군,신안면,안봉리,1
2025,88,2025-07-16~07-20,산사태_사유림,경상남도,산청군,신안면,안봉리,0.45
2025,89,2025-07-16~07-20,산사태_사유림,경상남도,산청군,신안면,안봉리,0.52
2025,90,2025-07-16~07-20,산사태_사유림,경상남도,산청군,신안면,안봉리,0.1
2025,91,2025-07-16~07-20,산사태_사유림,경상남도,산청군,신안면,안봉리,0.6
2025,92,2025-07-16~07-20,산사태_사유림,경상남도,산청군,차황면,법평리,2.5
2025,93,2025-07-16~07-20,산사태_사유림,경상남도,산청군,차황면,법평리,0.63
2025,94,2025-07-16~07-20,산사태_사유림,경상남도,산청군,차황면,법평리,2.45
2025,95,2025-07-16~07-20,산사태_사유림,경상남도,산청군,차황면,법평리,1.27
2025,96,2025-07-16~07-20,산사태_사유림,경상남도,산청군,차황면,법평리,0.91
2025,97,2025-07-16~07-20,산사태_사유림,경상남도,산청군,차황면,법평리,0.27
2025,98,2025-07-16~07-20,산사태_사유림,경상남도,산청군,차황면,법평리,0.11
2025,99,2025-07-16~07-20,산사태_사유림,경상남도,산청군,차황면,법평리,0.2
2025,100,2025-07-16~07-20,산사태_사유림,경상남도,산청군,차황면,법평리,0.6
2025,101,2025-07-16~07-20,산사태_사유림,경상남도,산청군,차황면,법평리,0.38
2025,102,2025-07-16~07-20,산사태_사유림,경상남도,산청군,차황면,법평리,0.15
2025,103,2025-07-16~07-20,산사태_사유림,경상남도,산청군,차황면,법평리,0.24
2025,104,2025-07-16~07-20,산사태_사유림,경상남도,산청군,산청읍,송경리,1.05
2025,105,2025-07-16~07-20,산사태_사유림,경상남도,산청군,산청읍,송경리,3.22
2025,106,2025-07-16~07-20,산사태_사유림,경상남도,산청군,산청읍,송경리,2.5
2025,107,2025-07-16~07-20,산사태_사유림,경상남도,산청군,산청읍,송경리,1
2025,108,2025-07-16~07-20,산사태_사유림,경상남도,산청군,산청읍,송경리,0.48
2025,109,2025-07-16~07-20,산사태_사유림,경상남도,산청군,산청읍,송경리,0.04
2025,110,2025-07-16~07-20,산사태_사유림,경상남도,산청군,오부면,방곡리,1.35
2025,111,2025-07-16~07-20,산사태_사유림,경상남도,산청군,오부면,방곡리,3
2025,112,2025-07-16~07-20,산사태_사유림,경상남도,산청군,오부면,방곡리,2
2025,113,2025-07-16~07-20,산사태_사유림,경상남도,산청군,오부면,방곡리,0.58
2025,114,2025-07-16~07-20,산사태_사유림,경상남도,산청군,오부면,방곡리,0.6
2025,115,2025-07-16~07-20,산사태_사유림,경상남도,산청군,오부면,방곡리,0.75
2025,116,2025-07-16~07-20,산사태_사유림,경상남도,산청군,오부면,방곡리,0.21
2025,117,2025-07-16~07-20,산사태_사유림,경상남도,산청군,오부면,방곡리,0.04
2025,118,2025-07-16~07-20,산사태_사유림,경상남도,산청군,오부면,방곡리,0.67
2025,119,2025-07-16~07-20,산사태_사유림,경상남도,산청군,오부면,방곡리,0.45
2025,120,2025-07-16~07-20,산사태_사유림,경상남도,합천군,가회면,중촌리,0.12
2025,121,2025-07-16~07-20,산사태_사유림,경상남도,합천군,가회면,중촌리,0.21
2025,122,2025-07-16~07-20,산사태_사유림,경상남도,합천군,가회면,중촌리,0.01
2025,123,2025-07-16~07-20,산사태_사유림,경상남도,합천군,가회면,중촌리,0.7
2025,124,2025-07-16~07-20,산사태_사유림,경상남도,합천군,가회면,중촌리,0.1
2025,125,2025-07-16~07-20,산사태_사유림,경상남도,합천군,가회면,중촌리,0.12
2025,126,2025-07-16~07-20,산사태_사유림,경상남도,합천군,가회면,중촌리,0.22
2025,127,2025-07-16~07-20,산사태_사유림,경상남도,합천군,가회면,중촌리,0.08
2025,128,2025-07-16~07-20,산사태_사유림,경상남도,합천군,가회면,중촌리,0.01
2025,129,2025-07-16~07-20,산사태_사유림,경상남도,합천군,가회면,중촌리,0.28
2025,130,2025-07-16~07-20,산사태_사유림,경상남도,합천군,가회면,중촌리,1.08
2025,131,2025-07-16~07-20,산사태_사유림,경상남도,합천군,가회면,중촌리,0.02
2025,132,2025-07-16~07-20,산사태_사유림,경상남도,합천군,가회면,중촌리,0.08
2025,133,2025-07-16~07-20,산사태_사유림,경상남도,합천군,가회면,중촌리,0.07
2025,134,2025-07-16~07-20,산사태_사유림,경상남도,합천군,가회면,중촌리,0.2
2025,135,2025-07-16~07-20,산사태_사유림,경상남도,합천군,가회면,중촌리,0.36
2025,136,2025-07-16~07-20,산사태_사유림,경상남도,합천군,가회면,중촌리,0.18
2025,137,2025-07-16~07-20,산사태_사유림,경상남도,합천군,가회면,중촌리,0.15
2025,138,2025-07-16~07-20,산사태_사유림,경상남도,합천군,가회면,중촌리,0.02
2025,139,2025-07-16~07-20,산사태_사유림,경상남도,합천군,가회면,중촌리,0.08
2025,140,2025-07-16~07-20,산사태_사유림,경상남도,합천군,가회면,중촌리,0.2
2025,141,2025-07-16~07-20,산사태_사유림,경상남도,합천군,가회면,중촌리,0.05
2025,142,2025-07-16~07-20,산사태_사유림,경상남도,합천군,가회면,중촌리,0.05
2025,143,2025-07-16~07-20,산사태_사유림,경상남도,합천군,가회면,중촌리,0.4
2025,144,2025-07-16~07-20,산사태_사유림,경상남도,합천군,가회면,중촌리,0.04
2025,145,2025-07-16~07-20,산사태_사유림,경상남도,합천군,가회면,중촌리,0.28
2025,146,2025-07-16~07-20,산사태_사유림,경상남도,합천군,가회면,중촌리,0.1
2025,147,2025-07-16~07-20,산사태_사유림,경상남도,산청군,단성면,청계리,0.6
2025,148,2025-07-16~07-20,산사태_사유림,경상남도,산청군,단성면,청계리,0.4
2025,149,2025-07-16~07-20,산사태_사유림,경상남도,산청군,단성면,청계리,0.18
2025,150,2025-07-16~07-20,산사태_사유림,경상남도,산청군,단성면,청계리,0.6
2025,151,2025-07-16~07-20,산사태_사유림,경상남도,산청군,단성면,청계리,0.8
2025,152,2025-07-16~07-20,산사태_사유림,경상남도,산청군,단성면,청계리,0.15
2025,153,2025-07-16~07-20,산사태_사유림,경상남도,산청군,단성면,청계리,0.8
2025,154,2025-07-16~07-20,산사태_사유림,경상남도,산청군,단성면,청계리,0.02
2025,155,2025-07-16~07-20,산사태_사유림,경상남도,산청군,단성면,청계리,0.83
2025,156,2025-07-16~07-20,산사태_사유림,경상남도,산청군,단성면,청계리,0.02
2025,157,2025-07-16~07-20,산사태_사유림,경상남도,산청군,단성면,청계리,0.5
2025,158,2025-07-16~07-20,산사태_사유림,경상남도,산청군,단성면,청계리,0.03
2025,159,2025-07-16~07-20,산사태_사유림,경상남도,산청군,단성면,청계리,0.04
2025,160,2025-07-16~07-20,산사태_사유림,경상남도,산청군,단성면,청계리,0.06
2025,161,2025-07-16~07-20,산사태_사유림,경상남도,산청군,단성면,청계리,0.66
2025,162,2025-07-16~07-20,산사태_사유림,경상남도,산청군,단성면,청계리,0.03
2025,163,2025-07-16~07-20,산사태_사유림,경상남도,산청군,단성면,청계리,0.8
2025,164,2025-07-16~07-20,산사태_사유림,경상남도,산청군,단성면,청계리,0.02
2025,165,2025-07-16~07-20,산사태_사유림,경상남도,산청군,단성면,청계리,0.03
2025,166,2025-07-16~07-20,산사태_사유림,경상남도,산청군,단성면,청계리,0.18
2025,167,2025-07-16~07-20,산사태_사유림,경상남도,산청군,단성면,청계리,0.02
2025,168,2025-07-16~07-20,산사태_사유림,경상남도,산청군,단성면,청계리,0.24
2025,169,2025-07-16~07-20,산사태_사유림,경상남도,산청군,단성면,청계리,0.02
2025,170,2025-07-16~07-20,산사태_사유림,전라남도,광양시,다압면,금천리,1.1
2025,171,2025-07-16~07-20,산사태_사유림,전라남도,광양시,다압면,금천리,0.6
2025,172,2025-07-16~07-20,산사태_사유림,전라남도,광양시,다압면,금천리,0.9
2025,173,2025-07-16~07-20,산사태_사유림,전라남도,광양시,다압면,금천리,0.2
2025,174,2025-07-16~07-20,산사태_사유림,전라남도,광양시,다압면,금천리,1.2
2025,175,2025-07-16~07-20,산사태_사유림,전라남도,광양시,다압면,금천리,1.1
2025,176,2025-07-16~07-20,산사태_사유림,전라남도,광양시,다압면,금천리,0.6
2025,177,2025-07-16~07-20,산사태_사유림,전라남도,광양시,다압면,금천리,0.4
2025,178,2025-07-16~07-20,산사태_사유림,전라남도,광양시,다압면,금천리,0.6
2025,179,2025-07-16~07-20,산사태_사유림,경상남도,산청군,산청읍,부리,1.88
2025,180,2025-07-16~07-20,산사태_사유림,경상남도,산청군,산청읍,부리,1.4
2025,181,2025-07-16~07-20,산사태_사유림,경상남도,산청군,산청읍,부리,0.5
2025,182,2025-07-16~07-20,산사태_사유림,경상남도,산청군,산청읍,부리,1.01
2025,183,2025-07-16~07-20,산사태_사유림,경상남도,산청군,산청읍,부리,0.83
2025,184,2025-07-16~07-20,산사태_사유림,경기도,가평군,조종면,마일리,0.3
2025,185,2025-07-16~07-20,산사태_사유림,경기도,가평군,조종면,마일리,2.2
2025,186,2025-07-16~07-20,산사태_사유림,경기도,가평군,조종면,마일리,0.13
2025,187,2025-07-16~07-20,산사태_사유림,경기도,가평군,조종면,마일리,0.02
2025,188,2025-07-16~07-20,산사태_사유림,경기도,가평군,조종면,마일리,0.57
2025,189,2025-07-16~07-20,산사태_사유림,경기도,가평군,조종면,마일리,0.18
2025,190,2025-07-16~07-20,산사태_사유림,경기도,가평군,조종면,마일리,0.08
2025,191,2025-07-16~07-20,산사태_사유림,경기도,가평군,조종면,마일리,0.2
2025,192,2025-07-16~07-20,산사태_사유림,경기도,가평군,조종면,마일리,0.46
2025,193,2025-07-16~07-20,산사태_사유림,경기도,가평군,조종면,마일리,0.04
2025,194,2025-07-16~07-20,산사태_국유림,경기도,가평군,상면,원흥리,0.09
2025,195,2025-07-16~07-20,산사태_국유림,경기도,가평군,상면,원흥리,0.2
2025,196,2025-07-16~07-20,산사태_국유림,경기도,가평군,상면,원흥리,0.13
2025,197,2025-07-16~07-20,산사태_국유림,경기도,가평군,상면,원흥리,0.39
2025,198,2025-07-16~07-20,산사태_국유림,경기도,가평군,상면,원흥리,0.06
2025,199,2025-07-16~07-20,산사태_국유림,경기도,가평군,상면,원흥리,0.03
2025,200,2025-07-16~07-20,산사태_국유림,경기도,가평군,상면,원흥리,0.1
2025,201,2025-07-16~07-20,산사태_국유림,경기도,가평군,상면,원흥리,0.2
2025,202,2025-07-16~07-20,산사태_국유림,경기도,가평군,상면,원흥리,0.34
2025,203,2025-07-16~07-20,산사태_국유림,경기도,가평군,상면,원흥리,0.48
2025,204,2025-07-16~07-20,산사태_국유림,경기도,가평군,상면,원흥리,0.14
2025,205,2025-07-16~07-20,산사태_국유림,경기도,가평군,상면,원흥리,0.36
2025,206,2025-07-16~07-20,산사태_국유림,경기도,가평군,상면,원흥리,0.22
2025,207,2025-07-16~07-20,산사태_국유림,경기도,가평군,상면,원흥리,0.03
2025,208,2025-07-16~07-20,산사태_국유림,경기도,가평군,상면,원흥리,0.03
2025,209,2025-07-16~07-20,산사태_국유림,경기도,가평군,상면,원흥리,0.03
2025,210,2025-07-16~07-20,산사태_국유림,경기도,가평군,상면,원흥리,0.06
2025,211,2025-07-16~07-20,산사태_국유림,경기도,가평군,상면,원흥리,0.03
2025,212,2025-07-16~07-20,산사태_국유림,경기도,가평군,상면,원흥리,0.02
2025,213,2025-07-16~07-20,산사태_국유림,경기도,가평군,상면,원흥리,3.02
2025,214,2025-07-16~07-20,산사태_국유림,경기도,가평군,상면,원흥리,0.7
2025,215,2025-07-16~07-20,산사태_사유림,경상남도,산청군,삼장면,홍계리,0.42
2025,216,2025-07-16~07-20,산사태_사유림,경상남도,산청군,삼장면,홍계리,0.33
2025,217,2025-07-16~07-20,산사태_사유림,경상남도,산청군,삼장면,홍계리,3
2025,218,2025-07-16~07-20,산사태_사유림,경상남도,산청군,삼장면,홍계리,0.18
2025,219,2025-07-16~07-20,산사태_사유림,경상남도,산청군,삼장면,홍계리,0.43
2025,220,2025-07-16~07-20,산사태_사유림,경상남도,산청군,삼장면,홍계리,0.45
2025,221,2025-07-16~07-20,산사태_사유림,경상남도,산청군,삼장면,홍계리,1.1
2025,222,2025-07-16~07-20,산사태_사유림,경상남도,산청군,삼장면,홍계리,1
2025,223,2025-07-16~07-20,산사태_사유림,경상남도,산청군,삼장면,홍계리,0.5
2025,224,2025-07-16~07-20,산사태_사유림,경상남도,산청군,삼장면,홍계리,1.2
2025,225,2025-07-16~07-20,산사태_사유림,경상남도,산청군,삼장면,홍계리,0.33
2025,226,2025-07-16~07-20,산사태_사유림,경상남도,산청군,삼장면,홍계리,0.3
2025,227,2025-07-16~07-20,산사태_사유림,경상남도,산청군,삼장면,홍계리,0.48
2025,228,2025-07-16~07-20,산사태_사유림,경상남도,산청군,산청읍,내리,0.49
2025,229,2025-07-16~07-20,산사태_사유림,경상남도,산청군,산청읍,내리,0.5
2025,230,2025-07-16~07-20,산사태_사유림,경상남도,산청군,산청읍,내리,0.2
2025,231,2025-07-16~07-20,산사태_사유림,경상남도,산청군,산청읍,내리,0.49
2025,232,2025-07-16~07-20,산사태_사유림,경상남도,산청군,산청읍,내리,0.2
2025,233,2025-07-16~07-20,산사태_사유림,경상남도,산청군,산청읍,내리,0.56
2025,234,2025-07-16~07-20,산사태_사유림,경상남도,산청군,산청읍,내리,0.1
2025,235,2025-07-16~07-20,산사태_사유림,경상남도,산청군,산청읍,내리,0.11
2025,236,2025-07-16~07-20,산사태_사유림,경상남도,산청군,산청읍,내리,0.1
2025,237,2025-07-16~07-20,산사태_사유림,경상남도,산청군,산청읍,내리,0.9
2025,238,2025-07-16~07-20,산사태_사유림,경상남도,산청군,차황면,상법리,2.76
2025,239,2025-07-16~07-20,산사태_사유림,경상남도,산청군,차황면,상법리,1.81
2025,240,2025-07-16~07-20,산사태_사유림,경상남도,산청군,차황면,상중리,0.19
2025,241,2025-07-16~07-20,산사태_사유림,경상남도,산청군,차황면,상중리,0.22
2025,242,2025-07-16~07-20,산사태_사유림,경상남도,산청군,차황면,부리,1.28
2025,243,2025-07-16~07-20,산사태_사유림,경상남도,합천군,대병면,장단리 ,0.36
2025,244,2025-07-16~07-20,산사태_사유림,경상남도,합천군,대병면,장단리 ,0.15
2025,245,2025-07-16~07-20,산사태_사유림,경상남도,합천군,대병면,장단리 ,0.04
2025,246,2025-07-16~07-20,산사태_사유림,경상남도,합천군,대병면,장단리 ,0.32
2025,247,2025-07-16~07-20,산사태_사유림,경상남도,합천군,대병면,장단리 ,0.09
2025,248,2025-07-16~07-20,산사태_사유림,경상남도,합천군,대병면,장단리 ,0.04
2025,249,2025-07-16~07-20,산사태_사유림,경상남도,합천군,대병면,장단리 ,0.01
2025,250,2025-07-16~07-20,산사태_사유림,경상남도,합천군,대병면,장단리 ,0.1
2025,251,2025-07-16~07-20,산사태_사유림,경상남도,합천군,대병면,장단리 ,1.25
2025,252,2025-07-16~07-20,산사태_사유림,경상남도,합천군,대병면,장단리 ,0.14
2025,253,2025-07-16~07-20,산사태_사유림,경상남도,합천군,대병면,장단리 ,0.07
2025,254,2025-07-16~07-20,산사태_사유림,경상남도,합천군,대병면,장단리 ,0.42
2025,255,2025-07-16~07-20,산사태_사유림,경상남도,산청군,신안면,갈전리,0.7
2025,256,2025-07-16~07-20,산사태_사유림,경상남도,산청군,신안면,갈전리,0.03
2025,257,2025-07-16~07-20,산사태_사유림,경상남도,산청군,신안면,갈전리,0.17
2025,258,2025-07-16~07-20,산사태_사유림,경상남도,산청군,신안면,갈전리,0.07
2025,259,2025-07-16~07-20,산사태_사유림,경상남도,산청군,신안면,갈전리,0.27
2025,260,2025-07-16~07-20,산사태_사유림,경상남도,산청군,신안면,갈전리,1.14
2025,261,2025-07-16~07-20,산사태_사유림,경상남도,산청군,신안면,갈전리,0.75
2025,262,2025-07-16~07-20,산사태_사유림,경상남도,산청군,신안면,갈전리,0.25
2025,263,2025-07-16~07-20,산사태_사유림,경상남도,산청군,신안면,갈전리,2.17
2025,264,2025-07-16~07-20,산사태_사유림,경상남도,산청군,신등면,율현리,1.2
2025,265,2025-07-16~07-20,산사태_사유림,경상남도,산청군,신등면,율현리,0.8
2025,266,2025-07-16~07-20,산사태_사유림,경상남도,산청군,신등면,율현리,0.1
2025,267,2025-07-16~07-20,산사태_사유림,경상남도,산청군,신등면,율현리,0.07
2025,268,2025-07-16~07-20,산사태_사유림,경상남도,산청군,신등면,율현리,0.35
2025,269,2025-07-16~07-20,산사태_사유림,경상남도,산청군,신등면,율현리,0.7
2025,270,2025-07-16~07-20,산사태_사유림,경상남도,산청군,신등면,율현리,0.45
2025,271,2025-07-16~07-20,산사태_사유림,경상남도,산청군,신등면,율현리,1.18
2025,272,2025-07-16~07-20,산사태_사유림,경상남도,산청군,신등면,율현리,0.45
2025,273,2025-07-16~07-20,산사태_사유림,경상남도,산청군,신등면,율현리,0.01
2025,274,2025-07-16~07-20,산사태_사유림,경상남도,합천군,가회면,장대리,0.13
2025,275,2025-07-16~07-20,산사태_사유림,경상남도,합천군,가회면,장대리,0.06
2025,276,2025-07-16~07-20,산사태_사유림,경상남도,합천군,가회면,장대리,0.09
2025,277,2025-07-16~07-20,산사태_사유림,경상남도,합천군,가회면,장대리,0.1
2025,278,2025-07-16~07-20,산사태_사유림,경상남도,합천군,가회면,장대리,0.01
2025,279,2025-07-16~07-20,산사태_사유림,경상남도,합천군,가회면,장대리,0.5
2025,280,2025-07-16~07-20,산사태_사유림,경상남도,합천군,가회면,장대리,0.18
2025,281,2025-07-16~07-20,산사태_사유림,경상남도,합천군,가회면,장대리,0.28
2025,282,2025-07-16~07-20,산사태_사유림,경상남도,합천군,가회면,장대리,1.1
2025,283,2025-07-16~07-20,산사태_사유림,경상남도,합천군,가회면,장대리,0.06
2025,284,2025-07-16~07-20,산사태_사유림,경상남도,합천군,가회면,장대리,0.09
2025,285,2025-07-16~07-20,산사태_사유림,경상남도,합천군,가회면,장대리,0.14
2025,286,2025-07-16~07-20,산사태_사유림,경상남도,합천군,가회면,장대리,0.1
2025,287,2025-07-16~07-20,산사태_사유림,경상남도,합천군,가회면,장대리,0.12
2025,288,2025-07-16~07-20,산사태_사유림,경상남도,합천군,가회면,장대리,0.1
2025,289,2025-07-16~07-20,산사태_사유림,경상남도,합천군,가회면,장대리,0.03
2025,290,2025-07-16~07-20,산사태_사유림,경기도,가평군,북면,백둔리,0.6
2025,291,2025-07-16~07-20,산사태_사유림,경기도,가평군,북면,백둔리,0.6
2025,292,2025-07-16~07-20,산사태_사유림,경기도,가평군,북면,도대리,0.16
2025,293,2025-07-16~07-20,산사태_사유림,경기도,가평군,북면,백둔리,2.7
2025,294,2025-07-16~07-20,산사태_사유림,경기도,가평군,북면,도대리,0.16
2025,295,2025-07-16~07-20,산사태_사유림,경기도,가평군,북면,적목리,0.01
2025,296,2025-07-16~07-20,산사태_사유림,경기도,가평군,북면,백둔리,0.03
2025,297,2025-07-16~07-20,산사태_사유림,경기도,가평군,북면,적목리,0.01
2025,298,2025-07-16~07-20,산사태_사유림,경기도,가평군,북면,적목리,0
2025,299,2025-07-16~07-20,산사태_사유림,경기도,가평군,북면,도대리,0
2025,300,2025-07-16~07-20,산사태_지자체소유림,경상남도,합천군,가회면 ,중촌리,0.03
2025,301,2025-07-16~07-20,산사태_지자체소유림,경상남도,합천군,가회면 ,중촌리,0.01
2025,302,2025-07-16~07-20,산사태_지자체소유림,경상남도,합천군,가회면 ,중촌리,0.04
2025,303,2025-07-16~07-20,산사태_지자체소유림,경상남도,합천군,가회면 ,중촌리,0.05
2025,304,2025-07-16~07-20,산사태_지자체소유림,경상남도,합천군,가회면 ,중촌리,0.12
2025,305,2025-07-16~07-20,산사태_지자체소유림,경상남도,합천군,가회면 ,중촌리,0.11
2025,306,2025-07-16~07-20,산사태_지자체소유림,경상남도,합천군,가회면 ,중촌리,0
2025,307,2025-07-16~07-20,산사태_지자체소유림,경상남도,합천군,가회면 ,중촌리,0.05
2025,308,2025-07-16~07-20,산사태_지자체소유림,경상남도,합천군,가회면 ,중촌리,0.01
2025,309,2025-07-16~07-20,산사태_지자체소유림,경상남도,합천군,가회면 ,중촌리,0.01
2025,310,2025-07-16~07-20,산사태_지자체소유림,경상남도,합천군,가회면 ,중촌리,0.02
2025,311,2025-07-16~07-20,산사태_지자체소유림,경상남도,합천군,가회면 ,중촌리,0.12
2025,312,2025-07-16~07-20,산사태_지자체소유림,경상남도,합천군,가회면 ,중촌리,0.02
2025,313,2025-07-16~07-20,산사태_지자체소유림,경상남도,합천군,가회면 ,중촌리,0.01
2025,314,2025-07-16~07-20,산사태_지자체소유림,경상남도,합천군,가회면 ,중촌리,0.01
2025,315,2025-07-16~07-20,산사태_지자체소유림,경상남도,합천군,가회면 ,중촌리,0.04
2025,316,2025-07-16~07-20,산사태_지자체소유림,경상남도,합천군,가회면 ,중촌리,0.04
2025,317,2025-07-16~07-20,산사태_지자체소유림,경상남도,합천군,가회면 ,중촌리,0.05
2025,318,2025-07-16~07-20,산사태_지자체소유림,경상남도,합천군,가회면 ,중촌리,0.13
2025,319,2025-07-16~07-20,산사태_지자체소유림,경상남도,합천군,가회면 ,중촌리,0.27
2025,320,2025-07-16~07-20,산사태_지자체소유림,경상남도,합천군,가회면 ,중촌리,0.02
2025,321,2025-07-16~07-20,산사태_지자체소유림,경상남도,합천군,가회면 ,중촌리,0.01
2025,322,2025-07-16~07-20,산사태_지자체소유림,경상남도,합천군,가회면 ,중촌리,0.11
2025,323,2025-07-16~07-20,산사태_지자체소유림,경상남도,합천군,가회면 ,중촌리,0.11
2025,324,2025-07-16~07-20,산사태_지자체소유림,경상남도,합천군,가회면 ,중촌리,0.02
2025,325,2025-07-16~07-20,산사태_지자체소유림,경상남도,합천군,가회면 ,중촌리,0.03
2025,326,2025-07-16~07-20,산사태_지자체소유림,경상남도,합천군,가회면 ,중촌리,0.01
2025,327,2025-07-16~07-20,산사태_사유림,경상남도,합천군,대병면,양리,0.08
2025,328,2025-07-16~07-20,산사태_사유림,경상남도,합천군,대병면,양리,0.24
2025,329,2025-07-16~07-20,산사태_사유림,경상남도,합천군,대병면,양리,0.06
2025,330,2025-07-16~07-20,산사태_사유림,경상남도,합천군,대병면,양리,0.03
2025,331,2025-07-16~07-20,산사태_사유림,경상남도,합천군,대병면,양리,0.05
2025,332,2025-07-16~07-20,산사태_사유림,경상남도,합천군,대병면,양리,0.29
2025,333,2025-07-16~07-20,산사태_사유림,경상남도,합천군,대병면,양리,0.03
2025,334,2025-07-16~07-20,산사태_사유림,경상남도,합천군,대병면,양리,0.24
2025,335,2025-07-16~07-20,산사태_사유림,경상남도,합천군,대병면,양리,0.25
2025,336,2025-07-16~07-20,산사태_사유림,경상남도,합천군,대병면,양리,0.42
2025,337,2025-07-16~07-20,산사태_사유림,경상남도,합천군,대병면,양리,0.44
2025,338,2025-07-16~07-20,산사태_사유림,경상남도,합천군,대병면,양리,0.17
2025,339,2025-07-16~07-20,산사태_사유림,경상남도,합천군,대병면,양리,0.17
2025,340,2025-07-16~07-20,산사태_사유림,경상남도,합천군,대병면,양리,0.07
2025,341,2025-07-16~07-20,산사태_사유림,경상남도,합천군,대병면,양리,0.6
2025,342,2025-07-16~07-20,산사태_사유림,경상남도,합천군,대병면,양리,0.04
2025,343,2025-07-16~07-20,산사태_사유림,경상남도,합천군,대병면,양리,0.1
2025,344,2025-07-16~07-20,산사태_사유림,경상남도,합천군,대병면,양리,0.57
2025,345,2025-07-16~07-20,산사태_사유림,경상남도,합천군,대병면,양리,0.18
2025,346,2025-07-16~07-20,산사태_사유림,경상남도,합천군,대병면,양리,0.22
2025,347,2025-07-16~07-20,산사태_사유림,경상남도,합천군,쌍백면,하신리,3.4
2025,348,2025-07-16~07-20,산사태_사유림,경상남도,합천군,쌍백면,하신리,0.02
2025,349,2025-07-16~07-20,산사태_사유림,경상남도,합천군,용주면,황계리,1.61
2025,350,2025-07-16~07-20,산사태_사유림,경상남도,합천군,용주면,황계리,0.18
2025,351,2025-07-16~07-20,산사태_사유림,경상남도,합천군,용주면,황계리,0.8
2025,352,2025-07-16~07-20,산사태_사유림,경상남도,합천군,용주면,황계리,0.57
2025,353,2025-07-16~07-20,산사태_사유림,경상남도,합천군,용주면,황계리,0.22
2025,354,2025-07-16~07-20,산사태_사유림,경상남도,합천군,용주면,황계리,0.2
2025,355,2025-07-16~07-20,산사태_사유림,경상남도,합천군,용주면,황계리,0.33
2025,356,2025-07-16~07-20,산사태_사유림,경상남도,합천군,용주면,황계리,0.01
2025,357,2025-07-16~07-20,산사태_사유림,경상남도,합천군,용주면,황계리,0.01
2025,358,2025-07-16~07-20,산사태_사유림,경상남도,합천군,대병면,회양리,0.27
2025,359,2025-07-16~07-20,산사태_사유림,경상남도,합천군,대병면,회양리,0.03
2025,360,2025-07-16~07-20,산사태_사유림,경상남도,합천군,대병면,회양리,0.02
2025,361,2025-07-16~07-20,산사태_사유림,경상남도,합천군,대병면,회양리,0.03
2025,362,2025-07-16~07-20,산사태_사유림,경상남도,합천군,대병면,회양리,0.01
2025,363,2025-07-16~07-20,산사태_사유림,경상남도,합천군,대병면,회양리,0.02
2025,364,2025-07-16~07-20,산사태_사유림,경상남도,합천군,대병면,회양리,0.03
2025,365,2025-07-16~07-20,산사태_사유림,경상남도,합천군,대병면,회양리,0.01
2025,366,2025-07-16~07-20,산사태_사유림,경상남도,합천군,대병면,회양리,0.11
2025,367,2025-07-16~07-20,산사태_사유림,경상남도,합천군,대병면,회양리,0.09
2025,368,2025-07-16~07-20,산사태_사유림,경상남도,합천군,대병면,회양리,0.05
2025,369,2025-07-16~07-20,산사태_사유림,경상남도,합천군,대병면,회양리,0.06
2025,370,2025-07-16~07-20,산사태_사유림,경상남도,합천군,대병면,회양리,0.06
2025,371,2025-07-16~07-20,산사태_사유림,경상남도,합천군,대병면,회양리,0
2025,372,2025-07-16~07-20,산사태_사유림,경상남도,합천군,대병면,회양리,0.11
2025,373,2025-07-16~07-20,산사태_사유림,경상남도,합천군,대병면,회양리,0.15
2025,374,2025-07-16~07-20,산사태_사유림,경상남도,합천군,대병면,회양리,0.05
2025,375,2025-07-16~07-20,산사태_사유림,경상남도,합천군,대병면,회양리,0.02
2025,376,2025-07-16~07-20,산사태_사유림,경상남도,합천군,대병면,회양리,0.16
2025,377,2025-07-16~07-20,산사태_사유림,경상남도,합천군,대병면,회양리,0.2
2025,378,2025-07-16~07-20,산사태_사유림,경상남도,합천군,대병면,회양리,0.05
2025,379,2025-07-16~07-20,산사태_사유림,경상남도,합천군,대병면,회양리,0.08
2025,380,2025-07-16~07-20,산사태_사유림,경상남도,합천군,대병면,회양리,0.02
2025,381,2025-07-16~07-20,산사태_사유림,경상남도,합천군,대병면,회양리,0.5
2025,382,2025-07-16~07-20,산사태_사유림,경상남도,합천군,대병면,회양리,0.11
2025,383,2025-07-16~07-20,산사태_사유림,경상남도,합천군,대병면,회양리,0.14
2025,384,2025-07-16~07-20,산사태_사유림,경상남도,합천군,대병면,회양리,0.45
2025,385,2025-07-16~07-20,산사태_사유림,경상남도,합천군,대병면,회양리,0.08
2025,386,2025-07-16~07-20,산사태_사유림,경상남도,합천군,대병면,회양리,0.24
2025,387,2025-07-16~07-20,산사태_사유림,경상남도,합천군,대병면,회양리,0.1
2025,388,2025-07-16~07-20,산사태_사유림,경상남도,합천군,대병면,회양리,0.4
2025,389,2025-07-16~07-20,산사태_사유림,경상남도,합천군,대병면,회양리,0.31
2025,390,2025-07-16~07-20,산사태_국유림,충청남도,서산시,운산면,용현리,0.4
2025,391,2025-07-16~07-20,산사태_국유림,충청남도,서산시,운산면,용현리,0.1
2025,392,2025-07-16~07-20,산사태_국유림,충청남도,서산시,운산면,용현리,0.02
2025,393,2025-07-16~07-20,산사태_국유림,충청남도,서산시,운산면,용현리,0.06
2025,394,2025-07-16~07-20,산사태_국유림,충청남도,서산시,운산면,용현리,0.15
2025,395,2025-07-16~07-20,산사태_국유림,충청남도,서산시,운산면,용현리,0.24
2025,396,2025-07-16~07-20,산사태_국유림,충청남도,서산시,운산면,용현리,0.04
2025,397,2025-07-16~07-20,산사태_국유림,충청남도,서산시,운산면,용현리,0.05
2025,398,2025-07-16~07-20,산사태_국유림,충청남도,서산시,운산면,용현리,0.12
2025,399,2025-07-16~07-20,산사태_국유림,충청남도,서산시,운산면,용현리,0.07
2025,400,2025-07-16~07-20,산사태_국유림,충청남도,서산시,운산면,용현리,0.24
2025,401,2025-07-16~07-20,산사태_국유림,충청남도,서산시,운산면,용현리,0.12
2025,402,2025-07-16~07-20,산사태_국유림,충청남도,서산시,운산면,용현리,0.1
2025,403,2025-07-16~07-20,산사태_국유림,충청남도,서산시,운산면,용현리,0.1
2025,404,2025-07-16~07-20,산사태_사유림,경상남도,합천군,묘산면,산제리 ,1.75
2025,405,2025-07-16~07-20,산사태_사유림,경상남도,합천군,묘산면,산제리 ,0.11
2025,406,2025-07-16~07-20,산사태_사유림,경상남도,합천군,묘산면,산제리 ,0.06
2025,407,2025-07-16~07-20,산사태_사유림,경상남도,합천군,묘산면,산제리 ,0.04
2025,408,2025-07-16~07-20,산사태_사유림,경상남도,합천군,묘산면,산제리 ,0.16
2025,409,2025-07-16~07-20,산사태_사유림,경상남도,합천군,묘산면,산제리 ,0.12
2025,410,2025-07-16~07-20,산사태_국유림,경상남도,산청군,단성면,방목리,0.52
2025,411,2025-07-16~07-20,산사태_국유림,경상남도,산청군,단성면,방목리,0.48
2025,412,2025-07-16~07-20,산사태_국유림,경상남도,산청군,단성면,방목리,0.75
2025,413,2025-07-16~07-20,산사태_국유림,경상남도,산청군,단성면,방목리,0.8
2025,414,2025-07-16~07-20,산사태_국유림,경상남도,산청군,단성면,방목리,0.78
2025,415,2025-07-16~07-20,산사태_국유림,경상남도,산청군,단성면,방목리,0.33
2025,416,2025-07-16~07-20,산사태_국유림,경상남도,산청군,단성면,방목리,0.42
2025,417,2025-07-16~07-20,산사태_사유림,경기도,포천시,내촌면,소학리,2.28
2025,418,2025-07-16~07-20,산사태_사유림,경상남도,합천군,대병면,성리,0.21
2025,419,2025-07-16~07-20,산사태_사유림,경상남도,합천군,대병면,성리,0.12
2025,420,2025-07-16~07-20,산사태_사유림,경상남도,합천군,대병면,성리,0.05
2025,421,2025-07-16~07-20,산사태_사유림,경상남도,합천군,대병면,성리,0.17
2025,422,2025-07-16~07-20,산사태_사유림,경상남도,합천군,대병면,성리,0.06
2025,423,2025-07-16~07-20,산사태_사유림,경상남도,합천군,대병면,성리,0.22
2025,424,2025-07-16~07-20,산사태_사유림,경상남도,합천군,대병면,성리,0.21
2025,425,2025-07-16~07-20,산사태_사유림,경상남도,합천군,대병면,성리,0.09
2025,426,2025-07-16~07-20,산사태_사유림,경상남도,합천군,대병면,성리,0.25
2025,427,2025-07-16~07-20,산사태_사유림,경상남도,합천군,대병면,성리,0.06
2025,428,2025-07-16~07-20,산사태_사유림,경상남도,합천군,대병면,성리,0.03
2025,429,2025-07-16~07-20,산사태_사유림,경상남도,합천군,대병면,성리,0.75
2025,430,2025-07-16~07-20,산사태_사유림,경상남도,합천군,대병면,성리,0.4
2025,431,2025-07-16~07-20,산사태_사유림,경상남도,합천군,대병면,성리,0.35
2025,432,2025-07-16~07-20,산사태_사유림,경상남도,합천군,대병면,성리,0.02
2025,433,2025-07-16~07-20,산사태_사유림,경상남도,합천군,대병면,성리,0.14
2025,434,2025-07-16~07-20,산사태_사유림,경상남도,합천군,대병면,성리,1.07
2025,435,2025-07-16~07-20,산사태_사유림,경상남도,합천군,대병면,성리,0.24
2025,436,2025-07-16~07-20,산사태_사유림,경상남도,합천군,대병면,성리,0.08
2025,437,2025-07-16~07-20,산사태_사유림,충청남도,청양군,대치면,주정리,0.09
2025,438,2025-07-16~07-20,산사태_사유림,충청남도,청양군,대치면,광대리,1
2025,439,2025-07-16~07-20,산사태_사유림,충청남도,청양군,대치면,상갑리,1.02
2025,440,2025-07-16~07-20,산사태_사유림,충청남도,청양군,대치면,시전리,0.08
2025,441,2025-07-16~07-20,산사태_사유림,충청남도,청양군,대치면,상갑리,0.16
2025,442,2025-07-16~07-20,산사태_사유림,충청남도,청양군,대치면,형산리,0.05
2025,443,2025-07-16~07-20,산사태_사유림,충청남도,청양군,대치면,이화리,0.12
2025,444,2025-07-16~07-20,산사태_사유림,충청남도,청양군,대치면,이화리,0.1
2025,445,2025-07-16~07-20,산사태_사유림,경기도,가평군,가평읍,승안리,0.8
2025,446,2025-07-16~07-20,산사태_사유림,경기도,가평군,가평읍,승안리,0.06
2025,447,2025-07-16~07-20,산사태_사유림,경기도,가평군,가평읍,승안리,0.1
2025,448,2025-07-16~07-20,산사태_사유림,경기도,가평군,가평읍,승안리,0.22
2025,449,2025-07-16~07-20,산사태_사유림,경기도,가평군,가평읍,승안리,0.06
2025,450,2025-07-16~07-20,산사태_사유림,경기도,가평군,가평읍,승안리,0.01
2025,451,2025-07-16~07-20,산사태_사유림,경기도,가평군,가평읍,승안리,0.01
2025,452,2025-07-16~07-20,산사태_사유림,경기도,가평군,가평읍,승안리,0.1
2025,453,2025-07-16~07-20,산사태_사유림,경기도,가평군,가평읍,승안리,0.11
2025,454,2025-07-16~07-20,산사태_사유림,경기도,가평군,가평읍,승안리,0.12
2025,455,2025-07-16~07-20,산사태_사유림,경기도,가평군,가평읍,승안리,0.18
2025,456,2025-07-16~07-20,산사태_사유림,경기도,가평군,가평읍,승안리,0.3
2025,457,2025-07-16~07-20,산사태_사유림,경기도,가평군,가평읍,승안리,0.27
2025,458,2025-07-16~07-20,산사태_사유림,경기도,가평군,가평읍,승안리,0.14
2025,459,2025-07-16~07-20,산사태_사유림,경상남도,산청군,단성면,운리 ,1.75
2025,460,2025-07-16~07-20,산사태_사유림,경상남도,산청군,단성면,운리 ,0.2
2025,461,2025-07-16~07-20,산사태_사유림,경상남도,산청군,단성면,운리 ,0.1
2025,462,2025-07-16~07-20,산사태_사유림,경상남도,산청군,단성면,운리 ,0.9
2025,463,2025-07-16~07-20,산사태_사유림,경상남도,산청군,단성면,운리 ,0.05
2025,464,2025-07-16~07-20,산사태_사유림,경상남도,산청군,단성면,운리 ,0.05
2025,465,2025-07-16~07-20,산사태_사유림,경상남도,산청군,단성면,운리 ,0.75
2025,466,2025-07-16~07-20,산사태_사유림,경상남도,산청군,단성면,운리 ,0.2
2025,467,2025-07-16~07-20,산사태_사유림,경상남도,산청군,단성면,운리 ,0.04
2025,468,2025-07-16~07-20,산사태_사유림,경상남도,산청군,단성면,운리 ,0.28
2025,469,2025-07-16~07-20,산사태_사유림,경상남도,산청군,단성면,운리 ,0.04
2025,470,2025-07-16~07-20,산사태_사유림,경기도,가평군,조종면 ,마일리,0.01
2025,471,2025-07-16~07-20,산사태_사유림,경기도,가평군,조종면 ,마일리,1.5
2025,472,2025-07-16~07-20,산사태_사유림,경기도,가평군,조종면 ,마일리,0.25
2025,473,2025-07-16~07-20,산사태_사유림,경기도,가평군,조종면 ,마일리,0.45
2025,474,2025-07-16~07-20,산사태_사유림,경기도,가평군,조종면 ,마일리,0.3
2025,475,2025-07-16~07-20,산사태_사유림,경기도,가평군,조종면 ,마일리,0.18
2025,476,2025-07-16~07-20,산사태_사유림,경기도,가평군,조종면 ,마일리,0.1
2025,477,2025-07-16~07-20,산사태_사유림,경기도,가평군,조종면 ,마일리,0.01
2025,478,2025-07-16~07-20,산사태_사유림,경기도,가평군,조종면 ,마일리,0.03
2025,479,2025-07-16~07-20,산사태_사유림,경기도,가평군,조종면 ,마일리,0.18
2025,480,2025-07-16~07-20,산사태_사유림,경상남도,합천군,삼가면,하판리,0.02
2025,481,2025-07-16~07-20,산사태_사유림,경상남도,합천군,삼가면,하판리,0.4
2025,482,2025-07-16~07-20,산사태_사유림,경상남도,합천군,삼가면,하판리,0.5
2025,483,2025-07-16~07-20,산사태_사유림,경상남도,합천군,삼가면,하판리,0.03
2025,484,2025-07-16~07-20,산사태_사유림,경상남도,합천군,삼가면,하판리,0.04
2025,485,2025-07-16~07-20,산사태_사유림,경상남도,합천군,삼가면,하판리,1.25
2025,486,2025-07-16~07-20,산사태_사유림,경상남도,합천군,삼가면,하판리,0.03
2025,487,2025-07-16~07-20,산사태_사유림,경상남도,합천군,삼가면,하판리,0.04
2025,488,2025-07-16~07-20,산사태_사유림,경상남도,합천군,삼가면,하판리,0.87
2025,489,2025-07-16~07-20,산사태_사유림,경상남도,합천군,삼가면,하판리,0.02
2025,490,2025-07-16~07-20,산사태_사유림,경상남도,합천군,삼가면,하판리,0.09
2025,491,2025-07-16~07-20,산사태_사유림,경상남도,합천군,삼가면,하판리,0.24
2025,492,2025-07-16~07-20,산사태_사유림,경상남도,합천군,삼가면,하판리,0
2025,493,2025-07-16~07-20,산사태_사유림,경상남도,합천군,삼가면,하판리,0.41
2025,494,2025-07-16~07-20,산사태_사유림,경상남도,합천군,삼가면,하판리,0.19
2025,495,2025-07-16~07-20,산사태_국유림,세종특별자치시,세종시,금남면,송성리,1
2025,496,2025-07-16~07-20,산사태_국유림,세종특별자치시,세종시,금남면,성강리,0.2
2025,497,2025-07-16~07-20,산사태_국유림,세종특별자치시,세종시,금남면,용암리,0.02
2025,498,2025-07-16~07-20,산사태_국유림,세종특별자치시,세종시,금남면,쌍류리,0.07
2025,499,2025-07-16~07-20,산사태_사유림,경기도,가평군,조종면,마일리,0.2
2025,500,2025-07-16~07-20,산사태_사유림,경기도,가평군,조종면,마일리,0.16
2025,501,2025-07-16~07-20,산사태_사유림,경기도,가평군,조종면,마일리,0.06
2025,502,2025-07-16~07-20,산사태_사유림,경기도,가평군,조종면,마일리,0.05
2025,503,2025-07-16~07-20,산사태_사유림,경기도,가평군,조종면,마일리,0.1
2025,504,2025-07-16~07-20,산사태_사유림,경기도,가평군,조종면,마일리,0.38
2025,505,2025-07-16~07-20,산사태_사유림,경기도,가평군,조종면,마일리,0.26
2025,506,2025-07-16~07-20,산사태_사유림,경기도,가평군,조종면,마일리,0.01
2025,507,2025-07-16~07-20,산사태_사유림,경기도,가평군,조종면,마일리,0.25
2025,508,2025-07-16~07-20,산사태_사유림,경상남도,합천군,쌍백면,삼리,2.8
2025,509,2025-07-16~07-20,산사태_사유림,경상남도,합천군,쌍백면,삼리,0.06
2025,510,2025-07-16~07-20,산사태_사유림,경상남도,합천군,쌍백면,삼리,0.05
2025,511,2025-07-16~07-20,산사태_사유림,경상남도,산청군,산청읍,범학리,3
2025,512,2025-07-16~07-20,산사태_사유림,경상남도,산청군,산청읍,범학리,0.24
2025,513,2025-07-16~07-20,산사태_사유림,경상남도,산청군,산청읍,범학리,0.4
2025,514,2025-07-16~07-20,산사태_사유림,경상남도,산청군,산청읍,범학리,0.03
2025,515,2025-07-16~07-20,산사태_사유림,경상남도,산청군,산청읍,범학리,0.38
2025,516,2025-07-16~07-20,산사태_사유림,경상남도,합천군,쌍백면,백역리,0.24
2025,517,2025-07-16~07-20,산사태_사유림,경상남도,합천군,쌍백면,백역리,0.6
2025,518,2025-07-16~07-20,산사태_사유림,경상남도,합천군,쌍백면,백역리,0.3
2025,519,2025-07-16~07-20,산사태_사유림,경상남도,합천군,쌍백면,백역리,0.01
2025,520,2025-07-16~07-20,산사태_사유림,경상남도,합천군,쌍백면,백역리,0.07
2025,521,2025-07-16~07-20,산사태_사유림,경상남도,합천군,쌍백면,백역리,0.04
2025,522,2025-07-16~07-20,산사태_사유림,경상남도,합천군,쌍백면,백역리,1.49
2025,523,2025-07-16~07-20,산사태_사유림,경기도,가평군,조종면,마일리 ,0.3
2025,524,2025-07-16~07-20,산사태_사유림,경기도,가평군,조종면,마일리 ,0.16
2025,525,2025-07-16~07-20,산사태_사유림,경기도,가평군,조종면,마일리 ,0.24
2025,526,2025-07-16~07-20,산사태_사유림,경기도,가평군,조종면,마일리 ,0.16
2025,527,2025-07-16~07-20,산사태_사유림,경기도,가평군,조종면,마일리 ,1.08
2025,528,2025-07-16~07-20,산사태_사유림,경기도,가평군,조종면,마일리 ,0.65
2025,529,2025-07-16~07-20,산사태_사유림,경기도,가평군,조종면,마일리 ,0.1
2025,530,2025-07-16~07-20,산사태_사유림,경기도,가평군,조종면,마일리 ,0.24
2025,531,2025-07-16~07-20,산사태_사유림,경상남도,산청군,신등면,간공리,2
2025,532,2025-07-16~07-20,산사태_사유림,경상남도,산청군,신등면,간공리,0.5
2025,533,2025-07-16~07-20,산사태_사유림,경상남도,산청군,신등면,간공리,0.04
2025,534,2025-07-16~07-20,산사태_사유림,경상남도,산청군,신등면,간공리,0.04
2025,535,2025-07-16~07-20,산사태_사유림,경상남도,산청군,신등면,간공리,0.08
2025,536,2025-07-16~07-20,산사태_사유림,경상남도,산청군,신등면,간공리,0.11
2025,537,2025-07-16~07-20,산사태_사유림,경상남도,산청군,신등면,간공리,0.06
2025,538,2025-07-16~07-20,산사태_사유림,경상남도,산청군,신등면,간공리,0.09
2025,539,2025-07-16~07-20,산사태_사유림,경상남도,산청군,신등면,간공리,1
2025,540,2025-07-16~07-20,산사태_사유림,경상남도,산청군,시천면,외공리 ,0.26
2025,541,2025-07-16~07-20,산사태_사유림,경상남도,산청군,시천면,외공리 ,0.4
2025,542,2025-07-16~07-20,산사태_사유림,경상남도,산청군,시천면,외공리 ,0.29
2025,543,2025-07-16~07-20,산사태_사유림,경상남도,산청군,시천면,외공리 ,1
2025,544,2025-07-16~07-20,산사태_사유림,경상남도,산청군,시천면,외공리 ,0.45
2025,545,2025-07-16~07-20,산사태_사유림,경상남도,산청군,시천면,외공리 ,0.8
2025,546,2025-07-16~07-20,산사태_사유림,경상남도,산청군,시천면,외공리 ,0.08
2025,547,2025-07-16~07-20,산사태_국유림,전라남도,담양군,대덕면 ,문학리,0.31
2025,548,2025-07-16~07-20,산사태_국유림,전라남도,담양군,대덕면 ,문학리,0.38
2025,549,2025-07-16~07-20,산사태_국유림,전라남도,담양군,대덕면 ,문학리,0.88
2025,550,2025-07-16~07-20,산사태_국유림,전라남도,담양군,대덕면 ,문학리,0.19
2025,551,2025-07-16~07-20,산사태_사유림,경기도,가평군,조종면,신상리,0.6
2025,552,2025-07-16~07-20,산사태_사유림,경기도,가평군,조종면,신상리,0.01
2025,553,2025-07-16~07-20,산사태_사유림,경기도,가평군,조종면,신상리,0.6
2025,554,2025-07-16~07-20,산사태_사유림,경기도,가평군,조종면,신상리,0.36
2025,555,2025-07-16~07-20,산사태_사유림,경기도,가평군,조종면,신상리,0.2
2025,556,2025-07-16~07-20,산사태_사유림,경기도,가평군,조종면,신상리,0.01
2025,557,2025-07-16~07-20,산사태_사유림,경기도,가평군,조종면,신상리,0.3
2025,558,2025-07-16~07-20,산사태_사유림,경기도,가평군,조종면,신상리,0.9
2025,559,2025-07-16~07-20,산사태_사유림,경기도,가평군,조종면,신상리,0.02
2025,560,2025-07-16~07-20,산사태_사유림,경기도,가평군,조종면,신상리,0.01
2025,561,2025-07-16~07-20,산사태_사유림,경상남도,하동군,횡천면,전대리,0.38
2025,562,2025-07-16~07-20,산사태_사유림,경상남도,하동군,횡천면,전대리,0.1
2025,563,2025-07-16~07-20,산사태_사유림,경상남도,하동군,횡천면,월평리,2
2025,564,2025-07-16~07-20,산사태_사유림,경상남도,산청군,산청읍,병정리,3.65
2025,565,2025-07-16~07-20,산사태_사유림,경기도,가평군,조종면,마일리,0.01
2025,566,2025-07-16~07-20,산사태_사유림,경기도,가평군,조종면,마일리,0.1
2025,567,2025-07-16~07-20,산사태_사유림,경기도,가평군,조종면,마일리,0.05
2025,568,2025-07-16~07-20,산사태_사유림,경기도,가평군,조종면,마일리,0.63
2025,569,2025-07-16~07-20,산사태_사유림,경기도,가평군,조종면,마일리,0.18
2025,570,2025-07-16~07-20,산사태_사유림,경기도,가평군,조종면,마일리,0.16
2025,571,2025-07-16~07-20,산사태_사유림,경기도,가평군,조종면,마일리,0.14
2025,572,2025-07-16~07-20,산사태_사유림,경기도,가평군,조종면,마일리,0.21
2025,573,2025-07-16~07-20,산사태_지자체소유림,경기도,가평군,가평읍,승안리,0.02
2025,574,2025-07-16~07-20,산사태_지자체소유림,경기도,가평군,가평읍,승안리,0.03
2025,575,2025-07-16~07-20,산사태_지자체소유림,경기도,가평군,가평읍,승안리,0.04
2025,576,2025-07-16~07-20,산사태_지자체소유림,경기도,가평군,가평읍,승안리,0.27
2025,577,2025-07-16~07-20,산사태_지자체소유림,경기도,가평군,가평읍,승안리,0.04
2025,578,2025-07-16~07-20,산사태_지자체소유림,경기도,가평군,가평읍,승안리,0.02
2025,579,2025-07-16~07-20,산사태_지자체소유림,경기도,가평군,가평읍,승안리,0.43
2025,580,2025-07-16~07-20,산사태_지자체소유림,경기도,가평군,가평읍,승안리,0.08
2025,581,2025-07-16~07-20,산사태_지자체소유림,경기도,가평군,가평읍,승안리,0.02
2025,582,2025-07-16~07-20,산사태_지자체소유림,경기도,가평군,가평읍,승안리,0.13
2025,583,2025-07-16~07-20,산사태_지자체소유림,경기도,가평군,가평읍,승안리,0.19
2025,584,2025-07-16~07-20,산사태_지자체소유림,경기도,가평군,가평읍,승안리,0.15
2025,585,2025-07-16~07-20,산사태_지자체소유림,경기도,가평군,가평읍,승안리,0.09
2025,586,2025-07-16~07-20,산사태_지자체소유림,경기도,가평군,가평읍,승안리,0.21
2025,587,2025-07-16~07-20,산사태_지자체소유림,경기도,가평군,가평읍,승안리,0.16
2025,588,2025-07-16~07-20,산사태_지자체소유림,경기도,가평군,가평읍,승안리,0.08
2025,589,2025-07-16~07-20,산사태_지자체소유림,경기도,가평군,가평읍,승안리,0.06
2025,590,2025-07-16~07-20,산사태_지자체소유림,경기도,가평군,가평읍,승안리,0.37
2025,591,2025-07-16~07-20,산사태_지자체소유림,경기도,가평군,가평읍,승안리,0.11
2025,592,2025-07-16~07-20,산사태_지자체소유림,경기도,가평군,가평읍,승안리,0.13
2025,593,2025-07-16~07-20,산사태_지자체소유림,경기도,가평군,가평읍,승안리,0.04
2025,594,2025-07-16~07-20,산사태_지자체소유림,경기도,가평군,가평읍,승안리,0.07
2025,595,2025-07-16~07-20,산사태_지자체소유림,경기도,가평군,가평읍,승안리,0.07
2025,596,2025-07-16~07-20,산사태_지자체소유림,경기도,가평군,가평읍,승안리,0.03
2025,597,2025-07-16~07-20,산사태_지자체소유림,경기도,가평군,가평읍,승안리,0.06
2025,598,2025-07-16~07-20,산사태_지자체소유림,경기도,가평군,가평읍,승안리,0.08
2025,599,2025-07-16~07-20,산사태_사유림,경기도,가평군,조종면,신상리,0.05
2025,600,2025-07-16~07-20,산사태_사유림,경기도,가평군,조종면,신상리,0.6
2025,601,2025-07-16~07-20,산사태_사유림,경기도,가평군,조종면,신상리,0.02
2025,602,2025-07-16~07-20,산사태_사유림,경기도,가평군,조종면,신상리,0.18
2025,603,2025-07-16~07-20,산사태_사유림,경기도,가평군,조종면,신상리,1.2
2025,604,2025-07-16~07-20,산사태_사유림,경기도,가평군,조종면,신상리,0.04
2025,605,2025-07-16~07-20,산사태_사유림,경기도,가평군,조종면,신상리,0.2
2025,606,2025-07-16~07-20,산사태_사유림,경기도,가평군,조종면,신상리,0.15
2025,607,2025-07-16~07-20,산사태_사유림,경기도,가평군,조종면,신상리,0.45
2025,608,2025-07-16~07-20,산사태_사유림,경상남도,산청군,시천면,원리,0.56
2025,609,2025-07-16~07-20,산사태_사유림,경상남도,산청군,시천면,원리,0.6
2025,610,2025-07-16~07-20,산사태_사유림,경상남도,산청군,시천면,원리,2.4
2025,611,2025-07-16~07-20,산사태_국유림,경기도 ,가평군,조종면,마일리 ,0.21
2025,612,2025-07-16~07-20,산사태_국유림,경기도 ,가평군,조종면,마일리 ,0.08
2025,613,2025-07-16~07-20,산사태_국유림,경기도 ,가평군,조종면,마일리 ,0.08
2025,614,2025-07-16~07-20,산사태_국유림,경기도 ,가평군,조종면,마일리 ,0.54
2025,615,2025-07-16~07-20,산사태_국유림,경기도 ,가평군,조종면,마일리 ,0.14
2025,616,2025-07-16~07-20,산사태_국유림,경기도 ,가평군,조종면,마일리 ,0.06
2025,617,2025-07-16~07-20,산사태_국유림,경기도 ,가평군,조종면,마일리 ,1.04
2025,618,2025-07-16~07-20,산사태_국유림,경기도 ,가평군,조종면,마일리 ,0.25
2025,619,2025-07-16~07-20,산사태_사유림,경상남도,산청군,산청읍,척지리,0.15
2025,620,2025-07-16~07-20,산사태_사유림,경상남도,산청군,산청읍,척지리,0.52
2025,621,2025-07-16~07-20,산사태_사유림,경상남도,산청군,산청읍,척지리,1.51
2025,622,2025-07-16~07-20,산사태_사유림,경상남도,산청군,산청읍,척지리,0.64
2025,623,2025-07-16~07-20,산사태_사유림,경상남도,산청군,산청읍,척지리,0.63
2025,624,2025-07-16~07-20,산사태_사유림,경상남도,산청군,산청읍,척지리,0.05
2025,625,2025-07-16~07-20,산사태_사유림,경상남도,함양군,휴천면,동강리,2.1
2025,626,2025-07-16~07-20,산사태_사유림,전라남도,담양군,고서면,고읍리,0.65
2025,627,2025-07-16~07-20,산사태_사유림,충청남도,천안시 동남구,풍세면,보성리 ,1.19
2025,628,2025-07-16~07-20,산사태_사유림,경기도 ,가평군,상면,율길리,0.1
2025,629,2025-07-16~07-20,산사태_사유림,경기도 ,가평군,상면,율길리,0.6
2025,630,2025-07-16~07-20,산사태_사유림,경기도 ,가평군,상면,율길리,0.5
2025,631,2025-07-16~07-20,산사태_사유림,경기도 ,가평군,상면,율길리,0.3
2025,632,2025-07-16~07-20,산사태_사유림,경기도 ,가평군,상면,율길리,0.06
2025,633,2025-07-16~07-20,산사태_사유림,경기도 ,가평군,상면,율길리,0.3
2025,634,2025-07-16~07-20,산사태_사유림,경기도 ,가평군,상면,율길리,0.15
2025,635,2025-07-16~07-20,산사태_사유림,경상남도,합천군,가회면,도탄리,0.08
2025,636,2025-07-16~07-20,산사태_사유림,경상남도,합천군,가회면,도탄리,0.12
2025,637,2025-07-16~07-20,산사태_사유림,경상남도,합천군,가회면,도탄리,0.41
2025,638,2025-07-16~07-20,산사태_사유림,경상남도,합천군,가회면,도탄리,0.06
2025,639,2025-07-16~07-20,산사태_사유림,경상남도,합천군,가회면,도탄리,0.02
2025,640,2025-07-16~07-20,산사태_사유림,경상남도,합천군,가회면,도탄리,0.01
2025,641,2025-07-16~07-20,산사태_사유림,경상남도,합천군,가회면,도탄리,0.35
2025,642,2025-07-16~07-20,산사태_사유림,경상남도,합천군,가회면,도탄리,0.03
2025,643,2025-07-16~07-20,산사태_사유림,경상남도,합천군,가회면,도탄리,0.03
2025,644,2025-07-16~07-20,산사태_사유림,경상남도,합천군,가회면,도탄리,0.15
2025,645,2025-07-16~07-20,산사태_사유림,경상남도,합천군,가회면,도탄리,0.38
2025,646,2025-07-16~07-20,산사태_사유림,경상남도,합천군,가회면,도탄리,0.04
2025,647,2025-07-16~07-20,산사태_사유림,경상남도,합천군,가회면,도탄리,0
2025,648,2025-07-16~07-20,산사태_사유림,경상남도,합천군,가회면,도탄리,0.38
2025,649,2025-07-16~07-20,산사태_사유림,경상남도,합천군,가회면,도탄리,0.01
2025,650,2025-07-16~07-20,산사태_사유림,경상남도,합천군,가회면,도탄리,0.02
2025,651,2025-07-16~07-20,산사태_사유림,경상남도,합천군,가회면,도탄리,0.05
2025,652,2025-07-16~07-20,산사태_사유림,경상남도,합천군,가회면,도탄리,0.02
2025,653,2025-07-16~07-20,산사태_사유림,경상남도,합천군,가회면,도탄리,0.06
2025,654,2025-07-16~07-20,산사태_사유림,경상남도,합천군,가회면,도탄리,0.03
2025,655,2025-07-16~07-20,산사태_사유림,경상남도,합천군,가회면,도탄리,0.07
2025,656,2025-07-16~07-20,산사태_사유림,경상남도,합천군,가회면,도탄리,0.04
2025,657,2025-07-16~07-20,산사태_사유림,경상남도,합천군,가회면,도탄리,0.03
2025,658,2025-07-16~07-20,산사태_국유림,경기도,포천시,소흘읍,직동리,0.16
2025,659,2025-07-16~07-20,산사태_국유림,경기도,포천시,소흘읍,직동리,0.1
2025,660,2025-07-16~07-20,산사태_국유림,경기도,포천시,소흘읍,직동리,0.93
2025,661,2025-07-16~07-20,산사태_국유림,경기도,포천시,소흘읍,직동리,0.87
2025,662,2025-07-16~07-20,산사태_지자체소유림,경상남도,합천군,가회면,둔내리,0.03
2025,663,2025-07-16~07-20,산사태_지자체소유림,경상남도,합천군,가회면,둔내리,0.01
2025,664,2025-07-16~07-20,산사태_지자체소유림,경상남도,합천군,가회면,둔내리,0.04
2025,665,2025-07-16~07-20,산사태_지자체소유림,경상남도,합천군,가회면,둔내리,0.05
2025,666,2025-07-16~07-20,산사태_지자체소유림,경상남도,합천군,가회면,둔내리,0.12
2025,667,2025-07-16~07-20,산사태_지자체소유림,경상남도,합천군,가회면,둔내리,0.11
2025,668,2025-07-16~07-20,산사태_지자체소유림,경상남도,합천군,가회면,둔내리,0
2025,669,2025-07-16~07-20,산사태_지자체소유림,경상남도,합천군,가회면,둔내리,0.05
2025,670,2025-07-16~07-20,산사태_지자체소유림,경상남도,합천군,가회면,둔내리,0.01
2025,671,2025-07-16~07-20,산사태_지자체소유림,경상남도,합천군,가회면,둔내리,0.01
2025,672,2025-07-16~07-20,산사태_사유림,경상남도,합천군,삼가면,양전리,2.55
2025,673,2025-07-16~07-20,산사태_사유림,경상남도,합천군,삼가면,양전리,0.15
2025,674,2025-07-16~07-20,산사태_사유림,경상남도,합천군,삼가면,양전리,0.06
2025,675,2025-07-16~07-20,산사태_지자체소유림,충청남도,천안시 동남구,풍세면,삼태리,1.26
2025,676,2025-07-16~07-20,산사태_사유림,경상남도,산청군,시천면,중태리,0.24
2025,677,2025-07-16~07-20,산사태_사유림,경상남도,산청군,시천면,중태리,0.72
2025,678,2025-07-16~07-20,산사태_사유림,경상남도,산청군,시천면,중태리,0.16
2025,679,2025-07-16~07-20,산사태_사유림,경상남도,산청군,시천면,중태리,0.48
2025,680,2025-07-16~07-20,산사태_사유림,경상남도,산청군,시천면,중태리,0.32
2025,681,2025-07-16~07-20,산사태_사유림,경상남도,산청군,시천면,중태리,0.54
2025,682,2025-07-16~07-20,산사태_국유림,경기도,포천시,내촌면,직목리,2.37
2025,683,2025-07-16~07-20,산사태_사유림,경상남도,함양군,유림면,웅평리,1.6
2025,684,2025-07-16~07-20,산사태_사유림,경상남도,함양군,유림면,웅평리,0.88
2025,685,2025-07-16~07-20,산사태_사유림,경상남도,함양군,유림면,웅평리,0.3
2025,686,2025-07-16~07-20,산사태_사유림,경상남도,함양군,유림면,웅평리,0.17
2025,687,2025-07-16~07-20,산사태_사유림,경상남도,함양군,유림면,유평리,0.01
2025,688,2025-07-16~07-20,산사태_사유림,경상남도,함양군,유림면,유평리,0.01
2025,689,2025-07-16~07-20,산사태_사유림,경상남도,함양군,유림면,유평리,0.02
2025,690,2025-07-16~07-20,산사태_사유림,경상남도,산청군,시천면,반천리,0.7
2025,691,2025-07-16~07-20,산사태_사유림,경상남도,산청군,시천면,반천리,0.6
2025,692,2025-07-16~07-20,산사태_사유림,경상남도,산청군,시천면,반천리,0.2
2025,693,2025-07-16~07-20,산사태_사유림,경상남도,산청군,시천면,반천리,0.27
2025,694,2025-07-16~07-20,산사태_사유림,경상남도,산청군,시천면,반천리,0.52
2025,695,2025-07-16~07-20,산사태_사유림,경상남도,산청군,신등면,평지리,0.17
2025,696,2025-07-16~07-20,산사태_사유림,경상남도,산청군,신등면,평지리,0.8
2025,697,2025-07-16~07-20,산사태_사유림,경상남도,산청군,신등면,평지리,0.01
2025,698,2025-07-16~07-20,산사태_사유림,경상남도,산청군,신등면,평지리,0.05
2025,699,2025-07-16~07-20,산사태_지자체소유림,경기도,가평군,가평읍,승안리,1.31
2025,700,2025-07-16~07-20,산사태_지자체소유림,경기도,가평군,가평읍,승안리,0.15
2025,701,2025-07-16~07-20,산사태_지자체소유림,경기도,가평군,가평읍,승안리,1.41
2025,702,2025-07-16~07-20,산사태_사유림,경기도,가평군,상면,율길리,0.02
2025,703,2025-07-16~07-20,산사태_사유림,경기도,가평군,상면,율길리,0.09
2025,704,2025-07-16~07-20,산사태_사유림,경기도,가평군,상면,율길리,0.03
2025,705,2025-07-16~07-20,산사태_사유림,경기도,가평군,상면,율길리,0.12
2025,706,2025-07-16~07-20,산사태_사유림,경기도,가평군,상면,율길리,0.72
2025,707,2025-07-16~07-20,산사태_사유림,경기도,가평군,상면,율길리,0.12
2025,708,2025-07-16~07-20,산사태_사유림,경기도,가평군,상면,율길리,0.13
2025,709,2025-07-16~07-20,산사태_사유림,경기도,가평군,상면,율길리,1.5
2025,710,2025-07-16~07-20,산사태_사유림,경기도,가평군,상면,율길리,0.01
2025,711,2025-07-16~07-20,산사태_사유림,경기도,가평군,상면,율길리,0.05
2025,712,2025-07-16~07-20,산사태_사유림,경기도,가평군,상면,율길리,0.01
2025,713,2025-07-16~07-20,산사태_사유림,경기도,가평군,북면,제령리,0.42
2025,714,2025-07-16~07-20,산사태_사유림,경기도,가평군,북면,제령리,0.4
2025,715,2025-07-16~07-20,산사태_사유림,경기도,가평군,북면,제령리,0.3
2025,716,2025-07-16~07-20,산사태_사유림,경기도,가평군,북면,제령리,0.06
2025,717,2025-07-16~07-20,산사태_사유림,경기도,가평군,북면,제령리,0.12
2025,718,2025-07-16~07-20,산사태_사유림,경기도,가평군,북면,제령리,0.2
2025,719,2025-07-16~07-20,산사태_국유림,경기도,가평군,상면,봉수리,0.49
2025,720,2025-07-16~07-20,산사태_국유림,경기도,가평군,상면,봉수리,0.13
2025,721,2025-07-16~07-20,산사태_국유림,경기도,가평군,상면,봉수리,0.45
2025,722,2025-07-16~07-20,산사태_국유림,경기도,가평군,상면,봉수리,0.04
2025,723,2025-07-16~07-20,산사태_국유림,경기도,가평군,상면,봉수리,0.16
2025,724,2025-07-16~07-20,산사태_국유림,경기도,가평군,상면,봉수리,0.03
2025,725,2025-07-16~07-20,산사태_국유림,경기도,가평군,상면,봉수리,0.17
2025,726,2025-07-16~07-20,산사태_국유림,경기도,가평군,상면,봉수리,0.21
2025,727,2025-07-16~07-20,산사태_국유림,경기도,가평군,상면,봉수리,0.13
2025,728,2025-07-16~07-20,산사태_국유림,경기도,가평군,상면,율길리,0.01
2025,729,2025-07-16~07-20,산사태_사유림,경기도,가평군,북면,화악리,0.1
2025,730,2025-07-16~07-20,산사태_사유림,경기도,가평군,북면,화악리,1.2
2025,731,2025-07-16~07-20,산사태_사유림,경기도,가평군,북면,화악리,0.15
2025,732,2025-07-16~07-20,산사태_사유림,경기도,가평군,북면,화악리,0.08
2025,733,2025-07-16~07-20,산사태_사유림,경기도,가평군,북면,화악리,0.08
2025,734,2025-07-16~07-20,산사태_사유림,경기도,가평군,북면,화악리,0.08
2025,735,2025-07-16~07-20,산사태_사유림,경기도,가평군,북면,화악리,0.12
2025,736,2025-07-16~07-20,산사태_사유림,경기도,가평군,북면,화악리,0.2
2025,737,2025-07-16~07-20,산사태_사유림,경기도,가평군,북면,화악리,0.05
2025,738,2025-07-16~07-20,산사태_사유림,충청남도,천안시 동남구,광덕면,광덕리,1.55
2025,739,2025-07-16~07-20,산사태_사유림,충청남도,천안시 동남구,광덕면,광덕리,0.14
2025,740,2025-07-16~07-20,산사태_사유림,충청남도,홍성군,갈산면,내갈리,2.75
2025,741,2025-07-16~07-20,산사태_사유림,경상남도,합천군,쌍백면,죽전리,1.6
2025,742,2025-07-16~07-20,산사태_사유림,경상남도,합천군,쌍백면,죽전리,0.21
2025,743,2025-07-16~07-20,산사태_사유림,경기도,가평군,조종면,마일리,0.5
2025,744,2025-07-16~07-20,산사태_사유림,경기도,가평군,조종면,마일리,0.73
2025,745,2025-07-16~07-20,산사태_사유림,경기도,가평군,조종면,마일리,0.26
2025,746,2025-07-16~07-20,산사태_사유림,경기도,가평군,조종면,마일리,0.19
2025,747,2025-07-16~07-20,산사태_사유림,경기도,가평군,조종면,마일리,0.03
2025,748,2025-07-16~07-20,산사태_사유림,경기도,가평군,조종면,마일리,0.12
2025,749,2025-07-16~07-20,산사태_사유림,경기도,가평군,조종면,마일리,0.01
2025,750,2025-07-16~07-20,산사태_사유림,경기도,가평군,조종면,마일리,0.03
2025,751,2025-07-16~07-20,산사태_사유림,경기도,가평군,조종면,마일리,0.01
2025,752,2025-07-16~07-20,산사태_사유림,경기도,가평군,조종면,마일리,0.12
2025,753,2025-07-16~07-20,산사태_사유림,경기도,가평군,조종면,마일리,0.01
2025,754,2025-07-16~07-20,산사태_사유림,경기도,가평군,조종면,마일리,0
2025,755,2025-07-16~07-20,산사태_사유림,경기도,가평군,조종면,마일리,0
2025,756,2025-07-16~07-20,산사태_사유림,경기도,가평군,조종면,마일리,0.01
2025,757,2025-07-16~07-20,산사태_사유림,충청남도,아산시,영인면,아산리,0.6
2025,758,2025-07-16~07-20,산사태_사유림,충청남도,아산시,영인면,아산리,0.2
2025,759,2025-07-16~07-20,산사태_사유림,충청남도,아산시,영인면,아산리,0.05
2025,760,2025-07-16~07-20,산사태_사유림,충청남도,아산시,영인면,아산리,0.06
2025,761,2025-07-16~07-20,산사태_사유림,충청남도,아산시,영인면,아산리,0.07
2025,762,2025-07-16~07-20,산사태_사유림,경기도,가평군,조종면,운악리,0.2
2025,763,2025-07-16~07-20,산사태_사유림,경기도,가평군,조종면,운악리,0.03
2025,764,2025-07-16~07-20,산사태_사유림,경기도,가평군,조종면,운악리,0.02
2025,765,2025-07-16~07-20,산사태_사유림,경기도,가평군,조종면,운악리,0.24
2025,766,2025-07-16~07-20,산사태_사유림,경기도,가평군,조종면,운악리,0.12
2025,767,2025-07-16~07-20,산사태_사유림,경기도,가평군,조종면,운악리,0.01
2025,768,2025-07-16~07-20,산사태_사유림,경기도,가평군,조종면,상판리,0.2
2025,769,2025-07-16~07-20,산사태_사유림,경기도,가평군,조종면,운악리,0.45
2025,770,2025-07-16~07-20,산사태_사유림,경기도,가평군,조종면,운악리,0.1
2025,771,2025-07-16~07-20,산사태_사유림,경기도,가평군,조종면,운악리,0.21
2025,772,2025-07-16~07-20,산사태_사유림,경기도,가평군,조종면,운악리,0.48
2025,773,2025-07-16~07-20,산사태_사유림,경기도,가평군,조종면,운악리,0.51
2025,774,2025-07-16~07-20,산사태_사유림,경기도,가평군,조종면,신상리,0.4
2025,775,2025-07-16~07-20,산사태_사유림,경기도,가평군,조종면,신상리,0.1
2025,776,2025-07-16~07-20,산사태_사유림,경기도,가평군,조종면,신상리,0.08
2025,777,2025-07-16~07-20,산사태_사유림,경기도,가평군,조종면,신상리,0.02
2025,778,2025-07-16~07-20,산사태_사유림,경기도,가평군,조종면,신상리,0.05
2025,779,2025-07-16~07-20,산사태_사유림,경기도,가평군,조종면,신상리,0.6
2025,780,2025-07-16~07-20,산사태_사유림,경기도,가평군,조종면,신상리,0.22
2025,781,2025-07-16~07-20,산사태_사유림,경기도,가평군,조종면,신상리,0.24
2025,782,2025-07-16~07-20,산사태_사유림,경기도,가평군,조종면,신상리,0.09
2025,783,2025-07-16~07-20,산사태_사유림,경기도,포천시,내촌면,내리,0.49
2025,784,2025-07-16~07-20,산사태_사유림,경상남도,산청군,시천면,내공리,0.56
2025,785,2025-07-16~07-20,산사태_사유림,경상남도,산청군,시천면,내공리,0.9
2025,786,2025-07-16~07-20,산사태_사유림,경상남도,산청군,시천면,내공리,0.15
2025,787,2025-07-16~07-20,산사태_사유림,경상남도,산청군,시천면,내공리,0.2
2025,788,2025-07-16~07-20,산사태_사유림,경상남도,산청군,시천면,내공리,0.33
2025,789,2025-07-16~07-20,산사태_사유림,경상남도,산청군,시천면,내공리,0.06
2025,790,2025-07-16~07-20,산사태_사유림,경상남도,산청군,시천면,내공리,0.2
2025,791,2025-07-16~07-20,산사태_사유림,경상남도,산청군,시천면,내공리,0.05
2025,792,2025-07-16~07-20,산사태_사유림,경상남도,산청군,시천면,내공리,0.1
2025,793,2025-07-16~07-20,산사태_사유림,경기도,가평군,가평읍,경반리,0.88
2025,794,2025-07-16~07-20,산사태_사유림,경기도,가평군,가평읍,경반리,0
2025,795,2025-07-16~07-20,산사태_사유림,경기도,가평군,가평읍,경반리,0.6
2025,796,2025-07-16~07-20,산사태_사유림,경기도,가평군,가평읍,경반리,0.13
2025,797,2025-07-16~07-20,산사태_사유림,경기도,가평군,가평읍,경반리,0.33
2025,798,2025-07-16~07-20,산사태_사유림,경기도,가평군,가평읍,경반리,0.48
2025,799,2025-07-16~07-20,산사태_사유림,경기도,가평군,가평읍,경반리,0.12
2025,800,2025-07-16~07-20,산사태_사유림,경기도,가평군,조종면,마일리,0.8
2025,801,2025-07-16~07-20,산사태_사유림,경기도,가평군,조종면,마일리,0.05
2025,802,2025-07-16~07-20,산사태_사유림,경기도,가평군,조종면,마일리,0.15
2025,803,2025-07-16~07-20,산사태_사유림,경기도,가평군,조종면,마일리,0.02
2025,804,2025-07-16~07-20,산사태_사유림,경상남도,산청군,단성면,사월리,0.94
2025,805,2025-07-16~07-20,산사태_사유림,경상남도,산청군,단성면,사월리,0.34
2025,806,2025-07-16~07-20,산사태_사유림,경상남도,산청군,단성면,사월리,0.32
2025,807,2025-07-16~07-20,산사태_사유림,경상남도,산청군,단성면,사월리,0.09
2025,808,2025-07-16~07-20,산사태_사유림,경상남도,산청군,단성면,사월리,0.08
2025,809,2025-07-16~07-20,산사태_사유림,경상남도,산청군,단성면,사월리,0.02
2025,810,2025-07-16~07-20,산사태_사유림,경상남도,산청군,단성면,사월리,0.4
2025,811,2025-07-16~07-20,산사태_사유림,경상남도,산청군,단성면,사월리,0.3
2025,812,2025-07-16~07-20,산사태_사유림,경상남도,진주시,명석면,남성리,1
2025,813,2025-07-16~07-20,산사태_사유림,경상남도,진주시,명석면,신기리,0.21
2025,814,2025-07-16~07-20,산사태_사유림,경상남도,진주시,명석면,덕곡리,0.99
2025,815,2025-07-16~07-20,산사태_사유림,경상남도,진주시,명석면,덕곡리,0.15
2025,816,2025-07-16~07-20,산사태_사유림,경상남도,진주시,명석면,오미리,0.13
2025,817,2025-07-16~07-20,산사태_사유림,경상남도,하동군,화개면,탑리,0.2
2025,818,2025-07-16~07-20,산사태_사유림,경상남도,하동군,화개면,부춘리,0.25
2025,819,2025-07-16~07-20,산사태_사유림,경상남도,하동군,화개면,부춘리,0.35
2025,820,2025-07-16~07-20,산사태_사유림,경상남도,하동군,화개면,부춘리,0.16
2025,821,2025-07-16~07-20,산사태_사유림,경상남도,하동군,화개면,부춘리,0.05
2025,822,2025-07-16~07-20,산사태_사유림,경상남도,하동군,화개면,덕은리,0.8
2025,823,2025-07-16~07-20,산사태_사유림,충청남도,서천군,종천면,신검리,0.05
2025,824,2025-07-16~07-20,산사태_사유림,충청남도,서천군,종천면,지석리,0.03
2025,825,2025-07-16~07-20,산사태_사유림,충청남도,서천군,종천면,종천리,0.45
2025,826,2025-07-16~07-20,산사태_사유림,충청남도,서천군,종천면,종천리,0.02
2025,827,2025-07-16~07-20,산사태_사유림,경상남도,산청군,차황면,신기리,1.78
2025,828,2025-07-16~07-20,산사태_사유림,세종특별자치시,세종시,전동면,봉대리,0.03
2025,829,2025-07-16~07-20,산사태_사유림,세종특별자치시,세종시,전동면,봉대리,0.09
2025,830,2025-07-16~07-20,산사태_사유림,세종특별자치시,세종시,전동면,보덕리,0.06
2025,831,2025-07-16~07-20,산사태_사유림,경기도,가평군,북면,백둔리,0.02
2025,832,2025-07-16~07-20,산사태_사유림,경기도,가평군,북면,백둔리,0.02
2025,833,2025-07-16~07-20,산사태_사유림,경기도,가평군,가평읍,개곡리,0.04
2025,834,2025-07-16~07-20,산사태_사유림,경기도,가평군,북면,백둔리,0.02
2025,835,2025-07-16~07-20,산사태_사유림,경기도,가평군,북면,백둔리,0.04
2025,836,2025-07-16~07-20,산사태_사유림,경기도,가평군,북면,백둔리,0.08
2025,837,2025-07-16~07-20,산사태_사유림,경기도,가평군,가평읍,승안리,0
2025,838,2025-07-16~07-20,산사태_사유림,경기도,가평군,북면,소법리,0.07
2025,839,2025-07-16~07-20,산사태_사유림,경기도,가평군,북면,소법리,0.46
2025,840,2025-07-16~07-20,산사태_사유림,경기도,가평군,북면,소법리,0.01
2025,841,2025-07-16~07-20,산사태_사유림,경기도,가평군,북면,제령리,0.22
2025,842,2025-07-16~07-20,산사태_사유림,경기도,가평군,북면,제령리,0.01
2025,843,2025-07-16~07-20,산사태_사유림,경기도,가평군,북면,제령리,0.11
2025,844,2025-07-16~07-20,산사태_사유림,경상남도,합천군,가회면,월계리,0.1
2025,845,2025-07-16~07-20,산사태_사유림,경상남도,합천군,가회면,월계리,0.1
2025,846,2025-07-16~07-20,산사태_사유림,경상남도,합천군,가회면,월계리,0.12
2025,847,2025-07-16~07-20,산사태_사유림,경상남도,합천군,가회면,월계리,0.07
2025,848,2025-07-16~07-20,산사태_사유림,경상남도,합천군,가회면,월계리,0.5
2025,849,2025-07-16~07-20,산사태_사유림,경상남도,합천군,가회면,월계리,0.02
2025,850,2025-07-16~07-20,산사태_사유림,경상남도,합천군,가회면,월계리,0.04
2025,851,2025-07-16~07-20,산사태_사유림,경상남도,합천군,가회면,월계리,0.1
2025,852,2025-07-16~07-20,산사태_사유림,경기도,가평군,북면,소법리,0.28
2025,853,2025-07-16~07-20,산사태_사유림,경기도,가평군,북면,소법리,0.2
2025,854,2025-07-16~07-20,산사태_사유림,경기도,가평군,북면,소법리,0.8
2025,855,2025-07-16~07-20,산사태_사유림,경기도,가평군,북면,소법리,0.03
2025,856,2025-07-16~07-20,산사태_사유림,경기도,가평군,북면,소법리,0.4
2025,857,2025-07-16~07-20,산사태_사유림,경기도,가평군,상면,율길리,0.05
2025,858,2025-07-16~07-20,산사태_사유림,경기도,가평군,상면,율길리,0.2
2025,859,2025-07-16~07-20,산사태_사유림,경기도,가평군,상면,율길리,0.08
2025,860,2025-07-16~07-20,산사태_사유림,경기도,가평군,상면,율길리,0.4
2025,861,2025-07-16~07-20,산사태_사유림,경기도,가평군,상면,율길리,0.21
2025,862,2025-07-16~07-20,산사태_사유림,경기도,가평군,상면,율길리,0.06
2025,863,2025-07-16~07-20,산사태_사유림,경기도,가평군,상면,율길리,0.06
2025,864,2025-07-16~07-20,산사태_사유림,경기도,가평군,상면,율길리,0.01
2025,865,2025-07-16~07-20,산사태_국유림,전라남도,광양시,봉강면,조령리,0.1
2025,866,2025-07-16~07-20,산사태_국유림,전라남도,광양시,봉강면,조령리,0.4
2025,867,2025-07-16~07-20,산사태_국유림,전라남도,광양시,봉강면,조령리,0.2
2025,868,2025-07-16~07-20,산사태_국유림,전라남도,광양시,봉강면,조령리,0.2
2025,869,2025-07-16~07-20,산사태_국유림,전라남도,광양시,봉강면,조령리,0.1
2025,870,2025-07-16~07-20,산사태_국유림,전라남도,광양시,봉강면,조령리,0.4
2025,871,2025-07-16~07-20,산사태_국유림,전라남도,광양시,봉강면,조령리,0.3
2025,872,2025-07-16~07-20,산사태_사유림,경기도,가평군,가평읍,승안리,0.14
2025,873,2025-07-16~07-20,산사태_사유림,경기도,가평군,가평읍,승안리,0.28
2025,874,2025-07-16~07-20,산사태_사유림,경기도,가평군,가평읍,승안리,0.49
2025,875,2025-07-16~07-20,산사태_사유림,경기도,가평군,가평읍,승안리,0.29
2025,876,2025-07-16~07-20,산사태_사유림,경기도,가평군,가평읍,승안리,0.23
2025,877,2025-07-16~07-20,산사태_사유림,경기도,가평군,가평읍,승안리,0.48
2025,878,2025-07-16~07-20,산사태_사유림,경기도,가평군,가평읍,승안리,0.39
2025,879,2025-07-16~07-20,산사태_사유림,전라남도,담양군,대덕면 ,운암리,0.22
2025,880,2025-07-16~07-20,산사태_사유림,경상남도,산청군,생비량면,도리,2.02
2025,881,2025-07-16~07-20,산사태_사유림,경상남도,산청군,생비량면,도리,0.24
2025,882,2025-07-16~07-20,산사태_사유림,경상남도,합천군,삼가면,덕진리,2.25
2025,883,2025-07-16~07-20,산사태_사유림,경상남도,산청군,삼장면,평촌리,0.05
2025,884,2025-07-16~07-20,산사태_사유림,경상남도,산청군,삼장면,평촌리,0.1
2025,885,2025-07-16~07-20,산사태_사유림,경상남도,산청군,삼장면,평촌리,0.45
2025,886,2025-07-16~07-20,산사태_사유림,경상남도,산청군,삼장면,평촌리,0.02
2025,887,2025-07-16~07-20,산사태_사유림,경상남도,산청군,삼장면,평촌리,0.07
2025,888,2025-07-16~07-20,산사태_사유림,경상남도,산청군,삼장면,평촌리,0.3
2025,889,2025-07-16~07-20,산사태_사유림,경상남도,산청군,삼장면,평촌리,0.01
2025,890,2025-07-16~07-20,산사태_사유림,경상남도,산청군,삼장면,평촌리,0.19
2025,891,2025-07-16~07-20,산사태_사유림,경상남도,산청군,삼장면,평촌리,0.42
2025,892,2025-07-16~07-20,산사태_사유림,경상남도,합천군,대병면,상천리,0.03
2025,893,2025-07-16~07-20,산사태_사유림,경상남도,합천군,대병면,상천리,0.24
2025,894,2025-07-16~07-20,산사태_사유림,경상남도,합천군,대병면,상천리,0.18
2025,895,2025-07-16~07-20,산사태_사유림,경상남도,합천군,대병면,상천리,0.2
2025,896,2025-07-16~07-20,산사태_사유림,경상남도,합천군,대병면,상천리,0.04
2025,897,2025-07-16~07-20,산사태_사유림,경상남도,합천군,대병면,상천리,0.12
2025,898,2025-07-16~07-20,산사태_사유림,경상남도,합천군,대병면,상천리,0.25
2025,899,2025-07-16~07-20,산사태_사유림,경상남도,합천군,대병면,상천리,0.38
2025,900,2025-07-16~07-20,산사태_사유림,경상남도,합천군,대병면,상천리,0.27
2025,901,2025-07-16~07-20,산사태_사유림,경상남도,함양군,휴천면,호산리,1.59
2025,902,2025-07-16~07-20,산사태_사유림,충청남도,천안시 동남구,북면,납안리,0.27
2025,903,2025-07-16~07-20,산사태_사유림,충청남도,천안시 동남구,북면,윤용리,0
2025,904,2025-07-16~07-20,산사태_사유림,충청남도,천안시 동남구,북면,시담리,0.07
2025,905,2025-07-16~07-20,산사태_사유림,충청남도,홍성군,갈산면,내갈리,1.75
2025,906,2025-07-16~07-20,산사태_사유림,경상남도,산청군,단성면,백운리 ,0.5
2025,907,2025-07-16~07-20,산사태_사유림,경상남도,산청군,단성면,백운리 ,0.2
2025,908,2025-07-16~07-20,산사태_사유림,경상남도,산청군,단성면,백운리 ,0.1
2025,909,2025-07-16~07-20,산사태_사유림,경상남도,산청군,단성면,백운리 ,0.18
2025,910,2025-07-16~07-20,산사태_사유림,경상남도,산청군,단성면,백운리 ,0.15
2025,911,2025-07-16~07-20,산사태_사유림,경상남도,산청군,단성면,백운리 ,0.15
2025,912,2025-07-16~07-20,산사태_사유림,경상남도,산청군,단성면,백운리 ,0.15
2025,913,2025-07-16~07-20,산사태_사유림,경상남도,산청군,단성면,백운리 ,0.06
2025,914,2025-07-16~07-20,산사태_국유림,경기도 ,포천시,소흘읍,직동리,0.55
2025,915,2025-07-16~07-20,산사태_국유림,경기도 ,포천시,소흘읍,직동리,0.28
2025,916,2025-07-16~07-20,산사태_사유림,경기도 ,포천시,내촌면,소학리,0.06
2025,917,2025-07-16~07-20,산사태_사유림,경기도 ,포천시,내촌면,소학리,0.06
2025,918,2025-07-16~07-20,산사태_사유림,경기도 ,포천시,내촌면,소학리,0.06
2025,919,2025-07-16~07-20,산사태_사유림,경기도 ,포천시,내촌면,소학리,0.03
2025,920,2025-07-16~07-20,산사태_사유림,경기도 ,포천시,내촌면,소학리,0.03
2025,921,2025-07-16~07-20,산사태_사유림,경기도 ,포천시,내촌면,소학리,0.04
2025,922,2025-07-16~07-20,산사태_사유림,경기도 ,포천시,내촌면,소학리,0.1
2025,923,2025-07-16~07-20,산사태_사유림,경기도 ,포천시,내촌면,소학리,0.07
2025,924,2025-07-16~07-20,산사태_사유림,경기도 ,포천시,내촌면,소학리,0.04
2025,925,2025-07-16~07-20,산사태_사유림,경기도 ,포천시,내촌면,소학리,0.05
2025,926,2025-07-16~07-20,산사태_사유림,경기도 ,포천시,내촌면,소학리,0.06
2025,927,2025-07-16~07-20,산사태_사유림,경기도 ,포천시,내촌면,소학리,0.01
2025,928,2025-07-16~07-20,산사태_사유림,경기도 ,포천시,내촌면,소학리,0.2
2025,929,2025-07-16~07-20,산사태_사유림,경기도 ,가평군,상면,율길리,0.5
2025,930,2025-07-16~07-20,산사태_사유림,경기도 ,가평군,상면,율길리,0.6
2025,931,2025-07-16~07-20,산사태_사유림,경기도 ,가평군,상면,율길리,0.01
2025,932,2025-07-16~07-20,산사태_사유림,경기도 ,가평군,상면,율길리,0.25
2025,933,2025-07-16~07-20,산사태_사유림,경기도 ,가평군,조종면,마일리,0.26
2025,934,2025-07-16~07-20,산사태_사유림,경기도 ,가평군,조종면,마일리,0.1
2025,935,2025-07-16~07-20,산사태_사유림,경기도 ,가평군,조종면,마일리,0.01
2025,936,2025-07-16~07-20,산사태_사유림,경기도 ,가평군,조종면,마일리,0.01
2025,937,2025-07-16~07-20,산사태_사유림,경기도 ,가평군,조종면,마일리,0.15
2025,938,2025-07-16~07-20,산사태_사유림,경기도 ,가평군,조종면,마일리,0.19
2025,939,2025-07-16~07-20,산사태_사유림,경기도 ,가평군,조종면,마일리,0.02
2025,940,2025-07-16~07-20,산사태_사유림,경기도 ,가평군,조종면,마일리,0.01
2025,941,2025-07-16~07-20,산사태_사유림,전라남도,담양군,고서면,고읍리,0.4
2025,942,2025-07-16~07-20,산사태_사유림,경상남도,하동군,옥종면,위태리,0.2
2025,943,2025-07-16~07-20,산사태_사유림,경상남도,하동군,옥종면,위태리,0.2
2025,944,2025-07-16~07-20,산사태_사유림,경상남도,하동군,옥종면,위태리,0.2
2025,945,2025-07-16~07-20,산사태_사유림,경상남도,하동군,옥종면,궁항리,0.11
2025,946,2025-07-16~07-20,산사태_사유림,경상남도,하동군,옥종면,궁항리,0.43
2025,947,2025-07-16~07-20,산사태_사유림,경상남도,하동군,옥종면,월횡리,0.4
2025,948,2025-07-16~07-20,산사태_사유림,경상남도,하동군,옥종면,월횡리,0.3
2025,949,2025-07-16~07-20,산사태_사유림,경상남도,하동군,옥종면,청룡리,0.2
2025,950,2025-07-16~07-20,산사태_사유림,경기도 ,포천시,내촌면,소학리,0.3
2025,951,2025-07-16~07-20,산사태_사유림,경기도 ,포천시,내촌면,소학리,0.27
2025,952,2025-07-16~07-20,산사태_사유림,경기도 ,포천시,내촌면,소학리,0.08
2025,953,2025-07-16~07-20,산사태_사유림,경기도 ,포천시,내촌면,소학리,0.13
2025,954,2025-07-16~07-20,산사태_사유림,충청남도,천안시 동남구,광덕면,광덕리,0.05
2025,955,2025-07-16~07-20,산사태_사유림,충청남도,천안시 동남구,광덕면,광덕리,0.08
2025,956,2025-07-16~07-20,산사태_사유림,충청남도,천안시 동남구,광덕면,광덕리,0.1
2025,957,2025-07-16~07-20,산사태_국유림,경기도 ,포천시,내촌면,마명리,0.97
2025,958,2025-07-16~07-20,산사태_국유림,경기도 ,포천시,내촌면,마명리,1.02
2025,959,2025-07-16~07-20,산사태_사유림,전라남도,순천시,황전면,내구리,0.9
2025,960,2025-07-16~07-20,산사태_사유림,경상남도,산청군,단성면,창촌리,0.06
2025,961,2025-07-16~07-20,산사태_사유림,경상남도,산청군,단성면,창촌리,0.15
2025,962,2025-07-16~07-20,산사태_사유림,경상남도,산청군,단성면,창촌리,0.2
2025,963,2025-07-16~07-20,산사태_사유림,경상남도,산청군,단성면,창촌리,0.14
2025,964,2025-07-16~07-20,산사태_사유림,경상남도,산청군,단성면,창촌리,0.14
2025,965,2025-07-16~07-20,산사태_국유림,충청남도,공주시,정안면,산성리,0.07
2025,966,2025-07-16~07-20,산사태_국유림,충청남도,공주시,정안면,산성리,0.02
2025,967,2025-07-16~07-20,산사태_국유림,충청남도,공주시,정안면,산성리,0.02
2025,968,2025-07-16~07-20,산사태_국유림,충청남도,공주시,정안면,산성리,0.02
2025,969,2025-07-16~07-20,산사태_국유림,충청남도,공주시,정안면,산성리,0.1
2025,970,2025-07-16~07-20,산사태_국유림,충청남도,공주시,정안면,산성리,0.02
2025,971,2025-07-16~07-20,산사태_국유림,충청남도,공주시,정안면,산성리,0.22
2025,972,2025-07-16~07-20,산사태_국유림,충청남도,공주시,정안면,산성리,0.09
2025,973,2025-07-16~07-20,산사태_국유림,충청남도,공주시,정안면,산성리,0.04
2025,974,2025-07-16~07-20,산사태_국유림,충청남도,공주시,정안면,산성리,0.02
2025,975,2025-07-16~07-20,산사태_국유림,충청남도,공주시,정안면,산성리,0.6
2025,976,2025-07-16~07-20,산사태_국유림,충청남도,예산군,대술면,방산리,0.06
2025,977,2025-07-16~07-20,산사태_국유림,충청남도,예산군,대술면,송석리,0.03
2025,978,2025-07-16~07-20,산사태_국유림,충청남도,예산군,대술면,대치리,0.02
2025,979,2025-07-16~07-20,산사태_국유림,충청남도,예산군,대술면,신리,0.02
2025,980,2025-07-16~07-20,산사태_국유림,충청남도,예산군,대술면,신리,0.2
2025,981,2025-07-16~07-20,산사태_국유림,충청남도,예산군,대술면,대치리,0.1
2025,982,2025-07-16~07-20,산사태_국유림,충청남도,예산군,대술면,동산리,0.09
2025,983,2025-07-16~07-20,산사태_사유림,전라남도,보성군,문덕면,운곡리,0.3
2025,984,2025-07-16~07-20,산사태_사유림,경상남도,합천군,가회면,덕춘리 ,0.16
2025,985,2025-07-16~07-20,산사태_사유림,경상남도,합천군,가회면,덕춘리 ,0.18
2025,986,2025-07-16~07-20,산사태_사유림,경상남도,합천군,가회면,덕춘리 ,0.01
2025,987,2025-07-16~07-20,산사태_사유림,경상남도,합천군,가회면,덕춘리 ,0.08
2025,988,2025-07-16~07-20,산사태_사유림,경상남도,합천군,가회면,덕춘리 ,0.79
2025,989,2025-07-16~07-20,산사태_사유림,경상남도,합천군,가회면,덕춘리 ,0.02
2025,990,2025-07-16~07-20,산사태_사유림,경기도,가평군,조종면,마일리,0.18
2025,991,2025-07-16~07-20,산사태_사유림,경기도,가평군,조종면,마일리,0.03
2025,992,2025-07-16~07-20,산사태_사유림,경기도,가평군,조종면,마일리,0.12
2025,993,2025-07-16~07-20,산사태_사유림,경기도,가평군,조종면,마일리,0.12
2025,994,2025-07-16~07-20,산사태_사유림,경기도,가평군,조종면,마일리,0.03
2025,995,2025-07-16~07-20,산사태_사유림,경기도,가평군,조종면,마일리,0.15
2025,996,2025-07-16~07-20,산사태_사유림,경상남도,합천군,대병면,유전리,0.1
2025,997,2025-07-16~07-20,산사태_사유림,경상남도,합천군,대병면,유전리,0.05
2025,998,2025-07-16~07-20,산사태_사유림,경상남도,합천군,대병면,유전리,0.4
2025,999,2025-07-16~07-20,산사태_사유림,경상남도,합천군,대병면,유전리,0.28
2025,1000,2025-07-16~07-20,산사태_사유림,경상남도,합천군,대병면,유전리,0.5
2025,1001,2025-07-16~07-20,산사태_사유림,경기도,가평군,상면,원흥리,0.23
2025,1002,2025-07-16~07-20,산사태_사유림,경기도,가평군,상면,봉수리,0
2025,1003,2025-07-16~07-20,산사태_사유림,경기도,가평군,상면,봉수리,0.6
2025,1004,2025-07-16~07-20,산사태_사유림,경기도,가평군,상면,봉수리,0.03
2025,1005,2025-07-16~07-20,산사태_사유림,경기도,가평군,상면,봉수리,0.03
2025,1006,2025-07-16~07-20,산사태_사유림,경기도,가평군,상면,율길리,0.03
2025,1007,2025-07-16~07-20,산사태_사유림,경기도,가평군,상면,원흥리,0.3
2025,1008,2025-07-16~07-20,산사태_지자체소유림,경기도,가평군,가평읍,용추리,1.23
2025,1009,2025-07-16~07-20,산사태_지자체소유림,경기도,가평군,가평읍,용추리,0.63
2025,1010,2025-07-16~07-20,산사태_국유림,전라남도,순천시,황전면,죽청리 ,0.8
2025,1011,2025-07-16~07-20,산사태_사유림,경상남도,의령군,낙서면,전화리,1.2
2025,1012,2025-07-16~07-20,산사태_사유림,충청남도,천안시 동남구,광덕면,지장리,0.23
2025,1013,2025-07-16~07-20,산사태_사유림,충청남도,천안시 동남구,광덕면,지장리,0.06
2025,1014,2025-07-16~07-20,산사태_사유림,경상남도,합천군,용주면,평산리,0.2
2025,1015,2025-07-16~07-20,산사태_사유림,경상남도,합천군,용주면,평산리,0.2
2025,1016,2025-07-16~07-20,산사태_사유림,경상남도,합천군,용주면,평산리,0.2
2025,1017,2025-07-16~07-20,산사태_사유림,경상남도,합천군,용주면,평산리,0.25
2025,1018,2025-07-16~07-20,산사태_사유림,경상남도,합천군,용주면,평산리,0.17
2025,1019,2025-07-16~07-20,산사태_사유림,경상남도,하동군,악앙면,평사리,0.7
2025,1020,2025-07-16~07-20,산사태_사유림,경상남도,하동군,악앙면,평사리,0.17
2025,1021,2025-07-16~07-20,산사태_사유림,경상남도,하동군,악앙면,동매리,0.08
2025,1022,2025-07-16~07-20,산사태_사유림,경상남도,하동군,악앙면,동매리,0.06
2025,1023,2025-07-16~07-20,산사태_사유림,경상남도,하동군,악앙면,미정리,0.15
2025,1024,2025-07-16~07-20,산사태_국유림,충청남도,청양군,비봉면,신원리,0.17
2025,1025,2025-07-16~07-20,산사태_국유림,충청남도,청양군,비봉면,학당리,0.24
2025,1026,2025-07-16~07-20,산사태_국유림,충청남도,청양군,비봉면,학당리,0.09
2025,1027,2025-07-16~07-20,산사태_국유림,충청남도,청양군,비봉면,학당리,0.09
2025,1028,2025-07-16~07-20,산사태_국유림,충청남도,청양군,비봉면,학당리,0.01
2025,1029,2025-07-16~07-20,산사태_국유림,충청남도,청양군,비봉면,학당리,0.01
2025,1030,2025-07-16~07-20,산사태_국유림,충청남도,청양군,비봉면,산정리,0.03
2025,1031,2025-07-16~07-20,산사태_국유림,충청남도,아산시,배방읍,수철리,0.2
2025,1032,2025-07-16~07-20,산사태_국유림,충청남도,아산시,배방읍,수철리,0.21
2025,1033,2025-07-16~07-20,산사태_국유림,충청남도,아산시,배방읍,수철리,0.01
2025,1034,2025-07-16~07-20,산사태_국유림,충청남도,아산시,배방읍,수철리,0.01
2025,1035,2025-07-16~07-20,산사태_국유림,충청남도,아산시,배방읍,세출리,0.14
2025,1036,2025-07-16~07-20,산사태_국유림,충청남도,아산시,배방읍,세출리,0.12
2025,1037,2025-07-16~07-20,산사태_국유림,충청남도,아산시,배방읍,시전리,0.01
2025,1038,2025-07-16~07-20,산사태_국유림,충청남도,아산시,배방읍,시전리,0.01
2025,1039,2025-07-16~07-20,산사태_지자체소유림,경상남도,합천군,가회면,둔내리,0.02
2025,1040,2025-07-16~07-20,산사태_지자체소유림,경상남도,합천군,가회면,둔내리,0.12
2025,1041,2025-07-16~07-20,산사태_지자체소유림,경상남도,합천군,가회면,둔내리,0.02
2025,1042,2025-07-16~07-20,산사태_지자체소유림,경상남도,합천군,가회면,둔내리,0.01
2025,1043,2025-07-16~07-20,산사태_지자체소유림,경상남도,합천군,가회면,둔내리,0.01
2025,1044,2025-07-16~07-20,산사태_지자체소유림,경상남도,합천군,가회면,둔내리,0.04
2025,1045,2025-07-16~07-20,산사태_지자체소유림,경상남도,합천군,가회면,둔내리,0.04
2025,1046,2025-07-16~07-20,산사태_지자체소유림,경상남도,합천군,가회면,둔내리,0.05
2025,1047,2025-07-16~07-20,산사태_지자체소유림,경상남도,합천군,가회면,둔내리,0.13
2025,1048,2025-07-16~07-20,산사태_지자체소유림,경상남도,합천군,가회면,둔내리,0.27
2025,1049,2025-07-16~07-20,산사태_지자체소유림,경기도 ,가평군,가평읍,승안리,0.88
2025,1050,2025-07-16~07-20,산사태_지자체소유림,경기도 ,가평군,가평읍,승안리,0.67
2025,1051,2025-07-16~07-20,산사태_지자체소유림,경기도 ,가평군,가평읍,승안리,0.18
2025,1052,2025-07-16~07-20,산사태_국유림,충청남도,아산시,용화동,,0.15
2025,1053,2025-07-16~07-20,산사태_국유림,충청남도,아산시,거산,,0.05
2025,1054,2025-07-16~07-20,산사태_국유림,충청남도,아산시,거산,,0.07
2025,1055,2025-07-16~07-20,산사태_국유림,충청남도,아산시,거산,,0.09
2025,1056,2025-07-16~07-20,산사태_국유림,충청남도,아산시,거산,,0.09
2025,1057,2025-07-16~07-20,산사태_국유림,충청남도,아산시,거산,,0.08
2025,1058,2025-07-16~07-20,산사태_국유림,충청남도,아산시,종곡,,0.15
2025,1059,2025-07-16~07-20,산사태_국유림,충청남도,아산시,종곡,,0.04
2025,1060,2025-07-16~07-20,산사태_국유림,충청남도,아산시,종곡,,0.06
2025,1061,2025-07-16~07-20,산사태_국유림,충청남도,아산시,종곡,,0.06
2025,1062,2025-07-16~07-20,산사태_국유림,충청남도,아산시,마곡,,0.09
2025,1063,2025-07-16~07-20,산사태_국유림,충청남도,아산시,강당,,0.06
2025,1064,2025-07-16~07-20,산사태_국유림,충청남도,예산군,예산읍,간양리,0.05
2025,1065,2025-07-16~07-20,산사태_국유림,충청남도,예산군,예산읍,간양리,0.01
2025,1066,2025-07-16~07-20,산사태_국유림,충청남도,예산군,예산읍,간양리,0.06
2025,1067,2025-07-16~07-20,산사태_국유림,충청남도,예산군,예산읍,간양리,0.02
2025,1068,2025-07-16~07-20,산사태_국유림,충청남도,예산군,예산읍,간양리,0.1
2025,1069,2025-07-16~07-20,산사태_국유림,충청남도,예산군,예산읍,간양리,0.04
2025,1070,2025-07-16~07-20,산사태_국유림,충청남도,예산군,예산읍,간양리,0.07
2025,1071,2025-07-16~07-20,산사태_국유림,충청남도,예산군,예산읍,간양리,0.35
2025,1072,2025-07-16~07-20,산사태_국유림,충청남도,예산군,예산읍,간양리,0.12
2025,1073,2025-07-16~07-20,산사태_국유림,충청남도,예산군,예산읍,간양리,0.01
2025,1074,2025-07-16~07-20,산사태_국유림,충청남도,예산군,예산읍,간양리,0.01
2025,1075,2025-07-16~07-20,산사태_사유림,충청남도,천안시 동남구,광덕면,광덕리,0.44
2025,1076,2025-07-16~07-20,산사태_사유림,충청남도,천안시 동남구,광덕면,광덕리,0.06
2025,1077,2025-07-16~07-20,산사태_사유림,충청남도,천안시 동남구,광덕면,광덕리,0.1
2025,1078,2025-07-16~07-20,산사태_사유림,충청남도,예산군,봉산면,구암리,0.4
2025,1079,2025-07-16~07-20,산사태_사유림,충청남도,예산군,봉산면,구암리,0.6
2025,1080,2025-07-16~07-20,산사태_사유림,충청남도,예산군,봉산면,구암리,0.7
2025,1081,2025-07-16~07-20,산사태_국유림,충청남도,공주시,신풍면,조평리,0.05
2025,1082,2025-07-16~07-20,산사태_국유림,충청남도,공주시,신풍면,조평리,0.2
2025,1083,2025-07-16~07-20,산사태_국유림,충청남도,공주시,신풍면,조평리,0.33
2025,1084,2025-07-16~07-20,산사태_국유림,충청남도,공주시,신풍면,조평리,0.09
2025,1085,2025-07-16~07-20,산사태_국유림,충청남도,공주시,신풍면,조평리,0.05
2025,1086,2025-07-16~07-20,산사태_국유림,충청남도,공주시,신풍면,조평리,0.04
2025,1087,2025-07-16~07-20,산사태_국유림,충청남도,공주시,신풍면,조평리,0.01
2025,1088,2025-07-16~07-20,산사태_국유림,충청남도,공주시,신풍면,쌍대리,0.05
2025,1089,2025-07-16~07-20,산사태_국유림,충청남도,공주시,신풍면,쌍대리,0.03
2025,1090,2025-07-16~07-20,산사태_국유림,충청남도,공주시,신풍면,화흥리,0.06
2025,1091,2025-07-16~07-20,산사태_국유림,충청남도,공주시,신풍면,화흥리,0.02
2025,1092,2025-07-16~07-20,산사태_국유림,충청남도,공주시,신풍면,상왕리,0.01
2025,1093,2025-07-16~07-20,산사태_국유림,충청남도,공주시,신풍면,상왕리,0.02
2025,1094,2025-07-16~07-20,산사태_국유림,충청남도,공주시,신풍면,상왕리,0.02
2025,1095,2025-07-16~07-20,산사태_국유림,충청남도,공주시,신풍면,옥룡리,0.07
2025,1096,2025-07-16~07-20,산사태_국유림,충청남도,공주시,신풍면,옥룡리,0
2025,1097,2025-07-16~07-20,산사태_국유림,충청남도,공주시,신풍면,옥룡리,0.01
2025,1098,2025-07-16~07-20,산사태_사유림,경상남도,함양군,안의면,이전리,0.02
2025,1099,2025-07-16~07-20,산사태_사유림,경상남도,함양군,안의면,상원리,0.04
2025,1100,2025-07-16~07-20,산사태_사유림,경상남도,함양군,안의면,하원리,1.6
2025,1101,2025-07-16~07-20,산사태_사유림,경상남도,합천군,삼가면,문송리,0.02
2025,1102,2025-07-16~07-20,산사태_사유림,경상남도,합천군,삼가면,문송리,0.03
2025,1103,2025-07-16~07-20,산사태_사유림,경상남도,합천군,삼가면,문송리,0.02
2025,1104,2025-07-16~07-20,산사태_사유림,경상남도,합천군,삼가면,문송리,0.08
2025,1105,2025-07-16~07-20,산사태_사유림,경상남도,합천군,삼가면,문송리,0.02
2025,1106,2025-07-16~07-20,산사태_사유림,경상남도,합천군,삼가면,문송리,0.13
2025,1107,2025-07-16~07-20,산사태_사유림,경상남도,합천군,삼가면,문송리,0.07
2025,1108,2025-07-16~07-20,산사태_사유림,경상남도,합천군,삼가면,문송리,0.06
2025,1109,2025-07-16~07-20,산사태_사유림,경상남도,합천군,삼가면,문송리,0.04
2025,1110,2025-07-16~07-20,산사태_사유림,경상남도,합천군,삼가면,문송리,0.22
2025,1111,2025-07-16~07-20,산사태_사유림,경상남도,합천군,삼가면,문송리,0.07
2025,1112,2025-07-16~07-20,산사태_사유림,경상남도,합천군,삼가면,문송리,0.07
2025,1113,2025-07-16~07-20,산사태_사유림,경상남도,합천군,삼가면,문송리,0.56
2025,1114,2025-07-16~07-20,산사태_지자체소유림,충청남도,아산시,영인면,아산리,0.8
2025,1115,2025-07-16~07-20,산사태_사유림,충청남도,예산군,봉산면,사석리,0.1
2025,1116,2025-07-16~07-20,산사태_사유림,충청남도,예산군,봉산면,사석리,0.9
2025,1117,2025-07-16~07-20,산사태_사유림,강원특별자치도,춘천시,서면,당림리,0.08
2025,1118,2025-07-16~07-20,산사태_사유림,강원특별자치도,춘천시,서면,당림리,0.05
2025,1119,2025-07-16~07-20,산사태_사유림,강원특별자치도,춘천시,서면,당림리,0.02
2025,1120,2025-07-16~07-20,산사태_사유림,강원특별자치도,춘천시,서면,당림리,0.05
2025,1121,2025-07-16~07-20,산사태_사유림,강원특별자치도,춘천시,서면,당림리,0.05
2025,1122,2025-07-16~07-20,산사태_사유림,강원특별자치도,춘천시,서면,당림리,0.1
2025,1123,2025-07-16~07-20,산사태_사유림,강원특별자치도,춘천시,서면,당림리,0.02
2025,1124,2025-07-16~07-20,산사태_사유림,강원특별자치도,춘천시,서면,당림리,0.43
2025,1125,2025-07-16~07-20,산사태_사유림,경상남도,합천군,대병면,하금리,0.25
2025,1126,2025-07-16~07-20,산사태_사유림,경상남도,합천군,대병면,하금리,0.05
2025,1127,2025-07-16~07-20,산사태_사유림,경상남도,합천군,대병면,하금리,0.24
2025,1128,2025-07-16~07-20,산사태_사유림,경상남도,합천군,대병면,하금리,0.52
2025,1129,2025-07-16~07-20,산사태_사유림,경상남도,합천군,대병면,하금리,0.04
2025,1130,2025-07-16~07-20,산사태_사유림,경상남도,합천군,대병면,하금리,0.01
2025,1131,2025-07-16~07-20,산사태_사유림,경상남도,합천군,대병면,하금리,0.05
2025,1132,2025-07-16~07-20,산사태_국유림,경기도,포천시,소흘읍,고모리,0.18
2025,1133,2025-07-16~07-20,산사태_국유림,경기도,포천시,소흘읍,고모리,0.36
2025,1134,2025-07-16~07-20,산사태_국유림,경기도,포천시,소흘읍,고모리,0.24
2025,1135,2025-07-16~07-20,산사태_사유림,충청남도,예산군,덕산면,상가리,1.56
2025,1136,2025-07-16~07-20,산사태_사유림,경기도,가평군,조종면,대보리,0.15
2025,1137,2025-07-16~07-20,산사태_사유림,경기도,가평군,조종면,대보리,0.36
2025,1138,2025-07-16~07-20,산사태_사유림,경기도,가평군,조종면,대보리,0.46
2025,1139,2025-07-16~07-20,산사태_사유림,경기도,가평군,조종면,대보리,0.26
2025,1140,2025-07-16~07-20,산사태_사유림,경기도,가평군,조종면,대보리,0.33
2025,1141,2025-07-16~07-20,산사태_사유림,경상남도,합천군,봉산면,계산리,0.03
2025,1142,2025-07-16~07-20,산사태_사유림,경상남도,합천군,봉산면,계산리,0.52
2025,1143,2025-07-16~07-20,산사태_사유림,경상남도,합천군,봉산면,계산리,0.38
2025,1144,2025-07-16~07-20,산사태_사유림,충청남도,홍성군,홍북읍,상하리,0.4
2025,1145,2025-07-16~07-20,산사태_사유림,충청남도,홍성군,홍북읍,상하리,0.2
2025,1146,2025-07-16~07-20,산사태_사유림,충청남도,홍성군,홍북읍,상하리,0.03
2025,1147,2025-07-16~07-20,산사태_사유림,경상남도,산청군,단성면,입석리,0.3
2025,1148,2025-07-16~07-20,산사태_사유림,경상남도,산청군,단성면,강누리,0.12
2025,1149,2025-07-16~07-20,산사태_사유림,경상남도,산청군,단성면,강누리,0.5
2025,1150,2025-07-16~07-20,산사태_사유림,경상남도,산청군,신등면,모례리,0.14
2025,1151,2025-07-16~07-20,산사태_사유림,경상남도,산청군,신등면,모례리,1
2025,1152,2025-07-16~07-20,산사태_사유림,경상남도,산청군,신등면,모례리,0.21
2025,1153,2025-07-16~07-20,산사태_사유림,경상남도,산청군,신등면,모례리,0.05
2025,1154,2025-07-16~07-20,산사태_사유림,경상남도,산청군,신등면,모례리,0.05
2025,1155,2025-07-16~07-20,산사태_사유림,경상남도,산청군,신등면,모례리,0.01
2025,1156,2025-07-16~07-20,산사태_사유림,경상남도,산청군,신등면,양전리,0.03
2025,1157,2025-07-16~07-20,산사태_사유림,경상남도,산청군,신등면,양전리,0.05
2025,1158,2025-07-16~07-20,산사태_사유림,경기도,가평군,조종면,신하리,0.48
2025,1159,2025-07-16~07-20,산사태_사유림,경기도,가평군,조종면,신하리,0.03
2025,1160,2025-07-16~07-20,산사태_사유림,경기도,가평군,조종면,신하리,0.1
2025,1161,2025-07-16~07-20,산사태_사유림,경기도,가평군,조종면,신하리,0.04
2025,1162,2025-07-16~07-20,산사태_사유림,경기도,가평군,조종면,신하리,0.01
2025,1163,2025-07-16~07-20,산사태_사유림,경기도,가평군,조종면,신하리,0.1
2025,1164,2025-07-16~07-20,산사태_사유림,경기도,가평군,조종면,신하리,0.01
2025,1165,2025-07-16~07-20,산사태_사유림,경기도,가평군,조종면,신하리,0.03
2025,1166,2025-07-16~07-20,산사태_사유림,경기도,가평군,조종면,신하리,0.09
2025,1167,2025-07-16~07-20,산사태_사유림,광주광역시,남구,송하동,,0.15
2025,1168,2025-07-16~07-20,산사태_사유림,광주광역시,남구,송하동,,0.1
2025,1169,2025-07-16~07-20,산사태_사유림,전라남도,화순군,사평면,대곡리,0.29
2025,1170,2025-07-16~07-20,산사태_사유림,전라남도,화순군,사평면,대곡리,0.07
2025,1171,2025-07-16~07-20,산사태_사유림,전라남도,화순군,사평면,대곡리,0.03
2025,1172,2025-07-16~07-20,산사태_사유림,전라남도,화순군,사평면,대곡리,0.01
2025,1173,2025-07-16~07-20,산사태_사유림,전라남도,화순군,사평면,대곡리,0.04
2025,1174,2025-07-16~07-20,산사태_사유림,전라남도,화순군,사평면,대곡리,0.14
2025,1175,2025-07-16~07-20,산사태_사유림,경상남도,산청군,삼장면,석남리,0.21
2025,1176,2025-07-16~07-20,산사태_사유림,경상남도,산청군,삼장면,석남리,0.52
2025,1177,2025-07-16~07-20,산사태_사유림,경상남도,산청군,삼장면,석남리,0.03
2025,1178,2025-07-16~07-20,산사태_사유림,경상남도,산청군,삼장면,석남리,0.1
2025,1179,2025-07-16~07-20,산사태_사유림,경상남도,산청군,삼장면,석남리,0.15
2025,1180,2025-07-16~07-20,산사태_사유림,경상남도,산청군,삼장면,석남리,0.15
2025,1181,2025-07-16~07-20,산사태_사유림,경상남도,산청군,삼장면,석남리,0.01
2025,1182,2025-07-16~07-20,산사태_사유림,경상남도,산청군,삼장면,석남리,0.01
2025,1183,2025-07-16~07-20,산사태_사유림,경상남도,산청군,삼장면,석남리,0.31
2025,1184,2025-07-16~07-20,산사태_사유림,경상남도,산청군,시천면,사리,0.06
2025,1185,2025-07-16~07-20,산사태_사유림,경상남도,산청군,시천면,사리,0.04
2025,1186,2025-07-16~07-20,산사태_사유림,경상남도,산청군,시천면,사리,0.36
2025,1187,2025-07-16~07-20,산사태_사유림,경상남도,산청군,시천면,사리,0.09
2025,1188,2025-07-16~07-20,산사태_사유림,경상남도,산청군,시천면,사리,0.94
2025,1189,2025-07-16~07-20,산사태_사유림,경기도,가평군,조종면,신상리 ,0.5
2025,1190,2025-07-16~07-20,산사태_사유림,경기도,가평군,조종면,신상리 ,0.4
2025,1191,2025-07-16~07-20,산사태_사유림,경기도,가평군,조종면,신상리 ,0.2
2025,1192,2025-07-16~07-20,산사태_사유림,경기도,가평군,조종면,신상리 ,0.2
2025,1193,2025-07-16~07-20,산사태_사유림,경기도,가평군,조종면,신상리 ,0.18
2025,1194,2025-07-16~07-20,산사태_사유림,경기도,가평군,조종면,신상리 ,0.01
2025,1195,2025-07-16~07-20,산사태_사유림,전라남도,나주시,노안면,오정리,0.4
2025,1196,2025-07-16~07-20,산사태_사유림,전라남도,나주시,노안면,오정리,0.52
2025,1197,2025-07-16~07-20,산사태_사유림,충청남도,공주시,유구읍,덕곡리,0.14
2025,1198,2025-07-16~07-20,산사태_사유림,충청남도,공주시,유구읍,덕곡리,0.03
2025,1199,2025-07-16~07-20,산사태_사유림,충청남도,공주시,유구읍,덕곡리,0.04
2025,1200,2025-07-16~07-20,산사태_사유림,충청남도,공주시,유구읍,덕곡리,0.04
2025,1201,2025-07-16~07-20,산사태_사유림,충청남도,공주시,유구읍,덕곡리,0.04
2025,1202,2025-07-16~07-20,산사태_사유림,충청남도,공주시,유구읍,덕곡리,0.04
2025,1203,2025-07-16~07-20,산사태_사유림,충청남도,공주시,유구읍,덕곡리,0.08
2025,1204,2025-07-16~07-20,산사태_사유림,충청남도,공주시,유구읍,덕곡리,0.08
2025,1205,2025-07-16~07-20,산사태_국유림,강원특별자치도,춘천시,서면,당림리,0.07
2025,1206,2025-07-16~07-20,산사태_국유림,강원특별자치도,춘천시,서면,당림리,0.02
2025,1207,2025-07-16~07-20,산사태_국유림,강원특별자치도,춘천시,서면,당림리,0.05
2025,1208,2025-07-16~07-20,산사태_국유림,강원특별자치도,춘천시,서면,당림리,0.03
2025,1209,2025-07-16~07-20,산사태_국유림,강원특별자치도,춘천시,서면,당림리,0.07
2025,1210,2025-07-16~07-20,산사태_국유림,강원특별자치도,춘천시,서면,당림리,0.12
2025,1211,2025-07-16~07-20,산사태_국유림,강원특별자치도,춘천시,서면,당림리,0.05
2025,1212,2025-07-16~07-20,산사태_국유림,강원특별자치도,춘천시,서면,당림리,0.12
2025,1213,2025-07-16~07-20,산사태_국유림,강원특별자치도,춘천시,서면,당림리,0.05
2025,1214,2025-07-16~07-20,산사태_국유림,강원특별자치도,춘천시,서면,당림리,0.09
2025,1215,2025-07-16~07-20,산사태_사유림,경기도,포천시,내촌면,내리,0.03
2025,1216,2025-07-16~07-20,산사태_사유림,경기도,포천시,내촌면,내리,0.56
2025,1217,2025-07-16~07-20,산사태_사유림,경기도,포천시,내촌면,내리,0.05
2025,1218,2025-07-16~07-20,산사태_사유림,경기도,포천시,내촌면,내리,0.17
2025,1219,2025-07-16~07-20,산사태_사유림,경기도,포천시,내촌면,내리,0.01
2025,1220,2025-07-16~07-20,산사태_사유림,경상남도,산청군,단성면,길리,0.03
2025,1221,2025-07-16~07-20,산사태_사유림,경상남도,산청군,단성면,길리,0.1
2025,1222,2025-07-16~07-20,산사태_사유림,경상남도,산청군,단성면,길리,0.12
2025,1223,2025-07-16~07-20,산사태_사유림,경상남도,산청군,단성면,길리,0.03
2025,1224,2025-07-16~07-20,산사태_사유림,경상남도,산청군,단성면,길리,0.03
2025,1225,2025-07-16~07-20,산사태_사유림,경상남도,산청군,단성면,길리,0.04
2025,1226,2025-07-16~07-20,산사태_사유림,경상남도,산청군,단성면,길리,0.24
2025,1227,2025-07-16~07-20,산사태_사유림,경상남도,산청군,단성면,길리,0.16
2025,1228,2025-07-16~07-20,산사태_사유림,경상남도,산청군,단성면,관정리,0.03
2025,1229,2025-07-16~07-20,산사태_사유림,경상남도,산청군,단성면,관정리,0.01
2025,1230,2025-07-16~07-20,산사태_사유림,경상남도,산청군,단성면,관정리,0.03
2025,1231,2025-07-16~07-20,산사태_지자체소유림,경기도,가평군,가평읍,승안리,0.26
2025,1232,2025-07-16~07-20,산사태_지자체소유림,경기도,가평군,가평읍,승안리,0.3
2025,1233,2025-07-16~07-20,산사태_지자체소유림,경기도,가평군,가평읍,승안리,0.31
2025,1234,2025-07-16~07-20,산사태_지자체소유림,경기도,가평군,가평읍,승안리,0.57
2025,1235,2025-07-16~07-20,산사태_사유림,경상남도,합천군,대병면,대지리,0.45
2025,1236,2025-07-16~07-20,산사태_사유림,경상남도,합천군,대병면,대지리,0.59
2025,1237,2025-07-16~07-20,산사태_사유림,경상남도,합천군,대병면,대지리,0.03
2025,1238,2025-07-16~07-20,산사태_사유림,경상남도,합천군,대병면,대지리,0.16
2025,1239,2025-07-16~07-20,산사태_사유림,충청남도,예산군,봉산면,사석리,0.8
2025,1240,2025-07-16~07-20,산사태_사유림,충청남도,예산군,봉산면,봉림리,0.8
2025,1241,2025-07-16~07-20,산사태_국유림,충청남도,공주시,정안면,고성리,0.1
2025,1242,2025-07-16~07-20,산사태_국유림,충청남도,공주시,정안면,고성리,0.07
2025,1243,2025-07-16~07-20,산사태_국유림,충청남도,공주시,정안면,고성리,0.2
2025,1244,2025-07-16~07-20,산사태_국유림,충청남도,공주시,정안면,내문리,0.1
2025,1245,2025-07-16~07-20,산사태_국유림,충청남도,공주시,정안면,내문리,0.05
2025,1246,2025-07-16~07-20,산사태_국유림,충청남도,공주시,정안면,내문리,0.07
2025,1247,2025-07-16~07-20,산사태_국유림,충청남도,공주시,정안면,내문리,0.09
2025,1248,2025-07-16~07-20,산사태_국유림,충청남도,공주시,정안면,내문리,0.03
2025,1249,2025-07-16~07-20,산사태_국유림,충청남도,공주시,정안면,중흥리,0.08
2025,1250,2025-07-16~07-20,산사태_사유림,충청북도,괴산군,사리면,사담리,0.56
2025,1251,2025-07-16~07-20,산사태_사유림,충청남도,예산군,덕산면,상가리,1.4
2025,1252,2025-07-16~07-20,산사태_사유림,경기도,가평군,북면,이곡리,0.4
2025,1253,2025-07-16~07-20,산사태_사유림,경기도,가평군,북면,이곡리,0.5
2025,1254,2025-07-16~07-20,산사태_사유림,경기도,가평군,북면,이곡리,0.01
2025,1255,2025-07-16~07-20,산사태_사유림,경기도,가평군,북면,이곡리,0.06
2025,1256,2025-07-16~07-20,산사태_사유림,경기도,가평군,북면,이곡리,0.1
2025,1257,2025-07-16~07-20,산사태_사유림,경기도,가평군,북면,이곡리,0.3
2025,1258,2025-07-16~07-20,산사태_사유림,경기도,가평군,북면,이곡리,0.01
2025,1259,2025-07-16~07-20,산사태_사유림,경기도,가평군,북면,이곡리,0.01
2025,1260,2025-07-16~07-20,산사태_사유림,경기도,가평군,북면,이곡리,0
2025,1261,2025-07-16~07-20,산사태_사유림,경기도,가평군,조종면,마일리,0.03
2025,1262,2025-07-16~07-20,산사태_사유림,경기도,가평군,조종면,상판리,0.05
2025,1263,2025-07-16~07-20,산사태_사유림,경기도,가평군,조종면,신상리 ,0.12
2025,1264,2025-07-16~07-20,산사태_사유림,경기도,가평군,조종면,신상리 ,0.02
2025,1265,2025-07-16~07-20,산사태_사유림,경기도,가평군,조종면,신상리 ,0.04
2025,1266,2025-07-16~07-20,산사태_사유림,경기도,가평군,조종면,신상리 ,0.17
2025,1267,2025-07-16~07-20,산사태_사유림,경기도,가평군,조종면,신상리 ,0.22
2025,1268,2025-07-16~07-20,산사태_사유림,경기도,가평군,조종면,운악리,0.16
2025,1269,2025-07-16~07-20,산사태_사유림,경기도,가평군,조종면,운악리,0.01
2025,1270,2025-07-16~07-20,산사태_사유림,경기도,가평군,조종면,운악리,0
2025,1271,2025-07-16~07-20,산사태_사유림,경기도,가평군,조종면,신상리 ,0.22
2025,1272,2025-07-16~07-20,산사태_사유림,경기도,가평군,조종면,마일리,0.35
2025,1273,2025-07-16~07-20,산사태_사유림,경상남도,합천군,가회면,외사리,0.3
2025,1274,2025-07-16~07-20,산사태_사유림,경상남도,합천군,가회면,외사리,0.06
2025,1275,2025-07-16~07-20,산사태_사유림,경상남도,합천군,가회면,외사리,0.05
2025,1276,2025-07-16~07-20,산사태_사유림,경상남도,합천군,가회면,외사리,0.04
2025,1277,2025-07-16~07-20,산사태_사유림,경상남도,합천군,가회면,외사리,0.03
2025,1278,2025-07-16~07-20,산사태_사유림,경상남도,합천군,가회면,외사리,0.12
2025,1279,2025-07-16~07-20,산사태_사유림,경상남도,합천군,가회면,외사리,0.02
2025,1280,2025-07-16~07-20,산사태_사유림,경상남도,합천군,가회면,외사리,0.17
2025,1281,2025-07-16~07-20,산사태_사유림,경상남도,합천군,가회면,외사리,0.01
2025,1282,2025-07-16~07-20,산사태_사유림,경상남도,합천군,가회면,외사리,0.03
2025,1283,2025-07-16~07-20,산사태_사유림,경상남도,합천군,가회면,외사리,0.05
2025,1284,2025-07-16~07-20,산사태_사유림,경상남도,합천군,가회면,외사리,0.01
2025,1285,2025-07-16~07-20,산사태_사유림,경상남도,진주시,수곡면,사곡리,0.2
2025,1286,2025-07-16~07-20,산사태_사유림,경상남도,진주시,수곡면,사곡리,0.3
2025,1287,2025-07-16~07-20,산사태_사유림,경상남도,진주시,수곡면,자매리,0.2
2025,1288,2025-07-16~07-20,산사태_사유림,경상남도,진주시,수곡면,자매리,0.3
2025,1289,2025-07-16~07-20,산사태_사유림,경상남도,진주시,수곡면,대천리,0.1
2025,1290,2025-07-16~07-20,산사태_사유림,경상남도,진주시,수곡면,창촌리,0.1
2025,1291,2025-07-16~07-20,산사태_지자체소유림,경기도,가평군,가평읍,경반리,0.01
2025,1292,2025-07-16~07-20,산사태_지자체소유림,경기도,가평군,가평읍,경반리,0.23
2025,1293,2025-07-16~07-20,산사태_지자체소유림,경기도,가평군,가평읍,경반리,0.01
2025,1294,2025-07-16~07-20,산사태_지자체소유림,경기도,가평군,가평읍,경반리,0.02
2025,1295,2025-07-16~07-20,산사태_지자체소유림,경기도,가평군,가평읍,경반리,0.53
2025,1296,2025-07-16~07-20,산사태_지자체소유림,경기도,가평군,가평읍,경반리,0.07
2025,1297,2025-07-16~07-20,산사태_지자체소유림,경기도,가평군,가평읍,경반리,0.07
2025,1298,2025-07-16~07-20,산사태_지자체소유림,경기도,가평군,가평읍,경반리,0.09
2025,1299,2025-07-16~07-20,산사태_지자체소유림,경기도,가평군,가평읍,경반리,0.07
2025,1300,2025-07-16~07-20,산사태_지자체소유림,경기도,가평군,가평읍,경반리,0.25
2025,1301,2025-07-16~07-20,산사태_국유림,충청남도,예산군,예산읍,관작리,0.04
2025,1302,2025-07-16~07-20,산사태_국유림,충청남도,예산군,예산읍,관작리,0.01
2025,1303,2025-07-16~07-20,산사태_국유림,충청남도,예산군,예산읍,관작리,0.01
2025,1304,2025-07-16~07-20,산사태_국유림,충청남도,예산군,예산읍,관작리,0.3
2025,1305,2025-07-16~07-20,산사태_국유림,충청남도,예산군,예산읍,관작리,0.04
2025,1306,2025-07-16~07-20,산사태_국유림,충청남도,예산군,예산읍,관작리,0.03
2025,1307,2025-07-16~07-20,산사태_국유림,충청남도,예산군,예산읍,석양리,0.01
2025,1308,2025-07-16~07-20,산사태_국유림,충청남도,예산군,예산읍,석양리,0.02
2025,1309,2025-07-16~07-20,산사태_국유림,충청남도,예산군,예산읍,석양리,0.02
2025,1310,2025-07-16~07-20,산사태_국유림,충청남도,예산군,예산읍,석양리,0.03
2025,1311,2025-07-16~07-20,산사태_사유림,경상남도,합천군,용주면,죽죽리,0.62
2025,1312,2025-07-16~07-20,산사태_사유림,경상남도,합천군,용주면,죽죽리,0.06
2025,1313,2025-07-16~07-20,산사태_사유림,경상남도,합천군,용주면,가호리,0.47
2025,1314,2025-07-16~07-20,산사태_사유림,경상남도,합천군,용주면,가호리,0.02
2025,1315,2025-07-16~07-20,산사태_사유림,경상남도,합천군,용주면,가호리,0.06
2025,1316,2025-07-16~07-20,산사태_사유림,충청남도,청양군,운곡면,광암리,0.17
2025,1317,2025-07-16~07-20,산사태_사유림,충청남도,청양군,운곡면,영양리,0.09
2025,1318,2025-07-16~07-20,산사태_사유림,충청남도,청양군,대치면,이화리,0.45
2025,1319,2025-07-16~07-20,산사태_사유림,경기도 ,가평군,조종면,현리,0.1
2025,1320,2025-07-16~07-20,산사태_사유림,경기도 ,가평군,조종면,신상리 ,0.08
2025,1321,2025-07-16~07-20,산사태_사유림,경기도 ,가평군,조종면,신상리 ,0.07
2025,1322,2025-07-16~07-20,산사태_사유림,경기도 ,가평군,조종면,현리,0.3
2025,1323,2025-07-16~07-20,산사태_사유림,경기도 ,가평군,조종면,현리,0.15
2025,1324,2025-07-16~07-20,산사태_사유림,경상남도,산청군,시천면,천평리,0.36
2025,1325,2025-07-16~07-20,산사태_사유림,경상남도,산청군,시천면,천평리,0.6
2025,1326,2025-07-16~07-20,산사태_사유림,경상남도,산청군,시천면,천평리,0.36
2025,1327,2025-07-16~07-20,산사태_국유림,경기도,포천시,소흘읍,직동리,0.38
2025,1328,2025-07-16~07-20,산사태_국유림,경기도,포천시,소흘읍,직동리,0.05
2025,1329,2025-07-16~07-20,산사태_국유림,경기도,포천시,소흘읍,직동리,0.03
2025,1330,2025-07-16~07-20,산사태_사유림,경상남도,고성군,상리면,고봉리,0.1
2025,1331,2025-07-16~07-20,산사태_사유림,경상남도,고성군,상리면,고봉리,0.21
2025,1332,2025-07-16~07-20,산사태_사유림,경상남도,고성군,상리면,고봉리,0.07
2025,1333,2025-07-16~07-20,산사태_사유림,경상남도,고성군,상리면,고봉리,0.25
2025,1334,2025-07-16~07-20,산사태_사유림,경상남도,고성군,상리면,고봉리,0.4
2025,1335,2025-07-16~07-20,산사태_사유림,경상남도,고성군,상리면,고봉리,0.21
2025,1336,2025-07-16~07-20,산사태_사유림,경상남도,고성군,상리면,고봉리,0.07
2025,1337,2025-07-16~07-20,산사태_사유림,경기도,가평군,상면,원흥리,0.01
2025,1338,2025-07-16~07-20,산사태_사유림,경기도,가평군,상면,원흥리,0.03
2025,1339,2025-07-16~07-20,산사태_사유림,경기도,가평군,상면,원흥리,0.08
2025,1340,2025-07-16~07-20,산사태_사유림,경기도,가평군,상면,원흥리,0.04
2025,1341,2025-07-16~07-20,산사태_사유림,경기도,가평군,상면,원흥리,0.05
2025,1342,2025-07-16~07-20,산사태_사유림,경기도,가평군,상면,원흥리,0.01
2025,1343,2025-07-16~07-20,산사태_사유림,경기도,가평군,상면,원흥리,0.1
2025,1344,2025-07-16~07-20,산사태_사유림,경기도,가평군,상면,원흥리,0.06
2025,1345,2025-07-16~07-20,산사태_사유림,경기도,가평군,상면,원흥리,0.24
2025,1346,2025-07-16~07-20,산사태_사유림,경상남도,합천군,용주면,팔산리,0.19
2025,1347,2025-07-16~07-20,산사태_사유림,경상남도,합천군,용주면,팔산리,0.2
2025,1348,2025-07-16~07-20,산사태_사유림,경상남도,합천군,용주면,팔산리,0.01
2025,1349,2025-07-16~07-20,산사태_사유림,경상남도,합천군,용주면,팔산리,0.03
2025,1350,2025-07-16~07-20,산사태_사유림,경상남도,합천군,용주면,팔산리,0.06
2025,1351,2025-07-16~07-20,산사태_사유림,경상남도,합천군,용주면,팔산리,0.03
2025,1352,2025-07-16~07-20,산사태_사유림,경상남도,합천군,용주면,팔산리,0.02
2025,1353,2025-07-16~07-20,산사태_사유림,경상남도,합천군,용주면,팔산리,0.01
2025,1354,2025-07-16~07-20,산사태_사유림,경상남도,합천군,용주면,팔산리,0.01
2025,1355,2025-07-16~07-20,산사태_사유림,경상남도,합천군,용주면,팔산리,0.01
2025,1356,2025-07-16~07-20,산사태_사유림,경상남도,합천군,용주면,팔산리,0.05
2025,1357,2025-07-16~07-20,산사태_사유림,경상남도,합천군,용주면,팔산리,0.04
2025,1358,2025-07-16~07-20,산사태_사유림,충청남도,당진시,순성면,백석리,0.45
2025,1359,2025-07-16~07-20,산사태_사유림,충청남도,당진시,순성면,백석리,0.01
2025,1360,2025-07-16~07-20,산사태_사유림,충청남도,당진시,순성면,백석리,0.51
2025,1361,2025-07-16~07-20,산사태_사유림,충청남도,당진시,순성면,양유리,0.01
2025,1362,2025-07-16~07-20,산사태_사유림,충청남도,당진시,순성면,양유리,0.03
2025,1363,2025-07-16~07-20,산사태_국유림,경기도,포천시,내촌면,음현리,0.64
2025,1364,2025-07-16~07-20,산사태_사유림,경기도,가평군,조종면,마일리,0.15
2025,1365,2025-07-16~07-20,산사태_사유림,경기도,가평군,조종면,마일리,0.01
2025,1366,2025-07-16~07-20,산사태_사유림,경기도,가평군,조종면,마일리,0.06
2025,1367,2025-07-16~07-20,산사태_사유림,경기도,가평군,조종면,마일리,0.2
2025,1368,2025-07-16~07-20,산사태_사유림,경기도,가평군,조종면,마일리,0.05
2025,1369,2025-07-16~07-20,산사태_사유림,경기도,가평군,조종면,마일리,0.13
2025,1370,2025-07-16~07-20,산사태_사유림,경기도,가평군,조종면,마일리,0.04
2025,1371,2025-07-16~07-20,산사태_사유림,전라남도,구례군,간전면,중대리,0.1
2025,1372,2025-07-16~07-20,산사태_사유림,전라남도,구례군,간전면,중대리,0.08
2025,1373,2025-07-16~07-20,산사태_사유림,전라남도,구례군,간전면,중대리,0.15
2025,1374,2025-07-16~07-20,산사태_사유림,전라남도,구례군,간전면,중대리,0.04
2025,1375,2025-07-16~07-20,산사태_사유림,전라남도,구례군,간전면,중대리,0.06
2025,1376,2025-07-16~07-20,산사태_사유림,전라남도,구례군,간전면,중대리,0.4
2025,1377,2025-07-16~07-20,산사태_사유림,전라남도,구례군,간전면,중대리,0.2
2025,1378,2025-07-16~07-20,산사태_사유림,전라남도,구례군,간전면,중대리,0.1
2025,1379,2025-07-16~07-20,산사태_지자체소유림,광주광역시,서구,풍암동,,0.3
2025,1380,2025-07-16~07-20,산사태_지자체소유림,광주광역시,서구,,,0.1
2025,1381,2025-07-16~07-20,산사태_사유림,전라남도,함평군,손불면,대전리,0.04
2025,1382,2025-07-16~07-20,산사태_사유림,전라남도,함평군,손불면,대전리,0.35
2025,1383,2025-07-16~07-20,산사태_사유림,경상남도,진주시,집현면,정평리,0.3
2025,1384,2025-07-16~07-20,산사태_사유림,경상남도,진주시,집현면,정수리,0.53
2025,1385,2025-07-16~07-20,산사태_사유림,경상남도,진주시,집현면,정수리,0.2
2025,1386,2025-07-16~07-20,산사태_사유림,경상남도,진주시,집현면,정수리,0.21
2025,1387,2025-07-16~07-20,산사태_사유림,경상남도,함양군,수동면,화산리,0.15
2025,1388,2025-07-16~07-20,산사태_사유림,경상남도,함양군,수동면,화산리,0.43
2025,1389,2025-07-16~07-20,산사태_사유림,충청남도,홍성군,장곡면,행정리,0.4
2025,1390,2025-07-16~07-20,산사태_사유림,충청남도,홍성군,장곡면,행정리,0.1
2025,1391,2025-07-16~07-20,산사태_사유림,충청남도,홍성군,장곡면,행정리,0.1
2025,1392,2025-07-16~07-20,산사태_사유림,충청남도,홍성군,장곡면,행정리,0.03
2025,1393,2025-07-16~07-20,산사태_사유림,충청남도,홍성군,장곡면,행정리,0.07
2025,1394,2025-07-16~07-20,산사태_사유림,경상남도,합천군,율곡면,와리,0.01
2025,1395,2025-07-16~07-20,산사태_사유림,경상남도,합천군,율곡면,와리,0.9
2025,1396,2025-07-16~07-20,산사태_사유림,경상남도,합천군,율곡면,와리,0.03
2025,1397,2025-07-16~07-20,산사태_사유림,경상남도,합천군,율곡면,와리,0.05
2025,1398,2025-07-16~07-20,산사태_사유림,경상남도,거창군,신원면,구사리,0.2
2025,1399,2025-07-16~07-20,산사태_사유림,경상남도,거창군,신원면,구사리,0.07
2025,1400,2025-07-16~07-20,산사태_사유림,경상남도,거창군,신원면,구사리,0.13
2025,1401,2025-07-16~07-20,산사태_사유림,경상남도,거창군,신원면,구사리,0.05
2025,1402,2025-07-16~07-20,산사태_사유림,경상남도,거창군,신원면,구사리,0.1
2025,1403,2025-07-16~07-20,산사태_사유림,경상남도,거창군,신원면,구사리,0.02
2025,1404,2025-07-16~07-20,산사태_사유림,경상남도,거창군,신원면,구사리,0.06
2025,1405,2025-07-16~07-20,산사태_사유림,경상남도,함양군,수동면,도북리,0.18
2025,1406,2025-07-16~07-20,산사태_사유림,경상남도,함양군,수동면,도북리,0.09
2025,1407,2025-07-16~07-20,산사태_사유림,경상남도,함양군,수동면,우명리,0.07
2025,1408,2025-07-16~07-20,산사태_사유림,경상남도,함양군,수동면,원평리,0.02
2025,1409,2025-07-16~07-20,산사태_사유림,경상남도,함양군,수동면,죽산리,0.78
2025,1410,2025-07-16~07-20,산사태_사유림,경상남도,함양군,수동면,죽산리,0.02
2025,1411,2025-07-16~07-20,산사태_사유림,전라남도,보성군,문덕면,봉갑리,0.43
2025,1412,2025-07-16~07-20,산사태_사유림,전라남도,보성군,문덕면,봉갑리,0.02
2025,1413,2025-07-16~07-20,산사태_사유림,충청남도,홍성군,갈산면,와리,0.08
2025,1414,2025-07-16~07-20,산사태_사유림,충청남도,홍성군,갈산면,가곡리,0.15
2025,1415,2025-07-16~07-20,산사태_사유림,충청남도,홍성군,갈산면,대사리,0.15
2025,1416,2025-07-16~07-20,산사태_사유림,충청남도,홍성군,갈산면,대사리,0.35
2025,1417,2025-07-16~07-20,산사태_사유림,충청남도,홍성군,갈산면,대사리,0.09
2025,1418,2025-07-16~07-20,산사태_국유림,충청남도,서산시,운산면,용현리,0.4
2025,1419,2025-07-16~07-20,산사태_국유림,충청남도,서산시,운산면,용현리,0.03
2025,1420,2025-07-16~07-20,산사태_국유림,충청남도,서산시,운산면,용현리,0.03
2025,1421,2025-07-16~07-20,산사태_국유림,충청남도,서산시,운산면,용현리,0.06
2025,1422,2025-07-16~07-20,산사태_사유림,충청남도,서천군,판교면,상좌리,0.32
2025,1423,2025-07-16~07-20,산사태_사유림,충청남도,서천군,판교면,상좌리,0.04
2025,1424,2025-07-16~07-20,산사태_사유림,충청남도,서천군,판교면,흥림리,0.06
2025,1425,2025-07-16~07-20,산사태_사유림,충청남도,서천군,판교면,심동리,0.05
2025,1426,2025-07-16~07-20,산사태_사유림,충청남도,예산군,봉산면,금치리,0.51
2025,1427,2025-07-16~07-20,산사태_사유림,충청남도,예산군,봉산면,금치리,0.25
2025,1428,2025-07-16~07-20,산사태_사유림,경기도,가평군,가평읍,경반리,0.06
2025,1429,2025-07-16~07-20,산사태_사유림,경기도,가평군,가평읍,경반리,0.59
2025,1430,2025-07-16~07-20,산사태_사유림,경기도,가평군,가평읍,경반리,0.07
2025,1431,2025-07-16~07-20,산사태_사유림,경기도,가평군,가평읍,경반리,0.2
2025,1432,2025-07-16~07-20,산사태_사유림,경기도,가평군,가평읍,경반리,0.01
2025,1433,2025-07-16~07-20,산사태_사유림,경기도,가평군,가평읍,경반리,0.14
2025,1434,2025-07-16~07-20,산사태_사유림,경기도,가평군,가평읍,경반리,0.05
2025,1435,2025-07-16~07-20,산사태_사유림,경기도,가평군,가평읍,경반리,0.02
2025,1436,2025-07-16~07-20,산사태_사유림,경상남도,합천군,용주면,장전리,0.04
2025,1437,2025-07-16~07-20,산사태_사유림,경상남도,합천군,용주면,장전리,0.02
2025,1438,2025-07-16~07-20,산사태_사유림,경상남도,합천군,용주면,장전리,0.01
2025,1439,2025-07-16~07-20,산사태_사유림,경상남도,합천군,용주면,장전리,0.2
2025,1440,2025-07-16~07-20,산사태_사유림,경상남도,합천군,용주면,장전리,0.2
2025,1441,2025-07-16~07-20,산사태_사유림,경상남도,합천군,봉산면,압곡리,0.5
2025,1442,2025-07-16~07-20,산사태_사유림,경상남도,밀양시,산내면,용전리,0.5
2025,1443,2025-07-16~07-20,산사태_국유림,강원특별자치도,춘천시,북산면,부귀리,0.02
2025,1444,2025-07-16~07-20,산사태_국유림,강원특별자치도,춘천시,북산면,부귀리,0.05
2025,1445,2025-07-16~07-20,산사태_국유림,강원특별자치도,춘천시,북산면,부귀리,0.14
2025,1446,2025-07-16~07-20,산사태_국유림,강원특별자치도,춘천시,북산면,부귀리,0.06
2025,1447,2025-07-16~07-20,산사태_사유림,전북특별자치도,남원시,산동면,대상리,0.48
2025,1448,2025-07-16~07-20,산사태_사유림,충청남도,아산시,송악면,송학리,0.48
2025,1449,2025-07-16~07-20,산사태_사유림,경상남도,합천군,가회면,오도리,0.1
2025,1450,2025-07-16~07-20,산사태_사유림,경상남도,합천군,가회면,오도리,0.16
2025,1451,2025-07-16~07-20,산사태_사유림,경상남도,합천군,가회면,오도리,0.08
2025,1452,2025-07-16~07-20,산사태_사유림,경상남도,합천군,가회면,오도리,0.06
2025,1453,2025-07-16~07-20,산사태_사유림,경상남도,합천군,가회면,오도리,0.05
2025,1454,2025-07-16~07-20,산사태_사유림,경상남도,합천군,가회면,오도리,0.05
2025,1455,2025-07-16~07-20,산사태_사유림,경상남도,합천군,가회면,오도리,0.11
2025,1456,2025-07-16~07-20,산사태_사유림,경상남도,합천군,가회면,오도리,0.16
2025,1457,2025-07-16~07-20,산사태_사유림,경상남도,합천군,가회면,오도리,0.07
2025,1458,2025-07-16~07-20,산사태_사유림,경상남도,합천군,가회면,오도리,0.01
2025,1459,2025-07-16~07-20,산사태_사유림,경상남도,합천군,가회면,오도리,0.01
2025,1460,2025-07-16~07-20,산사태_사유림,충청남도,천안시 동남구,광덕면,광덕리,0.02
2025,1461,2025-07-16~07-20,산사태_사유림,충청남도,천안시 동남구,광덕면,광덕리,0.01
2025,1462,2025-07-16~07-20,산사태_사유림,충청남도,천안시 동남구,광덕면,광덕리,0.09
2025,1463,2025-07-16~07-20,산사태_사유림,충청남도,천안시 동남구,광덕면,광덕리,0.07
2025,1464,2025-07-16~07-20,산사태_사유림,충청남도,천안시 동남구,광덕면,광덕리,0.01
2025,1465,2025-07-16~07-20,산사태_사유림,충청남도,천안시 동남구,광덕면,광덕리,0.01
2025,1466,2025-07-16~07-20,산사태_사유림,충청남도,예산군,덕산면,대치리,0.32
2025,1467,2025-07-16~07-20,산사태_사유림,충청남도,예산군,덕산면,대치리,0.14
2025,1468,2025-07-16~07-20,산사태_사유림,충청남도,예산군,덕산면,대치리,0.01
2025,1469,2025-07-16~07-20,산사태_사유림,충청남도,천안시 동남구,광덕면,광덕리,0.01
2025,1470,2025-07-16~07-20,산사태_사유림,충청남도,천안시 동남구,광덕면,광덕리,0.07
2025,1471,2025-07-16~07-20,산사태_사유림,충청남도,천안시 동남구,광덕면,광덕리,0.06
2025,1472,2025-07-16~07-20,산사태_사유림,충청남도,천안시 동남구,광덕면,광덕리,0.09
2025,1473,2025-07-16~07-20,산사태_사유림,경상남도,합천군,용주면,방곡리,0.45
2025,1474,2025-07-16~07-20,산사태_사유림,경상남도,함양군,병곡면,광평리,0.01
2025,1475,2025-07-16~07-20,산사태_사유림,경상남도,함양군,병곡면,도천리,0.02
2025,1476,2025-07-16~07-20,산사태_사유림,경상남도,함양군,병곡면,광평리,0.02
2025,1477,2025-07-16~07-20,산사태_사유림,경상남도,함양군,병곡면,원산리,0.01
2025,1478,2025-07-16~07-20,산사태_사유림,경상남도,함양군,병곡면,광평리,1
2025,1479,2025-07-16~07-20,산사태_사유림,경상남도,함양군,병곡면,연덕리,0
2025,1480,2025-07-16~07-20,산사태_사유림,전라남도,구례군,문천면,금정리,0.06
2025,1481,2025-07-16~07-20,산사태_사유림,전라남도,구례군,문천면,금정리,0.1
2025,1482,2025-07-16~07-20,산사태_사유림,전라남도,구례군,문천면,금정리,0.1
2025,1483,2025-07-16~07-20,산사태_사유림,전라남도,구례군,문천면,금정리,0.1
2025,1484,2025-07-16~07-20,산사태_사유림,전라남도,구례군,문천면,금정리,0.08
2025,1485,2025-07-16~07-20,산사태_사유림,전라남도,구례군,문천면,금정리,0.1
2025,1486,2025-07-16~07-20,산사태_사유림,경기도,가평군,북면,백둔리,0.77
2025,1487,2025-07-16~07-20,산사태_사유림,경기도,가평군,북면,백둔리,0.17
2025,1488,2025-07-16~07-20,산사태_사유림,경기도,가평군,북면,백둔리,0.08
2025,1489,2025-07-16~07-20,산사태_사유림,경기도,가평군,북면,백둔리,0.05
2025,1490,2025-07-16~07-20,산사태_사유림,충청남도,홍성군,서부면,이호리,0.01
2025,1491,2025-07-16~07-20,산사태_사유림,충청남도,홍성군,서부면,이호리,0.3
2025,1492,2025-07-16~07-20,산사태_사유림,충청남도,홍성군,서부면,이호리,0.01
2025,1493,2025-07-16~07-20,산사태_사유림,충청남도,홍성군,서부면,이호리,0.1
2025,1494,2025-07-16~07-20,산사태_사유림,충청남도,홍성군,서부면,이호리,0.01
2025,1495,2025-07-16~07-20,산사태_사유림,충청남도,홍성군,서부면,이호리,0.01
2025,1496,2025-07-16~07-20,산사태_사유림,충청남도,홍성군,서부면,이호리,0.01
2025,1497,2025-07-16~07-20,산사태_사유림,충청남도,홍성군,서부면,이호리,0.01
2025,1498,2025-07-16~07-20,산사태_사유림,충청남도,예산군,덕산면,상가리,1
2025,1499,2025-07-16~07-20,산사태_사유림,전라남도,담양군,대덕면 ,장산리,0.34
2025,1500,2025-07-16~07-20,산사태_지자체소유림,충청남도,아산시,영인면,아산리,0.12
2025,1501,2025-07-16~07-20,산사태_지자체소유림,충청남도,아산시,영인면,아산리,0.3
2025,1502,2025-07-16~07-20,산사태_지자체소유림,충청남도,예산군,대흥면,상중리,1
2025,1503,2025-07-16~07-20,산사태_지자체소유림,충청남도,예산군,대흥면,상중리,0.02
2025,1504,2025-07-16~07-20,산사태_지자체소유림,충청남도,예산군,대흥면,상중리,0.02
2025,1505,2025-07-16~07-20,산사태_사유림,충청남도,천안시 동남구,광덕면,광덕리,0.03
2025,1506,2025-07-16~07-20,산사태_사유림,충청남도,천안시 동남구,광덕면,광덕리,0
2025,1507,2025-07-16~07-20,산사태_사유림,충청남도,천안시 동남구,광덕면,광덕리,0.1
2025,1508,2025-07-16~07-20,산사태_사유림,충청남도,천안시 동남구,광덕면,광덕리,0.02
2025,1509,2025-07-16~07-20,산사태_사유림,충청남도,천안시 동남구,광덕면,광덕리,0.03
2025,1510,2025-07-16~07-20,산사태_사유림,충청남도,천안시 동남구,광덕면,광덕리,0
2025,1511,2025-07-16~07-20,산사태_사유림,충청남도,당진시,면천면,율사리,0.4
2025,1512,2025-07-16~07-20,산사태_사유림,충청남도,당진시,면천면,율사리,0.1
2025,1513,2025-07-16~07-20,산사태_지자체소유림,경기도,가평군,가평읍,경반리,0.11
2025,1514,2025-07-16~07-20,산사태_지자체소유림,경기도,가평군,가평읍,경반리,0.05
2025,1515,2025-07-16~07-20,산사태_지자체소유림,경기도,가평군,가평읍,경반리,0.28
2025,1516,2025-07-16~07-20,산사태_지자체소유림,경기도,가평군,가평읍,경반리,0.07
2025,1517,2025-07-16~07-20,산사태_지자체소유림,경기도,가평군,가평읍,경반리,0.51
2025,1518,2025-07-16~07-20,산사태_사유림,충청남도,천안시 동남구,광덕면,대평리,0.04
2025,1519,2025-07-16~07-20,산사태_사유림,충청남도,천안시 동남구,광덕면,대평리,0.03
2025,1520,2025-07-16~07-20,산사태_사유림,충청남도,천안시 동남구,광덕면,대평리,0.01
2025,1521,2025-07-16~07-20,산사태_사유림,경상남도,합천군,봉산면,고삼리,0.71
2025,1522,2025-07-16~07-20,산사태_사유림,경상남도,합천군,봉산면,고삼리,0.12
2025,1523,2025-07-16~07-20,산사태_사유림,경상남도,합천군,봉산면,고삼리,0.1
2025,1524,2025-07-16~07-20,산사태_사유림,경상남도,합천군,청덕면,초곡리,0.6
2025,1525,2025-07-16~07-20,산사태_사유림,경상남도,합천군,청덕면,초곡리,0.2
2025,1526,2025-07-16~07-20,산사태_사유림,경상남도,합천군,청덕면,초곡리,0.01
2025,1527,2025-07-16~07-20,산사태_사유림,경상남도,합천군,청덕면,초곡리,0.11
2025,1528,2025-07-16~07-20,산사태_사유림,경상남도,의령군,대의면,마쌍리,0.63
2025,1529,2025-07-16~07-20,산사태_사유림,경상남도,의령군,대의면,심지리,0.05
2025,1530,2025-07-16~07-20,산사태_사유림,경상남도,의령군,대의면,심지리,0.1
2025,1531,2025-07-16~07-20,산사태_사유림,경상남도,의령군,대의면,천곡리,0.12
2025,1532,2025-07-16~07-20,산사태_사유림,경상남도,의령군,대의면,중촌리,0.12
2025,1533,2025-07-16~07-20,산사태_사유림,전라남도,보성군,노동면,금호리,0.17
2025,1534,2025-07-16~07-20,산사태_사유림,충청남도,홍성군,금마면,송강리,0.03
2025,1535,2025-07-16~07-20,산사태_사유림,충청남도,홍성군,금마면,가산리,0.03
2025,1536,2025-07-16~07-20,산사태_사유림,충청남도,홍성군,금마면,가산리,0.21
2025,1537,2025-07-16~07-20,산사태_사유림,충청남도,홍성군,금마면,죽림리,0.04
2025,1538,2025-07-16~07-20,산사태_사유림,충청남도,부여군,은산면,장벌리,0.25
2025,1539,2025-07-16~07-20,산사태_사유림,충청남도,부여군,은산면,장벌리,0.13
2025,1540,2025-07-16~07-20,산사태_사유림,충청남도,부여군,은산면,장벌리,0.11
2025,1541,2025-07-16~07-20,산사태_사유림,경상남도,함양군,휴천면,목현리,0
2025,1542,2025-07-16~07-20,산사태_사유림,경상남도,함양군,휴천면,호산리,0.02
2025,1543,2025-07-16~07-20,산사태_사유림,경상남도,함양군,휴천면,호산리,0.12
2025,1544,2025-07-16~07-20,산사태_사유림,경상남도,함양군,휴천면,호산리,0.07
2025,1545,2025-07-16~07-20,산사태_사유림,경상남도,함양군,휴천면,호산리,0.13
2025,1546,2025-07-16~07-20,산사태_사유림,경상남도,함양군,휴천면,호산리,0.04
2025,1547,2025-07-16~07-20,산사태_사유림,경상남도,함양군,휴천면,호산리,0.14
2025,1548,2025-07-16~07-20,산사태_사유림,경상남도,함양군,휴천면,호산리,0.1
2025,1549,2025-07-16~07-20,산사태_사유림,충청남도,홍성군,갈산면,운곡리,0.37
2025,1550,2025-07-16~07-20,산사태_사유림,경기도,가평군,상면,원흥리,0.02
2025,1551,2025-07-16~07-20,산사태_사유림,경기도,가평군,상면,원흥리,0
2025,1552,2025-07-16~07-20,산사태_사유림,경기도,가평군,상면,원흥리,0
2025,1553,2025-07-16~07-20,산사태_사유림,경기도,가평군,상면,원흥리,0.02
2025,1554,2025-07-16~07-20,산사태_사유림,경기도,가평군,상면,원흥리,0.02
2025,1555,2025-07-16~07-20,산사태_사유림,경기도,가평군,상면,원흥리,0.06
2025,1556,2025-07-16~07-20,산사태_사유림,경기도,가평군,상면,원흥리,0.03
2025,1557,2025-07-16~07-20,산사태_사유림,경기도,가평군,상면,원흥리,0
2025,1558,2025-07-16~07-20,산사태_사유림,경기도,가평군,상면,원흥리,0.04
2025,1559,2025-07-16~07-20,산사태_사유림,경기도,가평군,상면,원흥리,0
2025,1560,2025-07-16~07-20,산사태_사유림,경기도,가평군,상면,원흥리,0
2025,1561,2025-07-16~07-20,산사태_사유림,경기도,가평군,상면,원흥리,0.09
2025,1562,2025-07-16~07-20,산사태_사유림,경기도,가평군,상면,원흥리,0.01
2025,1563,2025-07-16~07-20,산사태_사유림,경기도,가평군,상면,원흥리,0.45
2025,1564,2025-07-16~07-20,산사태_사유림,경기도,가평군,상면,원흥리,0.2
2025,1565,2025-07-16~07-20,산사태_사유림,경기도 ,가평군,상면,봉수리,0.03
2025,1566,2025-07-16~07-20,산사태_사유림,경기도 ,가평군,상면,봉수리,0.22
2025,1567,2025-07-16~07-20,산사태_사유림,경기도 ,가평군,상면,봉수리,0.6
2025,1568,2025-07-16~07-20,산사태_사유림,충청남도,천안시 동남구,성남면,봉양리,0.19
2025,1569,2025-07-16~07-20,산사태_사유림,충청남도,천안시 동남구,성남면,봉양리,0.04
2025,1570,2025-07-16~07-20,산사태_사유림,충청남도,천안시 동남구,성남면,봉양리,0.01
2025,1571,2025-07-16~07-20,산사태_사유림,충청남도,천안시 동남구,성남면,신덕리,0.02
2025,1572,2025-07-16~07-20,산사태_사유림,충청남도,천안시 동남구,성남면,봉양리,0.03
2025,1573,2025-07-16~07-20,산사태_사유림,충청남도,예산군,덕산면,상가리,0.34
2025,1574,2025-07-16~07-20,산사태_사유림,전라남도,구례군,간전면,효곡리,0.4
2025,1575,2025-07-16~07-20,산사태_사유림,전라남도,구례군,간전면,효곡리,0.01
2025,1576,2025-07-16~07-20,산사태_사유림,전라남도,구례군,간전면,효곡리,0.2
2025,1577,2025-07-16~07-20,산사태_사유림,전라남도,구례군,간전면,효곡리,0.1
2025,1578,2025-07-16~07-20,산사태_사유림,전라남도,구례군,간전면,효곡리,0.1
2025,1579,2025-07-16~07-20,산사태_지자체소유림,경기도,가평군,가평읍,경반리,0.22
2025,1580,2025-07-16~07-20,산사태_지자체소유림,경기도,가평군,가평읍,경반리,0.11
2025,1581,2025-07-16~07-20,산사태_사유림,경상북도,청도군,청도읍,평양리,0.32
2025,1582,2025-07-16~07-20,산사태_사유림,경상남도,산청군,오부면,일물리,0.24
2025,1583,2025-07-16~07-20,산사태_사유림,경상남도,산청군,오부면,일물리,0.54
2025,1584,2025-07-16~07-20,산사태_사유림,경상남도,산청군,오부면,대현리,0.15
2025,1585,2025-07-16~07-20,산사태_사유림,경상남도,산청군,생비량면,제보리,0.15
2025,1586,2025-07-16~07-20,산사태_사유림,경상남도,산청군,생비량면,제보리,0.08
2025,1587,2025-07-16~07-20,산사태_사유림,경상남도,산청군,생비량면,제보리,0.7
2025,1588,2025-07-16~07-20,산사태_국유림,전라남도,구례군,구례읍,산성리,0.75
2025,1589,2025-07-16~07-20,산사태_사유림,전라남도,신안군,임자면,이흑암리,0.3
2025,1590,2025-07-16~07-20,산사태_사유림,경상북도,청도군,청도읍,구미리,0.3
2025,1591,2025-07-16~07-20,산사태_사유림,경기도,포천시,내촌면,소학리,0.3
2025,1592,2025-07-16~07-20,산사태_사유림,경상남도,합천군,가회면,중촌리,0.04
2025,1593,2025-07-16~07-20,산사태_사유림,경상남도,합천군,가회면,중촌리,0.15
2025,1594,2025-07-16~07-20,산사태_사유림,경상남도,합천군,가회면,중촌리,0.04
2025,1595,2025-07-16~07-20,산사태_사유림,강원특별자치도,춘천시,서면,안보리,0.11
2025,1596,2025-07-16~07-20,산사태_사유림,강원특별자치도,춘천시,서면,안보리,0.05
2025,1597,2025-07-16~07-20,산사태_사유림,강원특별자치도,춘천시,서면,안보리,0.04
2025,1598,2025-07-16~07-20,산사태_사유림,강원특별자치도,춘천시,서면,안보리,0.07
2025,1599,2025-07-16~07-20,산사태_사유림,경기도,가평군,조종면,대보리,0.1
2025,1600,2025-07-16~07-20,산사태_사유림,경기도,가평군,조종면,현리,0.28
2025,1601,2025-07-16~07-20,산사태_사유림,경기도,가평군,조종면,마일리,0.16
2025,1602,2025-07-16~07-20,산사태_사유림,경기도,가평군,조종면,신상리,0.03
2025,1603,2025-07-16~07-20,산사태_사유림,경기도,가평군,조종면,신상리,0.07
2025,1604,2025-07-16~07-20,산사태_사유림,경기도,가평군,조종면,마일리,0.25
2025,1605,2025-07-16~07-20,산사태_사유림,경기도,가평군,청평면,삼회리,0.01
2025,1606,2025-07-16~07-20,산사태_사유림,경기도,가평군,북면,백둔리,0.02
2025,1607,2025-07-16~07-20,산사태_사유림,경기도,가평군,북면,백둔리,0.72
2025,1608,2025-07-16~07-20,산사태_사유림,경기도,가평군,북면,백둔리,0
2025,1609,2025-07-16~07-20,산사태_사유림,경기도,가평군,북면,백둔리,0
2025,1610,2025-07-16~07-20,산사태_사유림,경기도,가평군,북면,백둔리,0.08
2025,1611,2025-07-16~07-20,산사태_사유림,경기도,가평군,북면,백둔리,0.05
2025,1612,2025-07-16~07-20,산사태_사유림,경기도,포천시,소흘읍,이곡리,0.2
2025,1613,2025-07-16~07-20,산사태_사유림,경기도,포천시,소흘읍,이곡리,0.05
2025,1614,2025-07-16~07-20,산사태_사유림,전북특별자치도,남원시,산내면,장항리,0.17
2025,1615,2025-07-16~07-20,산사태_사유림,전북특별자치도,남원시,산내면,중황리,0.12
2025,1616,2025-07-16~07-20,산사태_사유림,경상남도,산청군,단성면,남사리,0.04
2025,1617,2025-07-16~07-20,산사태_사유림,경상남도,산청군,단성면,남사리,0.2
2025,1618,2025-07-16~07-20,산사태_사유림,충청남도,예산군,대술면,궐곡리,0.43
2025,1619,2025-07-16~07-20,산사태_사유림,충청남도,예산군,예산읍,수철리,0.75
2025,1620,2025-07-16~07-20,산사태_사유림,충청남도,예산군,예산읍,수철리,0.02
2025,1621,2025-07-16~07-20,산사태_사유림,충청남도,태안군,태안읍,어은리,0.44
2025,1622,2025-07-16~07-20,산사태_사유림,경상남도,산청군,시천면,시천리,0.62
2025,1623,2025-07-16~07-20,산사태_사유림,경상남도,산청군,시천면,시천리,0.11
2025,1624,2025-07-16~07-20,산사태_사유림,경상남도,산청군,시천면,시천리,0.12
2025,1625,2025-07-16~07-20,산사태_국유림,경기도,포천시,내촌면,소학리,0.06
2025,1626,2025-07-16~07-20,산사태_국유림,경기도,포천시,내촌면,소학리,0.04
2025,1627,2025-07-16~07-20,산사태_국유림,경기도,포천시,내촌면,소학리,0.12
2025,1628,2025-07-16~07-20,산사태_사유림,충청남도,예산군,신양면,여래미리,0.4
2025,1629,2025-07-16~07-20,산사태_사유림,전라남도,담양군,고서면,분향리,0.21
2025,1630,2025-07-16~07-20,산사태_사유림,경상남도,함양군,유림면,국계리,0.45
2025,1631,2025-07-16~07-20,산사태_사유림,경상남도,함양군,유림면,국계리,0.38
2025,1632,2025-07-16~07-20,산사태_사유림,전라남도,구례군,토지면,파도리 ,0.2
2025,1633,2025-07-16~07-20,산사태_사유림,전라남도,구례군,토지면,파도리 ,0.1
2025,1634,2025-07-16~07-20,산사태_사유림,전라남도,구례군,토지면,파도리 ,0.01
2025,1635,2025-07-16~07-20,산사태_사유림,전라남도,구례군,토지면,파도리 ,0.15
2025,1636,2025-07-16~07-20,산사태_사유림,전라남도,구례군,토지면,파도리 ,0.06
2025,1637,2025-07-16~07-20,산사태_국유림,경상남도,밀양시,산내면,삼양리,0.07
2025,1638,2025-07-16~07-20,산사태_사유림,전라남도,순천시,황전면,죽내리,0.4
2025,1639,2025-07-16~07-20,산사태_사유림,충청남도,예산군,봉산면,봉림리,0.15
2025,1640,2025-07-16~07-20,산사태_사유림,충청남도,예산군,봉산면,봉림리,0.14
2025,1641,2025-07-16~07-20,산사태_사유림,충청남도,예산군,봉산면,봉림리,0.2
2025,1642,2025-07-16~07-20,산사태_사유림,충청남도,서천군,비인면,율리,0.19
2025,1643,2025-07-16~07-20,산사태_사유림,경기도,가평군,조종면,마일리,0.03
2025,1644,2025-07-16~07-20,산사태_사유림,경기도,가평군,조종면,마일리,0.03
2025,1645,2025-07-16~07-20,산사태_사유림,경기도,가평군,조종면,마일리,0.03
2025,1646,2025-07-16~07-20,산사태_사유림,경기도,가평군,조종면,마일리,0.01
2025,1647,2025-07-16~07-20,산사태_사유림,경기도,가평군,조종면,마일리,0.01
2025,1648,2025-07-16~07-20,산사태_사유림,경기도,가평군,조종면,마일리,0.01
2025,1649,2025-07-16~07-20,산사태_사유림,경기도,가평군,조종면,마일리,0.05
2025,1650,2025-07-16~07-20,산사태_사유림,경기도,가평군,조종면,마일리,0.22
2025,1651,2025-07-16~07-20,산사태_사유림,경기도,가평군,조종면,마일리,0.22
2025,1652,2025-07-16~07-20,산사태_사유림,경기도,가평군,조종면,마일리,0.02
2025,1653,2025-07-16~07-20,산사태_사유림,경기도,가평군,조종면,마일리,0.01
2025,1654,2025-07-16~07-20,산사태_사유림,경기도,가평군,조종면,마일리,0.03
2025,1655,2025-07-16~07-20,산사태_사유림,경기도,가평군,조종면,마일리,0.03
2025,1656,2025-07-16~07-20,산사태_사유림,경기도,가평군,조종면,마일리,0.03
2025,1657,2025-07-16~07-20,산사태_사유림,경기도,가평군,조종면,마일리,0.01
2025,1658,2025-07-16~07-20,산사태_사유림,경기도,가평군,조종면,마일리,0.05
2025,1659,2025-07-16~07-20,산사태_사유림,경기도,가평군,북면,백둔리,0.01
2025,1660,2025-07-16~07-20,산사태_사유림,경기도,가평군,북면,백둔리,0.01
2025,1661,2025-07-16~07-20,산사태_사유림,경기도,가평군,북면,백둔리,0.01
2025,1662,2025-07-16~07-20,산사태_사유림,경기도,가평군,북면,백둔리,0.03
2025,1663,2025-07-16~07-20,산사태_사유림,경기도,가평군,북면,백둔리,0.04
2025,1664,2025-07-16~07-20,산사태_사유림,경기도,가평군,북면,백둔리,0.02
2025,1665,2025-07-16~07-20,산사태_사유림,경기도,가평군,북면,백둔리,0.04
2025,1666,2025-07-16~07-20,산사태_사유림,경기도,가평군,북면,백둔리,0.55
2025,1667,2025-07-16~07-20,산사태_사유림,경기도,가평군,북면,백둔리,0.1
2025,1668,2025-07-16~07-20,산사태_사유림,충청남도,아산시,도고면,시전리,0.18
2025,1669,2025-07-16~07-20,산사태_사유림,충청남도,아산시,도고면,오암리,0.18
2025,1670,2025-07-16~07-20,산사태_사유림,경상남도,창녕군,부곡면,거문리,0.18
2025,1671,2025-07-16~07-20,산사태_사유림,충청남도,아산시,영인면,상성리,0.07
2025,1672,2025-07-16~07-20,산사태_사유림,충청남도,아산시,영인면,성내리,0.25
2025,1673,2025-07-16~07-20,산사태_사유림,충청남도,아산시,영인면,월선리,0.02
2025,1674,2025-07-16~07-20,산사태_사유림,충청남도,당진시,정미면,봉성리,0.3
2025,1675,2025-07-16~07-20,산사태_사유림,충청남도,홍성군,홍북읍,중계리,0.08
2025,1676,2025-07-16~07-20,산사태_사유림,충청남도,홍성군,홍북읍,중계리,0.1
2025,1677,2025-07-16~07-20,산사태_사유림,충청남도,홍성군,홍북읍,중계리,0.03
2025,1678,2025-07-16~07-20,산사태_사유림,충청남도,홍성군,홍북읍,중계리,0.17
2025,1679,2025-07-16~07-20,산사태_사유림,충청남도,홍성군,홍북읍,중계리,0.01
2025,1680,2025-07-16~07-20,산사태_사유림,경기도,가평군,북면,소법리,0.1
2025,1681,2025-07-16~07-20,산사태_사유림,경기도,가평군,북면,소법리,0.15
2025,1682,2025-07-16~07-20,산사태_사유림,경기도,가평군,북면,소법리,0.3
2025,1683,2025-07-16~07-20,산사태_사유림,경기도,가평군,북면,소법리,0.04
2025,1684,2025-07-16~07-20,산사태_사유림,경기도,가평군,북면,소법리,0.2
2025,1685,2025-07-16~07-20,산사태_사유림,경상남도,진주시,진성면,대사리,0.2
2025,1686,2025-07-16~07-20,산사태_사유림,경상남도,진주시,대곡면,광석리,0.3
2025,1687,2025-07-16~07-20,산사태_사유림,경상남도,진주시,대곡면,덕소리,0.1
2025,1688,2025-07-16~07-20,산사태_사유림,충청남도,당진시,면천면,송학리,0.41
2025,1689,2025-07-16~07-20,산사태_사유림,충청남도,아산시,송익면,평촌리,0.16
2025,1690,2025-07-16~07-20,산사태_사유림,충청남도,아산시,도고면,오암리,0.1
2025,1691,2025-07-16~07-20,산사태_사유림,충청남도,아산시,도고면,오암리,0.06
2025,1692,2025-07-16~07-20,산사태_사유림,충청남도,아산시,송악면,강장리,0.16
2025,1693,2025-07-16~07-20,산사태_사유림,충청남도,부여군,은산면,가곡리,0.01
2025,1694,2025-07-16~07-20,산사태_사유림,충청남도,부여군,은산면,가곡리,0.02
2025,1695,2025-07-16~07-20,산사태_사유림,충청남도,부여군,은산면,거전리,0.05
2025,1696,2025-07-16~07-20,산사태_사유림,충청남도,부여군,은산면,오번리,0.01
2025,1697,2025-07-16~07-20,산사태_사유림,충청남도,부여군,은산면,대양리,0.02
2025,1698,2025-07-16~07-20,산사태_사유림,충청남도,부여군,은산면,경둔리,0.04
2025,1699,2025-07-16~07-20,산사태_사유림,충청남도,부여군,은산면,경둔리,0.1
2025,1700,2025-07-16~07-20,산사태_사유림,충청남도,부여군,은산면,흥산리,0.05
2025,1701,2025-07-16~07-20,산사태_사유림,세종특별자치시,세종시,전의면,유천리,0.13
2025,1702,2025-07-16~07-20,산사태_사유림,세종특별자치시,세종시,전의면,유천리,0.07
2025,1703,2025-07-16~07-20,산사태_사유림,충청남도,공주시,유구읍,연종리,0.12
2025,1704,2025-07-16~07-20,산사태_사유림,충청남도,공주시,유구읍,연종리,0.15
2025,1705,2025-07-16~07-20,산사태_사유림,충청남도,예산군,신양면,죽천리,0.07
2025,1706,2025-07-16~07-20,산사태_사유림,충청남도,예산군,신양면,죽천리,0.21
2025,1707,2025-07-16~07-20,산사태_사유림,충청남도,예산군,신양면,죽천리,0.11
2025,1708,2025-07-16~07-20,산사태_사유림,경상남도,합천군,삼가면,학리,0.03
2025,1709,2025-07-16~07-20,산사태_사유림,경상남도,합천군,삼가면,학리,0.05
2025,1710,2025-07-16~07-20,산사태_사유림,경상남도,합천군,삼가면,학리,0.06
2025,1711,2025-07-16~07-20,산사태_사유림,경상남도,합천군,삼가면,학리,0.05
2025,1712,2025-07-16~07-20,산사태_사유림,경상남도,합천군,삼가면,학리,0.06
2025,1713,2025-07-16~07-20,산사태_사유림,충청남도,아산시,영인면,아산리,0.75
2025,1714,2025-07-16~07-20,산사태_사유림,광주광역시,북구,각화동,,0.06
2025,1715,2025-07-16~07-20,산사태_사유림,광주광역시,북구,두암동,,0.4
2025,1716,2025-07-16~07-20,산사태_사유림,광주광역시,북구,두암동,,0.2
2025,1717,2025-07-16~07-20,산사태_사유림,광주광역시,북구,두암동,,0.01
2025,1718,2025-07-16~07-20,산사태_사유림,광주광역시,북구,두암동,,0.01
2025,1719,2025-07-16~07-20,산사태_사유림,광주광역시,북구,두암동,,0.06
2025,1720,2025-07-16~07-20,산사태_사유림,전라남도,나주시,노안면,오정리,0.4
2025,1721,2025-07-16~07-20,산사태_사유림,경상남도,하동군,청암면,명호리,0.06
2025,1722,2025-07-16~07-20,산사태_사유림,경상남도,하동군,청암면,명호리,0.48
2025,1723,2025-07-16~07-20,산사태_사유림,경상남도,하동군,청암면,평촌리,0.2
2025,1724,2025-07-16~07-20,산사태_사유림,경상남도,함안군,칠북면,봉촌리,0.22
2025,1725,2025-07-16~07-20,산사태_사유림,경상남도,함안군,칠북면,봉촌리,0.03
2025,1726,2025-07-16~07-20,산사태_사유림,경상남도,함안군,칠북면,덕남리,0.15
2025,1727,2025-07-16~07-20,산사태_사유림,경상남도,함안군,칠북면,검단리,0.04
2025,1728,2025-07-16~07-20,산사태_사유림,경상남도,함안군,칠북면,가연리,0.1
2025,1729,2025-07-16~07-20,산사태_국유림,충청남도,보령시,성주면,개화리,0.02
2025,1730,2025-07-16~07-20,산사태_국유림,충청남도,보령시,성주면,개화리,0.01
2025,1731,2025-07-16~07-20,산사태_국유림,충청남도,보령시,성주면,개화리,0.03
2025,1732,2025-07-16~07-20,산사태_국유림,충청남도,보령시,성주면,개화리,0.03
2025,1733,2025-07-16~07-20,산사태_국유림,충청남도,보령시,성주면,개화리,0.03
2025,1734,2025-07-16~07-20,산사태_국유림,충청남도,보령시,천북면,낙동리,0.05
2025,1735,2025-07-16~07-20,산사태_국유림,충청남도,보령시,천북면,낙동리,0.03
2025,1736,2025-07-16~07-20,산사태_국유림,충청남도,보령시,청라면,소양리,0.08
2025,1737,2025-07-16~07-20,산사태_사유림,경상남도,합천군,묘산면,가산리,0.12
2025,1738,2025-07-16~07-20,산사태_사유림,경상남도,합천군,묘산면,가산리,0.6
2025,1739,2025-07-16~07-20,산사태_사유림,경상남도,합천군,용주면,방곡리,0.02
2025,1740,2025-07-16~07-20,산사태_사유림,경상남도,합천군,용주면,방곡리,0.15
2025,1741,2025-07-16~07-20,산사태_사유림,경상남도,합천군,용주면,방곡리,0.02
2025,1742,2025-07-16~07-20,산사태_사유림,경상남도,합천군,용주면,방곡리,0.25
2025,1743,2025-07-16~07-20,산사태_국유림,충청남도,부여군,초촌면,응평리,0.04
2025,1744,2025-07-16~07-20,산사태_국유림,충청남도,부여군,은산면,홍산리,0.06
2025,1745,2025-07-16~07-20,산사태_사유림,충청남도,아산시,배방읍,북수리,0.3
2025,1746,2025-07-16~07-20,산사태_사유림,충청남도,천안시 동남구,광덕면,광덕리,0.24
2025,1747,2025-07-16~07-20,산사태_사유림,충청남도,천안시 동남구,광덕면,광덕리,0.07
2025,1748,2025-07-16~07-20,산사태_사유림,경기도,가평군,북면,화악리,0.28
2025,1749,2025-07-16~07-20,산사태_사유림,경기도,가평군,북면,화악리,0.03
2025,1750,2025-07-16~07-20,산사태_사유림,경기도,가평군,북면,화악리,0.04
2025,1751,2025-07-16~07-20,산사태_사유림,경기도,가평군,북면,화악리,0.36
2025,1752,2025-07-16~07-20,산사태_사유림,경상남도,의령군,부림면,여배리,0.11
2025,1753,2025-07-16~07-20,산사태_사유림,경상남도,의령군,부림면,권혜리,0.48
2025,1754,2025-07-16~07-20,산사태_사유림,경상남도,의령군,부림면,권혜리,0.12
2025,1755,2025-07-16~07-20,산사태_사유림,충청북도,청주시,북이면,호명리,0.16
2025,1756,2025-07-16~07-20,산사태_사유림,경상남도,합천군,가회면,중촌리,0.02
2025,1757,2025-07-16~07-20,산사태_사유림,경상남도,합천군,가회면,중촌리,0.01
2025,1758,2025-07-16~07-20,산사태_사유림,경상남도,합천군,가회면,중촌리,0.11
2025,1759,2025-07-16~07-20,산사태_사유림,경상남도,합천군,가회면,중촌리,0.11
2025,1760,2025-07-16~07-20,산사태_사유림,경상남도,합천군,가회면,중촌리,0.02
2025,1761,2025-07-16~07-20,산사태_사유림,경상남도,합천군,가회면,중촌리,0.03
2025,1762,2025-07-16~07-20,산사태_사유림,경상남도,합천군,가회면,중촌리,0.01
2025,1763,2025-07-16~07-20,산사태_사유림,경상남도,거창군,남상면,전척리,0.05
2025,1764,2025-07-16~07-20,산사태_사유림,경상남도,거창군,남상면,전척리,0.04
2025,1765,2025-07-16~07-20,산사태_사유림,경상남도,거창군,남상면,춘전리,0.01
2025,1766,2025-07-16~07-20,산사태_사유림,경상남도,거창군,남상면,춘전리,0.01
2025,1767,2025-07-16~07-20,산사태_사유림,경상남도,거창군,남상면,임불리,0.12
2025,1768,2025-07-16~07-20,산사태_사유림,경상남도,거창군,남상면,임불리,0.3
2025,1769,2025-07-16~07-20,산사태_사유림,울산광역시,울주군,범서읍,척과리,0.2
2025,1770,2025-07-16~07-20,산사태_사유림,울산광역시,울주군,범서읍,척과리,0.5
2025,1771,2025-07-16~07-20,산사태_사유림,경상남도,의령군,궁류면,백계리,0.05
2025,1772,2025-07-16~07-20,산사태_사유림,경상남도,의령군,궁류면,백계리,0.03
2025,1773,2025-07-16~07-20,산사태_사유림,경상남도,의령군,궁류면,백계리,0.02
2025,1774,2025-07-16~07-20,산사태_사유림,경상남도,의령군,궁류면,백계리,0.55
2025,1775,2025-07-16~07-20,산사태_사유림,경상남도,의령군,궁류면,백계리,0.05
2025,1776,2025-07-16~07-20,산사태_사유림,경상남도,합천군,대병면,하금리,0.18
2025,1777,2025-07-16~07-20,산사태_사유림,경상남도,합천군,대병면,하금리,0.02
2025,1778,2025-07-16~07-20,산사태_사유림,경상남도,의령군,가례면,갑을리,0.51
2025,1779,2025-07-16~07-20,산사태_사유림,경상남도,의령군,가례면,갑을리,0.18
2025,1780,2025-07-16~07-20,산사태_사유림,충청남도,아산시,음봉면,신수리,0.5
2025,1781,2025-07-16~07-20,산사태_사유림,충청남도,예산군,대술면,산정리,0.53
2025,1782,2025-07-16~07-20,산사태_사유림,충청남도,예산군,대술면,산정리,0.06
2025,1783,2025-07-16~07-20,산사태_사유림,충청남도,서천군,판교면,금덕리,0.12
2025,1784,2025-07-16~07-20,산사태_사유림,충청남도,서천군,판교면,금덕리,0.15
2025,1785,2025-07-16~07-20,산사태_사유림,충청남도,서천군,판교면,금덕리,0.07
2025,1786,2025-07-16~07-20,산사태_사유림,충청남도,서천군,판교면,금덕리,0.01
2025,1787,2025-07-16~07-20,산사태_사유림,경상남도,합천군,합천읍,영창리,0.1
2025,1788,2025-07-16~07-20,산사태_사유림,경상남도,합천군,합천읍,영창리,0.45
2025,1789,2025-07-16~07-20,산사태_사유림,충청북도,보은군,수한면,후평리,0.05
2025,1790,2025-07-16~07-20,산사태_사유림,충청남도,태안군,근흥면,수룡리,0.32
2025,1791,2025-07-16~07-20,산사태_사유림,경상남도,함양군,함양읍,죽림리,0.01
2025,1792,2025-07-16~07-20,산사태_사유림,경상남도,함양군,함양읍,구룡리,0
2025,1793,2025-07-16~07-20,산사태_사유림,경상남도,함양군,함양읍,구룡리,0.07
2025,1794,2025-07-16~07-20,산사태_사유림,경상남도,함양군,함양읍,구룡리,0.09
2025,1795,2025-07-16~07-20,산사태_사유림,경상남도,함양군,함양읍,난평리,0.01
2025,1796,2025-07-16~07-20,산사태_사유림,경상남도,함양군,함양읍,난평리,0.08
2025,1797,2025-07-16~07-20,산사태_사유림,경상남도,함양군,함양읍,삼산리,0.01
2025,1798,2025-07-16~07-20,산사태_사유림,경상남도,함양군,함양읍,백천리,0.17
2025,1799,2025-07-16~07-20,산사태_사유림,경상남도,합천군,삼가면,덕진리,0.06
2025,1800,2025-07-16~07-20,산사태_사유림,경상남도,합천군,삼가면,덕진리,0.01
2025,1801,2025-07-16~07-20,산사태_사유림,경상남도,합천군,삼가면,덕진리,0.14
2025,1802,2025-07-16~07-20,산사태_사유림,경상남도,합천군,삼가면,덕진리,0.21
2025,1803,2025-07-16~07-20,산사태_사유림,경상남도,고성군,개천면,용안리,0.65
2025,1804,2025-07-16~07-20,산사태_사유림,경상남도,산청군,오부면,양촌리,0.25
2025,1805,2025-07-16~07-20,산사태_사유림,경상남도,산청군,오부면,양촌리,0.28
2025,1806,2025-07-16~07-20,산사태_사유림,경상남도,산청군,오부면,내곡리,0.12
2025,1807,2025-07-16~07-20,산사태_사유림,충청남도,예산군,대흥면,하탄방리,0.16
2025,1808,2025-07-16~07-20,산사태_사유림,충청남도,예산군,대흥면,하탄방리,0.07
2025,1809,2025-07-16~07-20,산사태_사유림,충청남도,예산군,대흥면,하탄방리,0.21
2025,1810,2025-07-16~07-20,산사태_사유림,전라남도,영광군,군남면,도장리,0.2
2025,1811,2025-07-16~07-20,산사태_사유림,전라남도,영광군,군남면,도장리,0.1
2025,1812,2025-07-16~07-20,산사태_사유림,충청남도,천안시 동남구,광덕면,광덕리,0.15
2025,1813,2025-07-16~07-20,산사태_사유림,충청남도,천안시 동남구,광덕면,광덕리,0.08
2025,1814,2025-07-16~07-20,산사태_사유림,충청남도,천안시 동남구,광덕면,광덕리,0.01
2025,1815,2025-07-16~07-20,산사태_사유림,경상남도,함양군,휴천면,목현리,0.5
2025,1816,2025-07-16~07-20,산사태_사유림,경상남도,함양군,휴천면,목현리,0.06
2025,1817,2025-07-16~07-20,산사태_사유림,경상남도,함양군,휴천면,목현리,0.08
2025,1818,2025-07-16~07-20,산사태_사유림,경기도,가평군,상면,봉수리,0.12
2025,1819,2025-07-16~07-20,산사태_사유림,경기도,가평군,상면,봉수리,0.05
2025,1820,2025-07-16~07-20,산사태_사유림,경기도,가평군,상면,봉수리,0.03
2025,1821,2025-07-16~07-20,산사태_사유림,경기도,가평군,상면,봉수리,0.2
2025,1822,2025-07-16~07-20,산사태_사유림,경기도,가평군,상면,봉수리,0.12
2025,1823,2025-07-16~07-20,산사태_사유림,경기도,가평군,상면,봉수리,0.08
2025,1824,2025-07-16~07-20,산사태_사유림,충청남도,서산시,고북면,장요리,0.48
2025,1825,2025-07-16~07-20,산사태_사유림,충청남도,청양군,청양읍,학당리,0.07
2025,1826,2025-07-16~07-20,산사태_사유림,충청남도,청양군,청양읍,정좌리,0.14
2025,1827,2025-07-16~07-20,산사태_사유림,충청남도,청양군,화성면,매산리,0.12
2025,1828,2025-07-16~07-20,산사태_사유림,충청남도,청양군,화성면,매산리,0.1
2025,1829,2025-07-16~07-20,산사태_사유림,충청남도,청양군,화성면,매산리,0.06
2025,1830,2025-07-16~07-20,산사태_사유림,충청남도,청양군,비봉면,관산리,0.08
2025,1831,2025-07-16~07-20,산사태_사유림,경상남도,합천군,용주면,봉기리,0.03
2025,1832,2025-07-16~07-20,산사태_사유림,경상남도,합천군,용주면,봉기리,0.02
2025,1833,2025-07-16~07-20,산사태_사유림,경상남도,합천군,용주면,봉기리,0.07
2025,1834,2025-07-16~07-20,산사태_사유림,경상남도,합천군,용주면,봉기리,0.02
2025,1835,2025-07-16~07-20,산사태_사유림,경상남도,합천군,용주면,봉기리,0.03
2025,1836,2025-07-16~07-20,산사태_사유림,경상남도,합천군,용주면,봉기리,0.3
2025,1837,2025-07-16~07-20,산사태_사유림,충청남도,예산군,덕산면,대치리,0.07
2025,1838,2025-07-16~07-20,산사태_사유림,충청남도,예산군,덕산면,대치리,0.06
2025,1839,2025-07-16~07-20,산사태_사유림,충청남도,예산군,덕산면,대치리,0.06
2025,1840,2025-07-16~07-20,산사태_사유림,전라남도,순천시,주암면,오산리,0.16
2025,1841,2025-07-16~07-20,산사태_사유림,경기도,가평군,북면,제령리,0.02
2025,1842,2025-07-16~07-20,산사태_사유림,경기도,가평군,북면,제령리,0.01
2025,1843,2025-07-16~07-20,산사태_사유림,경기도,가평군,북면,목동리,0.2
2025,1844,2025-07-16~07-20,산사태_사유림,경기도,가평군,북면,소법리,0.21
2025,1845,2025-07-16~07-20,산사태_사유림,경기도,가평군,북면,목동리,0.05
2025,1846,2025-07-16~07-20,산사태_사유림,경기도,가평군,북면,제령리,0.05
2025,1847,2025-07-16~07-20,산사태_사유림,경기도,가평군,북면,소법리,0.06
2025,1848,2025-07-16~07-20,산사태_사유림,경상남도,합천군,용주면,공암리,0.01
2025,1849,2025-07-16~07-20,산사태_사유림,경상남도,합천군,용주면,공암리,0.02
2025,1850,2025-07-16~07-20,산사태_사유림,경상남도,합천군,용주면,공암리,0.1
2025,1851,2025-07-16~07-20,산사태_사유림,경상남도,합천군,용주면,공암리,0.1
2025,1852,2025-07-16~07-20,산사태_사유림,경상남도,합천군,용주면,공암리,0.06
2025,1853,2025-07-16~07-20,산사태_사유림,경상남도,합천군,용주면,공암리,0.1
2025,1854,2025-07-16~07-20,산사태_사유림,경상남도,합천군,용주면,공암리,0
2025,1855,2025-07-16~07-20,산사태_사유림,경상남도,합천군,용주면,공암리,0.1
2025,1856,2025-07-16~07-20,산사태_사유림,경기도,포천시,소흘읍,직동리,0.36
2025,1857,2025-07-16~07-20,산사태_사유림,경기도,포천시,소흘읍,직동리,0.03
2025,1858,2025-07-16~07-20,산사태_사유림,경기도,포천시,소흘읍,직동리,0.21
2025,1859,2025-07-16~07-20,산사태_사유림,경상북도,청도군,청도읍,부야리,0.3
2025,1860,2025-07-16~07-20,산사태_사유림,경상북도,청도군,청도읍,부야리,0.3
2025,1861,2025-07-16~07-20,산사태_사유림,충청남도,예산군,신양면,죽천리,0.35
2025,1862,2025-07-16~07-20,산사태_사유림,충청남도,예산군,신양면,죽천리,0.05
2025,1863,2025-07-16~07-20,산사태_사유림,경상남도,합천군,묘산면,안성리,0.08
2025,1864,2025-07-16~07-20,산사태_사유림,경상남도,합천군,묘산면,안성리,0.03
2025,1865,2025-07-16~07-20,산사태_사유림,경상남도,합천군,묘산면,안성리,0.09
2025,1866,2025-07-16~07-20,산사태_사유림,경상남도,합천군,묘산면,안성리,0.1
2025,1867,2025-07-16~07-20,산사태_사유림,경상남도,합천군,묘산면,안성리,0.06
2025,1868,2025-07-16~07-20,산사태_사유림,경상남도,합천군,묘산면,안성리,0.01
2025,1869,2025-07-16~07-20,산사태_국유림,전라남도,영광군,염산면,오동리,0.3
2025,1870,2025-07-16~07-20,산사태_사유림,충청남도,천안시 동남구,광덕면,매당리,0.07
2025,1871,2025-07-16~07-20,산사태_사유림,충청남도,천안시 동남구,광덕면,매당리,0.05
2025,1872,2025-07-16~07-20,산사태_사유림,충청남도,천안시 동남구,광덕면,무학리,0.05
2025,1873,2025-07-16~07-20,산사태_사유림,충청남도,천안시 동남구,광덕면,신흥리,0.02
2025,1874,2025-07-16~07-20,산사태_사유림,충청남도,홍성군,홍성읍,월산리,0.02
2025,1875,2025-07-16~07-20,산사태_사유림,충청남도,홍성군,홍성읍,월산리,0.08
2025,1876,2025-07-16~07-20,산사태_사유림,충청남도,홍성군,홍성읍,남장리,0.2
2025,1877,2025-07-16~07-20,산사태_사유림,충청남도,부여군,장암면,점상리,0.08
2025,1878,2025-07-16~07-20,산사태_사유림,충청남도,부여군,장암면,장하리,0.07
2025,1879,2025-07-16~07-20,산사태_사유림,충청남도,부여군,부여읍,중정리,0.05
2025,1880,2025-07-16~07-20,산사태_사유림,충청남도,부여군,옥산면,대덕리,0.02
2025,1881,2025-07-16~07-20,산사태_사유림,충청남도,부여군,옥산면,대덕리,0.01
2025,1882,2025-07-16~07-20,산사태_사유림,충청남도,부여군,남면,회동리,0.02
2025,1883,2025-07-16~07-20,산사태_사유림,전라남도,영광군,군남면,남창리,0.18
2025,1884,2025-07-16~07-20,산사태_사유림,충청남도,예산군,응봉면,후사리,0.4
2025,1885,2025-07-16~07-20,산사태_사유림,경상북도,청도군,청도읍,상리,0.57
2025,1886,2025-07-16~07-20,산사태_사유림,경상남도,함양군,수동면,하교리,0
2025,1887,2025-07-16~07-20,산사태_사유림,경상남도,함양군,수동면,하교리,0.04
2025,1888,2025-07-16~07-20,산사태_사유림,경상남도,함양군,수동면,하교리,0.03
2025,1889,2025-07-16~07-20,산사태_사유림,경상남도,함양군,수동면,하교리,0.5
2025,1890,2025-07-16~07-20,산사태_사유림,경상남도,창녕군,도천면,덕곡리,0.16
2025,1891,2025-07-16~07-20,산사태_사유림,전라남도,순천시,월등면,농선리,0.2
2025,1892,2025-07-16~07-20,산사태_사유림,충청남도,서산시,고북면,장요리,0.49
2025,1893,2025-07-16~07-20,산사태_사유림,경상남도,의령군,의령읍,중리,0.21
2025,1894,2025-07-16~07-20,산사태_사유림,경상남도,의령군,의령읍,중리,0.15
2025,1895,2025-07-16~07-20,산사태_사유림,경상남도,의령군,의령읍,중리,0.07
2025,1896,2025-07-16~07-20,산사태_사유림,경상남도,의령군,의령읍,중리,0.13
2025,1897,2025-07-16~07-20,산사태_사유림,경상남도,함양군,마천면,구양리,0.21
2025,1898,2025-07-16~07-20,산사태_사유림,경상남도,함양군,마천면,군자리,0.04
2025,1899,2025-07-16~07-20,산사태_사유림,경상남도,함양군,마천면,군자리,0.01
2025,1900,2025-07-16~07-20,산사태_사유림,경상남도,함양군,마천면,군자리,0.03
2025,1901,2025-07-16~07-20,산사태_사유림,경상남도,함양군,마천면,군자리,0.01
2025,1902,2025-07-16~07-20,산사태_사유림,경상남도,함양군,마천면,덕전리,0.02
2025,1903,2025-07-16~07-20,산사태_사유림,경상남도,함양군,마천면,덕전리,0.02
2025,1904,2025-07-16~07-20,산사태_사유림,경상남도,함양군,마천면,덕전리,0.06
2025,1905,2025-07-16~07-20,산사태_사유림,경상남도,함양군,마천면,삼정리,0.16
2025,1906,2025-07-16~07-20,산사태_국유림,경상남도,함양군,마천면,삼정리,0.05
2025,1907,2025-07-16~07-20,산사태_국유림,경상남도,함양군,마천면,삼정리,0.17
2025,1908,2025-07-16~07-20,산사태_국유림,경상남도,함양군,마천면,삼정리,0.01
2025,1909,2025-07-16~07-20,산사태_국유림,경상남도,함양군,마천면,삼정리,0.01
2025,1910,2025-07-16~07-20,산사태_국유림,경상남도,함양군,마천면,삼정리,0.02
2025,1911,2025-07-16~07-20,산사태_국유림,경상남도,함양군,마천면,삼정리,0.01
2025,1912,2025-07-16~07-20,산사태_국유림,경상남도,함양군,마천면,삼정리,0.02
2025,1913,2025-07-16~07-20,산사태_국유림,경상남도,함양군,마천면,삼정리,0.03
2025,1914,2025-07-16~07-20,산사태_사유림,경상남도,거창군,가조면,도리,0.08
2025,1915,2025-07-16~07-20,산사태_사유림,경상남도,거창군,가조면,도리,0.1
2025,1916,2025-07-16~07-20,산사태_사유림,경상남도,거창군,가조면,도리,0.01
2025,1917,2025-07-16~07-20,산사태_사유림,경상남도,거창군,거창읍,가지리,0.19
2025,1918,2025-07-16~07-20,산사태_사유림,경상남도,거창군,남하면,대야리,0.01
2025,1919,2025-07-16~07-20,산사태_사유림,경상남도,거창군,마리면,대동리,0.02
2025,1920,2025-07-16~07-20,산사태_국유림,강원특별자치도,홍천군,서석면,생곡리,0.2
2025,1921,2025-07-16~07-20,산사태_사유림,경상남도,합천군,가화면,둔내리,0.2
2025,1922,2025-07-16~07-20,산사태_사유림,경상남도,합천군,가화면,둔내리,0.2
2025,1923,2025-07-16~07-20,산사태_사유림,경상남도,합천군,가화면,둔내리,0.15
2025,1924,2025-07-16~07-20,산사태_국유림,대전광역시,유성구,계산동,,0.07
2025,1925,2025-07-16~07-20,산사태_사유림,충청남도,당진시,정미면,수당리,0.12
2025,1926,2025-07-16~07-20,산사태_사유림,충청남도,당진시,정미면,수당리,0.05
2025,1927,2025-07-16~07-20,산사태_사유림,충청남도,당진시,정미면,수당리,0.15
2025,1928,2025-07-16~07-20,산사태_사유림,충청남도,당진시,정미면,수당리,0.04
2025,1929,2025-07-16~07-20,산사태_사유림,충청남도,당진시,면천면,대치리,0.21
2025,1930,2025-07-16~07-20,산사태_사유림,충청남도,당진시,면천면,대치리,0.02
2025,1931,2025-07-16~07-20,산사태_사유림,경기도,포천시,소홀읍,고모리,0.21
2025,1932,2025-07-16~07-20,산사태_사유림,경기도,포천시,소홀읍,고모리,0.28
2025,1933,2025-07-16~07-20,산사태_사유림,경기도,포천시,소홀읍,고모리,0.02
2025,1934,2025-07-16~07-20,산사태_사유림,경기도,포천시,소홀읍,고모리,0.02
2025,1935,2025-07-16~07-20,산사태_사유림,경상남도,함양군,휴천면,남호리,0.05
2025,1936,2025-07-16~07-20,산사태_사유림,경상남도,함양군,휴천면,동강리,0.12
2025,1937,2025-07-16~07-20,산사태_사유림,경상남도,함양군,휴천면,호산리,0.05
2025,1938,2025-07-16~07-20,산사태_사유림,경상남도,함양군,휴천면,문정리,0.12
2025,1939,2025-07-16~07-20,산사태_사유림,전라남도,보성군,북내면,시천리,0.08
2025,1940,2025-07-16~07-20,산사태_사유림,전라남도,보성군,북내면,시천리,0.08
2025,1941,2025-07-16~07-20,산사태_사유림,경기도,가평군,조종면,신하리,0.04
2025,1942,2025-07-16~07-20,산사태_사유림,경기도,가평군,조종면,신하리,0.1
2025,1943,2025-07-16~07-20,산사태_사유림,경기도,가평군,조종면,신하리,0.01
2025,1944,2025-07-16~07-20,산사태_사유림,경기도,가평군,조종면,신하리,0.09
2025,1945,2025-07-16~07-20,산사태_사유림,경기도,가평군,조종면,신하리,0.03
2025,1946,2025-07-16~07-20,산사태_사유림,경기도,가평군,조종면,신하리,0.03
2025,1947,2025-07-16~07-20,산사태_사유림,경기도,가평군,조종면,신하리,0.02
2025,1948,2025-07-16~07-20,산사태_사유림,경기도,가평군,조종면,신하리,0.08
2025,1949,2025-07-16~07-20,산사태_사유림,경기도,가평군,조종면,신하리,0.01
2025,1950,2025-07-16~07-20,산사태_사유림,경기도,가평군,조종면,신하리,0.01
2025,1951,2025-07-16~07-20,산사태_사유림,경기도,가평군,조종면,신하리,0.1
2025,1952,2025-07-16~07-20,산사태_사유림,세종특별자치시,세종시,전의면,양곡리,0.18
2025,1953,2025-07-16~07-20,산사태_사유림,전라남도,영광군,묘량면,삼학리,0.04
2025,1954,2025-07-16~07-20,산사태_사유림,전라남도,영광군,묘량면,삼학리,0.02
2025,1955,2025-07-16~07-20,산사태_사유림,전라남도,영광군,묘량면,삼학리,0.03
2025,1956,2025-07-16~07-20,산사태_사유림,전라남도,영광군,묘량면,삼학리,0.04
2025,1957,2025-07-16~07-20,산사태_사유림,전라남도,영광군,묘량면,삼학리,0.03
2025,1958,2025-07-16~07-20,산사태_사유림,전라남도,순천시,송광면,덕산리,0.3
2025,1959,2025-07-16~07-20,산사태_사유림,충청남도,당진시,대호지면,두산리,0.2
2025,1960,2025-07-16~07-20,산사태_사유림,경상남도,합천군,대양면,안금리,0.05
2025,1961,2025-07-16~07-20,산사태_사유림,경상남도,합천군,대양면,안금리,0.05
2025,1962,2025-07-16~07-20,산사태_사유림,경상남도,합천군,대양면,안금리,0.16
2025,1963,2025-07-16~07-20,산사태_사유림,충청남도,예산군,대흥면,탄방리,0.37
2025,1964,2025-07-16~07-20,산사태_사유림,충청북도,괴산군,청안면,문당리,0.2
2025,1965,2025-07-16~07-20,산사태_사유림,광주광역시,동구,지산동,,0.3
2025,1966,2025-07-16~07-20,산사태_사유림,광주광역시,동구,지산동,,0.1
2025,1967,2025-07-16~07-20,산사태_사유림,광주광역시,동구,지산동,,0.1
2025,1968,2025-07-16~07-20,산사태_사유림,경상남도,함양군,수동면,죽산리,0
2025,1969,2025-07-16~07-20,산사태_사유림,경상남도,함양군,수동면,죽산리,0.13
2025,1970,2025-07-16~07-20,산사태_사유림,경상남도,함양군,수동면,죽산리,0.02
2025,1971,2025-07-16~07-20,산사태_사유림,경상남도,함양군,수동면,화산리,0
2025,1972,2025-07-16~07-20,산사태_사유림,경상남도,함양군,수동면,화산리,0.02
2025,1973,2025-07-16~07-20,산사태_사유림,경상남도,함양군,수동면,화산리,0.09
2025,1974,2025-07-16~07-20,산사태_사유림,경상남도,함양군,수동면,화산리,0.08
2025,1975,2025-07-16~07-20,산사태_사유림,충청남도,예산군,신양면,차동리,0.22
2025,1976,2025-07-16~07-20,산사태_사유림,충청남도,예산군,신양면,차동리,0.04
2025,1977,2025-07-16~07-20,산사태_사유림,충청남도,예산군,신양면,차동리,0.06
2025,1978,2025-07-16~07-20,산사태_사유림,광주광역시,북구,신안동,,0.09
2025,1979,2025-07-16~07-20,산사태_사유림,광주광역시,북구,신안동,,0.04
2025,1980,2025-07-16~07-20,산사태_사유림,광주광역시,북구,신안동,,0.03
2025,1981,2025-07-16~07-20,산사태_사유림,충청남도,서산시,고북면,장요리,0.45
2025,1982,2025-07-16~07-20,산사태_사유림,충청남도,서천군,서면,도둔리,0.07
2025,1983,2025-07-16~07-20,산사태_사유림,충청남도,서천군,서면,도둔리,0.15
2025,1984,2025-07-16~07-20,산사태_사유림,충청남도,서산시,인지면,성리,0.46
2025,1985,2025-07-16~07-20,산사태_사유림,경상남도,합천군,합천읍,서산리,0.15
2025,1986,2025-07-16~07-20,산사태_사유림,경상남도,합천군,합천읍,서산리,0.15
2025,1987,2025-07-16~07-20,산사태_사유림,경상남도,합천군,합천읍,서산리,0.07
2025,1988,2025-07-16~07-20,산사태_사유림,경상남도,거창군,신원면,대현리,0.03
2025,1989,2025-07-16~07-20,산사태_사유림,경상남도,거창군,신원면,대현리,0.05
2025,1990,2025-07-16~07-20,산사태_사유림,경상남도,거창군,신원면,와룡리,0.02
2025,1991,2025-07-16~07-20,산사태_사유림,경상남도,거창군,신원면,와룡리,0.05
2025,1992,2025-07-16~07-20,산사태_사유림,경상남도,거창군,신원면,와룡리,0.1
2025,1993,2025-07-16~07-20,산사태_사유림,경상남도,거창군,신원면,와룡리,0.1
2025,1994,2025-07-16~07-20,산사태_사유림,충청남도,당진시,사기소동,,0.3
2025,1995,2025-07-16~07-20,산사태_사유림,경상남도,함양군,휴천면,태관리,0.26
2025,1996,2025-07-16~07-20,산사태_사유림,경상남도,함양군,휴천면,태관리,0.17
2025,1997,2025-07-16~07-20,산사태_사유림,경상남도,함양군,휴천면,태관리,0.05
2025,1998,2025-07-16~07-20,산사태_사유림,경상남도,밀양시,산내면,송백리,0.07
2025,1999,2025-07-16~07-20,산사태_사유림,충청남도,예산군,봉산면,봉림리,0.1
2025,2000,2025-07-16~07-20,산사태_사유림,충청남도,예산군,봉산면,봉림리,0.12
2025,2001,2025-07-16~07-20,산사태_사유림,충청남도,예산군,봉산면,봉림리,0.12
2025,2002,2025-07-16~07-20,산사태_사유림,경상남도,창녕군,성산면,연당리,0.48
2025,2003,2025-07-16~07-20,산사태_사유림,충청남도,서산시,갈산동,,0.24
2025,2004,2025-07-16~07-20,산사태_사유림,충청남도,서산시,갈산동,,0.14
2025,2005,2025-07-16~07-20,산사태_사유림,충청남도,당진시,면천면,삼웅리,0.19
2025,2006,2025-07-16~07-20,산사태_사유림,충청남도,당진시,면천면,삼웅리,0.06
2025,2007,2025-07-16~07-20,산사태_사유림,충청남도,당진시,면천면,상성리,0.04
2025,2008,2025-07-16~07-20,산사태_사유림,충청남도,예산군,덕산면,상가리,0.28
2025,2009,2025-07-16~07-20,산사태_사유림,충청남도,예산군,대술면,마전리,0.4
2025,2010,2025-07-16~07-20,산사태_사유림,경상남도,함양군,휴천면,운서리,0.1
2025,2011,2025-07-16~07-20,산사태_사유림,경상남도,함양군,휴천면,운서리,0.06
2025,2012,2025-07-16~07-20,산사태_사유림,경상남도,함양군,휴천면,운서리,0.2
2025,2013,2025-07-16~07-20,산사태_사유림,경상남도,함양군,휴천면,월평리,0.02
2025,2014,2025-07-16~07-20,산사태_사유림,경상남도,함양군,휴천면,월평리,0.06
2025,2015,2025-07-16~07-20,산사태_사유림,경상남도,함양군,휴천면,월평리,0.02
2025,2016,2025-07-16~07-20,산사태_사유림,충청남도,천안시 동남구,광덕면,보산원리,0.1
2025,2017,2025-07-16~07-20,산사태_사유림,충청남도,천안시 동남구,광덕면,보산원리,0.02
2025,2018,2025-07-16~07-20,산사태_사유림,충청남도,천안시 동남구,광덕면,보산원리,0.02
2025,2019,2025-07-16~07-20,산사태_사유림,충청남도,천안시 동남구,광덕면,보산원리,0.04
2025,2020,2025-07-16~07-20,산사태_사유림,경상남도,거창군,신원면,과정리,0.01
2025,2021,2025-07-16~07-20,산사태_사유림,경상남도,거창군,신원면,과정리,0.02
2025,2022,2025-07-16~07-20,산사태_사유림,경상남도,거창군,신원면,과정리,0.03
2025,2023,2025-07-16~07-20,산사태_사유림,경상남도,거창군,신원면,과정리,0.02
2025,2024,2025-07-16~07-20,산사태_사유림,경상남도,거창군,신원면,과정리,0.02
2025,2025,2025-07-16~07-20,산사태_사유림,경상남도,거창군,신원면,구사리,0.05
2025,2026,2025-07-16~07-20,산사태_사유림,경상남도,거창군,신원면,구사리,0.03
2025,2027,2025-07-16~07-20,산사태_사유림,경상남도,거창군,신원면,구사리,0.02
2025,2028,2025-07-16~07-20,산사태_사유림,경상남도,거창군,신원면,덕산리,0.03
2025,2029,2025-07-16~07-20,산사태_사유림,경상남도,거창군,신원면,덕산리,0.06
2025,2030,2025-07-16~07-20,산사태_사유림,충청남도,서산시,인지면,풍전리,0.2
2025,2031,2025-07-16~07-20,산사태_사유림,충청남도,서산시,인지면,풍전리,0.2
2025,2032,2025-07-16~07-20,산사태_사유림,충청남도,당진시,합덕읍,소소리,0.39
2025,2033,2025-07-16~07-20,산사태_사유림,충청남도,당진시,합덕읍,석우리,0.07
2025,2034,2025-07-16~07-20,산사태_사유림,경상남도,합천군,삼가면,어전리,0.16
2025,2035,2025-07-16~07-20,산사태_사유림,충청남도,천안시 동남구,광덕면,지장리,0.06
2025,2036,2025-07-16~07-20,산사태_사유림,경상남도,밀양시,산내면,송백리,0.04
2025,2037,2025-07-16~07-20,산사태_사유림,전라남도,영광군,염산면,옥실리,0.02
2025,2038,2025-07-16~07-20,산사태_사유림,전라남도,영광군,염산면,옥실리,0.16
2025,2039,2025-07-16~07-20,산사태_사유림,전라남도,담양군,무정면,동산리,0.17
2025,2040,2025-07-16~07-20,산사태_사유림,충청남도,천안시 동남구,광덕면,광덕리,0.2
2025,2041,2025-07-16~07-20,산사태_사유림,경상남도,함양군,유림면,서주리,0.01
2025,2042,2025-07-16~07-20,산사태_사유림,경상남도,함양군,유림면,서주리,0.01
2025,2043,2025-07-16~07-20,산사태_사유림,경상남도,함양군,유림면,서주리,0.01
2025,2044,2025-07-16~07-20,산사태_사유림,경상남도,함양군,유림면,서주리,0
2025,2045,2025-07-16~07-20,산사태_사유림,경상남도,함양군,유림면,서주리,0
2025,2046,2025-07-16~07-20,산사태_사유림,경상남도,함양군,유림면,서주리,0.18
2025,2047,2025-07-16~07-20,산사태_사유림,경상남도,함양군,유림면,서주리,0.03
2025,2048,2025-07-16~07-20,산사태_사유림,경상남도,함양군,유림면,손곡리,0.01
2025,2049,2025-07-16~07-20,산사태_사유림,경상남도,함양군,유림면,손곡리,0.02
2025,2050,2025-07-16~07-20,산사태_사유림,경상남도,함양군,유림면,손곡리,0.08
2025,2051,2025-07-16~07-20,산사태_사유림,경상남도,함양군,유림면,옥매리,0.08
2025,2052,2025-07-16~07-20,산사태_사유림,충청남도,서산시,팔봉면,금학리,0.31
2025,2053,2025-07-16~07-20,산사태_사유림,경상남도,함양군,함양읍,백천리,0.07
2025,2054,2025-07-16~07-20,산사태_사유림,경상남도,함양군,함양읍,이은리,0.08
2025,2055,2025-07-16~07-20,산사태_사유림,경상남도,함양군,함양읍,이은리,0.03
2025,2056,2025-07-16~07-20,산사태_사유림,경상남도,함양군,함양읍,이은리,0
2025,2057,2025-07-16~07-20,산사태_사유림,경상남도,함양군,함양읍,이은리,0.12
2025,2058,2025-07-16~07-20,산사태_사유림,경상남도,함양군,함양읍,죽곡리,0.04
2025,2059,2025-07-16~07-20,산사태_사유림,경상남도,함양군,함양읍,죽곡리,0.02
2025,2060,2025-07-16~07-20,산사태_사유림,충청남도,예산군,봉산면,봉림리,0.44
2025,2061,2025-07-16~07-20,산사태_사유림,광주광역시,북구,운정동,,0.2
2025,2062,2025-07-16~07-20,산사태_사유림,광주광역시,북구,운정동,,0.03
2025,2063,2025-07-16~07-20,산사태_국유림,전라남도,영광군,군남면,도장리,0.3
2025,2064,2025-07-16~07-20,산사태_사유림,충청남도,부여군,충화면,현미리,0.04
2025,2065,2025-07-16~07-20,산사태_사유림,충청남도,부여군,충화면,오덕리,0.01
2025,2066,2025-07-16~07-20,산사태_사유림,충청남도,부여군,임천면,군사리,0.1
2025,2067,2025-07-16~07-20,산사태_사유림,충청남도,부여군,임천면,탑산리,0.02
2025,2068,2025-07-16~07-20,산사태_사유림,경상남도,합천군,가야면,황산리,0.04
2025,2069,2025-07-16~07-20,산사태_사유림,경상남도,합천군,가야면,황산리,0
2025,2070,2025-07-16~07-20,산사태_사유림,경상남도,합천군,가야면,황산리,0.01
2025,2071,2025-07-16~07-20,산사태_사유림,경상남도,합천군,가야면,황산리,0.06
2025,2072,2025-07-16~07-20,산사태_사유림,경상남도,합천군,가야면,황산리,0.03
2025,2073,2025-07-16~07-20,산사태_사유림,충청남도,예산군,신양면,여래미리,0.21
2025,2074,2025-07-16~07-20,산사태_사유림,충청남도,예산군,신양면,여래미리,0.06
2025,2075,2025-07-16~07-20,산사태_사유림,충청남도,예산군,광시면,서초정리,0.18
2025,2076,2025-07-16~07-20,산사태_사유림,충청남도,예산군,광시면,서초정리,0.12
2025,2077,2025-07-16~07-20,산사태_사유림,충청남도,예산군,광시면,서초정리,0.02
2025,2078,2025-07-16~07-20,산사태_사유림,충청남도,예산군,광시면,서초정리,0.05
2025,2079,2025-07-16~07-20,산사태_사유림,경상남도,합천군,쌍백면,대현리,0.08
2025,2080,2025-07-16~07-20,산사태_사유림,경상남도,합천군,쌍백면,운곡리,0.01
2025,2081,2025-07-16~07-20,산사태_사유림,경상남도,합천군,대양면,오산리,0.06
2025,2082,2025-07-16~07-20,산사태_사유림,경상남도,합천군,대양면,아천리,0.05
2025,2083,2025-07-16~07-20,산사태_사유림,경상남도,합천군,봉산면,도곡리,0.02
2025,2084,2025-07-16~07-20,산사태_사유림,경상남도,합천군,봉산면,도곡리,0.06
2025,2085,2025-07-16~07-20,산사태_사유림,경상남도,합천군,봉산면,도곡리,0.2
2025,2086,2025-07-16~07-20,산사태_사유림,경상남도,합천군,봉산면,도곡리,0.03
2025,2087,2025-07-16~07-20,산사태_사유림,충청남도,예산군,덕산면,시량리,0.33
2025,2088,2025-07-16~07-20,산사태_국유림,경상남도,산청군,단성면,길리,0.02
2025,2089,2025-07-16~07-20,산사태_국유림,경상남도,산청군,단성면,길리,0.03
2025,2090,2025-07-16~07-20,산사태_국유림,경상남도,산청군,단성면,길리,0.02
2025,2091,2025-07-16~07-20,산사태_국유림,경상남도,산청군,단성면,길리,0.01
2025,2092,2025-07-16~07-20,산사태_국유림,경상남도,산청군,단성면,길리,0.16
2025,2093,2025-07-16~07-20,산사태_국유림,경상남도,산청군,단성면,길리,0.03
2025,2094,2025-07-16~07-20,산사태_사유림,전라남도,장성군,동화면,구룡리,0.39
2025,2095,2025-07-16~07-20,산사태_국유림,경기도,포천시,소흘읍,직동리,0.12
2025,2096,2025-07-16~07-20,산사태_국유림,경기도,포천시,소흘읍,직동리,0.18
2025,2097,2025-07-16~07-20,산사태_국유림,경기도,포천시,소흘읍,직동리,0.12
2025,2098,2025-07-16~07-20,산사태_사유림,충청남도,천안시 동남구,광덕면,광덕리,0
2025,2099,2025-07-16~07-20,산사태_사유림,충청남도,천안시 동남구,광덕면,광덕리,0.01
2025,2100,2025-07-16~07-20,산사태_사유림,충청남도,천안시 동남구,광덕면,광덕리,0.01
2025,2101,2025-07-16~07-20,산사태_사유림,충청남도,천안시 동남구,광덕면,광덕리,0.07
2025,2102,2025-07-16~07-20,산사태_사유림,충청남도,천안시 동남구,광덕면,광덕리,0.1
2025,2103,2025-07-16~07-20,산사태_사유림,경상남도,함양군,유림면,국계리,0.41
2025,2104,2025-07-16~07-20,산사태_사유림,충청남도,예산군,덕산면,상가리,0.32
2025,2105,2025-07-16~07-20,산사태_사유림,충청남도,아산시,송악면,수곡리,0.41
2025,2106,2025-07-16~07-20,산사태_사유림,충청남도,서산시,운산면,신창리,0.25
2025,2107,2025-07-16~07-20,산사태_사유림,충청남도,서산시,운산면,신창리,0.03
2025,2108,2025-07-16~07-20,산사태_국유림,경상남도,함양군,휴천면,태관리,0.04
2025,2109,2025-07-16~07-20,산사태_국유림,경상남도,함양군,휴천면,태관리,0.15
2025,2110,2025-07-16~07-20,산사태_국유림,경상남도,함양군,휴천면,태관리,0.12
2025,2111,2025-07-16~07-20,산사태_사유림,충청남도,서산시,운산면,원평리,0.27
2025,2112,2025-07-16~07-20,산사태_사유림,충청남도,서산시,운산면,원평리,0.07
2025,2113,2025-07-16~07-20,산사태_국유림,경상남도,산청군,신등면,모례리,0.05
2025,2114,2025-07-16~07-20,산사태_국유림,경상남도,산청군,신등면,모례리,0.05
2025,2115,2025-07-16~07-20,산사태_국유림,경상남도,산청군,신등면,모례리,0.05
2025,2116,2025-07-16~07-20,산사태_국유림,경상남도,산청군,신등면,모례리,0.05
2025,2117,2025-07-16~07-20,산사태_사유림,충청남도,예산군,대흥면,손지리,0.14
2025,2118,2025-07-16~07-20,산사태_사유림,충청남도,예산군,대흥면,손지리,0.07
2025,2119,2025-07-16~07-20,산사태_사유림,충청남도,예산군,대흥면,손지리,0.07
2025,2120,2025-07-16~07-20,산사태_사유림,충청남도,예산군,대흥면,손지리,0.12
2025,2121,2025-07-16~07-20,산사태_사유림,충청남도,예산군,봉산면,봉림리,0.4
2025,2122,2025-07-16~07-20,산사태_사유림,충청남도,당진시,정미면,신시리,0.15
2025,2123,2025-07-16~07-20,산사태_사유림,충청남도,당진시,정미면,신시리,0.14
2025,2124,2025-07-16~07-20,산사태_사유림,충청남도,예산군,신양면,하천리,0.18
2025,2125,2025-07-16~07-20,산사태_사유림,충청남도,예산군,신양면,하천리,0.07
2025,2126,2025-07-16~07-20,산사태_사유림,충청남도,아산시,송악면,종곡리,0.16
2025,2127,2025-07-16~07-20,산사태_사유림,충청남도,아산시,송악면,종곡리,0.24
2025,2128,2025-07-16~07-20,산사태_사유림,경기도,가평군,북면,이곡리,0.01
2025,2129,2025-07-16~07-20,산사태_사유림,경기도,가평군,북면,이곡리,0.01
2025,2130,2025-07-16~07-20,산사태_사유림,경기도,가평군,북면,이곡리,0.04
2025,2131,2025-07-16~07-20,산사태_사유림,경기도,가평군,북면,이곡리,0.01
2025,2132,2025-07-16~07-20,산사태_사유림,경기도,가평군,북면,이곡리,0.01
2025,2133,2025-07-16~07-20,산사태_사유림,경기도,가평군,북면,이곡리,0.05
2025,2134,2025-07-16~07-20,산사태_사유림,경기도,가평군,북면,이곡리,0.01
2025,2135,2025-07-16~07-20,산사태_사유림,경기도,가평군,북면,이곡리,0.21
2025,2136,2025-07-16~07-20,산사태_사유림,경기도,가평군,북면,이곡리,0.05
2025,2137,2025-07-16~07-20,산사태_사유림,충청남도,예산군,신양면,신양리,0.15
2025,2138,2025-07-16~07-20,산사태_사유림,충청남도,예산군,신양면,신양리,0.03
2025,2139,2025-07-16~07-20,산사태_사유림,충청남도,예산군,신양면,신양리,0.01
2025,2140,2025-07-16~07-20,산사태_사유림,충청남도,예산군,봉산면,고도리,0.25
2025,2141,2025-07-16~07-20,산사태_사유림,충청남도,아산시,배방읍,수철리,0.16
2025,2142,2025-07-16~07-20,산사태_사유림,충청남도,예산군,덕산면,옥계리,0.16
2025,2143,2025-07-16~07-20,산사태_사유림,충청남도,예산군,덕산면,옥계리,0.16
2025,2144,2025-07-16~07-20,산사태_사유림,경상남도,합천군,묘산면,거산리,0.01
2025,2145,2025-07-16~07-20,산사태_사유림,경상남도,합천군,묘산면,거산리,0
2025,2146,2025-07-16~07-20,산사태_사유림,경상남도,합천군,묘산면,거산리,0.06
2025,2147,2025-07-16~07-20,산사태_사유림,경상남도,합천군,묘산면,거산리,0.08
2025,2148,2025-07-16~07-20,산사태_사유림,충청남도,예산군,신양면,만사리,0.07
2025,2149,2025-07-16~07-20,산사태_사유림,충청남도,예산군,신양면,만사리,0.15
2025,2150,2025-07-16~07-20,산사태_사유림,충청남도,서산시,운산면,원평리,0.32
2025,2151,2025-07-16~07-20,산사태_사유림,경상남도,밀양시,산내면,봉의리,0.03
2025,2152,2025-07-16~07-20,산사태_사유림,충청남도,예산군,대술면,화천리,0.16
2025,2153,2025-07-16~07-20,산사태_사유림,충청남도,예산군,대술면,화천리,0.1
2025,2154,2025-07-16~07-20,산사태_사유림,충청남도,예산군,광시면,마사리,0.14
2025,2155,2025-07-16~07-20,산사태_사유림,충청남도,예산군,광시면,마사리,0.03
2025,2156,2025-07-16~07-20,산사태_사유림,충청남도,예산군,광시면,마사리,0.03
2025,2157,2025-07-16~07-20,산사태_사유림,경상남도,합천군,대병면,역평리,0.2
2025,2158,2025-07-16~07-20,산사태_사유림,충청남도,서산시,운산면,고산리,0.17
2025,2159,2025-07-16~07-20,산사태_사유림,충청남도,서산시,운산면,고산리,0.01
2025,2160,2025-07-16~07-20,산사태_사유림,충청남도,서산시,운산면,고산리,0.14
2025,2161,2025-07-16~07-20,산사태_사유림,충청남도,당진시,면천면,송학리,0.06
2025,2162,2025-07-16~07-20,산사태_사유림,충청남도,당진시,면천면,송학리,0.02
2025,2163,2025-07-16~07-20,산사태_사유림,충청남도,당진시,면천면,송학리,0.05
2025,2164,2025-07-16~07-20,산사태_사유림,충청남도,당진시,면천면,죽동리,0.04
2025,2165,2025-07-16~07-20,산사태_사유림,충청남도,당진시,면천면,죽동리,0.06
2025,2166,2025-07-16~07-20,산사태_사유림,충청남도,예산군,신양면,차동리,0.22
2025,2167,2025-07-16~07-20,산사태_사유림,충청남도,예산군,신양면,차동리,0.05
2025,2168,2025-07-16~07-20,산사태_사유림,경상남도,합천군,대양면,정양리,0.15
2025,2169,2025-07-16~07-20,산사태_사유림,경상남도,합천군,대양면,정양리,0.05
2025,2170,2025-07-16~07-20,산사태_사유림,경상남도,함안군,군북면,하림리,0.16
2025,2171,2025-07-16~07-20,산사태_사유림,충청남도,아산시,염치읍,강청리,0.04
2025,2172,2025-07-16~07-20,산사태_사유림,충청남도,아산시,염치읍,강청리,0.13
2025,2173,2025-07-16~07-20,산사태_사유림,충청남도,예산군,신양면,서계양리,0.16
2025,2174,2025-07-16~07-20,산사태_사유림,충청남도,예산군,신양면,서계양리,0.04
2025,2175,2025-07-16~07-20,산사태_사유림,충청남도,예산군,신양면,서계양리,0.05
2025,2176,2025-07-16~07-20,산사태_사유림,경상남도,함안군,칠서면,청계리,0.18
2025,2177,2025-07-16~07-20,산사태_사유림,경상남도,함안군,칠서면,무릉리,0.04
2025,2178,2025-07-16~07-20,산사태_사유림,충청남도,천안시 동남구,광덕면,광덕리,0.11
2025,2179,2025-07-16~07-20,산사태_사유림,충청남도,천안시 동남구,광덕면,광덕리,0.09
2025,2180,2025-07-16~07-20,산사태_사유림,경상남도,의령군,가례면,갑을리,0.05
2025,2181,2025-07-16~07-20,산사태_사유림,경상남도,의령군,가례면,갑을리,0.13
2025,2182,2025-07-16~07-20,산사태_사유림,경상남도,의령군,가례면,갑을리,0.16
2025,2183,2025-07-16~07-20,산사태_사유림,경상남도,의령군,가례면,갑을리,0.01
2025,2184,2025-07-16~07-20,산사태_사유림,충청남도,예산군,봉산면,봉림리,0.09
2025,2185,2025-07-16~07-20,산사태_사유림,충청남도,예산군,봉산면,봉림리,0.05
2025,2186,2025-07-16~07-20,산사태_사유림,충청남도,예산군,봉산면,봉림리,0.12
2025,2187,2025-07-16~07-20,산사태_사유림,경상남도,산청군,신등면,사정리,0.15
2025,2188,2025-07-16~07-20,산사태_사유림,경상남도,산청군,신등면,사정리,0.1
2025,2189,2025-07-16~07-20,산사태_사유림,경상남도,산청군,신등면,사정리,0.1
2025,2190,2025-07-16~07-20,산사태_사유림,경기도,포천시,내촌면,소학리,0.35
2025,2191,2025-07-16~07-20,산사태_사유림,충청남도,예산군,광시면,구례리,0.19
2025,2192,2025-07-16~07-20,산사태_사유림,충청남도,예산군,신양면,황계리,0.04
2025,2193,2025-07-16~07-20,산사태_사유림,충청남도,예산군,신양면,황계리,0.03
2025,2194,2025-07-16~07-20,산사태_사유림,충청남도,예산군,신양면,황계리,0.01
2025,2195,2025-07-16~07-20,산사태_사유림,충청남도,예산군,신양면,황계리,0.13
2025,2196,2025-07-16~07-20,산사태_사유림,충청남도,예산군,신양면,무봉리,0.01
2025,2197,2025-07-16~07-20,산사태_사유림,충청남도,예산군,대술면,마전리,0.17
2025,2198,2025-07-16~07-20,산사태_사유림,충청남도,예산군,대술면,마전리,0.08
2025,2199,2025-07-16~07-20,산사태_사유림,충청남도,예산군,대술면,마전리,0.06
2025,2200,2025-07-16~07-20,산사태_사유림,경상남도,밀양시,청도면,고법리,0.04
2025,2201,2025-07-16~07-20,산사태_사유림,충청남도,예산군,대흥면,탄방리,0.17
2025,2202,2025-07-16~07-20,산사태_사유림,경상남도,함안군,군북면,사촌리,0.15
2025,2203,2025-07-16~07-20,산사태_사유림,경상남도,함안군,군북면,하림리,0.01
2025,2204,2025-07-16~07-20,산사태_국유림,강원특별자치도,홍천군,화촌면,야시대리,0.18
2025,2205,2025-07-16~07-20,산사태_국유림,강원특별자치도,홍천군,화촌면,야시대리,0.04
2025,2206,2025-07-16~07-20,산사태_국유림,강원특별자치도,홍천군,화촌면,야시대리,0.03
2025,2207,2025-07-16~07-20,산사태_사유림,충청남도,서산시,운산면,원평리,0.03
2025,2208,2025-07-16~07-20,산사태_사유림,충청남도,서산시,운산면,원평리,0.04
2025,2209,2025-07-16~07-20,산사태_사유림,충청남도,서산시,운산면,원평리,0.05
2025,2210,2025-07-16~07-20,산사태_사유림,충청남도,서산시,운산면,원평리,0.08
2025,2211,2025-07-16~07-20,산사태_사유림,충청남도,서산시,운산면,원평리,0.04
2025,2212,2025-07-16~07-20,산사태_사유림,충청남도,서산시,운산면,원평리,0.02
2025,2213,2025-07-16~07-20,산사태_사유림,충청남도,예산군,대흥면,손지리,0.2
2025,2214,2025-07-16~07-20,산사태_사유림,충청남도,예산군,대흥면,손지리,0.05
2025,2215,2025-07-16~07-20,산사태_사유림,충청남도,예산군,대흥면,대률리,0.06
2025,2216,2025-07-16~07-20,산사태_사유림,충청남도,예산군,대흥면,대률리,0.03
2025,2217,2025-07-16~07-20,산사태_사유림,충청남도,예산군,대흥면,대률리,0.03
2025,2218,2025-07-16~07-20,산사태_사유림,충청남도,예산군,대흥면,대률리,0.13
2025,2219,2025-07-16~07-20,산사태_사유림,강원특별자치도,춘천시,사북면,지암리,0.16
2025,2220,2025-07-16~07-20,산사태_사유림,강원특별자치도,춘천시,사북면,지암리,0.02
2025,2221,2025-07-16~07-20,산사태_사유림,강원특별자치도,춘천시,사북면,지암리,0.02
2025,2222,2025-07-16~07-20,산사태_사유림,강원특별자치도,춘천시,사북면,지암리,0.02
2025,2223,2025-07-16~07-20,산사태_국유림,경상남도,함양군,휴천면,금반리,0.21
2025,2224,2025-07-16~07-20,산사태_국유림,경상남도,함양군,휴천면,금반리,0.03
2025,2225,2025-07-16~07-20,산사태_국유림,경상남도,함양군,휴천면,금반리,0.1
2025,2226,2025-07-16~07-20,산사태_사유림,충청남도,태안군,안면읍,중장리,0.09
2025,2227,2025-07-16~07-20,산사태_사유림,충청남도,태안군,안면읍,중장리,0.11
2025,2228,2025-07-16~07-20,산사태_사유림,충청남도,예산군,봉산면,금치리,0.24
2025,2229,2025-07-16~07-20,산사태_사유림,충청남도,예산군,대술면,마전리,0.18
2025,2230,2025-07-16~07-20,산사태_사유림,충청남도,예산군,대술면,마전리,0.1
2025,2231,2025-07-16~07-20,산사태_사유림,충청남도,예산군,대술면,마전리,0.02
2025,2232,2025-07-16~07-20,산사태_사유림,충청남도,예산군,대술면,마전리,0.01
2025,2233,2025-07-16~07-20,산사태_사유림,충청남도,예산군,신양면,대덕리,0.05
2025,2234,2025-07-16~07-20,산사태_사유림,충청남도,예산군,신양면,대덕리,0.12
2025,2235,2025-07-16~07-20,산사태_사유림,충청남도,예산군,신양면,대덕리,0.04
2025,2236,2025-07-16~07-20,산사태_사유림,충청남도,예산군,덕산면,둔리,0.19
2025,2237,2025-07-16~07-20,산사태_사유림,경기도,가평군,조종면,대보리,0.05
2025,2238,2025-07-16~07-20,산사태_사유림,경기도,가평군,조종면,대보리,0.08
2025,2239,2025-07-16~07-20,산사태_사유림,경기도,가평군,조종면,대보리,0.2
2025,2240,2025-07-16~07-20,산사태_사유림,경기도,가평군,조종면,상판리,0.06
2025,2241,2025-07-16~07-20,산사태_사유림,경기도,가평군,조종면,상판리,0.02
2025,2242,2025-07-16~07-20,산사태_사유림,경기도,가평군,조종면,상판리,0
2025,2243,2025-07-16~07-20,산사태_사유림,경기도,가평군,조종면,상판리,0.08
2025,2244,2025-07-16~07-20,산사태_사유림,경기도,가평군,조종면,상판리,0.11
2025,2245,2025-07-16~07-20,산사태_사유림,경기도,가평군,조종면,상판리,0.04
2025,2246,2025-07-16~07-20,산사태_사유림,경기도,가평군,조종면,상판리,0.02
2025,2247,2025-07-16~07-20,산사태_사유림,경기도,가평군,북면,도대리,0.28
2025,2248,2025-07-16~07-20,산사태_사유림,경기도,가평군,북면,도대리,0.05
2025,2249,2025-07-16~07-20,산사태_사유림,충청남도,서산시,운산면,원평리,0.2
2025,2250,2025-07-16~07-20,산사태_사유림,충청남도,서산시,운산면,원평리,0.07
2025,2251,2025-07-16~07-20,산사태_사유림,경상남도,거창군,신원면,양지리,0.01
2025,2252,2025-07-16~07-20,산사태_사유림,경상남도,거창군,신원면,양지리,0.04
2025,2253,2025-07-16~07-20,산사태_사유림,경상남도,거창군,신원면,양지리,0.05
2025,2254,2025-07-16~07-20,산사태_사유림,경상남도,거창군,신원면,양지리,0.11
2025,2255,2025-07-16~07-20,산사태_사유림,충청남도,천안시 동남구,광덕면,원덕리,0.04
2025,2256,2025-07-16~07-20,산사태_사유림,충청북도,진천군,진천읍,상계리,0.02
2025,2257,2025-07-16~07-20,산사태_사유림,충청남도,서산시,갈산동,,0.12
2025,2258,2025-07-16~07-20,산사태_사유림,충청남도,서산시,갈산동,,0.16
2025,2259,2025-07-16~07-20,산사태_사유림,충청남도,예산군,봉산면,사석리,0.16
2025,2260,2025-07-16~07-20,산사태_사유림,충청남도,예산군,신양면,신양리,0.03
2025,2261,2025-07-16~07-20,산사태_사유림,충청남도,예산군,신양면,신양리,0.01
2025,2262,2025-07-16~07-20,산사태_사유림,충청남도,예산군,신양면,신양리,0.01
2025,2263,2025-07-16~07-20,산사태_사유림,충청남도,예산군,신양면,신양리,0.07
2025,2264,2025-07-16~07-20,산사태_사유림,충청남도,예산군,신양면,신양리,0.05
2025,2265,2025-07-16~07-20,산사태_사유림,경상남도,밀양시,산외면,희곡리,0.12
2025,2266,2025-07-16~07-20,산사태_사유림,경상남도,의령군,궁류면,토곡리,0.15
2025,2267,2025-07-16~07-20,산사태_사유림,경상남도,의령군,궁류면,토곡리,0.04
2025,2268,2025-07-16~07-20,산사태_사유림,경상남도,의령군,궁류면,토곡리,0.07
2025,2269,2025-07-16~07-20,산사태_사유림,경상남도,의령군,궁류면,토곡리,0.05
2025,2270,2025-07-16~07-20,산사태_사유림,충청남도,서산시,운산면,고풍리,0.12
2025,2271,2025-07-16~07-20,산사태_사유림,충청남도,서산시,운산면,고풍리,0.09
2025,2272,2025-07-16~07-20,산사태_사유림,경기도,가평군,상면,봉수리,0.01
2025,2273,2025-07-16~07-20,산사태_사유림,경기도,가평군,상면,봉수리,0.01
2025,2274,2025-07-16~07-20,산사태_사유림,경기도,가평군,상면,봉수리,0.06
2025,2275,2025-07-16~07-20,산사태_사유림,경기도,가평군,상면,봉수리,0.09
2025,2276,2025-07-16~07-20,산사태_사유림,경기도,가평군,상면,봉수리,0
2025,2277,2025-07-16~07-20,산사태_사유림,경기도,가평군,상면,봉수리,0.12
2025,2278,2025-07-16~07-20,산사태_사유림,경기도,가평군,상면,봉수리,0.02
2025,2279,2025-07-16~07-20,산사태_사유림,광주광역시,북구,금곡동,,0.08
2025,2280,2025-07-16~07-20,산사태_사유림,광주광역시,북구,금곡동,,0.1
2025,2281,2025-07-16~07-20,산사태_사유림,광주광역시,북구,금곡동,,0.01
2025,2282,2025-07-16~07-20,산사태_사유림,경상남도,거창군,신원면,중유리,0.01
2025,2283,2025-07-16~07-20,산사태_사유림,경상남도,거창군,신원면,중유리,0.08
2025,2284,2025-07-16~07-20,산사태_사유림,경상남도,거창군,신원면,중유리,0.03
2025,2285,2025-07-16~07-20,산사태_사유림,경상남도,거창군,신원면,중유리,0.01
2025,2286,2025-07-16~07-20,산사태_사유림,경상남도,거창군,신원면,중유리,0.13
2025,2287,2025-07-16~07-20,산사태_사유림,충청남도,서산시,운산면,팔중리,0.25
2025,2288,2025-07-16~07-20,산사태_사유림,충청남도,서산시,해미면,대곡리,0.2
2025,2289,2025-07-16~07-20,산사태_사유림,충청남도,서산시,운산면,팔중리,0.07
2025,2290,2025-07-16~07-20,산사태_사유림,충청남도,서산시,운산면,팔중리,0.08
2025,2291,2025-07-16~07-20,산사태_사유림,충청남도,예산군,대술면,궐곡리,0.3
2025,2292,2025-07-16~07-20,산사태_사유림,충청남도,당진시,면천면,송학리,0.3
2025,2293,2025-07-16~07-20,산사태_사유림,경상남도,밀양시,상동면,안인리,0.3
2025,2294,2025-07-16~07-20,산사태_국유림,경상남도,합천군,가야면,이천리,0.15
2025,2295,2025-07-16~07-20,산사태_국유림,경상남도,합천군,가야면,이천리,0.15
2025,2296,2025-07-16~07-20,산사태_사유림,광주광역시,동구,소태동,,0.15
2025,2297,2025-07-16~07-20,산사태_사유림,광주광역시,동구,소태동,,0.09
2025,2298,2025-07-16~07-20,산사태_사유림,광주광역시,동구,소태동,,0.06
2025,2299,2025-07-16~07-20,산사태_사유림,경상남도,함양군,백전면,백운리,0.3
2025,2300,2025-07-16~07-20,산사태_사유림,경상남도,하동군,적량면,우계리,0.3
2025,2301,2025-07-16~07-20,산사태_사유림,경상남도,산청군,삼장면,대포리,0.3
2025,2302,2025-07-16~07-20,산사태_사유림,충청남도,서산시,성연면,명천리,0.06
2025,2303,2025-07-16~07-20,산사태_사유림,충청남도,서산시,성연면,오사리,0.21
2025,2304,2025-07-16~07-20,산사태_사유림,충청남도,예산군,대흥면,갈신리,0.25
2025,2305,2025-07-16~07-20,산사태_사유림,충청남도,서산시,고북면,장요리,0.2
2025,2306,2025-07-16~07-20,산사태_사유림,충청남도,서산시,팔봉면,어송리,0.2
2025,2307,2025-07-16~07-20,산사태_사유림,충청남도,당진시,대덕동,,0.03
2025,2308,2025-07-16~07-20,산사태_사유림,충청남도,당진시,용연동,,0.01
2025,2309,2025-07-16~07-20,산사태_사유림,충청남도,당진시,구룡동,,0.12
2025,2310,2025-07-16~07-20,산사태_사유림,충청남도,예산군,신양면,불원리,0.18
2025,2311,2025-07-16~07-20,산사태_사유림,경기도,포천시,내촌면,진목리,0.01
2025,2312,2025-07-16~07-20,산사태_사유림,경기도,포천시,내촌면,진목리,0.12
2025,2313,2025-07-16~07-20,산사태_사유림,경기도,포천시,내촌면,진목리,0.04
2025,2314,2025-07-16~07-20,산사태_사유림,충청남도,예산군,광시면,서초정리,0.11
2025,2315,2025-07-16~07-20,산사태_사유림,충청남도,예산군,광시면,서초정리,0.03
2025,2316,2025-07-16~07-20,산사태_사유림,충청남도,예산군,광시면,서초정리,0.02
2025,2317,2025-07-16~07-20,산사태_사유림,충청남도,예산군,예산읍,주교리,0.16
2025,2318,2025-07-16~07-20,산사태_사유림,광주광역시,북구,금곡동,,0.25
2025,2319,2025-07-16~07-20,산사태_사유림,광주광역시,북구,금곡동,,0.05
2025,2320,2025-07-16~07-20,산사태_사유림,충청남도,서산시,운산면,고풍리,0.25
2025,2321,2025-07-16~07-20,산사태_사유림,충청남도,예산군,응봉면,등촌리,0.06
2025,2322,2025-07-16~07-20,산사태_사유림,충청남도,예산군,응봉면,등촌리,0.14
2025,2323,2025-07-16~07-20,산사태_사유림,충청남도,당진시,면천면,성하리,0.2
2025,2324,2025-07-16~07-20,산사태_사유림,충청남도,당진시,면천면,성하리,0.2
2025,2325,2025-07-16~07-20,산사태_사유림,충청남도,예산군,신양면,녹문리,0.16
2025,2326,2025-07-16~07-20,산사태_사유림,충청남도,예산군,신양면,녹문리,0.02
2025,2327,2025-07-16~07-20,산사태_사유림,충청남도,예산군,신양면,녹문리,0.06
2025,2328,2025-07-16~07-20,산사태_사유림,충청남도,예산군,광시면,은사리,0.13
2025,2329,2025-07-16~07-20,산사태_사유림,충청남도,예산군,광시면,은사리,0.03
2025,2330,2025-07-16~07-20,산사태_사유림,충청남도,예산군,대술면,화산리,0.16
2025,2331,2025-07-16~07-20,산사태_사유림,충청남도,예산군,대술면,화산리,0.01
2025,2332,2025-07-16~07-20,산사태_사유림,경상남도,함양군,유림면,유평리,0.01
2025,2333,2025-07-16~07-20,산사태_사유림,경상남도,함양군,유림면,유평리,0.01
2025,2334,2025-07-16~07-20,산사태_사유림,경상남도,함양군,유림면,장항리,0.01
2025,2335,2025-07-16~07-20,산사태_사유림,경상남도,함양군,유림면,장항리,0.01
2025,2336,2025-07-16~07-20,산사태_사유림,경상남도,함양군,유림면,화촌리,0.05
2025,2337,2025-07-16~07-20,산사태_사유림,경상남도,함양군,유림면,서주리,0.2
2025,2338,2025-07-16~07-20,산사태_사유림,충청남도,당진시,순성면,성북리,0.03
2025,2339,2025-07-16~07-20,산사태_사유림,충청남도,당진시,순성면,성북리,0.07
2025,2340,2025-07-16~07-20,산사태_사유림,충청남도,당진시,순성면,가교리,0.02
2025,2341,2025-07-16~07-20,산사태_사유림,충청남도,당진시,순성면,죽동리,0.05
2025,2342,2025-07-16~07-20,산사태_사유림,충청남도,예산군,신양면,시왕리,0.05
2025,2343,2025-07-16~07-20,산사태_사유림,충청남도,예산군,신양면,시왕리,0.1
2025,2344,2025-07-16~07-20,산사태_사유림,충청남도,예산군,신양면,시왕리,0.04
2025,2345,2025-07-16~07-20,산사태_사유림,충청남도,예산군,대술면,상항리,0.1
2025,2346,2025-07-16~07-20,산사태_사유림,충청남도,예산군,대술면,상항리,0.03
2025,2347,2025-07-16~07-20,산사태_사유림,충청남도,예산군,대술면,상항리,0.02
2025,2348,2025-07-16~07-20,산사태_사유림,충청남도,예산군,대술면,상항리,0.01
2025,2349,2025-07-16~07-20,산사태_사유림,충청남도,서산시,운산면,원평리,0.03
2025,2350,2025-07-16~07-20,산사태_사유림,충청남도,서산시,운산면,원평리,0.06
2025,2351,2025-07-16~07-20,산사태_사유림,충청남도,서산시,운산면,원평리,0.08
2025,2352,2025-07-16~07-20,산사태_사유림,광주광역시,북구,일곡동,,0.15
2025,2353,2025-07-16~07-20,산사태_사유림,광주광역시,북구,일곡동,,0.02
2025,2354,2025-07-16~07-20,산사태_사유림,충청남도,아산시,영인면,상성리,0.28
2025,2355,2025-07-16~07-20,산사태_사유림,전라남도,담양군,대덕면,운산리,0.17
2025,2356,2025-07-16~07-20,산사태_사유림,충청남도,아산시,도고면,덕암리,0.05
2025,2357,2025-07-16~07-20,산사태_사유림,충청남도,아산시,도고면,덕암리,0.05
2025,2358,2025-07-16~07-20,산사태_사유림,충청남도,아산시,도고면,덕암리,0.02
2025,2359,2025-07-16~07-20,산사태_사유림,충청남도,아산시,도고면,덕암리,0
2025,2360,2025-07-16~07-20,산사태_사유림,충청남도,아산시,도고면,덕암리,0.03
2025,2361,2025-07-16~07-20,산사태_사유림,충청남도,아산시,도고면,덕암리,0.07
2025,2362,2025-07-16~07-20,산사태_사유림,충청남도,서산시,성연면,고남리,0.2
2025,2363,2025-07-16~07-20,산사태_사유림,충청남도,천안시 동남구,수신면,발산리,0.02
2025,2364,2025-07-16~07-20,산사태_사유림,충청남도,예산군,대흥면,동서리,0.16
2025,2365,2025-07-16~07-20,산사태_사유림,충청남도,당진시,용연동,,0.17
2025,2366,2025-07-16~07-20,산사태_사유림,충청남도,당진시,고대면,항곡리,0.13
2025,2367,2025-07-16~07-20,산사태_사유림,충청남도,당진시,읍내동,,0.03
2025,2368,2025-07-16~07-20,산사태_사유림,충청남도,예산군,광시면,운산리,0.06
2025,2369,2025-07-16~07-20,산사태_사유림,충청남도,예산군,광시면,운산리,0.11
2025,2370,2025-07-16~07-20,산사태_사유림,충청남도,서산시,운산면,와우리,0.22
2025,2371,2025-07-16~07-20,산사태_사유림,충청남도,예산군,신양면,녹문리,0.18
2025,2372,2025-07-16~07-20,산사태_사유림,충청남도,예산군,예산읍,간양리,0.16
2025,2373,2025-07-16~07-20,산사태_사유림,충청남도,서산시,운산면,원평리,0.12
2025,2374,2025-07-16~07-20,산사태_사유림,충청남도,서산시,운산면,원평리,0.1
2025,2375,2025-07-16~07-20,산사태_사유림,전라남도,나주시,문평면,국동리,0.16
2025,2376,2025-07-16~07-20,산사태_사유림,충청남도,서산시,고북면,초록리,0.19
2025,2377,2025-07-16~07-20,산사태_사유림,광주광역시,북구,청풍동,,0.02
2025,2378,2025-07-16~07-20,산사태_사유림,광주광역시,북구,청풍동,,0.06
2025,2379,2025-07-16~07-20,산사태_사유림,광주광역시,북구,청풍동,,0.15
2025,2380,2025-07-16~07-20,산사태_국유림,경상남도,산청군,시천면,사리,0.02
2025,2381,2025-07-16~07-20,산사태_국유림,경상남도,산청군,시천면,사리,0.01
2025,2382,2025-07-16~07-20,산사태_국유림,경상남도,산청군,시천면,사리,0.05
2025,2383,2025-07-16~07-20,산사태_국유림,경상남도,산청군,시천면,사리,0.13
2025,2384,2025-07-16~07-20,산사태_국유림,경상남도,산청군,시천면,사리,0.06
2025,2385,2025-07-16~07-20,산사태_국유림,경상남도,산청군,시천면,중태리,0.02
2025,2386,2025-07-16~07-20,산사태_국유림,경상남도,산청군,시천면,중태리,0.03
2025,2387,2025-07-16~07-20,산사태_국유림,경상남도,산청군,시천면,중태리,0.07
2025,2388,2025-07-16~07-20,산사태_국유림,경상남도,산청군,시천면,중태리,0.15
2025,2389,2025-07-16~07-20,산사태_사유림,충청남도,예산군,대흥면,탄방리,0.08
2025,2390,2025-07-16~07-20,산사태_사유림,충청남도,예산군,대흥면,탄방리,0.1
2025,2391,2025-07-16~07-20,산사태_사유림,충청남도,아산시,염치읍,송곡리,0.26
2025,2392,2025-07-16~07-20,산사태_사유림,충청남도,아산시,염치읍,송곡리,0.01
2025,2393,2025-07-16~07-20,산사태_사유림,충청남도,청양군,운곡면,추광리,0.05
2025,2394,2025-07-16~07-20,산사태_사유림,충청남도,청양군,운곡면,추광리,0.16
2025,2395,2025-07-16~07-20,산사태_사유림,충청남도,청양군,운곡면,호제리,0.06
2025,2396,2025-07-16~07-20,산사태_사유림,경상남도,창녕군,도천면,어만리,0.27
2025,2397,2025-07-16~07-20,산사태_사유림,충청남도,서산시,운산면,용장리,0.11
2025,2398,2025-07-16~07-20,산사태_사유림,충청남도,서산시,운산면,용장리,0.13
2025,2399,2025-07-16~07-20,산사태_사유림,충청남도,예산군,신양면,연리,0.22
2025,2400,2025-07-16~07-20,산사태_사유림,충청남도,아산시,송악면,거산리,0.15
2025,2401,2025-07-16~07-20,산사태_사유림,충청남도,아산시,송악면,거산리,0.12
2025,2402,2025-07-16~07-20,산사태_사유림,충청남도,서산시,운산면,원평리,0.24
2025,2403,2025-07-16~07-20,산사태_사유림,충청남도,예산군,예산읍,대회리,0.2
2025,2404,2025-07-16~07-20,산사태_사유림,충청남도,예산군,대흥면,노동리,0.07
2025,2405,2025-07-16~07-20,산사태_사유림,충청남도,예산군,대흥면,노동리,0.1
2025,2406,2025-07-16~07-20,산사태_사유림,충청남도,예산군,대흥면,노동리,0.03
2025,2407,2025-07-16~07-20,산사태_사유림,충청남도,예산군,대술면,농리,0.19
2025,2408,2025-07-16~07-20,산사태_사유림,충청남도,예산군,광시면,노전리,0.04
2025,2409,2025-07-16~07-20,산사태_사유림,충청남도,예산군,광시면,노전리,0.08
2025,2410,2025-07-16~07-20,산사태_사유림,충청남도,예산군,광시면,노전리,0.05
2025,2411,2025-07-16~07-20,산사태_사유림,충청남도,서산시,해미면,대곡리,0.07
2025,2412,2025-07-16~07-20,산사태_사유림,충청남도,서산시,해미면,대곡리,0.06
2025,2413,2025-07-16~07-20,산사태_사유림,충청남도,서산시,해미면,대곡리,0.04
2025,2414,2025-07-16~07-20,산사태_사유림,충청남도,서산시,운산면,여미리,0.18
2025,2415,2025-07-16~07-20,산사태_사유림,충청남도,예산군,응봉면,평촌리,0.13
2025,2416,2025-07-16~07-20,산사태_사유림,충청남도,예산군,응봉면,평촌리,0.06
2025,2417,2025-07-16~07-20,산사태_사유림,충청남도,예산군,응봉면,평촌리,0.05
2025,2418,2025-07-16~07-20,산사태_국유림,경상남도,산청군,생초면,노은리,0.04
2025,2419,2025-07-16~07-20,산사태_국유림,경상남도,산청군,생초면,노은리,0.12
2025,2420,2025-07-16~07-20,산사태_국유림,경상남도,산청군,생초면,노은리,0.04
2025,2421,2025-07-16~07-20,산사태_국유림,경상남도,산청군,생초면,노은리,0.04
2025,2422,2025-07-16~07-20,산사태_국유림,경상남도,산청군,생초면,노은리,0.02
2025,2423,2025-07-16~07-20,산사태_국유림,경기도,포천시,내촌면,마명리,0.04
2025,2424,2025-07-16~07-20,산사태_국유림,경기도,포천시,내촌면,마명리,0.13
2025,2425,2025-07-16~07-20,산사태_국유림,경기도,포천시,내촌면,마명리,0.07
2025,2426,2025-07-16~07-20,산사태_국유림,경기도,포천시,내촌면,마명리,0.02
2025,2427,2025-07-16~07-20,산사태_사유림,충청남도,서산시,운산면,고풍리,0.14
2025,2428,2025-07-16~07-20,산사태_사유림,충청남도,서산시,운산면,고풍리,0.02
2025,2429,2025-07-16~07-20,산사태_사유림,충청남도,서산시,운산면,고풍리,0.01
2025,2430,2025-07-16~07-20,산사태_사유림,충청남도,서산시,운산면,고풍리,0
2025,2431,2025-07-16~07-20,산사태_사유림,충청남도,예산군,대술면,이티리,0.1
2025,2432,2025-07-16~07-20,산사태_사유림,충청남도,예산군,대술면,이티리,0.05
2025,2433,2025-07-16~07-20,산사태_사유림,충청남도,예산군,대술면,이티리,0.01
2025,2434,2025-07-16~07-20,산사태_사유림,경기도,가평군,가평읍,마장리,0.02
2025,2435,2025-07-16~07-20,산사태_사유림,경기도,가평군,가평읍,마장리,0.01
2025,2436,2025-07-16~07-20,산사태_사유림,경기도,가평군,가평읍,마장리,0.07
2025,2437,2025-07-16~07-20,산사태_사유림,경기도,가평군,가평읍,마장리,0.01
2025,2438,2025-07-16~07-20,산사태_사유림,경기도,가평군,가평읍,마장리,0.09
2025,2439,2025-07-16~07-20,산사태_사유림,경기도,가평군,가평읍,마장리,0.03
2025,2440,2025-07-16~07-20,산사태_사유림,경기도,가평군,가평읍,마장리,0.02
2025,2441,2025-07-16~07-20,산사태_사유림,경기도,포천시,내촌면,소학리,0.16
2025,2442,2025-07-16~07-20,산사태_사유림,경기도,포천시,내촌면,소학리,0.03
2025,2443,2025-07-16~07-20,산사태_사유림,경기도,포천시,내촌면,소학리,0.07
2025,2444,2025-07-16~07-20,산사태_사유림,충청남도,예산군,대술면,마전리,0.2
2025,2445,2025-07-16~07-20,산사태_사유림,충청남도,예산군,대술면,마전리,0.06
2025,2446,2025-07-16~07-20,산사태_사유림,경상북도,청도군,청도읍,원리,0.26
2025,2447,2025-07-16~07-20,산사태_사유림,충청남도,예산군,대흥면,대률리,0.11
2025,2448,2025-07-16~07-20,산사태_사유림,충청남도,예산군,대흥면,대률리,0.1
2025,2449,2025-07-16~07-20,산사태_사유림,충청남도,서산시,운산면,원평리,0.02
2025,2450,2025-07-16~07-20,산사태_사유림,충청남도,서산시,운산면,원평리,0.07
2025,2451,2025-07-16~07-20,산사태_사유림,충청남도,서산시,운산면,원평리,0.09
2025,2452,2025-07-16~07-20,산사태_사유림,충청남도,예산군,응봉면,입침리,0.16
2025,2453,2025-07-16~07-20,산사태_사유림,충청남도,서산시,운산면,원평리,0.02
2025,2454,2025-07-16~07-20,산사태_사유림,충청남도,서산시,운산면,원평리,0.04
2025,2455,2025-07-16~07-20,산사태_사유림,충청남도,서산시,운산면,원평리,0.1
2025,2456,2025-07-16~07-20,산사태_사유림,충청남도,예산군,대흥면,신속리,0.16
2025,2457,2025-07-16~07-20,산사태_사유림,경상남도,합천군,봉산면,송림리,0.17
2025,2458,2025-07-16~07-20,산사태_사유림,경상남도,합천군,봉산면,송림리,0.01
2025,2459,2025-07-16~07-20,산사태_사유림,경기도,포천시,내촌면,신팔리,0.05
2025,2460,2025-07-16~07-20,산사태_사유림,경기도,포천시,내촌면,신팔리,0.06
2025,2461,2025-07-16~07-20,산사태_사유림,경기도,포천시,내촌면,신팔리,0.07
2025,2462,2025-07-16~07-20,산사태_사유림,경기도,포천시,내촌면,신팔리,0.07
2025,2463,2025-07-16~07-20,산사태_사유림,경상남도,함양군,백전면,백운리,0.15
2025,2464,2025-07-16~07-20,산사태_사유림,경상남도,함양군,백전면,운산리,0.03
2025,2465,2025-07-16~07-20,산사태_사유림,경상남도,함양군,백전면,운산리,0
2025,2466,2025-07-16~07-20,산사태_사유림,경상남도,함양군,백전면,평정리,0.07
2025,2467,2025-07-16~07-20,산사태_사유림,경상남도,밀양시,산내면,용전리,0.07
2025,2468,2025-07-16~07-20,산사태_사유림,충청남도,예산군,대술면,시산리,0.15
2025,2469,2025-07-16~07-20,산사태_사유림,충청남도,서산시,해미면,대곡리,0
2025,2470,2025-07-16~07-20,산사태_사유림,충청남도,서산시,해미면,대곡리,0.01
2025,2471,2025-07-16~07-20,산사태_사유림,충청남도,서산시,해미면,대곡리,0
2025,2472,2025-07-16~07-20,산사태_사유림,충청남도,서산시,해미면,대곡리,0.04
2025,2473,2025-07-16~07-20,산사태_사유림,충청남도,서산시,해미면,대곡리,0.05
2025,2474,2025-07-16~07-20,산사태_사유림,충청남도,서산시,해미면,대곡리,0.04
2025,2475,2025-07-16~07-20,산사태_사유림,충청남도,예산군,덕산면,광천리,0.17
2025,2476,2025-07-16~07-20,산사태_사유림,충청남도,예산군,대술면,마전리,0.15
2025,2477,2025-07-16~07-20,산사태_사유림,충청남도,예산군,대술면,마전리,0.04
2025,2478,2025-07-16~07-20,산사태_사유림,충청남도,천안시 동남구,병천면,봉항리,0.03
2025,2479,2025-07-16~07-20,산사태_사유림,충청남도,천안시 동남구,병천면,봉항리,0.07
2025,2480,2025-07-16~07-20,산사태_사유림,충청남도,예산군,봉산면,사석리,0.16
2025,2481,2025-07-16~07-20,산사태_사유림,충청남도,예산군,덕산면,상가리,0.16
2025,2482,2025-07-16~07-20,산사태_사유림,충청남도,예산군,덕산면,신평리,0.17
2025,2483,2025-07-16~07-20,산사태_사유림,충청남도,예산군,봉산면,구암리,0.16
2025,2484,2025-07-16~07-20,산사태_국유림,충청남도,예산군,덕산면,광천리,0.16
2025,2485,2025-07-16~07-20,산사태_사유림,충청남도,예산군,대흥면,하탄방리,0.16
2025,2486,2025-07-16~07-20,산사태_사유림,충청남도,예산군,오가면,신장리,0.16
2025,2487,2025-07-16~07-20,산사태_사유림,경상남도,밀양시,산내면,봉의리,0.12
2025,2488,2025-07-16~07-20,산사태_사유림,경상남도,밀양시,청도면,요고리,0.03
2025,2489,2025-07-16~07-20,산사태_사유림,경상남도,밀양시,무안면,양효리,0.03
2025,2490,2025-07-16~07-20,산사태_사유림,충청남도,예산군,삽교읍,목리,0.21
2025,2491,2025-07-16~07-20,산사태_사유림,경상남도,함양군,마천면,강청리,0.05
2025,2492,2025-07-16~07-20,산사태_사유림,경상남도,함양군,마천면,구양리,0.03
2025,2493,2025-07-16~07-20,산사태_사유림,경상남도,함양군,마천면,구양리,0.1
2025,2494,2025-07-16~07-20,산사태_사유림,경상남도,함양군,마천면,구양리,0.01
2025,2495,2025-07-16~07-20,산사태_사유림,경상남도,함양군,마천면,군자리,0.02
2025,2496,2025-07-16~07-20,산사태_사유림,충청남도,아산시 ,송악면,마곡리,0.06
2025,2497,2025-07-16~07-20,산사태_사유림,충청남도,아산시 ,송악면,마곡리,0.01
2025,2498,2025-07-16~07-20,산사태_사유림,경상남도,밀양시,무안면,삼태리,0.01
2025,2499,2025-07-16~07-20,산사태_사유림,충청남도,예산군,덕산면,상가리,0.2
2025,2500,2025-07-16~07-20,산사태_사유림,충청남도,예산군,덕산면,상가리,0.2
2025,2501,2025-07-16~07-20,산사태_사유림,경상남도,함양군,수동면,내백리,0.02
2025,2502,2025-07-16~07-20,산사태_사유림,경상남도,함양군,수동면,도북리,0.17
2025,2503,2025-07-16~07-20,산사태_사유림,충청북도,음성군,소이면,갑산리,0.2
2025,2504,2025-07-16~07-20,산사태_사유림,충청북도,음성군,원남면,문암리,0.2
2025,2505,2025-07-16~07-20,산사태_사유림,경상남도,밀양시,무안면,운정리,0.04
2025,2506,2025-07-16~07-20,산사태_사유림,경상남도,함양군,지곡면,남효리,0.06
2025,2507,2025-07-16~07-20,산사태_사유림,경상남도,함양군,지곡면,덕암리,0.01
2025,2508,2025-07-16~07-20,산사태_사유림,경상남도,함양군,지곡면,마산리,0.07
2025,2509,2025-07-16~07-20,산사태_사유림,경상남도,함양군,지곡면,시목리,0.05
2025,2510,2025-07-16~07-20,산사태_사유림,경상남도,함양군,지곡면,시목리,0
2025,2511,2025-07-16~07-20,산사태_사유림,충청남도,예산군,대흥면,금곡리,0.16
2025,2512,2025-07-16~07-20,산사태_사유림,경상남도,의령군,칠곡면,내조리,0.13
2025,2513,2025-07-16~07-20,산사태_사유림,경상남도,의령군,칠곡면,내조리,0.04
2025,2514,2025-07-16~07-20,산사태_사유림,경상남도,의령군,칠곡면,내조리,0.02
2025,2515,2025-07-16~07-20,산사태_사유림,충청남도,예산군,덕산면,대치리,0.19
2025,2516,2025-07-16~07-20,산사태_사유림,경상남도,밀양시,교동,,0.04
2025,2517,2025-07-16~07-20,산사태_사유림,충청남도,예산군,덕산면,상가리,0.18
2025,2518,2025-07-16~07-20,산사태_사유림,경상남도,밀양시,부북면,춘화리,0.03
2025,2519,2025-07-16~07-20,산사태_사유림,충청남도,천안시 동남구,광덕면,지장리,0.1
2025,2520,2025-07-16~07-20,산사태_사유림,충청남도,천안시 동남구,광덕면,지장리,0.06
2025,2521,2025-07-16~07-20,산사태_사유림,충청남도,예산군,덕산면,둔리,0.17
2025,2522,2025-07-16~07-20,산사태_사유림,충청남도,아산시,송악면,강장리,0.17
2025,2523,2025-07-16~07-20,산사태_사유림,충청남도,예산군,덕산면,상가리,0.16
2025,2524,2025-07-16~07-20,산사태_사유림,충청남도,아산시,송악면,강장리,0.16
2025,2525,2025-07-16~07-20,산사태_국유림,전라남도,곡성군,곡성읍,신기리,0.03
2025,2526,2025-07-16~07-20,산사태_국유림,전라남도,곡성군,곡성읍,신기리,0.01
2025,2527,2025-07-16~07-20,산사태_사유림,경상남도,밀양시,하남읍,남전리,0.04
2025,2528,2025-07-16~07-20,산사태_사유림,충청남도,천안시 동남구,병천면,봉항리,0.02
2025,2529,2025-07-16~07-20,산사태_사유림,경상남도,산청군,시천면,중산리,0.15
2025,2530,2025-07-16~07-20,산사태_사유림,충청남도,예산군,덕산면,상가리,0.15
2025,2531,2025-07-16~07-20,산사태_국유림,경상남도,밀양시,삼랑진읍,우곡리,0.02
2025,2532,2025-07-16~07-20,산사태_사유림,경상남도,밀양시,교동,,0.02
2025,2533,2025-07-16~07-20,산사태_사유림,충청남도,아산시,송악면,거산리,0.03
2025,2534,2025-07-16~07-20,산사태_사유림,충청남도,아산시,면천면,송학리,0.02
2025,2535,2025-07-16~07-20,산사태_사유림,충청남도,아산시,면천면,송학리,0.01
2025,2536,2025-07-16~07-20,산사태_사유림,충청남도,아산시,면천면,송학리,0.01
2025,2537,2025-07-16~07-20,산사태_사유림,충청남도,아산시,면천면,송학리,0
2025,2538,2025-07-16~07-20,산사태_사유림,충청남도,아산시,면천면,송학리,0.01
2025,2539,2025-07-16~07-20,산사태_사유림,충청남도,아산시,송악면,유곡리,0
2025,2540,2025-07-16~07-20,산사태_사유림,충청남도,아산시,송악면,유곡리,0.01
2025,2541,2025-07-16~07-20,산사태_사유림,충청남도,아산시,송악면,유곡리,0.01
2025,2542,2025-07-16~07-20,산사태_사유림,충청남도,아산시,송악면,유곡리,0.02
2025,2543,2025-07-16~07-20,산사태_사유림,충청남도,아산시,송악면,강장리,0.01
2025,2544,2025-07-16~07-20,산사태_국유림,경기도,남양주시,진접읍,부평리,0.06
2025,2545,2025-07-16~07-20,산사태_국유림,경기도,남양주시,진접읍,부평리,0.01
2025,2546,2025-07-16~07-20,산사태_국유림,경기도,남양주시,진접읍,부평리,0
2025,2547,2025-07-16~07-20,산사태_국유림,경기도,남양주시,진접읍,부평리,0.06
2025,2548,2025-07-16~07-20,산사태_사유림,충청북도,진천군,진천읍,연곡리,0.05
2025,2549,2025-07-16~07-20,산사태_사유림,경상남도,밀양시,무안면,양효리,0.05
2025,2550,2025-07-16~07-20,산사태_사유림,충청북도,청주시 청원구,오창읍,구룡리,0.04
2025,2551,2025-07-16~07-20,산사태_사유림,경상남도,밀양시,무안면,중산리,0.01
2025,2552,2025-07-16~07-20,산사태_사유림,경상남도,의령군,봉수면,청계리,0.12
2025,2553,2025-07-16~07-20,산사태_사유림,충청북도,괴산군,소수면,아성리,0.02
2025,2554,2025-07-16~07-20,산사태_사유림,충청북도,괴산군,괴산읍,동부리,0.04
2025,2555,2025-07-16~07-20,산사태_사유림,경상남도,합천군,가회면,둔내리,0.04
2025,2556,2025-07-16~07-20,산사태_사유림,경상남도,밀양시,부북면,대항리,0.01
2025,2557,2025-07-16~07-20,산사태_사유림,충청북도,진천군,문백면,옥성리,0.07
2025,2558,2025-07-16~07-20,산사태_사유림,경상남도,밀양시,무안면,화봉리,0
2025,2559,2025-07-16~07-20,산사태_사유림,울산광역시,울주군,범서읍,망성리,0.1
2025,2560,2025-07-16~07-20,산사태_사유림,경상남도,밀양시,산내면,봉의리,0.01
2025,2561,2025-07-16~07-20,산사태_사유림,충청북도,괴산군,문광면,문법리,0.02
2025,2562,2025-07-16~07-20,산사태_사유림,경상남도,밀양시,삼랑진읍,율동리,0.01
2025,2563,2025-07-16~07-20,산사태_사유림,경상남도,의령군,유곡면,상곡리,0.08
2025,2564,2025-07-16~07-20,산사태_사유림,경상남도,밀양시,무안면,정곡리,0.01
2025,2565,2025-07-16~07-20,산사태_국유림,경상남도,밀양시,삼랑진읍,안태리,0.03
2025,2566,2025-07-16~07-20,산사태_사유림,충청북도,진천군,진천읍,상계리,0.02
2025,2567,2025-07-16~07-20,산사태_사유림,경상남도,산청군,삼장면,대하리,0.07
2025,2568,2025-07-16~07-20,산사태_사유림,충청남도,천안시 동남구,광덕면,광덕리,0.28
2025,2569,2025-07-16~07-20,산사태_사유림,충청북도,괴산군,소수면,고마리,0.01
2025,2570,2025-07-16~07-20,산사태_사유림,충청북도,괴산군,소수면,고마리,0.01
2025,2571,2025-07-16~07-20,산사태_사유림,충청북도,괴산군,소수면,고마리,0.01
2025,2572,2025-07-16~07-20,산사태_사유림,경상남도,밀양시,부북면,대항리,0.01
2025,2573,2025-07-16~07-20,산사태_사유림,충청북도,청주시 흥덕구,오송읍,상봉리,0.05
2025,2574,2025-07-16~07-20,산사태_사유림,경상남도,밀양시,삼랑진읍,청학리,0
2025,2575,2025-07-16~07-20,산사태_사유림,경상남도,밀양시,상동면,옥산리,0
2025,2576,2025-07-16~07-20,산사태_사유림,충청남도,아산시,송악면,동화리,0.04
2025,2577,2025-07-16~07-20,산사태_사유림,충청남도,아산시,송악면,평촌리,0.02
2025,2578,2025-07-16~07-20,산사태_사유림,경상남도,밀양시,상동면,매화리,0
2025,2579,2025-07-16~07-20,산사태_국유림,충청남도,당진시,합덕읍,석우리,0.05
2025,2580,2025-07-16~07-20,산사태_사유림,경상남도,밀양시,교동,,0.02
2025,2581,2025-07-16~07-20,산사태_사유림,경상남도,밀양시,무안면,마흘리,0
2025,2582,2025-07-16~07-20,산사태_사유림,충청북도,괴산군,칠성면,갈읍리,0.02
2025,2583,2025-07-16~07-20,산사태_사유림,충청북도,증평군,도안면,도당리,0.02
2025,2584,2025-07-16~07-20,산사태_사유림,충청북도,진천군,진천읍,문봉리,0.01
2025,2585,2025-07-16~07-20,산사태_국유림,경상남도,밀양시,삼랸진읍,행곡리,0.01
2025,2586,2025-07-16~07-20,산사태_사유림,경상남도,밀양시,삼랑진읍,삼량리,0.01
2025,2587,2025-07-16~07-20,산사태_사유림,경상남도,밀양시,삼랑진읍 ,숭진리,0
2025,2588,2025-07-16~07-20,산사태_사유림,충청남도,아산시,도고면,화천리,0.01
2025,2589,2025-07-16~07-20,산사태_사유림,충청남도,아산시,도고면,화천리,0
2025,2590,2025-07-16~07-20,산사태_사유림,경상남도,밀양시,삼랑진읍,율동리,0.07
2025,2591,2025-07-16~07-20,산사태_사유림,경상남도,밀양시,삼랑진읍,검세리,0
2025,2592,2025-07-16~07-20,산사태_사유림,충청남도,서산시,동문동,,0.01
2025,2593,2025-07-16~07-20,산사태_사유림,광주광역시,광산구,산정동,,0.01
2025,2594,2025-07-16~07-20,산사태_사유림,경상남도,밀양시,무안면,정곡리,0
2025,2595,2025-07-16~07-20,산사태_사유림,경상남도,산청군,산청읍,정곡리,0.6
2025,2596,2025-07-16~07-20,산사태_사유림,경상남도,산청군,산청읍,정곡리,0.6
2025,2597,2025-07-16~07-20,산사태_사유림,경상남도,산청군,산청읍,정곡리,0.87
2025,2598,2025-07-16~07-20,산사태_사유림,경상남도,산청군,산청읍,정곡리,0.3
2025,2599,2025-07-16~07-20,산사태_사유림,경상남도,산청군,산청읍,정곡리,1.77
2025,2600,2025-08-03~08-14,산사태_사유림,전라남도,함평군,나산면,원선리 ,1.65
2025,2601,2025-08-03~08-14,산사태_사유림,전라남도,함평군,나산면,원선리 ,0.3
2025,2602,2025-08-03~08-14,산사태_사유림,전라남도,함평군,나산면,원선리 ,0.14
2025,2603,2025-08-03~08-14,산사태_사유림,전라남도,함평군,나산면,원선리 ,0.33
2025,2604,2025-08-03~08-14,산사태_사유림,전라남도,함평군,나산면,원선리 ,0.03
2025,2605,2025-08-03~08-14,산사태_사유림,전라남도,함평군,나산면,원선리 ,0.39
2025,2606,2025-08-03~08-14,산사태_국유림,전라남도,함평군,나산면,구산리,0.17
2025,2607,2025-08-03~08-14,산사태_국유림,전라남도,함평군,나산면,구산리,0.11
2025,2608,2025-08-03~08-14,산사태_국유림,전라남도,함평군,나산면,구산리,0.44
2025,2609,2025-08-03~08-14,산사태_국유림,전라남도,함평군,나산면,구산리,0.23
2025,2610,2025-08-03~08-14,산사태_국유림,전라남도,함평군,나산면,구산리,0.13
2025,2611,2025-08-03~08-14,산사태_국유림,전라남도,함평군,나산면,구산리,0.1
2025,2612,2025-08-03~08-14,산사태_사유림,전라남도,무안군,현경면,해운리 ,1.33
2025,2613,2025-08-03~08-14,산사태_사유림,경상남도,함양군,휴천면,호산리,0.06
2025,2614,2025-08-03~08-14,산사태_사유림,경상남도,함양군,휴천면,월평리,0.21
2025,2615,2025-08-03~08-14,산사태_사유림,경상남도,함양군,휴천면,월평리,0.75
2025,2616,2025-08-03~08-14,산사태_사유림,경상남도,밀양시,산외면,남기리,0.21
2025,2617,2025-08-03~08-14,산사태_사유림,전라남도,무안군,현경면,해운리,0.81
2025,2618,2025-08-03~08-14,산사태_사유림,전라남도,무안군,무안읍,용월리,0.57
2025,2619,2025-08-03~08-14,산사태_사유림,전라남도,무안군,현경면,해운리,0.43
2025,2620,2025-08-03~08-14,산사태_사유림,전라남도,함평군,함평읍,자풍리,0.17
2025,2621,2025-08-03~08-14,산사태_사유림,전라남도,함평군,함평읍,자풍리,0.03
2025,2622,2025-08-03~08-14,산사태_사유림,전라남도,함평군,함평읍,자풍리,0.23
2025,2623,2025-08-03~08-14,산사태_사유림,전라남도,구례군,토지면,파도리,0.2
2025,2624,2025-08-03~08-14,산사태_사유림,서울특별시,은평구,진관동,,0.02
2025,2625,2025-08-03~08-14,산사태_사유림,서울특별시,은평구,진관동,,0.2
2025,2626,2025-08-03~08-14,산사태_사유림,서울특별시,은평구,진관동,,0.01
2025,2627,2025-08-03~08-14,산사태_사유림,서울특별시,은평구,진관동,,0.03
2025,2628,2025-08-03~08-14,산사태_국유림,서울특별시,강북구,수유동,,2.5
2025,2629,2025-08-03~08-14,산사태_사유림,경기도,포천시,내촌면,소학리,0.72
2025,2630,2025-08-03~08-14,산사태_사유림,경기도,포천시,내촌면,신판리,0.22
2025,2631,2025-08-03~08-14,산사태_사유림,경기도,포천시,내촌면,소학리,0.42
2025,2632,2025-08-03~08-14,산사태_사유림,서울특별시,은평구,수색동,,0.09
2025,2633,2025-08-03~08-14,산사태_사유림,서울특별시,은평구,수색동,,0.14
2025,2634,2025-08-03~08-14,산사태_사유림,서울특별시,은평구,갈현동,,0.16
2025,2635,2025-08-03~08-14,산사태_사유림,서울특별시,은평구,녹번동,,0.02
2025,2636,2025-08-03~08-14,산사태_국유림,서울특별시,은평구,녹번동,,0.2
2025,2637,2025-08-03~08-14,산사태_사유림,경기도,포천시,신북면,계류리,0.18
