대피장소명,세부위치명,수용인원,도로명주소,위도,경도,설치년도,설치형태,관리기관전화번호,관리기관명,데이터기준일자
신일초등학교,강당,778,경상북도 김천시 신음3길 42(신음동),36.143577,128.120766,2021,화학사고,054-420-6779,경상북도 김천시 복지환경국 환경위생과,2023-08-18
김천시청 본관,본관,14924,경상북도 김천시 시청1길 1(신음동),36.140017,128.113719,2021,화학사고,054-420-6779,경상북도 김천시 복지환경국 환경위생과,2023-08-18
김천시청 식당동,식당동,1178,경상북도 김천시 시청1길 1(신음동),36.139917,128.113559,2021,화학사고,054-420-6779,경상북도 김천시 복지환경국 환경위생과,2023-08-18
김천평생교육원 강당,강당,1147,경상북도 김천시 공단2길 30-22(대광동),36.1435,128.13713,2021,화학사고,054-420-6779,경상북도 김천시 복지환경국 환경위생과,2023-08-18
김천평생교육원 본관동,본관동 강의실,1929,경상북도 김천시 공단2길 30-22(대광동),36.1433,128.13713,2021,화학사고,054-420-6779,경상북도 김천시 복지환경국 환경위생과,2023-08-18
대신동행정복지센터,본관,1766,경상북도 김천시 신양1길 22(신음동),36.13534099,128.1158918,2021,화학사고,054-420-6779,경상북도 김천시 복지환경국 환경위생과,2023-08-18
김천여자고등학교,체육관,1415,경상북도 김천시 모암사랑10길 9(모암동),36.12638697,128.1233154,2021,화학사고,054-420-6779,경상북도 김천시 복지환경국 환경위생과,2023-08-18
김천예술고등학교 무궁화관,무궁화관,2242,경상북도 김천시 한일길 11-30(교동),36.138008,128.095887,2021,화학사고,054-420-6779,경상북도 김천시 복지환경국 환경위생과,2023-08-18
김천예술고등학교 음악관,음악관,1623,경상북도 김천시 한일길 11-30(교동),36.138008,128.096787,2021,화학사고,054-420-6779,경상북도 김천시 복지환경국 환경위생과,2023-08-18
한일여자중학교,체육관,1184,경상북도 김천시 한일길 11-30(교동),36.13700415,128.0961134,2021,화학사고,054-420-6779,경상북도 김천시 복지환경국 환경위생과,2023-08-18
교1리마을회관,본관,324,경상북도 김천시 지례면 장터길 56-5(교리),35.98728408,128.0295948,2021,화학사고,054-420-6779,경상북도 김천시 복지환경국 환경위생과,2023-08-18
공덕동주민센터,동청사,427,서울특별시 마포구 만리재옛길84 (공덕동),37.5501804,126.9600489,2021,화학사고,02-3153-9262,서울특별시 마포구 환경녹지국 맑은환경과,2023-08-07
도산초등학교,다목적강당,419,울산광역시 남구 번영로54번길 25(야음동),35.53000759,129.3338449,2021,화학사고,052-226-5762,울산광역시 남구 교통환경국 환경관리과,2023-08-16
신정4동주민센터,대회의실,174,울산광역시 남구 수암로64번길 16(신정동),35.52938285,129.3144644,2021,화학사고,052-226-5762,울산광역시 남구 교통환경국 환경관리과,2023-08-16
남구국민체육센터,다목적홀,242,울산광역시 남구 여천로 38(야음동),35.522966,129.338023,2021,화학사고,052-226-5762,울산광역시 남구 교통환경국 환경관리과,2023-08-16
도산노인복지관,강당,169,울산광역시 남구 대암로129번길 4(야음동),35.52985629,129.3299647,2021,화학사고,052-226-5762,울산광역시 남구 교통환경국 환경관리과,2023-08-16
김제시 장애인체육관,체육관,1951,전북특별자치도 김제시 갈공길 32(서암동),35.8051082,126.8712088,2021,화학사고,063-540-3780,전북특별자치도 김제시 복지환경국 환경과,2021-10-15
김제동초등학교,강당,1055,전북특별자치도 김제시 중앙13길 18(신풍동),35.7952922,126.9012613,2021,화학사고,063-540-3780,전북특별자치도 김제시 복지환경국 환경과,2021-10-15
김제시 실내체육관,체육관,3515,전북특별자치도 김제시 도작로 224-98(검산동),35.814536,126.901773,2021,화학사고,063-540-3780,전북특별자치도 김제시 복지환경국 환경과,2021-10-15
김제금구중학교,강당,1150,전북특별자치도 김제시 금구면 금구로 40(금구리),35.7744448,127.0123907,2021,화학사고,063-540-3780,전북특별자치도 김제시 복지환경국 환경과,2021-10-15
갈산초등학교,강당,608,충청남도 홍성군 갈산면 갈산로 135(상촌리),36.602605,126.554466,2021,화학사고,041-630-1456,충청남도 홍성군 지역개발국 환경과,2023-07-28
대구월서초등학교,강당,1122,대구광역시 달서구 월배로39길 46(상인동),35.821526,128.531786,2021,화학사고,053-667-2605,대구광역시 달서구 문화환경국 기후환경과,2022-04-19
달서구 어린이도서관,초등자료실  시청각실,1431,대구광역시 달서구 송현로 45(상인동),35.822506,128.547029,2021,화학사고,053-667-2605,대구광역시 달서구 문화환경국 기후환경과,2022-04-19
대구월곡초등학교,강당,715,대구광역시 달서구 상인로 40(상인동),35.812171,128.549279,2021,화학사고,053-667-2605,대구광역시 달서구 문화환경국 기후환경과,2022-04-19
강진 제1실내체육관,체육시설,3012,전라남도 강진군 군동면 종합운동장길 60(호계리),34.64725913,126.781459,2021,화학사고,061-430-3302,전라남도 강진군 환경과,2021-10-25
강진 제2실내체육관,체육시설,3204,전라남도 강진군 군동면 종합운동장길 60(호계리),34.64724537,126.7826189,2021,화학사고,061-430-3302,전라남도 강진군 환경과,2021-10-25
여주실내체육관,실내체육관,1269,경기도 여주시 영릉로 123(월송동),37.29317661,127.6229592,2021,화학사고,031-880-4021,경기도 여주시 여주도시공사 체육사업1팀,2023-08-07
적성면사무소,회의실,140,충청북도 단양군 적성면 금수산로 957(하리),36.9607492,128.2929602,2023,화학사고,043-420-2663,충청북도 단양군 적성면사무소,2023-08-31
영춘면사무소,회의실,190,충청북도 단양군 영춘면 온달평강3로 9(상리),37.0786655,128.4873787,2023,화학사고,043-420-2663,충청북도 단양군 영춘면사무소,2023-08-31
어상천면사무소,회의실,330,충청북도 단양군 어상천면 어상천로 928(임현리),37.1023286,128.3587912,2023,화학사고,043-420-2663,충청북도 단양군 어상천면사무소,2023-08-31
대기고등학교,체육관,1167,제주특별자치도 제주시 번영로 453-6 (봉개동),33.49250981,126.5932794,2022,화학사고,064-728-3133,제주특별자치도 제주시 청정환경국 환경지도과,2024-01-17
하남시청소년수련관,1~4층,6061,경기도 하남시 조정대로 111 (풍산동),37.55333962,127.1904807,2022,화학사고,031-790-5744,경기도 하남시 안전환경국 환경정책과,2024-05-29
양현초등학교,강당,600,전북특별자치도 전주시 덕진구 만성서로 96 (만성동),35.8468105,127.0742553,2021,화학사고,063-281-2531,전북특별자치도 전주시 복지환경국 환경위생과,2024-05-23
양진초등학교,체육관,3468,서울특별시 광진구 워커힐로 32 (광장동),37.54457517,127.0983114,2023,화학사고,02-450-7804,서울특별시 광진구 안전환경국 환경과,2024-08-19
원광대학교,체육관,11000,전북특별자치도 익산시 익산대로 460(신동),35.96521,126.95726,2022,화학사고,063-859-5437,전북특별자치도 익산시 녹색도시환경국 환경관리과,2024-08-21
이리영등중학교,강당,240,전북특별자치도 익산시 하나로 490(어양동),35.964379,126.981457,2022,화학사고,063-859-5437,전북특별자치도 익산시 녹색도시환경국 환경관리과,2024-08-21
칠서이룡체육관,체육관,557,경남 함안군 칠서면 삼칠로 1315-13 (용성리),35.38800149,128.5035188,2024,화학사고,055-580-3551,경상남도 함안군 칠서면,2024-08-22
가남행복나눔센터,본관,301,경기 여주시 가남읍 설가로 899 (태평리),37.20184273,127.5428003,2024,화학사고,031-887-3835,경기도 여주시 가남읍,2024-08-14
세종대왕면 복지회관,1층 본관,544,경기 여주시 세종대왕면 능서공원길 99 (신지리),37.29709718,127.5838806,2024,화학사고,031-887-3854,경기도 여주시 세종대왕면,2024-08-14
대신면 문화복지센터,2층 강당,215,경기 여주시 대신면 율촌1길 12-9 (율촌리),37.37150692,127.5851581,2024,화학사고,031-887-3933,경기도 여주시 대신면,2024-08-14
북내당우행복센터,1층 다목적실/2층 프로그램실,258,경기 여주시 북내면 여양2로 311-11 (당우리),37.32982103,127.6776185,2024,화학사고,031-887-3952,경기도 여주시 북내면,2024-08-14
홍성공업고등학교,기계과 실습동 3층,476,충청남도 홍성군 결성면 구성남로 55(읍내리),36.530566,126.548909,2021,화학사고,041-630-1456,충청남도 홍성군 지역개발국 환경과,2023-07-28
홍주문화체육센터,본관,6195,충청남도 홍성군 홍성읍 홍덕서로 78(소향리),36.608113,126.641701,2021,화학사고,041-630-1456,충청남도 홍성군 지역개발국 환경과,2023-07-28
개웅산생활체육관,2층 대체육관,412,시서울특별 구로구 개봉로3길 108-20(개봉동),37.48532952,126.8497164,2021,화학사고,02-860-2875,서울특별시 구로구 스마트환경국 환경과,2022-09-20
구로구민체육센터,2층대체육관 3층다목적실 유도장,2024,시서울특별 구로구 고척로45길 39(고척동),37.50668779,126.8532419,2021,화학사고,02-860-2875,서울특별시 구로구 스마트환경국 환경과,2022-09-20
조양초등학교,실내 체육관,933,강원특별자치도 속초시 동해대로 3965 (조양동),38.1884251,128.5979677,2023,화학사고,033-639-2149,강원특별자치도 속초시청 경제복지국 친환경정책과,2025-08-14
매포읍행정복지센터,회의실,581,충북 단양군 매포읍 평동14길 12 (평동리),37.03232151,128.3034122,2023,화학사고,043-420-2664,충청북도 단양군 매포읍,2025-08-14
보은고등학교,강당,1000,충청북도 보은군 보은읍 보은로 17(죽전리),36.47449,127.72143,2021,화학사고,043-540-3532,충청북도 보은군 환경위생과,2021-09-17
금광1동 행정복지센터,강당(3층),471,경기 성남시 중원구 광명로 328 (금광동),37.44507574,127.162441,2025,화학사고,031-729-3172,경기도 성남시 환경보건국 환경정책과,2025-05-18
양지동 행정복지센터,강당(4층),520,경기 성남시 수정구 산성대로 483 (양지동),37.45490106,127.1609619,2025,화학사고,031-729-3172,경기도 성남시 환경보건국 환경정책과,2025-05-19
산성 실내배드민턴장,배드민턴장(1층),3857,경기 성남시 수정구 수정로456번길 19 (산성동),37.46046146,127.1556532,2025,화학사고,031-729-3172,경기도 성남시 환경보건국 환경정책과,2025-05-21
금곡공원 국민체육센터,다목적체육관 및 GX룸(2층),1423,경기 성남시 분당구 금곡로 302 (정자동),37.35716138,127.1097356,2025,화학사고,031-729-3172,경기도 성남시 환경보건국 환경정책과,2025-05-21
용문초등학교,강당,383,부산광역시 남구 신선로 542 (용호동),35.1305958,129.1080823,2021,화학사고,051-607-4641,부산광역시 남구 안전도시국 안전총괄과,2021-09-28
동천고등학교,강당,464,부산 남구 못골번영로 105 (대연동),35.14433722,129.0868043,1987,화학사고,051-607-3389,부산광역시 남구 복지교육국 복지정책과,2025-06-13
문현초등학교,강당,254,부산 남구 고동골로 86-13 (문현동),35.14531277,129.0729368,1977,화학사고,051-607-3389,부산광역시 남구 복지교육국 복지정책과,2025-06-13
창녕군민체육관,체육관,1266,경상남도 창녕군 창녕읍 창녕대로 307(퇴천리),35.519811,128.506492,2023,화학사고,055-530-1613,경상남도 창녕군 관광환경국 환경위생과,2023-01-01
신안군민체육관,체육관,2545,전라남도 신안군 압해읍 복룡로 120 (학교리),34.87483,126.31251,2021,화학사고,061-240-8154,전라남도 신안군 문화예술관광국 세계유산과,2021-09-30
분포고등학교,강당,419,부산 남구 분포로 57 (용호동),35.1298198,129.1153463,2003,화학사고,051-607-3389,부산광역시 남구 복지교육국 복지정책과,2025-06-13
분포중학교,강당,313,부산 남구 분포로 51 (용호동),35.12952407,129.114431,2002,화학사고,051-607-3389,부산광역시 남구 복지교육국 복지정책과,2025-06-13
분포초등학교,강당,301,부산 남구 분포로 41 (용호동),35.12891273,129.1139761,2002,화학사고,051-607-3389,부산광역시 남구 복지교육국 복지정책과,2025-06-13
양주국민체육센터,체육관,1214,경기 양주시 고읍남로 172 (광사동),37.78853532,127.0838533,2025,화학사고,031-8082-6313,경기도 양주시 환경안전국 환경정책과,2025-08-18
오륙도초등학교,강당,376,부산 남구 오륙도로 57 (용호동),35.10423905,129.1161864,2008,화학사고,051-607-3389,부산광역시 남구 복지교육국 복지정책과,2025-06-13
용호종합사회복지관,강당,974,부산 남구 이기대공원로 7 (용호동),35.12456401,129.1134812,1996,화학사고,051-607-3389,부산광역시 남구 복지교육국 복지정책과,2025-06-13
은현복지회관,다목적실,338,경기 양주시 은현면 은현로55번길 24-23 (선암리),37.87488211,127.0224425,2024,화학사고,031-8082-6313,경기도 양주시 환경안전국 환경정책과,2024-08-21
감악르네상스센터,강당,604,경기 양주시 남면 개나리13길 13 (신산리),37.89692556,126.9744012,2024,화학사고,031-8082-6313,경기도 양주시 환경안전국 환경정책과,2024-08-21
계동초등학교,교실 강당,3507,경상남도 김해시 계동로 96(대청동),35.18502281,128.7956492,2021,화학사고,055-330-2734,경상남도 김해시 환경국 환경정책과,2021-09-30
덕정초등학교,강당,635,경상남도 김해시 대청로 31(관동동),35.17793031,128.7986793,2021,화학사고,055-330-2734,경상남도 김해시 환경국 환경정책과,2021-09-30
망천2구경로당,경로당,152,경상남도 김해시 한림면 김해대로1499번길 14-1(신천리),35.27816358,128.8371462,2021,화학사고,055-330-2734,경상남도 김해시 환경국 환경정책과,2021-09-30
시례마을회관,본관,236,경상남도 김해시 대동면 대동로417번길 84-4(예안리),35.24518641,128.9615262,2021,화학사고,055-330-2734,경상남도 김해시 환경국 환경정책과,2021-09-30
한림면행정복지센터,본관,2909,경상남도 김해시 한림면 한림로 369(장방리),35.32058161,128.8021747,2021,화학사고,055-330-2734,경상남도 김해시 환경국 환경정책과,2021-09-30
신연초등학교,강당,131,부산 남구 유엔로25번길 66 (우암동),35.1292856,129.0779704,1983,화학사고,051-607-3398,부산광역시 남구 복지교육국 복지정책과,2025-06-13
옥정호수스포츠센터,체육관,1372,경기 양주시 옥정동로7길 110 (옥정동),37.82276906,127.0950121,2025,화학사고,031-8082-6313,경기도 양주시 환경안전국 환경정책과,2025-08-18
대구대서초등학교,강당,900,대구광역시 달서구 송현로 9(상인동),35.819872,128.549951,2021,화학사고,053-667-2605,대구광역시 달서구 문화환경국 기후환경과,2022-04-19
주천면행정복지센터,주천면행정복지센터,113,전북특별자치도 진안군 주천면 동상주천로 2213 (주양리),35.97524223,127.4254228,2021,화학사고,063-430-2524,전북특별자치도 진안군 안전환경국 환경과,2025-08-18
안천면행정복지센터,안천면행정복지센터,212,전북특별자치도 진안군 안천면 진무로 2998 (노성리),35.89722152,127.5528815,2021,화학사고,063-430-2524,전북특별자치도 진안군 안전환경국 환경과,2025-08-18
성수면행정복지센터,성수면행정복지센터,321,전북특별자치도 진안군 성수면 관진로 783 (외궁리),35.70858983,127.3232519,2021,화학사고,063-430-2524,전북특별자치도 진안군 안전환경국 환경과,2025-08-18
부귀면행정복지센터,부귀면행정복지센터,92,전북특별자치도 진안군 부귀면 부귀로 305-7 (거석리),35.83731174,127.360434,2021,화학사고,063-430-2524,전북특별자치도 진안군 안전환경국 환경과,2024-08-27
마령면행정복지센터,마령면행정복지센터,192,전북특별자치도 진안군 마령면 솔안2길 8 (평지리),35.7344658,127.3708032,2021,화학사고,063-430-2524,전북특별자치도 진안군 안전환경국 환경과,2025-08-18
남구다목적체육관,지상1층,2684,광주광역시 남구 화산로 110(진월동),35.1140897,126.9086252,2021,화학사고,062-607-2841,광주광역시 남구 자치행정국 주민자치과,2025-08-18
불로초등학교,강당,198,광주 남구 제석로80번길 58-5 (봉선동),35.1209505,126.9141156,2005,화학사고,062-650-1802,광주광역시교육청 광주광역시서부교육지원청 불로초등학교병설유치원,2025-08-18
광주무진중학교,강당,278,광주 남구 중앙로 7 (월산동),35.14596075,126.8997305,2001,화학사고,062-350-5300,광주광역시교육청 광주광역시서부교육지원청 광주무진중학교,2025-08-18
진제초등학교,강당,197,광주 남구 서문대로654번길 45 (진월동),35.11565077,126.9031537,2009,화학사고,062-717-3905,광주광역시교육청 광주광역시서부교육지원청 진제초등학교,2025-08-18
오류왕길동 행정복지센터,5층 대강당,333,인천 서구 봉화로 42 (왕길동),37.59701626,126.6376311,2025,화학사고,032-560-4354,인천광역시 서구 환경국 환경관리과,2025-08-18
청라2동 행정복지센터,3층 대회의실,467,인천 서구 청라커낼로 269 (청라동),37.53264597,126.644168,2025,화학사고,032-560-4354,인천광역시 서구 환경국 환경관리과,2025-08-18
석남2동 행정복지센터,3층 회의실,128,인천 서구 거북로 116 (석남동),37.50250466,126.6746007,2025,화학사고,032-560-4354,인천광역시 서구 환경국 환경관리과,2025-08-18
청라3동 행정복지센터,4층 대회의실,566,인천 서구 청라한내로 89 (청라동),37.53333539,126.6270221,2025,화학사고,032-560-4354,인천광역시 서구 환경국 환경관리과,2025-08-18
가좌여자중학교,강당,138,인천 서구 서달로 110 (석남동),37.50856018,126.6793052,2021,화학사고,032-560-4354,인천광역시 서구 환경국 환경관리과,2025-08-18
오산종합사회복지관,복지회관,78,경기 오산시 현충로 104 (오산동),37.15997401,127.0774067,2005,화학사고,031-8036-7403,경기도 오산시 복지교육국 희망복지과,2025-05-22
용인시청소년수련원,강당,320,경기 용인시 처인구 양지면 죽양대로2071번길 50 (평창리),37.21442476,127.3136233,2025,화학사고,031-6193-2244,경기도 용인시 기후환경위생국 기후대기과,2025-03-30
강남대학교,목양관 체육관,1060,경기 용인시 기흥구 강남로 40 (구갈동),37.27412539,127.1320999,2025,화학사고,031-6193-2244,경기도 용인시 기후환경위생국 기후대기과,2025-03-30
명지대학교 자연캠퍼스,체육관(7번건물),5046,경기 용인시 처인구 명지로 116 (남동),37.22180726,127.1901837,2025,화학사고,031-6193-2244,경기도 용인시 기후환경위생국 기후대기과,2025-03-30
백암면 행정복지센터,대회의실,327,경기 용인시 처인구 백암면 백암로 189 (백암리),37.16344367,127.3753817,2025,화학사고,031-6193-2244,경기도 용인시 기후환경위생국 기후대기과,2025-07-14
기흥동 행정복지센터,대회의실,173,경기 용인시 기흥구 고매로43번길 12-14 (공세동),37.23152534,127.1155439,2025,화학사고,031-6193-2244,경기도 용인시 기후환경위생국 기후대기과,2025-07-14
상하동 행정복지센터,대회의실,73,경기 용인시 기흥구 어정로 62-23 (상하동),37.27051314,127.1383972,2025,화학사고,031-6193-2244,경기도 용인시 기후환경위생국 기후대기과,2025-07-14
보정동 행정복지센터,대강당,133,경기 용인시 기흥구 죽전로 40 (보정동),37.32018859,127.1130928,2025,화학사고,031-6193-2244,경기도 용인시 기후환경위생국 기후대기과,2025-07-14
풍덕천1동 행정복지센터,대회의실,236,경기 용인시 수지구 수지로342번길 3 (풍덕천동),37.32795741,127.0950287,2025,화학사고,031-6193-2244,경기도 용인시 기후환경위생국 기후대기과,2025-07-14
풍덕천2동 행정복지센터,대회의실,129,경기 용인시 수지구 풍덕천로 51 (풍덕천동),37.31946228,127.0887777,2025,화학사고,031-6193-2244,경기도 용인시 기후환경위생국 기후대기과,2025-07-14
신봉동 행정복지센터,다목적회의실,191,경기 용인시 수지구 수지로 215 (신봉동),37.32066575,127.0836395,2025,화학사고,031-6193-2244,경기도 용인시 기후환경위생국 기후대기과,2025-07-14
동천동 행정복지센터,대회의실,96,경기 용인시 수지구 신수로783번길 40 (동천동),37.34181687,127.0992209,2025,화학사고,031-6193-2244,경기도 용인시 기후환경위생국 기후대기과,2025-07-14
상현1동 행정복지센터,대회의실,231,경기 용인시 수지구 상현로 71 (상현동),37.30462736,127.0811467,2025,화학사고,031-6193-2244,경기도 용인시 기후환경위생국 기후대기과,2025-07-14
성복동 행정복지센터,대회의실,153,경기 용인시 수지구 성복1로 100 (성복동),37.31648737,127.0690037,2025,화학사고,031-6193-2244,경기도 용인시 기후환경위생국 기후대기과,2025-07-14
구성동 행정복지센터,회의실,223,경기도 용인시 기흥구 구성로77번길 17 (언남동),37.29676402,127.1189815,2023,화학사고,031-6193-2244,경기도 용인시 기후환경위생국 기후대기과,2024-05-30
용인미르스타디움,다목적홀,1618,경기도 용인시 처인구 동백죽전대로 61 (삼가동),37.24963097,127.165158,2024,화학사고,031-6193-2244,경기도 용인시 기후환경위생국 기후대기과,2024-05-31
상현2동 행정복지센터,회의실,93,경기 용인시 수지구 만현로 48 (상현동),37.31036044,127.0865294,2025,화학사고,031-6193-2244,경기도 용인시 기후환경위생국 기후대기과,2025-03-30
역북동 행정복지센터,소회의실,163,경기 용인시 처인구 명지로 16 (역북동),37.23455978,127.1881482,2025,화학사고,031-6193-2244,경기도 용인시 기후환경위생국 기후대기과,2025-03-30
죽전2동 행정복지센터,대회의실,175,경기 용인시 수지구 포은대로 523 (죽전동),37.32591208,127.1067432,2025,화학사고,031-6193-2244,경기도 용인시 기후환경위생국 기후대기과,2025-03-30
중앙동 행정복지센터,대회의실,424,경기 용인시 처인구 금령로90번길 3-20 (김량장동),37.23491703,127.2076723,2025,화학사고,031-6193-2244,경기도 용인시 기후환경위생국 기후대기과,2025-03-30
대청초등학교,다목적강당,352,경기 용인시 수지구 죽전로 276 (죽전동),37.33418826,127.1290495,2025,화학사고,031-6193-2244,경기도 용인시 기후환경위생국 기후대기과,2025-03-30
동천초등학교,체육관,324,경기 용인시 수지구 고기로 71 (동천동),37.34461156,127.0933932,2025,화학사고,031-6193-2244,경기도 용인시 기후환경위생국 기후대기과,2025-03-30
상하초등학교,다목적실,288,경기 용인시 기흥구 중부대로788번길 27 (상하동),37.25702806,127.1405398,2025,화학사고,031-6193-2244,경기도 용인시 기후환경위생국 기후대기과,2025-03-30
신봉중학교,승리관,1269,경기 용인시 수지구 신봉3로 43 (신봉동),37.32765756,127.0643811,2025,화학사고,031-6193-2244,경기도 용인시 기후환경위생국 기후대기과,2025-03-30
초당고등학교,정직관(다목적체육관),1013,경기 용인시 기흥구 동백중앙로 21 (중동),37.25870064,127.1629188,2025,화학사고,031-6193-2244,경기도 용인시 기후환경위생국 기후대기과,2025-03-30
양산동 행정복지센터,행정복지센터,1120,광주광역시 북구 양산택지로 32 (양산동),35.209149,126.879745,2021,화학사고,062-410-6472,광주광역시 북구 환경생태국 기후환경과,2025-08-18
용봉동 행정복지센터,행정복지센터,117,광주광역시 북구 용주로18번길 28 (용봉동),35.18041,126.901199,2021,화학사고,062-410-6472,광주광역시 북구 환경생태국 기후환경과,2025-08-18
일곡동 행정복지센터,행정복지센터,1364,광주광역시 북구 설죽로 525 (일곡동),35.2060222,126.8973427,2023,화학사고,062-410-6472,광주광역시 북구 환경생태국 기후환경과,2025-08-18
오치1동 행정복지센터,행정복지센터,740,광주광역시 북구 우치로274번길 48 (오치동),35.1891288,126.9081383,2023,화학사고,062-410-6472,광주광역시 북구 환경생태국 기후환경과,2025-08-18
상갈동 행정복지센터,대회의실,307,경기도 용인시 기흥구 상갈로 2(상갈동),37.26659947,127.1076885,2022,화학사고,031-6193-2244,경기도 용인시 기후환경위생국 기후대기과,2024-05-27
부천배드민턴전용체육관,체육관,1881,경기도 부천시 소사구 은성로2번길 6 (소사본동),37.47518866,126.7904231,2024,화학사고,032-625-3161,경기도 부천시 경제환경국 환경정책과,2025-08-20
양지면 행정복지센터,집회실,368,경기도 용인시 처인구 양지면 양지로105번길 5 (양지리),37.23547599,127.2798428,2022,화학사고,031-6193-2244,경기도 용인시 기후환경위생국 기후대기과,2024-05-27
죽전1동 행정복지센터,다목적실,247,경기도 용인시 수지구 대지로15번길 50 (죽전동),37.331037,127.113927,2022,화학사고,031-6193-2244,경기도 용인시 기후환경위생국 기후대기과,2024-05-27
원삼면 행정복지센터,대회의실,288,경기도 용인시 처인구 원삼면 원양로 64 (고당리),37.16658943,127.3132646,2023,화학사고,031-6193-2244,경기도 용인시 기후환경위생국 기후대기과,2024-05-27
남사읍 행정복지센터,대회의실,161,경기 용인시 처인구 남사읍 내기로 22 (봉무리),37.11568157,127.1505036,2025,화학사고,031-6193-2244,경기도 용인시 기후환경위생국 기후대기과,2025-03-30
동부동 행정복지센터,대회의실,153,경기 용인시 처인구 중부대로 1574 (마평동),37.23277029,127.219174,2025,화학사고,031-6193-2244,경기도 용인시 기후환경위생국 기후대기과,2025-03-30
성복고등학교,3층 성덕관,876,경기 용인시 수지구 도마치로 92 (성복동),37.32335942,127.0613925,2025,화학사고,031-6193-2244,경기도 용인시 기후환경위생국 기후대기과,2025-03-30
청덕초등학교,물푸레관,762,경기 용인시 기흥구 구성1로 61 (청덕동),37.29439648,127.1492572,2025,화학사고,031-6193-2244,경기도 용인시 기후환경위생국 기후대기과,2025-03-30
모현읍 행정복지센터,대회의실/소회의실,462,경기 용인시 처인구 모현읍 독점로 31-6 (갈담리),37.32953302,127.2423619,2025,화학사고,031-6193-2244,경기도 용인시 기후환경위생국 기후대기과,2025-07-14
영덕1동 행정복지센터,대강당,214,경기 용인시 기흥구 흥덕2로118번길 2 (영덕동),37.27782133,127.0745334,2025,화학사고,031-6193-2244,경기도 용인시 기후환경위생국 기후대기과,2025-07-14
서농동 행정복지센터,대강당,264,경기 용인시 기흥구 서천서로 79 (서천동),37.23797804,127.0683832,2025,화학사고,031-6193-2244,경기도 용인시 기후환경위생국 기후대기과,2025-07-14
동백2동 행정복지센터,다목적회의실,155,경기 용인시 기흥구 동백중앙로 214 (중동),37.27253257,127.1516873,2025,화학사고,031-6193-2244,경기도 용인시 기후환경위생국 기후대기과,2025-07-14
삼가초등학교,다목적강당,591,경기 용인시 처인구 중부대로1158번길 45 (삼가동),37.23677176,127.1702844,2025,화학사고,031-6193-2244,경기도 용인시 기후환경위생국 기후대기과,2025-03-30
풍천풍서초등학교,강당,444,경상북도 안동시 풍천면 풍요5길 9(갈전리),36.574824,128.49935,2019,화학사고,054-840-5283,경상북도 안동시 수자원환경국 환경관리과,2025-08-20
풍천중학교,강당,266,경상북도 안동시 풍천면 풍요5길 14(갈전리),36.574936,128.500803,2019,화학사고,054-840-5283,경상북도 안동시 수자원환경국 환경관리과,2025-08-20
풍산초등학교,강당,303,경상북도 안동시 풍산읍 하리들길 32(하리리),36.576521,128.573723,2019,화학사고,054-840-5283,경상북도 안동시 수자원환경국 환경관리과,2025-08-20
한국생명과학고등학교,강당(청비관),873,경상북도 안동시 하이마로 385(옥동),36.550372,128.686232,2019,화학사고,054-840-5283,경상북도 안동시 수자원환경국 환경관리과,2025-08-20
안동영호초등학교,강당,332,경상북도 안동시 옥서4길 8(옥동),36.56052,128.691498,2019,화학사고,054-840-5283,경상북도 안동시 수자원환경국 환경관리과,2025-08-20
안동여자고등학교,강당,1872,경상북도 안동시 법상윗3길 32(법상동),36.572527,128.726372,2019,화학사고,054-840-5283,경상북도 안동시 수자원환경국 환경관리과,2025-08-20
안동여자중학교,강당,420,경상북도 안동시 법상윗3길 30-42 (법상동),36.573125,128.72805,2019,화학사고,054-840-5283,경상북도 안동시 수자원환경국 환경관리과,2025-08-20
길주중학교,강당,552,경상북도 안동시 경동로 931(용상동),36.555639,128.758824,2019,화학사고,054-840-5283,경상북도 안동시 수자원환경국 환경관리과,2025-08-20
임하초등학교,본관,578,경상북도 안동시 임하면 앞산밑길 9(신덕리),36.52648,128.8281,2019,화학사고,054-840-5283,경상북도 안동시 수자원환경국 환경관리과,2025-08-20
임동초등학교,본관,949,경상북도 안동시 임동면 편항길 42(중평리),36.570117,128.920759,2019,화학사고,054-840-5283,경상북도 안동시 수자원환경국 환경관리과,2025-08-20
삼성생활예술고등학교,강당,449,경상북도 경주시 내남면 이조중앙길 27 (이조리),35.752104,129.199164,2021,화학사고,054-779-6373,경상북도 경주시 환경녹지국 환경정책과,2021-09-14
산대초등학교,강당,1099,경상북도 경주시 안강읍 구부랑길 54-5,36.00290855,129.1976933,2023,화학사고,054-779-6373,경상북도 경주시 환경녹지국 환경정책과,2023-11-30
옥산초등학교,강당,555,경상북도 경주시 안강읍 낙헌2길 48 (옥산리),35.99525803,129.1696889,2024,화학사고,054-779-6373,경상북도 경주시 환경녹지국 환경정책과,2024-02-01
송림초등학교,학교,200,충청남도 서천군 장항읍 옥도로 14(옥산리),36.0293473,126.6838442,2021,화학사고,041-950-4332,충청남도 서천군 안전건설국 환경보호과,2023-08-07
서천군민체육관,학교,642,충청남도 서천군 장항읍 성화로 26-6(화천리),36.016399,126.685585,2023,화학사고,041-950-4332,충청남도 서천군 안전건설국 환경보호과,2023-08-07
서천중학교,학교,300,충청남도 서천군 서천읍 충절로 97(군사리),36.07546085,126.6934957,2023,화학사고,041-950-4332,충청남도 서천군 안전건설국 환경보호과,2023-08-07
서천국민체육센터,체육관,1626,충청남도 서천군 마서면 마서로 400(옥산리),36.059259,126.664869,2023,화학사고,041-950-4332,충청남도 서천군 안전건설국 환경보호과,2023-08-07
내서초등학교,2층 강당(꿈나무),1242,대구광역시 서구 달구벌대로371길 35(내당동),35.86368945,128.5664093,2022,화학사고,053-663-2604,대구광역시 서구 복지생활국 생활환경과,2021-09-27
대구서구국민체육센터,1층 체육관,2012,대구광역시 서구 문화로 72(이현동),35.87343765,128.540928,2022,화학사고,053-663-2604,대구광역시 서구 복지생활국 생활환경과,2021-09-27
서구문화회관,1층 공연장,2121,대구광역시 서구 당산로 403(이현동),35.87279026,128.5456007,2022,화학사고,053-663-2604,대구광역시 서구 복지생활국 생활환경과,2021-09-27
서구어린이도서관,3층 강당,787,대구광역시 서구 문화로 123(이현동),35.87425361,128.5463443,2022,화학사고,053-663-2604,대구광역시 서구 복지생활국 생활환경과,2021-09-27
대구달서초등학교,2층 다목적교실(한빛관),1292,대구광역시 서구 국채보상로34길 35(중리동),35.86651428,128.5510234,2022,화학사고,053-663-2604,대구광역시 서구 복지생활국 생활환경과,2021-09-27
서구노인복지관,4층 대강당,721,대구광역시 서구 문화로 288(평리동),35.87553764,128.5640655,2022,화학사고,053-663-2604,대구광역시 서구 복지생활국 생활환경과,2021-09-27
함양 문화예술회관,함양 문화예술회관,1076,경상남도 함양군 함양읍 필봉산길 55(교산리),35.52471832,127.722268,2021,화학사고,055-960-6115,경상남도 함양군 경제복지국 환경정책과,2025-08-20
휴천면사무소,휴천면사무소,161,경상남도 함양군 휴천면 목현옥매로 3(목현리),35.48068086,127.7502708,2021,화학사고,055-960-6115,경상남도 함양군 경제복지국 환경정책과,2025-08-20
유림면사무소,유림면사무소,186,경상남도 함양군 유림면 천왕봉로 2872-3(화촌리),35.46618502,127.7923411,2021,화학사고,055-960-6115,경상남도 함양군 경제복지국 환경정책과,2025-08-20
지곡초등학교,지곡초등학교 강당,321,경상남도 함양군 지곡면 개평길 12(개평리),35.56579342,127.7715467,2021,화학사고,055-960-6116,경상남도 함양군 경제복지국 환경정책과,2025-08-20
안의초등학교,안의초등학교 강당,303,경상남도 함양군 안의면 안의초등길 8(당본리),35.62905686,127.8088898,2021,화학사고,055-960-6115,경상남도 함양군 경제복지국 환경정책과,2025-08-20
선산청소년수련관,선산청소년수련관 생활관,268,경상북도 구미시 선산읍 단계동길 270(노상리),36.25814586,128.2912412,2024,화학사고,054-480-5272,경상북도 구미시 환경교통국 환경관리과,2022-09-01
도송중학교,본관,4277,경상북도 구미시 송동로7길 53(도량동),36.147698,128.320658,2024,화학사고,054-480-5272,경상북도 구미시 환경교통국 환경관리과,2022-09-01
구미봉곡초등학교,본관,3255,경상북도 구미시 봉곡남로1길 23(봉곡동),36.15342521,128.3039457,2024,화학사고,054-480-5272,경상북도 구미시 환경교통국 환경관리과,2022-09-01
형일초등학교,본관,1695,경상북도 구미시 형곡로14길 5-20 (형곡동),36.11449244,128.3299512,2024,화학사고,054-480-5272,경상북도 구미시 환경교통국 환경관리과,2022-09-01
형남중학교 강당,강당 2 3층,426,경상북도 구미시 형곡동로 1-3 (형곡동),36.10158458,128.3359974,2024,화학사고,054-480-5272,경상북도 구미시 환경교통국 환경관리과,2022-09-01
마북동 행정복지센터,대회의실,151,경기 용인시 기흥구 구교동로118번길 16 (마북동),37.3015797,127.117447,2025,화학사고,031-6193-2244,경기도 용인시 기후환경위생국 기후대기과,2025-07-14
남울진국민체육센터,남울진국민체육센터,1077,경북 울진군 평해읍 동해대로 717 (학곡리),36.70305927,129.4413383,2025,화학사고,054-789-6134,경상북도 울진군 안전건설국 환경위생과,2025-08-22
하남초등학교,체육관,1193,경기 하남시 천현로 109 (창우동),37.53742616,127.2221663,2025,화학사고,031-790-5744,경기도 하남시 안전환경국 환경정책과,2025-06-09
윤슬초등학교,체육관,974,경기 하남시 미사강변서로 151 (망월동),37.56366082,127.1823128,2025,화학사고,031-790-5744,경기도 하남시 안전환경국 환경정책과,2025-06-09
서부초등학교,체육관,923,경기 하남시 서하남로 161 (감일동),37.51574144,127.1620535,2025,화학사고,031-790-5744,경기도 하남시 안전환경국 환경정책과,2025-06-09
오현고등학교,체육관,2023,제주특별자치도 제주시 일주동로 101 (화북일동),33.51780188,126.5564487,2022,화학사고,064-728-3133,제주특별자치도 제주시 청정환경국 환경지도과,2024-01-17
전북119안전체험관,전북119안전체험관 재난종합체험동 1층 4D실,259,전북특별자치도 임실군 임실읍 호국로 1630(이도리),35.602746,127.282879,2022,화학사고,063-640-2963,전북특별자치도 임실군 복지환경국 환경보호과,2022-04-15
관촌초등학교,강당,920,전북특별자치도 임실군 관촌면 사선6길 11(관촌리),35.676702,127.270946,2022,화학사고,063-640-2963,전북특별자치도 임실군 복지환경국 환경보호과,2022-04-15
삼계초등학교,강당,455,전북특별자치도 임실군 삼계면 삼계1길 20-3(삼계리),35.507108,127.277154,2021,화학사고,063-640-2963,전북특별자치도 임실군 복지환경국 환경보호과,2022-04-15
대전석봉초등학교,강당,923,대전 대덕구 신탄진남로 20 (신탄진동),36.44699279,127.4347031,2024,화학사고,042-608-6865,대전광역시 대덕구 경제환경국 환경과,2025-08-22
흥천면 문화복지센터,2층 강당,192,경기 여주시 흥천면 효자로 123 (효지리),37.33156745,127.5441791,2025,화학사고,031-887-3875,경기도 여주시 흥천면,2025-07-28
유천초등학교 체육관,유천초등학교 체육관,596,대전 서구 제비네6길 69 (도마동),36.31524728,127.3755613,1998,화학사고,042-522-4604,대전광역시교육청 대전광역시서부교육지원청 대전유천초등학교,2025-08-24
대전삼천초등학교 다목적실,대전삼천초등학교 다목적실,105,대전 서구 둔산북로 232-33 (둔산동),36.35438647,127.40103,1991,화학사고,042-486-0584,대전광역시교육청 대전광역시서부교육지원청 대전삼천초등학교,2025-08-24
변동초등학교 체육관,변동초등학교 체육관,374,대전 서구 유등로 373 (변동),36.32487784,127.3858307,2016,화학사고,042-522-2389,대전광역시교육청 대전광역시서부교육지원청 대전변동초등학교,2025-08-24
월평초등학교 강당,월평초등학교 강당,253,대전 서구 월평서로 22 (월평동),36.35600496,127.3579011,1996,화학사고,042-483-3765,대전광역시교육청 대전광역시서부교육지원청 대전월평초등학교,2025-08-24
정림초등학교,정림초등학교,8523,대전 서구 정림로 32 (정림동),36.30355708,127.3667622,1992,화학사고,042-580-0900,대전광역시교육청 대전광역시서부교육지원청 대전정림초등학교,2025-08-24
서구문화원 1/5층,서구문화원 1/5층,239,대전 서구 계룡로553번길 38 (탄방동),36.34462276,127.3855666,2010,화학사고,042-288-2732,대전광역시 서구 자치행정국 문화체육과,2025-08-24
신계초등학교 강당,신계초등학교 강당,232,대전 서구 복수동로 26 (복수동),36.301984,127.3778105,2006,화학사고,042-586-5380,대전광역시교육청 대전광역시서부교육지원청 대전신계초등학교,2025-08-24
가수원중학교 강당,가수원중학교 강당,345,대전 서구 가수원로 26 (가수원동),36.29847211,127.354558,2013,화학사고,042-541-0145,대전광역시교육청 대전광역시서부교육지원청 가수원중학교,2025-08-24
중랑구청,청사 본관,769,서울특별시 중랑구 봉화산로 179(신내동),37.606699,127.092611,2024,화학사고,02-2094-2432,서울특별시 중랑구 도시환경국 맑은환경과,2023-08-18
신내1동 주민센터,본관,187,서울특별시 중랑구 용마산로129나길 35(신내동),37.605852,127.099506,2024,화학사고,02-2094-2432,서울특별시 중랑구 도시환경국 맑은환경과,2023-08-18
신내2동 주민센터,본관,108,서울특별시 중랑구 봉화산로 190(신내동),37.606347,127.094109,2024,화학사고,02-2094-2432,서울특별시 중랑구 도시환경국 맑은환경과,2023-08-18
중랑청소년수련관,본관,126,서울특별시 중랑구 용마산로 217(면목동),37.573236,127.085907,2024,화학사고,02-2094-2432,서울특별시 중랑구 도시환경국 맑은환경과,2023-08-18
정산중학교,체육관,730,충남 청양군 정산면 역말길 42 (역촌리),36.41258641,126.9561529,2020,화학사고,041-940-4194,충청남도 청양군 안전총괄과,2025-08-16
청양다목적체육관,실내체육관,1808,충남 청양군 청양읍 충절로 1199 (송방리),36.45288395,126.7925982,2024,화학사고,041-940-4878,충청남도 청양군 문화체육과,2025-08-25
청양군민체육관,실내체육관,1986,충남 청양군 청양읍 충절로 1204 (송방리),36.45368674,126.794704,2015,화학사고,041-940-4856,충청남도 청양군 문화체육과,2025-08-25
군포중앙고등학교,강당,968,경기도 군포시 송부로 239 (부곡동),37.323768,126.937139,2021,화학사고,031-390-0732,경기도 군포시 안전환경국 환경과,2025-04-30
군포국민체육센터,체육관,802,경기도 군포시 군포로 339 (부곡동),37.338733,126.936563,2021,화학사고,031-390-0732,경기도 군포시 안전환경국 환경과,2025-04-30
대야동행정복지센터,관공서,1340,경기 군포시 대야2로 139 (대야미동),37.33028283,126.9153444,2024,화학사고,031-390-0732,경기도 군포시 안전환경국 환경과,2025-04-30
고령군민체육관,2층 체육관,2290,경북 고령군 대가야읍 대가야로 1440 (쾌빈리),35.73714814,128.2721173,2025,화학사고,054-950-6523,경상북도 고령군 환경과,2025-08-25
중현 복지회관,대회의실,570,경상남도 남해군 서면 남서대로 2647(중현리),34.87534203,127.8278863,2021,화학사고,055-860-3273,경상남도 남해군 환경과,2021-09-29
재산면사무소,면사무소,333,경상북도 봉화군 재산면 대내골길 4 (현동리),36.815968,128.961903,2021,화학사고,054-679-6403,경상북도 봉화군 녹색환경과,2025-08-25
상운면사무소,면사무소,306,경상북도 봉화군 상운면 예봉로 1281 (가곡리),36.833738,128.755216,2021,화학사고,054-679-6403,경상북도 봉화군 녹색환경과,2025-08-25
춘양면사무소,면사무소,792,경상북도 봉화군 춘양면 의양로5길 19 (의양리),36.935094,128.914855,2021,화학사고,054-679-6403,경상북도 봉화군 녹색환경과,2025-08-25
극락초등학교,강당,574,광주광역시 서구 상무버들로54번길 5(유촌동),35.16561657,126.8581956,2021,화학사고,062-360-7659,광주광역시 서구 환경교통국 기후환경과,2021-10-30
염주종합체육관,체육관,14320,광주광역시 서구 금화로 278 (풍암동),35.13530798,126.8788569,2021,화학사고,062-360-7659,광주광역시 서구 환경교통국 기후환경과,2021-10-30
빛고을초등학교,강당,684,광주광역시 서구 동천로 7 (동천동),35.16932715,126.8593374,2021,화학사고,062-360-7659,광주광역시 서구 환경교통국 기후환경과,2021-10-30
한국자활연수원,강의실 객실,4296,충청북도 충주시 안심1길 143(안림동),36.983397,127.960744,2021,화학사고,043-850-3673,충청북도 충주시 환경국 대기환경과,2021-09-23
용산초등학교,본관,2545,충청북도 충주시 남산로 109(용산동),36.96265,127.944233,2021,화학사고,043-850-3673,충청북도 충주시 환경국 대기환경과,2021-09-23
덕신초등학교,본관,254,충청북도 충주시 주덕읍 매남구술길 12(제내리),36.993853,127.783953,2021,화학사고,043-850-3673,충청북도 충주시 환경국 대기환경과,2021-09-23
응봉초등학교,체육관,275,충청남도 예산군 응봉면 예당로 1504(증곡리),36.65641102,126.7700386,2021,화학사고,041-339-7512,충청남도 예산군 산업건설국 환경과,2021-10-12
고덕초등학교,체육관,283,충청남도 예산군 고덕면 황금뜰로 203(대천리),36.74821242,126.7025903,2021,화학사고,041-339-7512,충청남도 예산군 산업건설국 환경과,2021-10-12
중앙탑면사무소,본관,63,충청북도 충주시 중앙탑면 중앙탑길 247(탑평리),37.028985,127.857015,2021,화학사고,043-850-3673,충청북도 충주시 환경국 대기환경과,2021-09-23
삼성현역사박물관,문화관,648,경북 경산시 남산면 삼성현공원로 59 (인흥리),35.80168834,128.7966117,2025,화학사고,053-810-5476,경상북도 경산시 경제환경국 환경과,2025-08-25
봉황초등학교,강당,430,경북 경산시 진량읍 봉황길 50 (봉회리),35.88302844,128.8238649,2025,화학사고,053-810-5476,경상북도 경산시 경제환경국 환경과,2025-08-25
청담중학교,교사동,2053,경기도 평택시 팽성읍 부용로56번길 20 (송화리),36.96249829,127.0630774,2021,화학사고,031-8024-3777,경기도 평택시 기후환경국 환경지도과,2021-10-29
사동초등학교,강당,249,경북 경산시 백양로33길 32 (사동),35.81380612,128.7609949,2025,화학사고,053-810-5476,경상북도 경산시 경제환경국 환경과,2025-08-25
야음초등학교,체육관,229,울산광역시 남구 산업로355번길 111(야음동),35.52122985,129.3296191,2021,화학사고,052-226-5762,울산광역시 남구 교통환경국 환경관리과,2023-08-16
개운초등학교,체육관,264,울산광역시 남구 두왕로106번길 28-6 (선암동),35.51334968,129.3117102,2021,화학사고,052-226-5762,울산광역시 남구 교통환경국 환경관리과,2023-08-16
성암생활체육관,체육관,567,경북 경산시 옥산로 25 (사정동),35.81748508,128.7275493,2025,화학사고,053-810-5476,경상북도 경산시 경제환경국 환경과,2025-08-25
안중체육관,체육관,2478,경기도 평택시 안중읍 서동대로 1555 (학현리),36.99051001,126.9215093,2023,화학사고,031-8024-3777,경기도 평택시 기후환경국 환경지도과,2023-10-20
고창군립체육관,체육관,9020,전북특별자치도 고창군 고창읍 운동장길 36(월암리),35.432369,126.722028,2021,화학사고,063-560-2881,전북특별자치도 고창군 안전건설국 환경위생과,2024-05-20
무장체육문화센터,체육관,1216,전북특별자치도 고창군 무장면 청보리로 1550,35.4128227,126.5634177,2021,화학사고,063-560-2881,전북특별자치도 고창군 안전건설국 환경위생과,2024-05-20
신림면 다목적 체육센터,체육관,1464,전북특별자치도 고창군 신림면 신림로 192,35.4881447,126.7186851,2021,화학사고,063-560-2881,전북특별자치도 고창군 안전건설국 환경위생과,2024-05-20
고성청소년수련관,체육관,131,강원특별자치도 고성군 간성읍 수성로 115-43(상리),38.3756341,128.4601535,2021,화학사고,033-680-3921,강원특별자치도 고성군 행정복지국 교육문화과,2025-08-26
김제금산초등학교,강당,300,전북특별자치도 김제시 금산면 모악로 383 (청도리),35.72057568,127.0322254,2025,화학사고,063-540-3331,전북특별자치도 김제시 복지환경국 환경과,2025-08-26
회화면사무소,대회의실,303,경상남도 고성군 회화면 배둔로 80(배둔리),35.06046437,128.3732179,2021,화학사고,055-670-2413,경상남도 고성군 문화환경국 환경과,2021-11-30
사천체육관,실내체육관,1574,경상남도 사천시 사천읍 운동장길 7(수석리),35.088806,128.09322,2021,화학사고,055-831-2772,경상남도 사천시 복지환경국 환경보호과,2021-10-06
삼천포체육관,실내체육관,2723,경상남도 사천시 주공로 32-1(용강동),34.942788,128.087673,2021,화학사고,055-831-2772,경상남도 사천시 복지환경국 환경보호과,2021-10-06
동성초등학교 강당,강당,1166,경상남도 사천시 정동면 동계길 45(고읍리),35.07614797,128.0868164,2021,화학사고,055-831-2772,경상남도 사천시 복지환경국 환경보호과,2021-10-06
사천초등학교 강당,강당,800,경상남도 사천시 사천읍 읍내로 59(선인리),35.08372685,128.0920581,2021,화학사고,055-831-2772,경상남도 사천시 복지환경국 환경보호과,2021-10-06
엄궁중학교,강당,250,부산광역시 사상구 대동로 56 (엄궁동),35.13525013,128.9754063,2021,화학사고,051-310-4396,부산광역시 사상구 경제환경국 환경위생과,2021-09-29
동주중학교,강당,276,부산광역시 사상구 주례로 107 (주례동),35.14597,129.00401,2021,화학사고,051-310-4396,부산광역시 사상구 경제환경국 환경위생과,2021-09-29
주례여자중학교,강당,230,부산광역시 사상구 가야대로306번길 55 (주례동),35.1486403,129.0068432,2021,화학사고,051-310-4396,부산광역시 사상구 경제환경국 환경위생과,2021-09-29
학장중학교,강당,276,부산광역시 사상구 대동로140번길 60 (학장동),35.13769099,128.9828725,2021,화학사고,051-310-4396,부산광역시 사상구 경제환경국 환경위생과,2021-09-29
강동면사무소,회의실,530,강원특별자치도 강릉시 강동면 율곡로 2208 (상시동리),37.7281268,128.9543714,2023,화학사고,033-660-3610,강원특별자치도 강릉시 강동면사무소,2025-08-28
계룡시민체육관,계룡시민체육관,1400,충청남도 계룡시 엄사면 문화1로 51 (유동리),36.26983552,127.2332728,2023,화학사고,042-840-3713,충청남도 계룡시 공공시설사업소,2025-08-25
강남동주민센터,회의실,227,강원특별자치도 강릉시 남부로 232 (노암동),37.7441798,128.9056509,2023,화학사고,033-660-26114,강원특별자치도 강릉시 강남동주민센터,2025-08-28
의령군종합사회복지관 및 국민체육센터,체육관 강의실 등,2212,경상남도 의령군 의령읍 의병로8길 44(서동리),35.31547348,128.2559628,2021,화학사고,055-570-2202,경상남도 의령군 행정복지국 사회복지과,2019-06-03
연일초등학교,강당,253,경상북도 포항시 남구 연일읍 철강로25번길 40(생지리),35.99488862,129.3466203,2021,화학사고,054-270-2915,경상북도 포항시 복지국 복지정책과,2020-11-03
오천초등학교,강당,450,경상북도 포항시 남구 오천읍 정몽주로 572(용덕리),35.96989662,129.4175625,2021,화학사고,054-270-2915,경상북도 포항시 복지국 복지정책과,2020-11-03
포은체육관,체육관,200,경상북도 포항시 남구 오천읍 냉천로 580(문덕리),35.9462,129.3999,2021,화학사고,054-270-3112,경상북도 포항시청 환경정책과,2020-11-03
다목적복지회관,회의실,254,경상북도 포항시 남구 대송면 운제로 111(제내리),35.97832463,129.3622829,2021,화학사고,054-270-2915,경상북도 포항시 복지국 복지정책과,2020-11-03
대송초등학교,강당,254,경상북도 포항시 남구 대송면 제내길 24(제내리),35.98393437,129.3625037,2021,화학사고,054-270-2915,경상북도 포항시 복지국 복지정책과,2020-11-03
대송면행정복지센터,회의실,63,경상북도 포항시 남구 대송면 장동홍계길 19(송동리),35.96838285,129.3600095,2021,화학사고,054-270-2915,경상북도 포항시 복지국 복지정책과,2020-11-03
송림초등학교,강당,254,경상북도 포항시 남구 축항로 55(송도동),36.02992626,129.3743532,2021,화학사고,054-270-2915,경상북도 포항시 복지국 복지정책과,2020-11-03
포항양덕초등학교,강당,334,경상북도 포항시 북구 양덕로 20-5 (양덕동),36.07980684,129.403296,2021,화학사고,054-270-2915,경상북도 포항시 복지국 복지정책과,2020-11-03
한마음체육관,체육관,200,경상북도 포항시 북구 새천년대로 1460 (양덕동),36.0779,129.4065,2021,화학사고,054-270-2915,경상북도 포항시 복지국 복지정책과,2020-11-03
올림픽기념관,체육관,518,경기도 안산시 단원구 적금로 202(고잔동),37.3265,126.82745,2021,화학사고,031-481-2243,경기도 안산시 환경녹지국 환경정책과,2021-10-29
구룡체육관,체육관,126,경기 안산시 상록구 구룡체육관로 21 (이동),37.30822207,126.8605031,2021,화학사고,031-481-2243,경기도 안산시 환경녹지국 환경정책과,2021-10-29
까치산체육관,강당,424,서울특별시 관악구 행운10길 23 (봉천동),37.48197728,126.9624717,2023,화학사고,02-879-6275,서울특별시 관악구 청년문화국 녹색환경과,2025-08-29
장군봉체육관,강당,723,서울특별시 관악구 남부순환로194길 81-12 (신림동),37.48147418,126.9347578,2023,화학사고,02-879-6275,서울특별시 관악구 청년문화국 녹색환경과,2025-08-29
청룡산체육관,강당,829,서울특별시 관악구 관악로5길 91-42 (봉천동),37.47428696,126.94978,2023,화학사고,02-879-6275,서울특별시 관악구 청년문화국 녹색환경과,2025-08-29
삼룡초등학교,강당,4836,경상남도 거제시 거제중앙로 1548(문동동),34.86175638,128.6441731,2021,화학사고,055-639-3933,경상남도 거제시 환경산림국 기후환경과,2021-09-30
과천청소년수련관,2층실내체육관,1036,경기도 과천시 참마을로 9 (문원동),37.42644227,127.0009103,2024,화학사고,02-3677-2108,경기도 과천시 경제복지국 기후환경과,2025-09-01
해강중학교,강당,840,부산광역시 해운대구 해운대해변로 17 (우동),35.1640514,129.1357357,2021,화학사고,051-749-4395,부산광역시 해운대구 교통환경국 환경위생과,2021-09-28
해운대여자중학교,강당,433,부산광역시 해운대구 우동1로 85번길 25 (우동),35.1680739,129.1536184,2021,화학사고,051-749-4395,부산광역시 해운대구 교통환경국 환경위생과,2021-09-28
군민회관,체육관,395,전라남도 장성군 장성읍 청운7길 10 (영천리),35.304418,126.785748,2021,화학사고,061-390-8505,전라남도 장성군 체육사업소,2021-10-27
쌍문2동주민센터,대강당,150,서울 도봉구 도봉로137길 21 (쌍문동),37.65990384,127.0397102,1999,화학사고,02-2091-5527,서울특별시 도봉구 쌍문2동,2025-09-02
창1동주민센터,대강당,150,서울 도봉구 해등로 46 (창동),37.64837711,127.0438238,1999,화학사고,02-2091-5677,서울특별시 도봉구 창1동,2025-09-02
창5동주민센터,대강당,250,서울 도봉구 도봉로136나길 20 (창동),37.65633441,127.0435868,1999,화학사고,02-2091-5777,서울특별시 도봉구 창5동,2025-09-02
현남중학교,체육관,116,강원특별자치도 양양군 현남면 매호길 14 (광진리),37.953879,128.769353,2014,화학사고,033-670-2182,강원특별자치도 양양군 환경과,2025-08-19
증평종합스포츠센터,실내체육관,1816,충청북도 증평군 증평읍 인삼로 23(송산리),36.78742,127.573306,2021,화학사고,043-835-3621,충청북도 증평군,2019-10-05
남호초등학교,체육관,466,강원특별자치도 동해시 평원로 120(평릉동),37.5343461,129.1126837,2021,화학사고,033-539-8849,강원특별자치도 동해시 경제산업국 환경과,2021-09-24
묵호중학교,체육관,704,강원특별자치도 동해시 향로3길 42(발한동),37.544013,129.105417,2021,화학사고,033-539-8849,강원특별자치도 동해시 경제산업국 환경과,2021-09-24
북평고등학교,체육관,819,강원특별자치도 동해시 효자남길 51(동회동),37.49200142,129.1068274,2021,화학사고,033-539-8849,강원특별자치도 동해시 경제산업국 환경과,2021-09-24
번천초등학교,체육관,523,경기 광주시 남한산성면 해공로 82 (상번천리),37.44515314,127.2669502,2024,화학사고,031-760-3765,경기도 광주시 기후산림국 수질정책과,2025-08-18
상률초등학교,학교,10499,경기도 수원시 장안구 덕영대로417번길 98 (율전동),37.30449675,126.9694126,2021,화학사고,031-228-3243,경기도 수원시 환경국 환경정책과,2020-10-25
천천초등학교,학교,13133,경기도 수원시 장안구 정자로42번길 17 (천천동),37.30047341,126.9827215,2021,화학사고,031-228-3243,경기도 수원시 환경국 환경정책과,2020-10-25
한천초등학교,학교,992,충북 진천군 덕산읍 초금로 687-2 (용몽리),36.90696103,127.5078988,2021,화학사고,043-539-3454,충청북도 진천군 경제환경국 환경과,2021-09-30
덕산중학교,학교,515,충북 진천군 덕산읍 몽촌2길 19 (용몽리),36.90728357,127.5104128,2021,화학사고,043-539-3454,충청북도 진천군 경제환경국 환경과,2021-09-30
양주백석고등학교,강당,655,경기도 양주시 백석읍 꿈나무로205 (오산리),37.791949,126.986756,2021,화학사고,031-8082-6313,경기도 양주시 환경안전국 환경정책과,2024-08-21
은현면체육회관,체육실,145,경기 양주시 은현면 은현로 74 (선암리),37.87575758,127.0245936,2024,화학사고,031-8082-6313,경기도 양주시 환경안전국 환경정책과,2024-08-21
조양중학교,체육관,1087,경기도 양주시 광적면 부흥로 757 (가납리),37.819075,126.97866,2021,화학사고,031-8082-6313,경기도 양주시 환경안전국 환경정책과,2024-08-21
덕정초등학교,강당,1453,경기도 양주시 덕정1길28 (덕정동),37.846286,127.063468,2021,화학사고,031-8082-6313,경기도 양주시 환경안전국 환경정책과,2024-08-21
녹양중학교,교사동,11985,경기도 의정부시 체육로 187 (녹양동),37.76165147,127.0284196,2023,화학사고,031-828-4431,경기도 의정부시 환경자원국 환경정책과,2025-07-28
송민학교,체육관(강당),631,경기도 의정부시 민락로 262 (민락동),37.74554523,127.1069048,2023,화학사고,031-828-4434,경기도 의정부시 환경자원국 환경정책과,2025-07-28
마곡초등학교,다목적실,363,충청남도 공주시 사곡면 운정길 29-10(운암리),36.5588663,127.0182957,2023,화학사고,041-840-8525,충청남도 공주시 경제문화국 환경보호과,2024-08-20
공주중학교,합숙소,336,충청남도 공주시 왕릉로 111(금성동),36.4645401,127.1178042,2023,화학사고,041-840-8525,충청남도 공주시 경제문화국 환경보호과,2024-08-20
공주교육대학교 옥룡캠퍼스,한민족교육문화원 컨벤션홀,280,충청남도 공주시 우금티로 753(옥룡동),36.4530414,127.1326599,2023,화학사고,041-840-8525,충청남도 공주시 경제문화국 환경보호과,2024-08-20
공주정보고등학교,교사시설(본관),2110,충청남도 공주시 마근동길 29(금흥동),36.485301,127.1572996,2023,화학사고,041-840-8525,충청남도 공주시 경제문화국 환경보호과,2024-08-20
미사강변중학교,체육관,939,경기도 하남시 미사강변한강로 89 (선동),37.5778252,127.1854869,2022,화학사고,031-790-5744,경기도 하남시 안전환경국 환경정책과,2024-05-29
진도중학교 청사관,체육관,591,전라남도 진도군 진도읍 교동3길 9 (교동리),34.48329,126.25848,2021,화학사고,061-544-2413,전라남도 진도군 환경수질과,2025-08-18
영광초등학교,강당,560,전라남도 영광군 영광읍 중앙로 216-7 (무령리),35.27795,126.5143,2023,화학사고,061-350-5448,전라남도 영광군 안전관리과,2024-05-24
백수서초등학교,강당,245,전라남도 영광군 백수읍 지산길4길 50-11 (대전리),35.28199,126.39711,2024,화학사고,061-350-5448,전라남도 영광군 안전관리과,2024-05-24
홍농초등학교,강당,563,전라남도 영광군 홍농읍 상하길 76-22 (상하리),35.3996,126.44883,2023,화학사고,061-350-5448,전라남도 영광군 안전관리과,2024-05-24
묘량중앙초등학교,강당,280,전라남도 영광군 묘량면 동삼로2길 26 (운당리),35.26803,126.55099,2024,화학사고,061-350-5448,전라남도 영광군 안전관리과,2024-05-24
법성포초등학교,강당,403,전라남도 영광군 법성면 용덕로 43 (대덕리),35.35983,126.45525,2024,화학사고,061-350-5448,전라남도 영광군 안전관리과,2024-05-24
법성고등학교,강당,425,전라남도 영광군 법성면 용덕로 66 (대덕리),35.35874,126.45744,2024,화학사고,061-350-5448,전라남도 영광군 안전관리과,2024-05-24
염산중학교,강당,208,전라남도 영광군 염산면 칠산로2길 31 (봉남리),35.22,126.37391,2024,화학사고,061-350-5448,전라남도 영광군 안전관리과,2024-05-24
울주군 보훈회관,다목적강당,79,울산광역시 울주군 청량읍 군청2길 16 (율리),35.5246998,129.2428561,2021,화학사고,052-204-2132,울산광역시 울주군 복지환경국 환경기후과,2023-07-30
회현체육센터,회현체육센터 2층,256,서울특별시 중구 퇴계로12길 78(회현동1가),37.556058,126.981748,2021,화학사고,02-3396-5615,서울특별시 중구 복지환경국 환경과,2021-11-04
서울청덕초등학교 3층,체육관,853,서울특별시 성북구 정릉로9라길 11 (정릉동),37.6119972,127.0003602,2021,화학사고,02-2241-3042,서울특별시 성북구 안전생활국 환경과,2024-08-20
서울월곡초등학교 2층,체육관,707,서울특별시 성북구 장월로3길 42 (장위동),37.61051987,127.0458577,2021,화학사고,02-2241-3042,서울특별시 성북구 안전생활국 환경과,2024-08-20
대방초등학교,체육관,1395,경상남도 창원시 성산구 대정로 132(대방동),35.21091,128.706351,2021,화학사고,055-225-3534,경상남도 창원시 기후환경국 환경정책과,2021-09-30
용호초등학교,강당,1272,경상남도 창원시 성산구 용지로169번길 76 (용호동),35.234013,128.676352,2021,화학사고,055-225-3534,경상남도 창원시 기후환경국 환경정책과,2021-09-30
반송초등학교,체육관,2440,경상남도 창원시 성산구 반송로 133(반림동),35.236742,128.670953,2021,화학사고,055-225-3534,경상남도 창원시 기후환경국 환경정책과,2021-09-30
양곡초등학교,체육관,1202,경상남도 창원시 성산구 양곡길 102(신촌동),35.201267,128.626613,2021,화학사고,055-225-3534,경상남도 창원시 기후환경국 환경정책과,2021-09-30
도계초등학교,체육관,1263,경상남도 창원시 의창구 하남천동길 10(도계동),35.259348,128.638538,2021,화학사고,055-225-3534,경상남도 창원시 기후환경국 환경정책과,2021-09-30
안민초등학교,강당,913,경상남도 창원시 성산구 안민로79번길6(안민동),35.187838,128.687781,2021,화학사고,055-225-3534,경상남도 창원시 기후환경국 환경정책과,2021-09-30
명서초등학교,강당,1240,경상남도 창원시 의창구 명서로 21(명서동),35.250009,128.643322,2021,화학사고,055-225-3534,경상남도 창원시 기후환경국 환경정책과,2021-09-30
사화초등학교,강당,727,경상남도 창원시 의창구 반계로80번길 7(팔용동),35.251945,128.616893,2021,화학사고,055-225-3534,경상남도 창원시 기후환경국 환경정책과,2021-09-30
마포구청,구청사 및 강당,804,서울특별시 마포구 월드컵로 212 (성산동),37.566131,126.901769,2021,화학사고,02-3153-9262,서울특별시 마포구 환경녹지국 맑은환경과,2023-08-07
아현동주민센터,동청사,645,서울특별시 마포구 마포대로7길 18 (공덕동),37.5471194,126.9521811,2021,화학사고,02-3153-9262,서울특별시 마포구 환경녹지국 맑은환경과,2023-08-07
삼진중학교,강당,1802,경상남도 창원시 마산합포구 진동면 성산길 51(진동리),35.114318,128.488221,2021,화학사고,055-225-3534,경상남도 창원시 기후환경국 환경정책과,2021-09-30
성호초등학교,강당,1636,경상남도 창원시 마산합포구 성호동4길 21(성호동),35.208982,128.571883,2021,화학사고,055-225-3534,경상남도 창원시 기후환경국 환경정책과,2021-09-30
마산합포스포츠센터,체육관,680,경상남도 창원시 마산합포구 드림베이대로 56(월영동),35.176508,128.567556,2021,화학사고,055-225-3534,경상남도 창원시 기후환경국 환경정책과,2021-09-30
삼진체육관,체육관,1575,경상남도 창원시 마산합포구 진동면 삼진의거대로 440(신기리),35.11378,128.471319,2021,화학사고,055-225-3534,경상남도 창원시 기후환경국 환경정책과,2021-09-30
도화동주민센터,동청사,762,서울특별시 마포구 도화길 37 (도화동),37.5415125,126.9498833,2021,화학사고,02-3153-9262,서울특별시 마포구 환경녹지국 맑은환경과,2023-08-07
용강동주민센터,동청사,1831,서울특별시 마포구 토정로31길 31 (용강동),37.542351,126.9428671,2021,화학사고,02-3153-9262,서울특별시 마포구 환경녹지국 맑은환경과,2023-08-07
구암초등학교,체육관,1389,경상남도 창원시 마산회원구 구암북19길 153(구암동),35.258213,128.595041,2021,화학사고,055-225-3534,경상남도 창원시 기후환경국 환경정책과,2021-09-30
대흥동주민센터,동청사,355,서울특별시 마포구 신촌로26길 10 (노고산동),37.5558715,126.9424158,2021,화학사고,02-3153-9262,서울특별시 마포구 환경녹지국 맑은환경과,2023-08-07
회원초등학교,체육관,1375,경상남도 창원시 마산회원구 회원남로 51(회원동),35.218918,128.566277,2021,화학사고,055-225-3534,경상남도 창원시 기후환경국 환경정책과,2021-09-30
염리동주민센터,동청사,487,서울특별시 마포구 숭문길 14 (염리동),37.5470703,126.9456522,2021,화학사고,02-3153-9262,서울특별시 마포구 환경녹지국 맑은환경과,2023-08-07
내서스포츠센터,체육관,1020,경상남도 창원시 마산회원구 내서읍 호원로 177(중리),35.249933,128.521601,2021,화학사고,055-225-3534,경상남도 창원시 기후환경국 환경정책과,2023-07-31
신수동주민센터,동청사,1161,서울특별시 마포구 독막로 192 (신수동),37.5471204,126.9351723,2021,화학사고,02-3153-9262,서울특별시 마포구 환경녹지국 맑은환경과,2023-08-07
진해문화센터,체육관,4206,경상남도 창원시 진해구 진해대로 325(태백동),35.169564,128.659459,2021,화학사고,055-225-3534,경상남도 창원시 기후환경국 환경정책과,2021-09-30
서교동주민센터,동청사,817,서울특별시 마포구 동교로15길 7 (서교동),37.5551143,126.9145848,2021,화학사고,02-3153-9262,서울특별시 마포구 환경녹지국 맑은환경과,2023-08-07
덕산초등학교,강당,677,경상남도 창원시 진해구 덕산로46번길15(자은동),35.145127,128.706517,2021,화학사고,055-225-3534,경상남도 창원시 기후환경국 환경정책과,2021-09-30
서강동주민센터,동청사,1703,서울특별시 마포구 독막로 165 (창전동),37.547732,126.9320629,2021,화학사고,02-3153-9262,서울특별시 마포구 환경녹지국 맑은환경과,2023-08-07
웅천초등학교,강당,1076,경상남도 창원시 진해구 웅천동로33(남문동),35.10432,128.756201,2021,화학사고,055-225-3534,경상남도 창원시 기후환경국 환경정책과,2021-09-30
합정동주민센터,동청사,990,서울특별시 마포구 월드컵로5길 11 (합정동),37.551619,126.911727,2021,화학사고,02-3153-9262,서울특별시 마포구 환경녹지국 맑은환경과,2023-08-07
안청초등학교,강당,778,경상남도 창원시 진해구 안골로 303(안골동),35.099706,128.806423,2021,화학사고,055-225-3534,경상남도 창원시 기후환경국 환경정책과,2021-09-30
망원1동주민센터,동청사,738,서울특별시 마포구 포은로6길 10 (망원동),37.5556,126.9057046,2021,화학사고,02-3153-9262,서울특별시 마포구 환경녹지국 맑은환경과,2023-08-07
하북초등학교,체육관,174,경남 창원시 마산합포구 진북면 지산5길 36 (지산리),35.11595632,128.4706366,2023,화학사고,055-225-3534,경상남도 창원시 기후환경국 환경정책과,2024-08-16
망원2동주민센터,동청사,821,서울특별시 마포구 방울내로7길 11 (망원동),37.560317,126.9023193,2021,화학사고,02-3153-9262,서울특별시 마포구 환경녹지국 맑은환경과,2023-08-07
내서초등학교,강당,64,경남 창원시 마산회원구 북성로 480 (두척동),35.23817336,128.5454446,2023,화학사고,055-225-3534,경상남도 창원시 기후환경국 환경정책과,2024-08-16
연남동주민센터,동청사,609,서울특별시 마포구 성미산로29길 17-9 (연남동),37.5645081,126.922021,2021,화학사고,02-3153-9262,서울특별시 마포구 환경녹지국 맑은환경과,2023-08-07
전안초등학교,강당,744,경남 창원시 마산회원구 내서읍 광려로 100 (신감리),35.21827,128.502047,2023,화학사고,055-225-3534,경상남도 창원시 기후환경국 환경정책과,2024-08-16
성산1동주민센터,동청사,749,서울특별시 마포구 성산로4길 15 (성산동),37.56336755,126.907895,2021,화학사고,02-3153-9262,서울특별시 마포구 환경녹지국 맑은환경과,2023-08-07
성산2동주민센터,동청사,732,서울특별시 마포구 월드컵북로30길 22 (성산동),37.5686413,126.908989,2021,화학사고,02-3153-9262,서울특별시 마포구 환경녹지국 맑은환경과,2023-08-07
상암동주민센터,동청사,748,서울특별시 마포구 매봉산로2길 16 (상암동),37.5783383,126.8946733,2021,화학사고,02-3153-9262,서울특별시 마포구 환경녹지국 맑은환경과,2023-08-07
동작구민체육센터,체육관,849,서울특별시 동작구 여의대방로16길53 (신대방동),37.494797,126.916716,2021,화학사고,02-820-1311,서울특별시 동작구 안전환경국 환경과,2025-09-02
광진초등학교,체육관,3590,서울특별시 광진구 자양로40길 41 (구의동),37.54761146,127.0913325,2023,화학사고,02-450-7804,서울특별시 광진구 안전환경국 환경과,2024-08-19
주양초등학교,강당,228,부산광역시 사상구 백양대로 372-6 (주례동),35.1536831,129.0121458,2021,화학사고,051-310-4396,부산광역시 사상구 경제환경국 환경위생과,2021-09-29
모동초등학교,강당,269,부산광역시 사상구 모라로192번길 37 (모라동),35.1851531,129.001458,2021,화학사고,051-310-4396,부산광역시 사상구 경제환경국 환경위생과,2021-09-29
부산장안고등학교,강당,294,부산광역시 기장군 장안읍 신좌천로 10 (좌천리),35.31884709,129.2365804,2021,화학사고,051-709-2722,부산광역시 기장군 문화환경국 환경위생과,2023-08-17
장안초등학교,강당,242,부산광역시 기장군 장안읍 장안로 67-4 (기룡리),35.346404,129.253712,2021,화학사고,051-709-2722,부산광역시 기장군 문화환경국 환경위생과,2023-08-17
모전중학교,강당,1520,부산광역시 기장군 정관읍 정관1로 9 (모전리),35.33832625,129.1624004,2021,화학사고,051-709-2722,부산광역시 기장군 문화환경국 환경위생과,2023-08-17
월평초등학교,강당,158,부산광역시 기장군 정관읍 월평1길 21 (월평리),35.35973501,129.1383273,2021,화학사고,051-709-2722,부산광역시 기장군 문화환경국 환경위생과,2023-08-17
기장중학교,강당,546,부산광역시 기장군 기장읍 읍내로 120 (대라리),35.24473513,129.2179999,2021,화학사고,051-709-2722,부산광역시 기장군 문화환경국 환경위생과,2023-08-17
정관초등학교,강당,1000,부산광역시 기장군 정관읍 정관로 530 (용수리),35.32316121,129.1719856,2021,화학사고,051-709-2722,부산광역시 기장군 문화환경국 환경위생과,2023-08-17
함안체육관,강당,2349,경상남도 함안군 가야읍 함안대로 619(도항리),35.28045199,128.3976595,2021,화학사고,055-580-3601,경상남도 함안군 문화시설사업소,2024-08-27
중앙초등학교,강당,841,광주광역시 동구 제봉로 167 (궁동),35.15159033,126.918318,2020,화학사고,062-608-2492,광주광역시 동구 복지환경국 기후환경과,2025-08-26
충장중학교,강당,3024,광주광역시 동구 경양로 379번길 19 (산수동),35.15666576,126.9287625,2020,화학사고,062-608-2492,광주광역시 동구 복지환경국 기후환경과,2024-08-16
논공초등학교,본관동 2층 강당,198,대구광역시 달성군 논공읍 논공로7길 41 (남리),35.73122596,128.4368259,2021,화학사고,053-668-2603,대구광역시 달성군 경제환경국 환경과,2025-08-25
장원초등학교,강당,1606,광주광역시 동구 무등로 533 (산수동),35.15745735,126.9377503,2020,화학사고,062-608-2492,광주광역시 동구 복지환경국 기후환경과,2025-08-26
동산초등학교,강당,1579,광주광역시 동구 준법로 16 (지산동),35.14878347,126.9349255,2020,화학사고,062-608-2492,광주광역시 동구 복지환경국 기후환경과,2025-08-26
서석초등학교,강당,837,광주광역시 동구 제봉로82번길 26 (서석동),35.1473381,126.9241124,2020,화학사고,062-608-2492,광주광역시 동구 복지환경국 기후환경과,2025-08-26
학운초등학교,강당,842,광주광역시 동구 의재로 181 (운림동),35.13328468,126.9470455,2020,화학사고,062-608-2492,광주광역시 동구 복지환경국 기후환경과,2025-08-26
방림다목적체육관,체육관,286,강원특별자치도 평창군 방림면 계촌길 101 (계촌리),37.452461,128.306397,2023,화학사고,033-330-2333,강원특별자치도 평창군 경제건설국 환경과,2024-05-20
메밀꽃체육관,체육관,302,강원특별자치도 평창군 봉평면 기풍3길 5 (창동리),37.6152835,128.3751172,2023,화학사고,033-330-2333,강원특별자치도 평창군 경제건설국 환경과,2024-05-20
미탄체육관,체육관,252,강원특별자치도 평창군 미탄면 청옥산1길 20 (창리),37.3427343,128.4970593,2023,화학사고,033-330-2333,강원특별자치도 평창군 경제건설국 환경과,2024-05-20
군산초등학교,강당,220,전북특별자치도 군산시 지곡로 68 (지곡동),35.95326098,126.7098193,2021,화학사고,063-454-3403,전북특별자치도 군산시 기후환경국 기후환경과,2025-08-11
군산지곡초등학교,강당,280,전북특별자치도 군산시 신지길 26 (지곡동),35.95763793,126.7070726,2021,화학사고,063-454-3403,전북특별자치도 군산시 기후환경국 기후환경과,2025-08-11
미성초등학교,강당,830,전북특별자치도 군산시 칠성2길 27 (산북동),35.95794464,126.6742138,2021,화학사고,063-454-3403,전북특별자치도 군산시 기후환경국 기후환경과,2025-08-11
군산산북초등학교,강당,280,전북특별자치도 군산시 원산북2길 29 (산북동),35.96427823,126.6818314,2021,화학사고,063-454-3403,전북특별자치도 군산시 기후환경국 기후환경과,2025-08-11
군산배드민턴장,체육관,1080,전북특별자치도 군산시 남수송5길 39 (수송동),35.96249498,126.7088194,2021,화학사고,063-454-3403,전북특별자치도 군산시 기후환경국 기후환경과,2025-08-11
관저고등학교,강당,1197,대전광역시 서구 관저북로 94(관저동),36.31077057,127.338527,2021,화학사고,042-288-3513,대전광역시 서구 경제환경국 기후환경과,2023-08-16
오량실내테니스장,체육관,945,대전광역시 서구 유등로 135(복수동),36.30475816,127.3797797,2021,화학사고,042-288-3513,대전광역시 서구 경제환경국 기후환경과,2023-08-16
도솔다목적체육관,체육관,641,대전광역시 서구 배재로197번길 41(도마동),36.32458481,127.3678384,2021,화학사고,042-288-3513,대전광역시 서구 경제환경국 기후환경과,2023-08-16
둔원중학교,강당,1123,대전광역시 서구 괴정로11번길 73(갈마동),36.34206371,127.3763663,2021,화학사고,042-288-3513,대전광역시 서구 경제환경국 기후환경과,2023-08-16
문정초등학교,강당,768,대전광역시 서구 문정로 180(둔산동),36.35084513,127.3955324,2021,화학사고,042-288-3513,대전광역시 서구 경제환경국 기후환경과,2023-08-16
가수원초등학교 체육관,가수원초등학교 체육관,184,대전 서구 벌곡로 1359 (가수원동),36.30239371,127.3530021,1990,화학사고,042-541-3582,대전광역시교육청 대전광역시서부교육지원청 가수원초등학교,2025-08-24
가장초등학교 체육관,가장초등학교 체육관,323,대전 서구 가장로 150 (가장동),36.33064334,127.3878802,2001,화학사고,042-527-7604,대전광역시교육청 대전광역시서부교육지원청 대전가장초등학교,2025-08-24
구봉초등학교 강당(본관4층),구봉초등학교 강당(본관4층),161,대전 서구 관저로 75 (관저동),36.29973119,127.3300558,1999,화학사고,042-542-0193,대전광역시교육청 대전광역시서부교육지원청 대전구봉초등학교,2025-08-24
대전원앙초등학교 강당,대전원앙초등학교 강당,255,대전 서구 관저북로 97 (관저동),36.31153216,127.3371375,2004,화학사고,042-540-1508,대전광역시교육청 대전광역시서부교육지원청 대전원앙초등학교,2025-08-24
기성종합복지관,기성종합복지관,1533,대전 서구 장안로 54 (흑석동),36.25111009,127.3411542,2009,화학사고,042-610-9411,대전광역시 서구 주민복지국 복지정책과,2025-08-24
선암초등학교 강당(본관3층),선암초등학교 강당(본관3층),133,대전 서구 관저중로 61 (관저동),36.29747249,127.3340384,2023,화학사고,042-542-2224,대전광역시교육청 대전광역시서부교육지원청 대전선암초등학교,2025-08-24
밀양배드민턴경기장,지상1층,968,경상남도 밀양시 시청로 26(교동),35.504499,128.745283,2021,화학사고,055-359-5317,경상남도 밀양시 나노경제국 환경관리과,2023-08-09
백수초등학교,강당,254,전라남도 영광군 백수읍 백수로10길 21 (천마리),35.28263,126.42204,2024,화학사고,061-350-5448,전라남도 영광군 안전관리과,2024-05-24
우성중학교,급식시설,453,충청남도 공주시 우성면 구레말길 86(방흥리),36.4632167,127.0544245,2023,화학사고,041-840-8525,충청남도 공주시 경제문화국 환경보호과,2024-08-20
안성맞춤아트홀,강당,2390,경기도 안성시 발화대길 21(현수동),37.001188,127.279385,2021,화학사고,031-678-5412,경기도 안성시 문화예술사업소,2024-01-01
현매초등학교,1층 교실,163,경기 안성시 서운면 매향길 61 (현매리),36.93596959,127.2300765,2025,화학사고,031-678-2632,경기도 안성시 주거환경국 환경과,2024-01-01
명덕초등학교,1층 체육관,595,경기 안성시 대덕면 미륵로 16 (진현리),37.05069123,127.2627775,2025,화학사고,031-678-2632,경기도 안성시 주거환경국 환경과,2024-01-01
죽산중고등학교,1층 해솔관(체육관),475,경기 안성시 죽산면 죽산향교길 52-9 (죽산리),37.0819934,127.4247711,2025,화학사고,031-678-2632,경기도 안성시 주거환경국 환경과,2025-09-09
미곡초등학교,2층 다목적실,231,경기 안성시 양성면 안성맞춤대로 2304-9 (노곡리),37.11067536,127.245032,2025,화학사고,031-678-2632,경기도 안성시 주거환경국 환경과,2024-01-01
강서구민올림픽체육센터,대체육관,882,시서울특별 강서구 화곡로65길 62 (등촌동),37.55966985,126.850584,2024,화학사고,02-2600-4014,서울특별시 강서구 미래경제국 녹색환경과,2024-06-17
호산초등학교,체육관,721,강원특별자치도 삼척시 원덕읍 삼척로 462-12 (호산리),37.17737516,129.3352297,2021,화학사고,033-570-3332,강원특별자치도 삼척시 안전건설국 환경과,2023-08-24
정라초등학교,체육관,850,강원특별자치도 삼척시 정상로3길 5 (정상동),37.44428084,129.1768761,2025,화학사고,033-570-3332,강원특별자치도 삼척시 안전건설국 환경과,2025-09-10
고강다목적체육센터,체육관,1306,경기 부천시 오정구 수주로 61 (고강동),37.52908373,126.8245095,2025,화학사고,032-625-3161,경기도 부천시 경제환경국 환경정책과,2025-05-27
청하면행정복지센터,회의실,125,경북 포항시 북구 청하면 청하로217번길 22 (덕성리),36.19956234,129.3379472,2026,화학사고,054-270-3112,경상북도 포항시청 환경정책과,2026-03-02
영덕국민체육센터,체육관,1100,경상북도 영덕군 영덕읍 강변길 290(화개리),36.417743,129.365478,2017,화학사고,054-730-7191,경상북도 영덕군 환경위생과,2026-04-22
물맑은양평체육관,체육관,4380,경기도 양평군 양평읍 마유산로 11 (양근리),37.49672797,127.4857525,2020,화학사고,031-770-2581,경기도 양평군 경제산업국 환경과,2024-05-20
용문국민체육센터,체육관,6037,경기 양평군 용문면 용문체육공원길 55 (마룡리),37.4918684,127.6060095,2025,화학사고,031-775-7911,경기도 양평군 환경교육국 기후환경과,2025-08-26
홍천종합체육관,체육관,1590,강원특별자치도 홍천군 홍천읍 태학여내길 22 (태학리),37.708614,127.908086,2021,화학사고,033-430-2627,강원특별자치도 홍천군 건설안전국 환경과,2026-04-22
가산체육문화센터,배드민턴경기장,3499,경기 포천시 가산면 감암길 27-1 (감암리),37.85001947,127.1863031,2026,화학사고,031-538-2258,경기도 포천시 경제환경국 환경지도과,2026-01-16
소흘국민체육센터,체육관,2416,경기 포천시 소흘읍 호국로523번길 59-90 (이동교리),37.82127015,127.1271033,2026,화학사고,031-538-2258,경기도 포천시 경제환경국 환경지도과,2026-01-16
신북면행정복지센터,대피소,620,경기도 포천시 신북면 호국로 2065 (기지리),37.933947,127.226425,2021,화학사고,031-538-2258,경기도 포천시 경제환경국 환경지도과,2025-08-28
오창고등학교,강당,1333,충청북도 청주시 청원구 오창읍 괴정1길 10(괴정리),36.73443626,127.4615095,2021,화학사고,043-201-1652,충청북도 청주시,2026-03-26
솔밭초등학교,강당,970,충청북도 청주시 흥덕구 대농로 42(복대동),36.64111108,127.4268245,2021,화학사고,043-201-1652,충청북도 청주시,2026-03-26
경덕초등학교,강당,1450,충청북도 청주시 흥덕구 장구봉로 36(가경동),36.62158106,127.4384455,2021,화학사고,043-201-1652,충청북도 청주시,2026-03-26
오송고등학교,강당 및 급식소,640,충청북도 청주시 흥덕구 오송읍 오송생명3로 95(연제리),36.62968139,127.3259204,2021,화학사고,043-201-1652,충청북도 청주시,2026-03-26
오송초등학교,강당,1212,충청북도 청주시 흥덕구 오송읍 오송2길 26(오송리),36.61218287,127.3261609,2021,화학사고,043-201-1652,충청북도 청주시,2026-03-26
봉정초등학교,강당,2666,충청북도 청주시 흥덕구 월명로140번길 37(봉명동),36.64747706,127.4574522,2021,화학사고,043-201-1652,충청북도 청주시,2026-03-26
한벌초등학교,강당,1866,충청북도 청주시 서원구 흥덕로 16(사직동),36.63758997,127.474787,2021,화학사고,043-201-1652,충청북도 청주시,2026-03-26
사직초등학교,강당,2424,충청북도 청주시 서원구 남사로 25(사직동),36.63042483,127.4770288,2021,화학사고,043-201-1652,충청북도 청주시,2026-03-26
성호체육문화센터,체육관,4358,경기 안산시 상록구 성호로 43 (일동),37.30964018,126.8668107,2025,화학사고,031-481-2243,경기도 안산시 환경녹지국 환경정책과,2025-12-16
대문초등학교,체육관(2층),1944,대전광역시 중구 송리로 11(문화동),36.3066318,127.4005974,2021,화학사고,042-606-7303,대전광역시 중구 생활환경국 기후환경과,2026-04-22
율량초등학교,강당,1261,충청북도 청주시 청원구 율봉로212번길 14(율량동),36.66737958,127.4919508,2021,화학사고,043-201-1652,충청북도 청주시,2026-03-26
중앙초등학교,강당,1198,충청북도 청주시 청원구 율봉로 287(율량동),36.66686201,127.5004236,2021,화학사고,043-201-1652,충청북도 청주시,2026-03-26
청주실내체육관,청주실내체육관,1156,충청북도 청주시 서원구 사직대로 229(사직동),36.63657375,127.4734496,2021,화학사고,043-201-1652,충청북도 청주시,2026-03-26
수성초등학교,강당,1202,충청북도 청주시 청원구 내수읍 내수로 601(내수리),36.71886833,127.5260669,2021,화학사고,043-201-1652,충청북도 청주시,2026-03-26
오창초등학교,강당,861,충청북도 청주시 청원구 오창읍 팔결로 690(장대리),36.74075108,127.4571323,2021,화학사고,043-201-1652,충청북도 청주시,2026-03-26
청주소로초등학교,강당,1353,충청북도 청주시 흥덕구 옥산면 오송가락로1020(가락리),36.67263981,127.3909387,2021,화학사고,043-201-1652,충청북도 청주시,2026-03-26
비봉초등학교,강당,1080,충청북도 청주시 청원구 오창읍 구룡2길 10(구룡리),36.71302006,127.413595,2021,화학사고,043-201-1652,충청북도 청주시,2026-03-26
옥산초등학교,강당,464,충청북도 청주시 흥덕구 옥산면 옥산시내1길 19(오산리),36.66391435,127.3737222,2021,화학사고,043-201-1652,충청북도 청주시,2026-03-26
옥산중학교,강당,2083,충청북도 청주시 흥덕구 옥산면 오산1길 41(오산리),36.67049773,127.3699965,2021,화학사고,043-201-1652,충청북도 청주시,2026-03-26
풍광초등학교,강당,1390,충청북도 청주시 흥덕구 풍산로47번길 58(가경동),36.62941107,127.4347782,2023,화학사고,043-201-1652,충청북도 청주시,2026-03-26
흥덕초등학교,강당,1284,충청북도 청주시 흥덕구 흥덕로 121(운천동),36.64514778,127.4741142,2023,화학사고,043-201-1652,충청북도 청주시,2026-03-26
운천초등학교,강당,1276,충청북도 청주시 흥덕구 무심서로 721(운천동),36.65364252,127.4738698,2023,화학사고,043-201-1652,충청북도 청주시,2026-03-26
대명여자고등학교,강당,833,부산광역시 동래구 시실로 135 (명장동),35.21209907,129.0962082,2021,화학사고,051-550-4397,부산광역시 동래구 문화환경국 환경위생과,2021-09-27
남일초등학교,강당,1190,충청북도 청주시 상당구 남일면 단재로 630(쌍수리),36.5754434,127.5096704,2023,화학사고,043-201-1652,충청북도 청주시,2026-03-26
새터초등학교,강당,853,충청북도 청주시 청원구 새터로 224(사천동),36.66741601,127.4706998,2021,화학사고,043-201-1652,충청북도 청주시,2026-03-26
서원고등학교,강당,1318,충청북도 청주시 흥덕구 가경로 49(가경동),36.61948922,127.4407134,2021,화학사고,043-201-1652,충청북도 청주시,2026-03-26
작전서운동 주민센터 본관,본관 2층,470,인천광역시 계양구 효서로 361(작전동),37.52813063,126.7364367,2021,화학사고,032-450-4843,인천광역시 계양구 작전서운동행정복지센터,2026-04-22
명지중학교,체육관,852,충청남도 서산시 대산읍 명지1로 15,36.9676523,126.4102621,2021,화학사고,041-661-8278,충청남도 서산시 환경녹지국 기후환경대기과,2026-04-23
동양중학교,체육관 교실,876,부산광역시 부산진구 백양산로 96 (부암동),35.1773761,129.0317144,2021,화학사고,051-605-4395,부산광역시 부산진구 문화경제국 환경위생과,2023-08-17
개성중학교,강당,1172,부산광역시 부산진구 엄광로 176-12 (가야동),35.1469443,129.0328775,2021,화학사고,051-605-4395,부산광역시 부산진구 문화경제국 환경위생과,2023-08-17
서산시민체육관,체육관,1780,충청남도 서산시 안견로 661,36.7978071,126.4360434,2021,화학사고,041-661-8278,충청남도 서산시 환경녹지국 기후환경대기과,2026-04-23
부산정보고등학교,강당,480,부산 부산진구 화지로 24 (양정동),35.1775236,129.0645205,2025,화학사고,051-605-4395,부산광역시 부산진구 문화경제국 환경위생과,2025-08-13
성북초등학교,강당,1254,부산 부산진구 황령대로 79 (전포동),35.15124225,129.0681859,2025,화학사고,051-605-4395,부산광역시 부산진구 문화경제국 환경위생과,2025-08-13
김포생활체육관,체육관,10264,경기도 김포시 김포한강8로 198-3(마산동),37.64041552,126.6448998,2021,화학사고,031-980-5655,경기도 김포시 환경국 환경지도과,2021-10-01
신평사랑채 노인복지관,본관,93,부산광역시 사하구 다대로130번길 34(신평동),35.09153399,128.9772359,2021,화학사고,051-220-4424,부산광역시 사하구 경제환경국 환경과,2021-10-30
신남초등학교,다목적실,1077,부산광역시 사하구 비봉로 88(하단동),35.09885859,128.9617103,2021,화학사고,051-220-4424,부산광역시 사하구 경제환경국 환경과,2021-10-30
김포시민회관,체육관,2109,경기도 김포시 사우중로 26(사우동),37.61713729,126.7180419,2023,화학사고,031-980-5655,경기도 김포시 환경국 환경지도과,2023-06-25
고촌읍행정복지센터,2층 대회의실,619,경기 김포시 고촌읍 장차로 14 (신곡리),37.60330465,126.7709491,2025,화학사고,031-980-5655,경기도 김포시 환경국 환경지도과,2025-08-20
윤봉길체육관,체육관,365,충청남도 예산군 예산읍 예산로 352(향천리),36.677008,126.8601346,2021,화학사고,041-339-7512,충청남도 예산군 산업건설국 환경과,2021-10-12
삽교국민체육관,1층,763,충청남도 예산군 삽교읍 신가꽃산서길 115(신가리),36.6856074,126.7396716,2021,화학사고,041-339-7512 ,충청남도 예산군 산업건설국 환경과,2021-10-12
남악주민다목적생활체육관,남악주민다목적생활체육관,2037,전라남도 무안군 삼향읍 남악로 327 (남악리),34.80593,126.475525,2021,화학사고,061-450-5569,전라남도 무안군 환경과,2024-08-19
의성국민체육센터,2층 체육관,730,경상북도 의성군 단북면 안계길 251(노연리),36.39215295,128.4286915,2025,화학사고,054-830-6179,경상북도 의성군 도시환경국 환경축산과,2026-04-23
관악구민종합체육센터,강당,8467,서울특별시 관악구 낙성대로3길 37 (봉천동),37.47307912,126.9603396,2023,화학사고,02-879-6275,서울특별시 관악구 청년문화국 녹색환경과,2026-04-23
무주국민체육센터,체육관,2000,전북특별자치도 무주군 무주읍 최북로 38(당산리),36.0012845,127.6657632,2014,화학사고,063-320-5601,전북특별자치도 무주군 산업건설국 시설체육운영과,2021-09-16
무주예체문화관,강당,500,전북특별자치도 무주군 무주읍 한풍루로 326-17(당산리),36.002357,127.6625197,2003,화학사고,063-320-5601,전북특별자치도 무주군 산업건설국 시설체육운영과,2021-09-16
인평초등학교,강당,712,경상북도 칠곡군 북삼읍 북삼로8길 10(인평리),36.072065,128.336749,2023,화학사고,054-979-6694,경상북도 칠곡군 건설안전국 환경관리과,2025-08-26
도척초등학교,전체,1698,경기 광주시 도척면 노곡로 33 (노곡리),37.30352776,127.3318501,2026,화학사고,031-760-3765,경기도 광주시 기후산림국 수질정책과,2026-04-24
도수초등학교,본관,562,경기도 광주시 퇴촌면 도수길 11 (도수리),37.4720374,127.317711,2024,화학사고,031-760-3765,경기도 광주시 기후산림국 수질정책과,2026-04-24
곤지암초등학교,체육관,600,경기 광주시 곤지암읍 곤지암로 70-13 (곤지암리),37.34966983,127.3381352,2024,화학사고,031-760-3765,경기도 광주시 기후산림국 수질정책과,2026-04-24
안성초등학교,체육관,602,경기 안성시 혜산로 13 (구포동),37.0122701,127.2725354,2025,화학사고,031-674-5803,경기도교육청 경기도안성교육지원청 안성초등학교,2026-04-27
백성초등학교,체육관,942,경기 안성시 아양3로 41 (옥산동),37.00545178,127.2520428,2025,화학사고,031-674-3232,경기도교육청 경기도안성교육지원청 백성초등학교,2026-04-27
북면생활형국민체육센터,체육관,1189,경기 가평군 북면 가화로 999 (목동리),37.88610866,127.5477147,2026,화학사고,031-580-4277,경기도 가평군 북면,2026-03-27
상면국민체육센터,체육관,1126,경기 가평군 상면 비룡로 2253 (연하리),37.80386105,127.3489121,2026,화학사고,031-580-4165,경기도 가평군 상면,2026-03-27
설악반다비문화체육센터,체육관2층,3067,경기 가평군 설악면 자잠로 80 (선촌리),37.68346308,127.4923648,2025,화학사고,031-585-3008,경기도 가평군,2025-06-25
청평호반문화체육센터,체육관3층,3974,경기 가평군 청평면 은고개로 39 (청평리),37.73920442,127.4243472,2025,화학사고,031-8078-7310,경기도 가평군 경제산업국 문화체육과,2025-06-25
첨단다목적체육센터,체육관,1692,광주광역시 광산구 첨단강변로 76(산월동),35.21325,126.852851,2021,화학사고,062-960-9923,광주광역시 광산구 환경녹지국 기후환경과,2021-09-30
광산구청,강당,736,광주광역시 광산구 광산로29번길 15(송정동),35.1394559,126.7936985,2021,화학사고,062-960-8447,광주광역시 광산구 환경녹지국 기후환경과,2021-09-30
수완동 행정복지센터,강당,409,광주광역시 광산구 장덕로 158(수완동),35.197062,126.8257461,2021,화학사고,062-960-8447,광주광역시 광산구 환경녹지국 기후환경과,2021-09-30
광산농악전수교육관,교육관,310,광주광역시 광산구 하남지실길 255-94(산정동),35.173644,126.790179,2021,화학사고,062-960-8892,광주광역시 광산구 환경녹지국 기후환경과,2021-09-30
양대초등학교,강당(2층),875,충청남도 천안시 서북구 입장면 성진로 858(하장리),36.91495738,127.2263702,2021,화학사고,041-521-5437,충청남도 천안시 농업환경국 환경정책과,2026-04-27
삼은초등학교,강당,923,충청남도 천안시 서북구 직산읍 삼은2길 11(삼은리),36.87800388,127.1481491,2021,화학사고,041-521-5437,충청남도 천안시 농업환경국 환경정책과,2026-04-27
천안인애학교,강당,760,충청남도 천안시 성거읍 봉주로 229(소우리),36.87931021,127.1718026,2021,화학사고,041-521-5437,충청남도 천안시 농업환경국 환경정책과,2026-04-27
성거초등학교,강당,207,충청남도 천안시 서북구 성거읍 소댕이3길 606-21(송남리),36.87185249,127.1997243,2021,화학사고,041-521-5437,충청남도 천안시 농업환경국 환경정책과,2026-04-27
천안업성고등학교,강당,900,충청남도 천안시 서북구 업성3길 65-11(업성동),36.86199883,127.1373113,2021,화학사고,041-521-5437,충청남도 천안시 농업환경국 환경정책과,2026-04-27
천안두정고등학교,강당(3층),1080,충청남도 천안시 서북구 두정고2길 13(두정동),36.83526697,127.1303529,2021,화학사고,041-521-5437,충청남도 천안시 농업환경국 환경정책과,2026-04-27
환서초등학교,강당(2층),927,충청남도 천안시 서북구 한들2로 34-41(백석동),36.82815727,127.1224572,2021,화학사고,041-521-5437,충청남도 천안시 농업환경국 환경정책과,2026-04-27
천안월봉초등학교,강당(2층),848,충청남도 천안시 서북구 월봉4로 120-8(쌍용동),36.79649694,127.1153133,2021,화학사고,041-521-5437,충청남도 천안시 농업환경국 환경정책과,2026-04-27
천안새샘초등학교,강당,1062,충청남도 천안시 동남구 통정9로 58(신방동),36.77089264,127.1308304,2021,화학사고,041-521-5437,충청남도 천안시 농업환경국 환경정책과,2026-04-27
용정초등학교,강당,558,충청남도 천안시 동남구 풍세면 용정길 8-7(용정리),36.74496218,127.101393,2021,화학사고,041-521-5437,충청남도 천안시 농업환경국 환경정책과,2026-04-27
미죽초등학교,강당,175,충청남도 천안시 동남구 풍세면 미죽2길 7(미죽리),36.73787026,127.1510242,2021,화학사고,041-521-5437,충청남도 천안시 농업환경국 환경정책과,2026-04-27
풍세초등학교,강당,940,충청남도 천안시 동남구 풍세면 풍세2길 5(풍서리),36.72605013,127.1179597,2021,화학사고,041-521-5437,충청남도 천안시 농업환경국 환경정책과,2026-04-27
신흥초등학교,강당,889,충청남도 천안시 동남구 목천읍 신계5길 27(신계리),36.773799,127.2166344,2021,화학사고,041-521-5437,충청남도 천안시 농업환경국 환경정책과,2026-04-27
신사초등학교,강당,788,충청남도 천안시 동남구 성남면 신사대화로 155(신사리),36.74274943,127.2371469,2021,화학사고,041-521-5437,충청남도 천안시 농업환경국 환경정책과,2026-04-27
천남중학교,강당,971,충청남도 천안시 동남구 성남면 신사대화로 403(대화리),36.73148563,127.259827,2021,화학사고,041-521-5437,충청남도 천안시 농업환경국 환경정책과,2026-04-27
화암초등학교,체육관,960,울산광역시 동구 화문로 55(방어동),35.48402806,129.4156353,2021,화학사고,052-209-3563,울산광역시 동구 해양환경국 환경위생과,2021-07-01
전하2동주민센터,대강당 프로그램실,1160,울산광역시 동구 진성4길 45(전하동),35.50881465,129.4265815,2021,화학사고,052-209-3563,울산광역시 동구 해양환경국 환경위생과,2021-07-01
남목1동주민센터,다목적실,650,울산광역시 동구 방어진순환도로 1170(서부동),35.53920674,129.4208147,2021,화학사고,052-209-3563,울산광역시 동구 해양환경국 환경위생과,2021-07-01
녹수초등학교,체육관,1660,울산광역시 동구 봉수로 545(서부동),35.53081083,129.4285881,2021,화학사고,052-209-3563,울산광역시 동구 해양환경국 환경위생과,2021-07-01
이천사동초등학교,강당,746,경기도 이천시 대월면 경충대로2003번길 124-87 (사동리),37.24201259,127.4870916,2021,화학사고,031-644-2358,경기도 이천시 환경수자원국 환경보호과,2021-10-15
효양고등학교,체육관,3583,경기도 이천시 부발읍 효양로 214 (신하리),37.26541886,127.4796327,2021,화학사고,031-644-2358,경기도 이천시 환경수자원국 환경보호과,2021-10-15
아미초등학교,체육관,546,경기도 이천시 부발읍 신아로92번길 32(아미리),37.25818,127.491077,2023,화학사고,031-644-2358,경기도 이천시 환경수자원국 환경보호과,2023-08-07
호법초등학교,다목적체육관,764,경기도 이천시 호법면 이섭대천로537번길 8(후안리),37.224201,127.427461,2023,화학사고,031-644-2358,경기도 이천시 환경수자원국 환경보호과,2023-08-07
표교초등학교,다목적실(보름관),603,경기도 이천시 마장면 중부대로609번길 28-1(목리),37.256779,127.405777,2023,화학사고,031-644-2358,경기도 이천시 환경수자원국 환경보호과,2023-08-07
효양중학교,강당,852,경기 이천시 부발읍 효양로 231 (산촌리),37.26580417,127.4821747,2024,화학사고,031-644-2358,경기도 이천시 환경수자원국 환경보호과,2024-08-21
안양서중학교,별관 4층 체육관,3072,경기도 안양시 만안구 창박로 26(안양동),37.38574827,126.904466,2021,화학사고,031-8045-5822,경기도 안양시 환경국 환경정책과,2026-04-28
호계다목적체육관,배드민턴장 탁구장 등,4237,경기도 안양시 동안구 귀인로80번길52(호계동),37.38039,126.9469,2021,화학사고,031-8045-5822,경기도 안양시 환경국 환경정책과,2026-04-28
태봉초등학교,체육관,469,강원특별자치도 원주시 흥양로51번길 113 (태장동),37.38596,127.95658,2021,화학사고,033-737-3042,강원특별자치도 원주시 환경국 기후대응과,2026-04-24
문막초등학교,체육관,1360,강원특별자치도 원주시 문막읍 건등로 28-11 (건등리),37.31288,127.820611,2021,화학사고,033-737-3042,강원특별자치도 원주시 환경국 기후대응과,2026-04-27
성룡초등학교,강당,719,대전광역시 서구 갈마역로 125(월평동),36.36144283,127.3731519,2021,화학사고,042-288-3513,대전광역시 서구 경제환경국 기후환경과,2023-08-16
횡성실내체육관,체육관,631,강원특별자치도 횡성군 횡성읍 문화체육로 57 (북천리),37.49616129,127.9891516,2001,화학사고,033-340-5962,강원특별자치도 횡성군 행정복지국 교육체육과,2026-04-28
월랑초등학교,체육관,1136,충청남도 아산시 음봉로 515-50(월랑리),36.845796,127.068837,2021,화학사고,041-540-2440,충청남도 아산시 환경녹지국 환경보전과,2026-04-29
탕정면행정복지센터,강당,393,충청남도 아산시 탕정면 탕정면로 36(명암리),36.798518,127.0610988,2021,화학사고,041-540-2440,충청남도 아산시 환경녹지국 환경보전과,2026-04-29
영인면행정복지센터,회의실,181,충청남도 아산시 영인면 영인로 78(아산리),36.8565663,126.9548211,2021,화학사고,041-540-2440,충청남도 아산시 환경녹지국 환경보전과,2026-04-29
영인초등학교,체육관,752,충청남도 아산시 영인면 여민루길 20(아산리),36.8540375,126.9531511,2021,화학사고,041-540-2440,충청남도 아산시 환경녹지국 환경보전과,2026-04-29
용연초등학교,다목적강당,976,경남 양산시 하북면 용연로 110 (백록리),35.44962424,129.0752308,2025,화학사고,055-392-3582,경상남도 양산시 환경녹지국 수질관리과,2026-04-29
황산초등학교,강당,723,경상남도 양산시 물금읍 화합5길 12(범어리),35.33111597,129.0095167,2022,화학사고,055-392-3582,경상남도 양산시 환경녹지국 수질관리과,2026-04-29
거창군종합사회복지센터,종합사회복지관,160,경남 거창군 거창읍 아림로 66 (중앙리),35.68906475,127.909834,2025,화학사고,055-940-3514,경상남도 거창군 안전건설국 안전총괄과,2025-08-20
정선초등학교,체육관,5560,강원특별자치도 정선군 정선읍 비봉로 15 (봉양리),37.3818207,128.6594509,2024,화학사고,033-560-2354,강원특별자치도 정선군 시설국 환경과,2023-12-14
영주국민체육센터,강당,1500,경상북도 영주시 가흥로 109 (가흥동),36.8066599,128.6065441,2025,화학사고,054-639-7623,경상북도 영주시 문화복지국 체육진흥과,2026-04-30
풍기체육회관,강당,250,경상북도 영주시 풍기읍 소백로 2011-28 (산법리),36.8783658,128.5388726,2025,화학사고,054-639-7623,경상북도 영주시 문화복지국 체육진흥과,2026-04-30
남원공설운동장실내체육관,체육관,2053,전북특별자치도 남원시 충정로 341(월락동),35.430644,127.40235,2002,화학사고,063-620-6913,전북특별자치도 남원시 안전건설국 환경과,2026-04-30
아림고등학교,체육관,686,경상남도 거창군 거창읍 정장길 19(김천리),35.67736,127.9135,2021,화학사고,055-940-3514,경상남도 거창군 안전건설국 환경과,2026-04-30
경희고등학교,4층 강당,756,서울특별시 동대문구 경희대로 26 (회기동),37.5947,127.055,1999,화학사고,02-2127-4639,서울특별시 동대문구 미래환경국 기후환경과,2026-04-27
고양일고등학교,2층 강당,899,경기도 고양시 덕양구 읍내로 13(고양동),37.699683,126.901209,2021,화학사고,031-8075-2645,경기도 고양시 기후환경국 환경정책과,2021-10-05
행주초등학교,2층 다목적실,374,경기도 고양시 덕양구 행주로17번길 70(행주내동),37.603299,126.824715,2021,화학사고,031-8075-2645,경기도 고양시 기후환경국 환경정책과,2021-10-05
상주시 실내체육관,체육관 구관/신관,1338,경상북도 상주시 북상주로 24-7,36.43160881,128.1629672,2023,화학사고,054-537-7357,경상북도 상주시 경제산업국 환경관리과,2024-05-20
동패고등학교 교사동,교사동,2375,경기도 파주시 교하로 350(동패동),37.710945,126.734411,2021,화학사고,031-940-8472,경기도 파주시 환경국 기후위기대응과,2021-11-01
마정초등학교,교실,535,경기도 파주시 문산읍 마정로124번길 13(마정리),37.89226,126.760142,2021,화학사고,031-940-8472,경기도 파주시 환경국 기후위기대응과,2021-11-01
연풍초등학교,체육관,780,경기도 파주시 파주읍 연풍초교길 25(연풍리),37.831067,126.834769,2022,화학사고,031-940-8472,경기도 파주시 환경국 기후위기대응과,2022-03-22
갈현초등학교,강당  교실,1530,경기도 파주시 탄현면평화로591번길 76(갈현리),37.772081,126.71677,2022,화학사고,031-940-8472,경기도 파주시 환경국 기후위기대응과,2022-03-22
조리 배드민턴전용구장,체육관,1024,경기 파주시 조리읍 봉천로 80 (봉일천리),37.74589743,126.8043679,2025,화학사고,031-940-8472,경기도 파주시 환경국 기후위기대응과,2025-08-24
교하중학교,강당,1180,경기 파주시 책향기로 194 (동패동),37.72281294,126.7208925,2025,화학사고,031-940-8472,경기도 파주시 환경국 기후위기대응과,2025-08-24
교하초등학교,강당,609,경기 파주시 동편길 13 (교하동),37.75372445,126.7470599,2025,화학사고,031-940-8472,경기도 파주시 환경국 기후위기대응과,2025-08-24
경기섬유종합지원센터,대강당 등,1774,경기 양주시 평화로 1215 (산북동),37.79920049,127.045316,2026,화학사고,031-8082-6313,경기도 양주시 환경안전국 환경정책과,2026-05-04
천동초등학교,강당,263,대전광역시 동구 천동초등동길 60(천동),36.316024,127.445627,2021,화학사고,042-251-4546,대전광역시 동구 복지환경국 환경과,2026-05-04
동구청소년자연수련원,체육관,356,대전광역시 동구 산내로474번길 123(상소동),36.22347,127.45006,2021,화학사고,042-251-4546,대전광역시 동구 복지환경국 환경과,2026-05-04
충남중학교,강당,438,대전광역시 동구 계족로 123(신흥동),36.32445,127.44398,2021,화학사고,042-251-4546,대전광역시 동구 복지환경국 환경과,2026-05-04
용전초등학교,실내체육관,383,대전광역시 동구 계족로505번길 49(용전동),36.3564,127.43036,2021,화학사고,042-251-4546,대전광역시 동구 복지환경국 환경과,2026-05-04
성남다목적체육관,체육관,702,대전광역시 동구 성남로 33 (성남동),36.3426221,127.43079,2022,화학사고,042-251-4546,대전광역시 동구 복지환경국 환경과,2026-05-04
병영면게이트볼장,체육시설,552,전라남도 강진군 병영면 장강로 1064-6(성남리),34.71742306,126.8129622,2021,화학사고,061-430-3303,전라남도 강진군 환경과,2021-10-25
군동면게이트볼장,체육시설,552,전라남도 강진군 군동면 진흥로 324-7(라천리),34.64403987,126.8165781,2021,화학사고,061-430-3303,전라남도 강진군 환경과,2021-10-25
고양체육관,1층 체육관,2962,경기도 고양시 일산서구 중앙로 1601(대화동),37.674737,126.741777,2021,화학사고,031-8075-2645,경기도 고양시 기후환경국 환경정책과,2021-10-05
호곡초등학교,4층 체육관,589,경기도 고양시 일산서구 탄현로 109(탄현동),37.700843,126.767024,2021,화학사고,031-8075-2645,경기도 고양시 기후환경국 환경정책과,2021-10-05
황룡초등학교,체육관,1653,경기 고양시 일산서구 탄현로 75 (탄현동),37.698132,126.768739,2025,화학사고,031-8075-2645,경기도 고양시 기후환경국 환경정책과,2025-07-14
신일비지니스고등학교,5층 강당,1316,경기 고양시 일산서구 킨텍스로 452 (일산동),37.682787,126.762191,2025,화학사고,031-8075-2645,경기도 고양시 기후환경국 환경정책과,2025-07-14
일산은행초등학교,체육관,922,경기 고양시 일산동구 은행마을로 70 (식사동),37.66921,126.806946,2025,화학사고,031-8075-2645,경기도 고양시 기후환경국 환경정책과,2025-07-14
고양어울림누리,체육관,2573,경기 고양시 덕양구 어울림로 33 (성사동),37.648975,126.833415,2025,화학사고,031-8075-2645,경기도 고양시 기후환경국 환경정책과,2025-07-14
고양고등학교,강당,1635,경기 고양시 덕양구 삼송로 171 (삼송동),37.65333,126.890996,2025,화학사고,031-8075-2645,경기도 고양시 기후환경국 환경정책과,2025-07-14
칠량면게이트볼장,체육시설,501,전라남도 강진군 칠량면 칠량로 72-1(영동리),34.57232387,126.7983937,2021,화학사고,061-430-3303,전라남도 강진군 환경과,2021-10-25
동천체육관,체육관,769,울산광역시 중구 염포로 85 (남외동),35.56233822,129.3504554,2000,화학사고,052-294-4120,울산시설공단,2025-08-25
마차8리마을회관,회관,77,강원특별자치도 영월군 북면 밤재로 491-1 (마차리),37.270389,128.47581,2021,화학사고,033-370-4811,강원특별자치도 영월군 북면,2021-09-24
실내체육관,실내체육관,4750,강원특별자치도 영월군 제방안길 100 (하송리),37.17688,128.464933,2023,화학사고,033-370-2332,강원특별자치도 영월군  환경위생과,2023-08-31
진정초등학교,본관,149,경상남도 하동군 금남면 진정1길 10(진정리),34.98533892,127.8248456,2021,화학사고,055-880-2573,경상남도 하동군 문화환경국 환경보호과,2026-05-04
문화체육회관,체육관,2211,강원특별자치도 양구군 양구읍 양록길23번길 17 (상리),38.10835824,127.9843881,2021,화학사고,033-480-7280,강원특별자치도 양구군 행정복지국 환경과,2026-05-04
보성다향체육관,강당,4816,전라남도 보성군 보성읍 용문길 18(보성리),34.7721,127.09463,2023,화학사고,061-850-5332,전라남도 보성군 기후환경과,2021-12-02
벌교스포츠센터,강당,6204,전라남도 보성군 벌교읍 신정길 4-129(장양리),34.83956,127.36152,2023,화학사고,061-850-5332,전라남도 보성군 기후환경과,2021-12-02
농어민문화체육센터,체육관,1120,전라남도 완도읍 개포로 111(군내리),34.315781,126.741555,2021,화학사고,061-550-5506,전라남도 완도군청 환경수질관리과,2022-09-21
효신초등학교,강당,931,대구광역시 동구 동부로34길 70 (신천동),35.872615,128.63176,2021,화학사고,053-662-2604,대구광역시 동구 경제환경국 환경과,2021-09-30
효목초등학교,강당,1525,대구광역시 동구 화랑로27길 25 (효목동),35.876761,128.642665,2021,화학사고,053-662-2604,대구광역시 동구 경제환경국 환경과,2021-09-30
입석초등학교,강당,1125,대구광역시 동구 아양로 300 (입석동),35.890767,128.643298,2021,화학사고,053-662-2604,대구광역시 동구 경제환경국 환경과,2021-09-30
산청실내체육관,실내체육관,3460,경상남도 산청군 금서면 친환경로 2631번길 39,35.421595,127.872245,2024,화학사고,055-970-7122,경상남도 산청군 항노화관광국 환경위생과,2026-05-06
가야곡초등학교 강당,강당,658,충청남도 논산시 가야곡면 덕은로 160(강청리),36.14376676,127.1685839,2021,화학사고,041-746-5522,충청남도 논산시 문화환경국 환경과,2026-05-06
논산부창초등학교 강당,강당,1166,충청남도 논산시 시민로397번길 10(부창동),36.19969069,127.084875,2021,화학사고,041-746-5522,충청남도 논산시 문화환경국 환경과,2026-05-06
신창중학교 체육관,체육관,581,서울특별시 노원구 월계로45길 92 (월계동),37.6283987,127.0475295,2024,화학사고,02-2116-3213,서울특별시 노원구 탄소중립국 녹색환경과,2024-08-16
혜화동자치회관,3층 혜화홀,130,서울특별시 종로구 혜화로 12(혜화동),37.5869048,127.000526,2021,화학사고,02-2148-2472,서울특별시 종로구 문화환경국 환경과,2025-08-27
온양읍 행정복지센터,대회의실,70,울산광역시 울주군 온양읍 남창1길 20 (남창리),35.41943571,129.2805818,2021,화학사고,052-204-2132,울산광역시 울주군 복지환경국 환경기후과,2026-05-06
남창고등학교,체육관,253,울산광역시 울주군 온양읍 태화7길 43-16 (운화리),35.41561481,129.2785552,2021,화학사고,052-204-2132,울산광역시 울주군 복지환경국 환경기후과,2026-05-06
문수초등학교,체육관,180,울산광역시 울주군 청량읍 청송길 8 (율리),35.5193473,129.2405824,2021,화학사고,052-204-2132,울산광역시 울주군 복지환경국 환경기후과,2026-05-06
웅촌면 행정복지센터,대회의실 주민자치회의실,111,울산광역시 울주군 웅촌면 새초천길 12 (곡천리),35.46132138,129.20834,2021,화학사고,052-204-2132,울산광역시 울주군 복지환경국 환경기후과,2026-05-06
인천공항중학교,급식실 2층,983,인천광역시 중구 영종대로27번길 49 (운서동2747-8),37.4974378,126.4840693,2021,화학사고,032-760-7737,인천광역시 중구 영종행정국 친환경위생과,2026-05-01
용유동 행정복지센터,회의실,160,인천광역시 중구 마시란로 308-13(남북동),37.44392097,126.4025066,2021,화학사고,032-760-7737,인천광역시 중구 영종행정국 친환경위생과,2026-05-01
인천신선초등학교,1층 실내체육실,40,인천광역시 중구 축항대로291번길 33 (신흥동3가),37.4513872,126.627563,2021,화학사고,032-760-7402,인천광역시 중구 주민생활국 위생환경과,2021-09-29
인천여자상업고등학교,강당(3층),1090,인천광역시 중구 인중로 146 (신생동),37.467745,126.627598,2021,화학사고,032-760-7402,인천광역시 중구 주민생활국 위생환경과,2026-05-01
강원체육고등학교,체육관,162,강원특별자치도 춘천시 자라우새길 126 (송암동),37.85912229,127.694804,2025,화학사고,033-250-4171,강원특별자치도 춘천시 복지국 복지정책과,2025-08-25
장학초등학교,체육관,105,강원특별자치도 춘천시 동면 춘천로449번길 33 (장학리),37.89526321,127.7520692,2025,화학사고,033-250-4171,강원특별자치도 춘천시 복지국 복지정책과,2025-08-25
장자중학교,체육관,1115,경기도 구리시 장자호수길 45(교문동),37.586071,127.135829,2021,화학사고,031-550-2862,경기도 구리시 환경관리사업소 환경과,2026-05-06
동인초등학교,체육관,515,경기도 구리시 동구릉로103번길 37(인창동),37.610692,127.134415,2021,화학사고,031-550-2862,경기도 구리시 환경관리사업소 환경과,2026-05-06
산마루초등학교,체육관,757,경기도 구리시 갈매순환로 133(갈매동),37.631654,127.120347,2021,화학사고,031-550-2862,경기도 구리시 환경관리사업소 환경과,2026-05-06
갈매고등학교,체육관,1004,경기도 구리시 갈매순환로 75(갈매동),37.6273,127.1177,2021,화학사고,031-550-2862,경기도 구리시 환경관리사업소 환경과,2026-05-06
문경문화체육센터,1층 강당,2014,경상북도 문경시 문경읍 체육관길 15,36.73789,128.102413,2022,화학사고,054-550-6501,경상북도 문경시 경제도시국 환경보호과,2024-08-20
문경실내체육관,1층 강당,1512,경상북도 문경시 점고길 10,36.596111,128.187024,2022,화학사고,054-550-6501,경상북도 문경시 경제도시국 환경보호과,2024-08-20
영선초등학교,영선초등학교 강당,2619,대구광역시 남구  영선길 96 (이천동),35.852846,128.596097,2021,화학사고,053-664-2576,대구광역시 남구 복지환경국 녹색환경과,2025-08-25
봉덕초등학교,봉덕초등학교 강당,1027,대구광역시 남구 효성로 71 (봉덕동),35.83955,128.597528,2021,화학사고,053-664-2576,대구광역시 남구 복지환경국 녹색환경과,2025-08-25
동구국민체육문예센터,다목적체육관,1126,부산광역시 동구 구청로 8 (수정동),35.1289505,129.0446755,2021,화학사고,051-440-4387,부산광역시 동구 문화체육관광국 체육녹지과,2025-08-25
대저고등학교,본관 강당,7167,부산광역시 강서구 공항로811번가길 46(대저2동),35.177628,128.956258,2024,화학사고,051-970-4165,부산광역시 강서구 문화환경국 환경위생과,2023-08-11
명지초등학교,본관 강당,1280,부산광역시 강서구 명지국제6로 296(명지동),35.1021,128.92457,2024,화학사고,051-970-4165,부산광역시 강서구 문화환경국 환경위생과,2023-08-11
영흥 종합운동장,체육관,346,인천광역시 옹진군 영흥면 영흥로348번길 175-29 (내리),37.26005932,126.4720456,2021,화학사고,032-899-2612,인천광역시 옹진군 관광복지국 환경위생과,2021-09-29
이충문화체육센터,체육관,2003,경기도 평택시 장안웃길 149 (이충동),37.06605785,127.07071,2023,화학사고,031-8024-3777,경기도 평택시 기후환경국 환경지도과,2023-10-20
소사벌레포츠타운청소년체육관,체육관,4056,경기도 평택시 평남로 616 (합정동),36.9888537,127.1088041,2023,화학사고,031-8024-3777,경기도 평택시 기후환경국 환경지도과,2023-10-20
팽성실내체육관,체육관,951,경기도 평택시 팽성읍 안정로 238-31 (객사리),36.96869199,127.0658099,2023,화학사고,031-8024-3777,경기도 평택시 기후환경국 환경지도과,2023-10-20
서평택국민체육센터,체육관(3층),837,경기도 평택시 안중읍 서동대로 1531 (학현리),36.98920517,126.9195163,2023,화학사고,031-8024-3777,경기도 평택시 기후환경국 환경지도과,2023-10-20
청북읍행정복지센터,다목적실(3층),280,경기도 평택시 청북읍 청원로 2 (현곡리),37.03982795,126.934317,2023,화학사고,031-8024-3777,경기도 평택시 기후환경국 환경지도과,2023-10-20
홍원초등학교,체육관(1층),873,경기 평택시 포승읍 외원길 26 (홍원리),37.01399253,126.889733,2025,화학사고,031-8024-3777,경기도 평택시 기후환경국 환경지도과,2025-07-28
평일초등학교,체육관(2층),603,경기 평택시 평남로 626 (합정동),36.99003685,127.1070366,2025,화학사고,031-8024-3777,경기도 평택시 기후환경국 환경지도과,2025-07-28
봉래초등학교,본관4층 강당,661,부산 중구 대영로226번길 15 (영주동),35.111775,129.035992,2025,화학사고,051-719-1507,부산광역시교육청 부산광역시서부교육지원청 봉래초등학교병설유치원,2025-08-26
현천고등학교,체육관,870,강원특별자치도 횡성군 둔내면 경강로 4119 (현천리),37.48593924,128.1706015,2015,화학사고,033-900-3310,강원특별자치도교육청 현천고등학교,2026-04-28
우천중학교,체육관,343,강원특별자치도 횡성군 우천면 수남로59번길 37(문암리),37.46872092,128.0491347,1986,화학사고,033-342-6075,강원특별자치도교육청 강원특별자치도횡성교육지원청 우천중학교,2026-04-28
공근초등학교,체육관,631,강원특별자치도 횡성군 공근면 영서로 207 (학담리),37.53357223,127.9602128,1971,화학사고,033-342-3942,강원특별자치도교육청 강원특별자치도횡성교육지원청 공근초등학교,2026-04-28
남면복지회관,다목적실,139,강원특별자치도 홍천군 남면 시동안로 271 (시동리),37.589941,127.8371595,2021,화학사고,033-430-2627,강원특별자치도 홍천군 건설안전국 환경과,2026-04-22
한국의료마이스터고등학교,체육관,887,강원특별자치도 원주시 문막읍 원문로 1756 (건등리),37.31421742,127.822518,2021,화학사고,033-730-8220,강원특별자치도 원주시 환경국 기후대응과,2026-04-27
북원여자고등학교,체육관,1590,강원특별자치도 원주시 원문로137번길 32 (단계동),37.35489203,127.9311738,2021,화학사고,033-737-3042,강원특별자치도 원주시 환경국 기후대응과,2026-04-27
북원중학교,체육관,1006,강원특별자치도 원주시 북원중길 48 (태장동),37.38651733,127.9528945,2021,화학사고,033-737-3042,강원특별자치도 원주시 환경국 기후대응과,2026-04-27
우산초등학교,체육관,998,강원특별자치도 원주시 우산초교길 84 (우산동),37.36947832,127.9327088,2021,화학사고,033-737-3042,강원특별자치도 원주시 환경국 기후대응과,2026-04-24
단계초등학교,체육관,741,강원특별자치도 원주시 북원로 2387 (단계동),37.35896479,127.9359931,2021,화학사고,033-737-3042,강원특별자치도 원주시 환경국 기후대응과,2026-04-24
장양초등학교,체육관,648,강원특별자치도 원주시 북원로 2868 (태장동),37.39865801,127.9543102,2021,화학사고,033-737-3042,강원특별자치도 원주시 환경국 기후대응과,2026-04-27
외북초등학교,강당,160,경기도 포천시 신북면 포천로 2199 (계류리),37.94690758,127.1872871,2021,화학사고,031-538-2258,경기도 포천시 경제환경국 환경지도과,2025-08-28
삼성중학교,학교,442,경기도 포천시 신북면 삼성당길 7 (삼성당리),37.94845798,127.1896064,2021,화학사고,031-538-2258,경기도 포천시 경제환경국 환경지도과,2025-08-28
창수초등학교,학교,898,경기도 포천시 창수면 옥수로58번길 4 (추동리),37.98974644,127.1818749,2021,화학사고,031-538-2258,경기도 포천시 경제환경국 환경지도과,2025-08-28
추동3리마을회관,마을회관,40,경기도 포천시 창수면 옥수로 78(추동리),37.99117563,127.1839901,2021,화학사고,031-538-2258,경기도 포천시 경제환경국 환경지도과,2025-08-28
금주4리마을회관,마을회관,212,경기 포천시 영중면 영일로 97 (금주리),37.96631537,127.2609115,2021,화학사고,031-538-2258,경기도 포천시 경제환경국 환경지도과,2025-08-28
현덕초등학교,체육관,1021,경기도 평택시 현덕면 현덕로 1254(인광리),36.96576012,126.921304,2021,화학사고,031-8024-3777,경기도 평택시 기후환경국 환경지도과,2021-10-29
가사초등학교,도서관,831,경기도 평택시  현덕면 기산2길 16(권관리),36.93830556,126.917075,2021,화학사고,031-8024-3777,경기도 평택시 기후환경국 환경지도과,2021-10-29
부용초등학교,체육관,609,경기도 평택시 팽성읍 동서촌로 65 (객사리),36.96564066,127.0594514,2021,화학사고,031-8024-3777,경기도 평택시 기후환경국 환경지도과,2021-10-29
복창초등학교,체육관,806,경기도 평택시 서정북로 3(서정동),37.07115689,127.0500795,2021,화학사고,031-8024-3777,경기도 평택시 기후환경국 환경지도과,2021-10-29
송신초등학교,체육관,1099,경기도 평택시 송월로32번길 32(신장동),37.07525138,127.0521092,2021,화학사고,031-8024-3777,경기도 평택시 기후환경국 환경지도과,2021-10-29
지장초등학교,체육관,881,경기도 평택시 지장로 15(서정동),37.06803581,127.0575072,2021,화학사고,031-8024-3777,경기도 평택시 기후환경국 환경지도과,2021-10-29
라온고등학교,체육관(3층),973,경기도 평택시 경기대로1376번길 38-6(서정동),37.06944311,127.0672715,2021,화학사고,031-8024-3777,경기도 평택시 기후환경국 환경지도과,2021-10-29
소사벌초등학교,체육관(1층),974,경기 평택시 동부공원로 59 (비전동),36.99533148,127.1169719,2025,화학사고,031-8024-3777,경기도 평택시 기후환경국 환경지도과,2025-07-28
현촌초등학교,체육관(2층),892,경기 평택시 현촌3길 10 (용이동),37.00044072,127.1319076,2025,화학사고,031-8024-3777,경기도 평택시 기후환경국 환경지도과,2025-07-28
마지초등학교,강당,972,경기도 파주시 적성면 칠중1길 39 (마지리),37.95260115,126.9191451,2021,화학사고,031-940-8472,경기도 파주시 환경국 기후위기대응과,2021-11-01
파주여자고등학교,급식실,1421,경기도 파주시 월롱면 함영골길 10 (영태리),37.77545775,126.7867273,2021,화학사고,031-940-8472,경기도 파주시 환경국 기후위기대응과,2021-11-01
한민고등학교,교실/강당,6058,경기도 파주시 광탄면 혜음로 765 (용미리),37.75681575,126.8576969,2024,화학사고,031-937-6603,경기도교육청 한민고등학교,2024-05-28
문산국민체육센터,강당,2454,경기 파주시 문산읍 율곡로 408 (임진리),37.8826842,126.7926875,2025,화학사고,031-940-8472,경기도 파주시 환경국 기후위기대응과,2025-08-24
월롱100주년기념체육관,강당,2267,경기 파주시 월롱면 휴암로 434 (능산리),37.82965418,126.7814229,2025,화학사고,031-940-8472,경기도 파주시 환경국 기후위기대응과,2025-08-24
파주시 배드민턴 전용구장,체육관,3284,경기 파주시 아리랑로 55-81 (금촌동),37.76354024,126.7620123,2025,화학사고,031-940-8472,경기도 파주시 환경국 기후위기대응과,2025-08-24
운정다목적체육관,강당/다목적실,2129,경기 파주시 와석순환로172번길 30 (동패동),37.71501495,126.7430855,2025,화학사고,031-940-8472,경기도 파주시 환경국 기후위기대응과,2025-08-24
대월중학교,체육관,1141,경기도 이천시 대월면 대평로150번길 20 (초지리),37.22439826,127.4913904,2021,화학사고,031-644-2358,경기도 이천시 환경수자원국 환경보호과,2021-10-15
부발중학교,체육관,10273,경기도 이천시 부발읍 죽당로 21 (무촌리),37.28557285,127.494373,2021,화학사고,031-644-2358,경기도 이천시 환경수자원국 환경보호과,2021-10-15
신하초등학교,체육관,1055,경기도 이천시 부발읍 경충대로2250번길 12(신하리),37.26117167,127.4787807,2023,화학사고,031-644-2358,경기도 이천시 환경수자원국 환경보호과,2023-08-07
이천사동중학교,강당,696,경기도 이천시 대월면 경충대로2050번길 68-13(사동리),37.24802481,127.4964692,2023,화학사고,031-644-2358,경기도 이천시 환경수자원국 환경보호과,2023-08-07
청강문화산업대학교,체육관 강당,5318,경기도 이천시 마장면 청강가창로 389-94(해월리),37.20580763,127.355951,2023,화학사고,031-644-2358,경기도 이천시 환경수자원국 환경보호과,2023-08-07
신둔초등학교,체육관,935,경기도 이천시 신둔면 경충대로3150번길 82-3(수광리),37.31026811,127.4034286,2023,화학사고,031-644-2358,경기도 이천시 환경수자원국 환경보호과,2023-08-07
안양 종합운동장,체육관,2042,경기도 안양시 동안구 평촌대로 389(비산동),37.40535154,126.9474908,2021,화학사고,031-8045-5822,경기도 안양시 환경국 환경정책과,2026-04-28
호계3동 행정복지센터,3층 다목적실 등,291,경기도 안양시 동안구 경수대로 504(호계동),37.36772698,126.9586509,2021,화학사고,031-8045-5822,경기도 안양시 환경국 환경정책과,2026-04-28
안양서초등학교,1층 체육관/2~4층 본관 교실,1093,경기도 안양시 만안구 양화로37번길 32(안양동),37.39682408,126.9110105,2021,화학사고,031-8045-5822,경기도 안양시 환경국 환경정책과,2026-04-28
호현동 행정복지센터,다목적체육관 대회의실 풋살장,1779,경기도 안양시 만안구 박달로 470(박달동),37.40195265,126.9046006,2021,화학사고,031-8045-5822,경기도 안양시 환경국 환경정책과,2026-04-28
동보초등학교,본관 교실 전체,1372,경기도 동두천시 강변로640번길 31(동두천동),37.92456911,127.0516763,2021,화학사고,031-860-2250,경기도 동두천시 경제환경국 환경보호과,2013-11-01
생연초등학교,본관 교실 전체,4397,경기도 동두천시 생골로 19(생연동),37.90116368,127.0589964,2021,화학사고,031-860-2250,경기도 동두천시 경제환경국 환경보호과,2013-11-01
월곶초등학교,강당(2층),769,경기도 김포시 월곶면 군하로276번길 28(군하리),37.71766327,126.552226,2021,화학사고,031-980-5655,경기도 김포시 환경국 환경지도과,2021-10-01
양곡중학교,한마음체육관(1층),1246,경기도 김포시 양촌읍 양곡4로 140(양곡리),37.65962037,126.6251801,2021,화학사고,031-980-5655,경기도 김포시 환경국 환경지도과,2021-10-01
하성면 복지문화센터,강당(3층),327,경기도 김포시 하성면 애기봉로 845(마곡리),37.71996555,126.6309925,2021,화학사고,031-980-5655,경기도 김포시 환경국 환경지도과,2021-10-01
통진문화회관,체육관(3층),1267,경기도 김포시 통진읍 김포대로 2110-30(도사리),37.68552193,126.6087783,2021,화학사고,031-980-5655,경기도 김포시 환경국 환경지도과,2021-10-01
대곶중학교,체육관,1066,경기도 김포시 대곶면 율생중앙로 8(율생리),37.64928639,126.5836058,2021,화학사고,031-980-5655,경기도 김포시 환경국 환경지도과,2021-10-01
구리여자고등학교,체육관,1063,경기도 구리시 벌말로 168(토평동),37.59069581,127.1511435,2021,화학사고,031-550-2862,경기도 구리시 환경관리사업소 환경과,2026-05-06
서정중학교,4층 체육관,824,경기도 고양시 덕양구 서정마을로 22(행신동),37.61840922,126.8498227,2021,화학사고,031-8075-2645,경기도 고양시 기후환경국 환경정책과,2021-10-05
고양초등학교,1층 다목적체육관,1229,경기도 고양시 덕양구 혜음로13번길 22-7 (고양동),37.7032513,126.8997791,2021,화학사고,031-8075-2645,경기도 고양시 기후환경국 환경정책과,2021-10-05
벽제초등학교,2층 체육관,1040,경기도 고양시 일산동구 공릉천로 13(사리현동),37.69579299,126.8434617,2021,화학사고,031-8075-2645,경기도 고양시 기후환경국 환경정책과,2021-10-05
중산고등학교,2층 체육관,1139,경기도 고양시 일산동구 중산로 290(중산동),37.69695015,126.7833098,2021,화학사고,031-8075-2645,경기도 고양시 기후환경국 환경정책과,2021-10-05
중산초등학교,1층 체육관,1209,경기도 고양시 일산동구 탄중로 373(중산동),37.69042969,126.7834988,2021,화학사고,031-8075-2645,경기도 고양시 기후환경국 환경정책과,2021-10-05
하늘초등학교,3층 체육관,800,경기도 고양시 일산동구 하늘마을1로 46(중산동),37.67739768,126.7900661,2021,화학사고,031-8075-2645,경기도 고양시 기후환경국 환경정책과,2021-10-05
가좌고등학교,2층 다목적체육관,907,경기도 고양시 일산서구 가좌1로 43(가좌동),37.68793602,126.720232,2021,화학사고,031-8075-2645,경기도 고양시 기후환경국 환경정책과,2021-10-05
송포초등학교,2층 체육관,899,경기도 고양시 일산서구 송산로 379(가좌동),37.68584493,126.720835,2021,화학사고,031-8075-2645,경기도 고양시 기후환경국 환경정책과,2021-10-05
일산초등학교,1층 체육관,1301,경기도 고양시 일산서구 일중로15번길 38(일산동),37.68291394,126.7718921,2021,화학사고,031-8075-2645,경기도 고양시 기후환경국 환경정책과,2021-10-05
한수중학교,2층 체육관,1208,경기도 고양시 일산서구 주엽로 117(주엽동),37.66983902,126.7563781,2021,화학사고,031-8075-2645,경기도 고양시 기후환경국 환경정책과,2021-10-05
백석중학교,체육관,1419,경기 고양시 일산동구 호수로 404 (백석동),37.6420886,126.7827838,2025,화학사고,031-8075-2645,경기도 고양시 기후환경국 환경정책과,2025-07-14
합천초등학교,체육관,503,경상남도 합천군 합천읍 죽죽길 3 (합천리),35.5655504,128.1637076,2008,화학사고,055-930-3294,경상남도 합천군 안전건설국 환경위생과,2026-04-27
봉산초등학교,체육관,209,경상남도 합천군 봉산면 김봉길 25-7 (김봉리),35.62627661,128.0404571,2013,화학사고,055-930-3294,경상남도 합천군 안전건설국 환경위생과,2026-04-27
가야면복지회관,본관,129,경상남도 합천군 가야면 가야시장로 95 (야천리),35.76330558,128.1388053,2008,화학사고,055-930-3294,경상남도 합천군 안전건설국 환경위생과,2026-04-27
초계초등학교,체육관,309,경상남도 합천군 초계면 초계중앙로 33-6 (초계리),35.56009485,128.2642453,2005,화학사고,055-930-3294,경상남도 합천군 안전건설국 환경위생과,2026-04-27
쌍책면복지회관,본관,268,경상남도 합천군 쌍책면 성산우회로 8 (성산리),35.57492268,128.2878313,2009,화학사고,055-930-3294,경상남도 합천군 안전건설국 환경위생과,2026-04-27
쌍백면복지회관,본관,375,경상남도 합천군 쌍백면 쌍백중앙로 57 (평구리),35.44083294,128.1451562,2016,화학사고,055-930-3294,경상남도 합천군 안전건설국 환경위생과,2026-04-27
삼가초등학교,강당,282,경상남도 합천군 삼가면 소오길 12 (소오리),35.41223696,128.1186048,1999,화학사고,055-930-3294,경상남도 합천군 안전건설국 환경위생과,2026-04-27
대병초등학교,체육관,325,경상남도 합천군 대병면 신성동길 66 (회양리),35.51964805,128.0104501,2009,화학사고,055-930-3294,경상남도 합천군 안전건설국 환경위생과,2026-04-27
가평체육관,체육관,3895,경기도 가평군 가평읍 문화로 131 (대곡리),37.82371394,127.5069479,2021,화학사고,031-8078-8085,경기도 가평군시설관리공단 생활체육팀,2024-08-26
조종반다비문화체육센터,1층 체육관,2652,경기 가평군 조종면 조종희망로26번길 16 (현리),37.81843071,127.3515895,2025,화학사고,031-585-2007,경기도 가평군,2025-06-25
노량초등학교,본관,366,경상남도 하동군 금남면 제먼당길 60(송문리),34.95175438,127.8567907,2021,화학사고,055-880-2574,경상남도 하동군 문화환경국 환경보호과,2026-05-04
갈육초등학교,강당,243,경상남도 하동군 금성면 금성로 521(갈사리),34.94893803,127.7840013,2021,화학사고,055-880-2573,경상남도 하동군 문화환경국 환경보호과,2026-05-04
궁항초등학교,1층,313,경상남도 하동군 금성면 가린길 32(궁항리),34.97133199,127.7961749,2021,화학사고,055-880-2573,경상남도 하동군 문화환경국 환경보호과,2026-05-04
삼산월드체육관,체육관,3393,인천광역시 부평구 체육관로 60(삼산동),37.507884,126.737523,2021,화학사고,032-509-6653,인천광역시 부평구 경제환경국 환경보전과,2021-09-30
오봉초등학교,강당,570,경상남도 양산시 물금읍 목화9길 8(범어리),35.33502812,129.0041555,2022,화학사고,055-392-3582,경상남도 양산시 환경녹지국 수질관리과,2026-04-29
범어중학교,체육관,755,경상남도 양산시 물금읍 범어로 14(범어리),35.33199188,129.0098153,2022,화학사고,055-392-3582,경상남도 양산시 환경녹지국 수질관리과,2026-04-29
양산희망학교,강당,649,경상남도 양산시 상북면 충렬로 993-25(상삼리),35.42757543,129.059967,2022,화학사고,055-392-3582,경상남도 양산시 환경녹지국 수질관리과,2026-04-29
하북초등학교,강당,1061,경상남도 양산시 하북면 신평로 2(순지리),35.49016291,129.0878749,2022,화학사고,055-392-3582,경상남도 양산시 환경녹지국 수질관리과,2026-04-29
대운초등학교,강당,681,경상남도 양산시 대운6길 11(삼호동),35.40884659,129.1734911,2022,화학사고,055-392-3582,경상남도 양산시 환경녹지국 수질관리과,2026-04-29
평산초등학교,강당,709,경상남도 양산시 평산중앙5길 11(평산동),35.38684433,129.1538446,2022,화학사고,055-392-3582,경상남도 양산시 환경녹지국 수질관리과,2026-04-29
천성초등학교,강당,2200,경상남도 양산시 배움터길 28(평산동),35.37950274,129.144209,2022,화학사고,055-392-3582,경상남도 양산시 환경녹지국 수질관리과,2026-04-29
스포츠파크실내체육관,체육관,1396,경상남도 거창군 거창읍 심소정길 39-36 (양평리),35.69205446,127.9290642,2021,화학사고,055-940-3514,경상남도 거창군 안전건설국 환경과,2026-04-30
거창초등학교,체육관,930,경상남도 거창군 거창읍 아림로 48 (중앙리),35.68784776,127.9108043,2021,화학사고,055-940-3514,경상남도 거창군 안전건설국 환경과,2026-04-30
주상초등학교,3층 다목적실,1889,경상남도 거창군 주상면 도평1길 60(도평리),35.74965761,127.9148828,2021,화학사고,055-940-3514,경상남도 거창군 안전건설국 환경과,2026-04-30
웅양초등학교,체육관,775,경상남도 거창군 웅양면 웅양로 1403(노현리),35.80350608,127.9157792,2021,화학사고,055-940-3514,경상남도 거창군 안전건설국 환경과,2026-04-30
고제문화체육회관,문화체육관,1075,경상남도 거창군 고제면 고제로 48(농산리),35.81306804,127.8737113,2021,화학사고,055-940-3514,경상남도 거창군 안전건설국 환경과,2026-04-27
북상초등학교,다목적강당,363,경상남도 거창군 북상면 송계로 731-18(갈계리),35.77993158,127.8170481,2021,화학사고,055-940-3514,경상남도 거창군 안전건설국 환경과,2026-04-30
거창덕유중학교,체육관,1416,경상남도 거창군 위천면 화리골1길 56(남산리),35.73632903,127.8483741,2021,화학사고,055-940-3514,경상남도 거창군 안전건설국 환경과,2026-04-30
위천초등학교,체육관,812,경상남도 거창군 위천면 창말1길 10(강천리),35.75249862,127.8287911,2021,화학사고,055-940-3514,경상남도 거창군 안전건설국 환경과,2026-04-30
마리초등학교,체육관,294,경상남도 거창군 마리면 빼재로 23(말흘리),35.70253517,127.8533968,2021,화학사고,055-940-3514,경상남도 거창군 안전건설국 환경과,2026-04-30
남상초등학교,체육관,810,경상남도 거창군 남상면 인평길 21(무촌리),35.64509812,127.909775,2021,화학사고,055-940-3514,경상남도 거창군 안전건설국 환경과,2026-04-30
남하초등학교,본관,1090,경상남도 거창군 남하면 영서로 151(무릉리),35.65889053,127.9467602,2021,화학사고,055-940-3514,경상남도 거창군 안전건설국 환경과,2026-04-30
신원초등학교,본관,1442,경상남도 거창군 신원면 신차로 3053(과정리),35.56647662,127.9249319,2021,화학사고,055-940-3514,경상남도 거창군 안전건설국 환경과,2026-04-30
가조초등학교,체육관,1521,경상남도 거창군 가조면 가조가야로 1087(마상리),35.71148533,128.0136285,2021,화학사고,055-940-3514,경상남도 거창군 안전건설국 환경과,2026-04-30
가북초등학교,후관동 2층 다목적실,215,경상남도 거창군 가북면 가북로 628(우혜리),35.76316358,127.9928821,2021,화학사고,055-940-3514,경상남도 거창군 안전건설국 환경과,2026-04-30
관호초등학교,관호별관(다목적교실),326,경상북도 칠곡군 약목면 무림3길 16-59 (무림리),36.02063232,128.3807159,2021,화학사고,054-979-6694,경상북도 칠곡군 건설안전국 환경관리과,2025-08-26
약동초등학교,강당,2072,경상북도 칠곡군 기산면 주산로 1195(죽전리),35.98506446,128.3814458,2021,화학사고,054-979-6694,경상북도 칠곡군 건설안전국 환경관리과,2025-08-26
왜관초등학교,강당,780,경상북도 칠곡군 왜관읍 구상길 204(왜관리),35.98523938,128.3961098,2021,화학사고,054-979-6694,경상북도 칠곡군 건설안전국 환경관리과,2025-08-26
가산초등학교,다목적교실(가산관),1736,경상북도 칠곡군 가산면 경북대로 1500(천평리),36.08000735,128.5398129,2021,화학사고,054-979-6694,경상북도 칠곡군 건설안전국 환경관리과,2025-08-26
석적초등학교,강당,1012,경상북도 칠곡군 석적읍 남율로12길 76(남율리),36.06709336,128.4099168,2021,화학사고,054-979-6694,경상북도 칠곡군 건설안전국 환경관리과,2025-08-26
동명초등학교,강당,731,경상북도 칠곡군 동명면 금암동석3길 5(금암리),35.9870643,128.554542,2021,화학사고,054-979-6694,경상북도 칠곡군 건설안전국 환경관리과,2025-08-26
경북기계명장고등학교,소학관,600,경상북도 칠곡군 지천면 신동로 99(신리),35.95821647,128.4844722,2023,화학사고,054-979-6694,경상북도 칠곡군 건설안전국 환경관리과,2025-08-26
의성군 청소년센터,1층 대강당,616,경상북도 의성군 의성읍 충효로 68(상리리),36.35483403,128.7045712,2025,화학사고,054-830-6179,경상북도 의성군 도시환경국 환경축산과,2026-04-23
경북자연고등학교 강당,강당,766,경상북도 상주시 공성면 문화마을길 23,36.2781455,128.0950702,2024,화학사고,054-537-7357,경상북도 상주시 경제산업국 환경관리과,2024-05-20
문경시시니어문화센터,3층 대강당,328,경상북도 문경시 점촌5길 20,36.59731096,128.1987184,2022,화학사고,054-550-6501,경상북도 문경시 경제도시국 환경보호과,2024-08-20
수완문화체육센터,체육관,2315,광주광역시 광산구 왕버들로132번길 12(수완동),35.20029439,126.825334,2021,화학사고,062-960-9951,광주광역시 광산구 환경녹지국 기후환경과,2021-09-30
빛고을국민체육센터,체육관,1287,광주광역시 광산구 무진대로211번길 28(우산동),35.1635864,126.8044864,2021,화학사고,062-960-9923,광주광역시 광산구 환경녹지국 기후환경과,2021-09-30
비아동 행정복지센터,강당,596,광주광역시 광산구 비아중앙로31번길 6(비아동),35.22218457,126.8243891,2021,화학사고,062-960-8447,광주광역시 광산구 환경녹지국 기후환경과,2021-09-30
하남동 행정복지센터,강당,349,광주광역시 광산구 하남대로54번길 15(하남동),35.17953972,126.7999251,2021,화학사고,062-960-8447,광주광역시 광산구 환경녹지국 기후환경과,2021-09-30
이야기꽃도서관,강당,252,광주광역시 광산구 선운중앙로67번길 6(선암동),35.14848028,126.7798965,2021,화학사고,062-960-8447,광주광역시 광산구 환경녹지국 기후환경과,2021-09-30
동곡동 행정복지센터,강당,151,광주광역시 광산구 동곡로 151-56(하산동),35.09858889,126.7720601,2021,화학사고,062-960-8447,광주광역시 광산구 환경녹지국 기후환경과,2021-09-30
팔달초등학교,강당,1463,대구광역시 북구 매천로2길 19-6 (팔달동),35.89807825,128.545011,2021,화학사고,053-665-2605,대구광역시 북구 복지환경국 환경관리과,2021-09-30
매천초등학교,강당,1471,대구광역시 북구 매천로 179 (매천동),35.91309716,128.5415783,2021,화학사고,053-665-2605,대구광역시 북구 복지환경국 환경관리과,2021-09-30
칠성고등학교,강당,641,대구광역시 북구 칠성로 13 (칠성동2가),35.88117458,128.5911091,2021,화학사고,053-665-2605,대구광역시 북구 복지환경국 환경관리과,2021-09-30
달산초등학교,강당,2395,대구광역시 북구 옥산로17길 37 (침산동),35.88772132,128.5849806,2021,화학사고,053-665-2605,대구광역시 북구 복지환경국 환경관리과,2021-09-30
새론초등학교,체육관,578,대구광역시 동구 과학로13길 5 (각산동),35.88447668,128.7169269,2021,화학사고,053-662-2604,대구광역시 동구 경제환경국 환경과,2021-09-30
남동초등학교,강당,345,인천광역시 남동구 장승남로33번길 10 (만수동),37.444216,126.737296,2021,화학사고,032-453-2610,인천광역시 남동구 환경교통국 환경보전과,2026-05-07
서대문문화체육회관,신관(다목적체육회관),236,서울특별시 서대문구 백련사길 39 (홍은동),37.5806503,126.931457,2021,화학사고,02-330-8796,서울특별시 서대문구 스마트환경생활국 기후환경과,2024-05-30
만월중학교,강당,321,인천광역시 남동구 서창남순환로 22 (서창동),37.426447,126.751848,2021,화학사고,032-453-2610,인천광역시 남동구 환경교통국 환경보전과,2026-05-07
정각초등학교,강당,244,인천광역시 남동구 구월로 228 (구월동),37.45581345,126.7155524,2021,화학사고,032-453-2610,인천광역시 남동구 환경교통국 환경보전과,2026-05-07
남동체육관,체육관,14589,인천광역시 남동구 소래로 500 (수산동),37.434606,126.733603,2021,화학사고,032-453-2610,인천광역시 남동구 환경교통국 환경보전과,2026-05-07
남덕초등학교,남덕초등학교 강당,389,대구광역시 남구 앞산순환로93길 33 (대명동),35.83303078,128.5738409,2021,화학사고,053-664-2576,대구광역시 남구 복지환경국 녹색환경과,2025-08-25
군위종합테니스장,공공시설,6072,대구 군위군 군위읍 군청로 158 (동부리),36.23770913,128.5748795,2021,화학사고,054-380-7945,대구광역시 군위군 환경과,2021-09-23
서대전초등학교,체육관(2층),2058,대전광역시 중구 선화로17(용두동),36.3266354,127.4105049,2021,화학사고,042-606-7303,대전광역시 중구 생활환경국 기후환경과,2026-04-22
용운초등학교,강당,155,대전광역시 동구 용운로 204(용운동),36.32623286,127.4638903,2021,화학사고,042-251-4546,대전광역시 동구 복지환경국 환경과,2026-05-04
자양초등학교,실내체육관,327,대전광역시 동구 계족로 184-55(자양동),36.3335197,127.4428828,2021,화학사고,042-251-4546,대전광역시 동구 복지환경국 환경과,2026-05-04
가양중학교,강당,701,대전광역시 동구 비래서로62번길 100(가양동),36.35080943,127.4487319,2021,화학사고,042-251-4546,대전광역시 동구 복지환경국 환경과,2026-05-04
영도 국민체육센터,공공기관,317,부산광역시 영도구 함지로79번길 6(동삼동),35.07537196,129.0668661,2021,화학사고,051-419-4154,부산광역시 영도구 행정관리국 행정지원과,2021-09-28
연제초등학교,강당,746,부산광역시 연제구 중앙대로1065번길 14 (연산동),35.18453851,129.0787381,2022,화학사고,051-665-4397,부산광역시 연제구 교통환경국 환경위생과,2025-08-27
연산초등학교,강당,775,부산광역시 연제구 월드컵대로 41(연산동),35.17820346,129.0842375,2022,화학사고,051-665-4397,부산광역시 연제구 교통환경국 환경위생과,2025-08-27
한바다중학교,강당,2529,부산광역시 수영구 광안로21번가길 57 (광안동),35.15741424,129.1183592,2021,화학사고,051-610-4394,부산광역시 수영구 복지환경국 환경위생과,2021-09-29
광남초등학교,강당,785,부산광역시 수영구 광안해변로 115 (남천동),35.14550649,129.1140487,2021,화학사고,051-610-4394,부산광역시 수영구 복지환경국 환경위생과,2021-09-29
서구청,강당,163,부산광역시 서구 구덕로 120(토성동4가),35.09792056,129.0242057,2021,화학사고,051-240-4398,부산광역시 서구 주민복지국 환경위생과,2021-09-29
인수초등,체육관,926,서울특별시 강북구 인수봉로 269 (수유동),37.6429271,127.0096906,2021,화학사고,02-901-6758,서울특별시 강북구 문화생활국 환경과,2023-08-18
부산자동차고등학교,강당,1012,부산광역시 사하구 하신중앙로3번나길 16(장림동),35.07564992,128.9639555,2021,화학사고,051-220-4424,부산광역시 사하구 경제환경국 환경과,2021-10-30
신촌초등학교,강당,240,부산광역시 사하구 다대로135번길 30-21 (신평동),35.09112378,128.9802686,2021,화학사고,051-220-4424,부산광역시 사하구 경제환경국 환경과,2021-10-30
감천중학교,강당,356,부산광역시 사하구 감천로73번길 60(감천동),35.09300762,128.9997322,2021,화학사고,051-220-4424,부산광역시 사하구 경제환경국 환경과,2021-10-30
다대중학교,강당,1032,부산광역시 사하구 다대로554번길 33(다대동),35.05734738,128.9682214,2021,화학사고,051-220-4424,부산광역시 사하구 경제환경국 환경과,2021-10-30
하남초등학교,강당,681,부산광역시 사하구 하신번영로 186(하단동),35.09955089,128.9599698,2021,화학사고,051-220-4424,부산광역시 사하구 경제환경국 환경과,2021-10-30
보림초등학교,강당,1077,부산광역시 사하구 장림로161번길 20(장림동),35.08400175,128.9670089,2021,화학사고,051-220-4424,부산광역시 사하구 경제환경국 환경과,2021-10-30
하단초등학교,강당,1138,부산광역시 사하구 하신중앙로 321(하단동),35.10536607,128.9646847,2021,화학사고,051-220-4424,부산광역시 사하구 경제환경국 환경과,2021-10-30
하단중학교,강당,997,부산광역시 사하구 하신번영로380번길 88(하단동),35.11118113,128.9600839,2021,화학사고,051-220-4424,부산광역시 사하구 경제환경국 환경과,2021-10-30
개성고등학교,체육관,4551,부산광역시 부산진구 당감서로 137 (당감동),35.17019202,129.03001,2021,화학사고,051-605-4395,부산광역시 부산진구 문화경제국 환경위생과,2023-08-17
성서초등학교,누리터,208,부산광역시 부산진구 중앙번영로 25 (범천동),35.14550672,129.0620228,2021,화학사고,051-605-4395,부산광역시 부산진구 문화경제국 환경위생과,2023-08-17
양정고등학교,다목적강당,895,부산광역시 부산진구 양정로 46 (양정동),35.16969341,129.0740553,2021,화학사고,051-605-4395,부산광역시 부산진구 문화경제국 환경위생과,2023-08-17
부전초등학교,강당,320,부산광역시 부산진구 부전로65번길 25 (부전동),35.15512116,129.0530621,2021,화학사고,051-605-4395,부산광역시 부산진구 문화경제국 환경위생과,2023-08-17
동의대학교,효민체육관,2930,부산광역시 부산진구 엄광로 176 (가야동),35.14249646,129.0360745,2021,화학사고,051-605-4395,부산광역시 부산진구 문화경제국 환경위생과,2023-08-17
동평여자중학교,강당,964,부산광역시 부산진구 백양순환로119번길 12-39 (부암동),35.17042487,129.0422883,2021,화학사고,051-605-4395,부산광역시 부산진구 문화경제국 환경위생과,2023-08-17
연지초등학교,강당,212,부산 부산진구 연지로 29 (연지동),35.17235488,129.051926,2025,화학사고,051-605-4395,부산광역시 부산진구 문화경제국 환경위생과,2025-08-13
삼광사,강당,8155,부산 부산진구 초읍천로43번길 77 (초읍동),35.17566667,129.043399,2025,화학사고,051-605-4395,부산광역시 부산진구 문화경제국 환경위생과,2025-08-13
부산마케팅고등학교,체육관,1180,부산 부산진구 봉수로 13 (전포동),35.15157114,129.0704982,2025,화학사고,051-605-4395,부산광역시 부산진구 문화경제국 환경위생과,2025-08-13
주례초등학교,강당,247,부산 부산진구 진사로61번길 28-7 (개금동),35.14527142,129.01902,2025,화학사고,051-605-4395,부산광역시 부산진구 문화경제국 환경위생과,2025-08-13
개금고등학교,강당,1136,부산 부산진구 백양대로208번길 71 (개금동),35.16110202,129.0249995,2025,화학사고,051-605-4395,부산광역시 부산진구 문화경제국 환경위생과,2025-08-13
사직초등학교,강당,1255,부산광역시 동래구 쇠미로81번길 7 (사직동),35.20073402,129.054089,2021,화학사고,051-550-4397,부산광역시 동래구 문화환경국 환경위생과,2021-09-27
감곡중학교,다목적교실,1480,충청북도 음성군 감곡면 음성로 2629,37.11105274,127.6416984,2020,화학사고,043-871-3813,충청북도 음성군 경제환경국 환경과,2023-08-16
충북반도체고등학교,다목적 교실,890,충청북도 음성군 금왕읍 무극로 393-1,36.99442211,127.606396,2020,화학사고,043-871-3813,충청북도 음성군 경제환경국 환경과,2023-08-16
대소중학교,다목적교실,2980,충청북도 음성군 대소면 대동로869번길 15,36.96362624,127.4902382,2020,화학사고,043-871-3813,충청북도 음성군 경제환경국 환경과,2023-08-16
대소초등학교,다목적교실,340,충청북도 음성군 대소면 오태로 110-12,36.96707759,127.4860444,2020,화학사고,043-871-3813,충청북도 음성군 경제환경국 환경과,2023-08-16
동성중학교,본관,2250,충청북도 음성군 맹동면 학예로 32,36.91199416,127.5431508,2020,화학사고,043-871-3813,충청북도 음성군 경제환경국 환경과,2023-08-16
삼성중학교,다목적교실,2050,충청북도 음성군 삼성면 덕호로 39,37.02515375,127.4997502,2020,화학사고,043-871-3813,충청북도 음성군 경제환경국 환경과,2023-08-16
원남초등학교,급식소 및 다목적 교실,1980,충청북도 음성군 원남면 보천로65번길 22,36.87880003,127.6538207,2020,화학사고,043-871-3813,충청북도 음성군 경제환경국 환경과,2023-08-16
가락초등학교,본관,1040,부산광역시 강서구 호계로 41(죽림동),35.19615341,128.8958685,2024,화학사고,051-970-4165,부산광역시 강서구 문화환경국 환경위생과,2023-08-11
남명초등학교,본관 강당,4484,부산광역시 강서구 명지오션시티11로 132(명지동),35.08375698,128.910898,2024,화학사고,051-970-4165,부산광역시 강서구 문화환경국 환경위생과,2023-08-11
한일중학교,다목적교실,5090,충청북도 음성군 음성읍 예술로 34,36.93560296,127.6849102,2020,화학사고,043-871-3813,충청북도 음성군 경제환경국 환경과,2023-08-16
녹명초등학교,본관,2000,부산광역시 강서구 낙동남로 617(녹산동),35.11535303,128.8860152,2024,화학사고,051-970-4165,부산광역시 강서구 문화환경국 환경위생과,2023-08-11
녹산초등학교,본관 강당,746,부산광역시 강서구 과학산단2로20번길 55(지사동),35.15130319,128.8369605,2024,화학사고,051-970-4165,부산광역시 강서구 문화환경국 환경위생과,2023-08-11
대상초등학교,강당,449,부산광역시 강서구 대저로 249(대저1동),35.21517703,128.9797557,2024,화학사고,051-970-4165,부산광역시 강서구 문화환경국 환경위생과,2023-08-11
명호초등학교,강당등,1939,부산광역시 강서구 명지오션시티2로 41(명지동),35.08505548,128.9003868,2024,화학사고,051-970-4165,부산광역시 강서구 문화환경국 환경위생과,2023-08-11
배영초등학교,본관 도서관등,716,부산광역시 강서구 공항로339번길 260(대저2동),35.15045992,128.9460705,2024,화학사고,051-970-4165,부산광역시 강서구 문화환경국 환경위생과,2023-08-11
신호초등학교,본관 체육관,763,부산광역시 강서구 신호산단2로75번길 12(신호동),35.08206968,128.8785966,2024,화학사고,051-970-4165,부산광역시 강서구 문화환경국 환경위생과,2023-08-11
천가초등학교,본관 강당,1624,부산광역시 강서구 동선길 135(성북동),35.05224164,128.8308866,2024,화학사고,051-970-4165,부산광역시 강서구 문화환경국 환경위생과,2023-08-11
효제초등학교,1층 체육관,553,서울특별시 종로구 대학로 12(효제동),37.57311279,127.0031413,2021,화학사고,02-2148-2472,서울특별시 종로구 문화환경국 환경과,2025-08-27
매동초등학교,2층 체육관,152,서울특별시 종로구 사직로9길 19(필운동),37.57751402,126.9667823,2021,화학사고,02-2148-2472,서울특별시 종로구 문화환경국 환경과,2025-08-27
혜화초등학교,4층 강당,698,서울특별시 종로구 혜화로 32(혜화동),37.58912123,126.9999377,2021,화학사고,02-2148-2472,서울특별시 종로구 문화환경국 환경과,2025-08-27
은평다목적체육관,1층 체육관,2341,서울 은평구 진관1로 52 (진관동),37.63120528,126.9252298,2021,화학사고,02-351-7622,서울특별시 은평구 교통환경국 기후환경과,2026-04-24
휘봉초등학교,2층 강당,516,서울특별시 동대문구 장안벚꽃로 309 (휘경동),37.58631179,127.0701908,2005,화학사고,02-2127-4639,서울특별시 동대문구 미래환경국 기후환경과,2026-04-30
온곡중학교 체육관,체육관,627,서울특별시 노원구 노원로 492 (상계동),37.66053831,127.0645855,2024,화학사고,02-2116-3213,서울특별시 노원구 탄소중립국 녹색환경과,2024-08-16
상진초등학교,체육관,1850,울산광역시 동구 봉수로 50(화정동),35.49220356,129.4184047,2021,화학사고,052-209-3563,울산광역시 동구 해양환경국 환경위생과,2021-07-01
화진초등학교,체육관,800,울산광역시 동구 방어진순환도로 543(방어동),35.49150158,129.4254293,2021,화학사고,052-209-3563,울산광역시 동구 해양환경국 환경위생과,2021-07-01
화진중학교,체육관,1040,울산광역시 동구 양지1길 45(화정동),35.4968042,129.4220684,2021,화학사고,052-209-3563,울산광역시 동구 해양환경국 환경위생과,2021-07-01
명덕초등학교,체육관,790,울산광역시 동구 진성14길 15(일산동),35.50594344,129.4246268,2021,화학사고,052-209-3563,울산광역시 동구 해양환경국 환경위생과,2021-07-01
방어진고등학교,체육관,1670,울산광역시 동구 학문로 50(화정동),35.50452782,129.4229947,2021,화학사고,052-209-3563,울산광역시 동구 해양환경국 환경위생과,2021-07-01
전하초등학교,체육관,600,울산광역시 동구 봉수로 285(전하동),35.51545262,129.4277148,2021,화학사고,052-209-3563,울산광역시 동구 해양환경국 환경위생과,2021-07-01
인천해사고등학교,강당,864,인천광역시 중구 월미로 338 (북성동1가),37.46865974,126.601761,2021,화학사고,032-760-7402,인천광역시 중구 주민생활국 위생환경과,2026-05-01
관교초등학교,강당,917,인천광역시 미추홀구 인하로 414(관교동),37.44624835,126.6927101,2021,화학사고,032-880-5953,인천광역시 미추홀구 복지환경국 환경보전과,2026-04-29
남인천여자중학교,강당,1037,인천광역시 미추홀구 인하로 426(관교동),37.44513269,126.6941922,2021,화학사고,032-880-5953,인천광역시 미추홀구 복지환경국 환경보전과,2025-08-18
재능대학교,창의관 5층 체육관,1938,인천 동구 재능로 178 (송림동),37.47584654,126.6498182,2000,화학사고,032-770-7883,인천광역시 동구 경제환경국 환경위생과,2025-11-28
서흥초등학교,체육관,391,인천 동구 샛골로 189 (송림동),37.47938081,126.6445643,2000,화학사고,032-770-7883,인천광역시 동구 경제환경국 환경위생과,2025-11-28
계양경기장 실내체육관,체육관 1~3층,17300,인천광역시 계양구 봉오대로 855(서운동),37.53234521,126.7495796,2021,화학사고,032-440-4323,인천광역시 문화체육국 체육진흥과,2021-09-30
계양1동 주민센터 본관,본관 1층~4층,1550,인천광역시 계양구 장기서로 8(장기동),37.57689051,126.7341647,2022,화학사고,032-450-4863,인천광역시 계양구 계양1동행정복지센터,2026-04-22
함평골프고등학교,대강당,198,전라남도 함평군 학교면 학교길 77(사거리),35.02635155,126.5354251,2021,화학사고,061-320-1813,전라남도 함평군청 환경관리과,2024-08-14
완도초등학교,체육관,373,전라남도 완도읍 중앙길  43(군내리),34.31243208,126.7604521,2021,화학사고,061-550-5506,전라남도 완도군청 환경수질관리과,2022-09-21
완도수산고등학교,체육관,380,전라남도 완도읍 장보고대로 141(가용리),34.32352568,126.7441684,2021,화학사고,061-550-5506,전라남도 완도군청 환경수질관리과,2022-09-21
여도초등학교,교실,2653,전라남도 여수시 상암로 7(봉계동),34.78542321,127.6939893,2021,화학사고,061-659-2815,전라남도 여수시 산단환경관리과,2021-05-28
여천초등학교,체육관,200,전라남도 여수시 주동1길 30(주삼동),34.78818931,127.6547473,2021,화학사고,061-659-2815,전라남도 여수시 산단환경관리과,2021-05-28
담양동초등학교,강당,1287,전라남도 담양군 담양읍 추성로 1323(객사리),35.32062247,126.9829265,2021,화학사고,061-380-3068,전라남도 담양군청 환경과,2026-04-28
금성초등학교,강당,626,전라남도 담양군 금성면 석현길 18(석현리),35.34456049,127.025153,2021,화학사고,061-380-3068,전라남도 담양군청 환경과,2026-04-28
삼성여자고등학교,체육관,1536,제주특별자치도 서귀포시 검은여로 151 (토평동),33.25504404,126.5841201,2022,화학사고,064-760-2922,제주특별자치도 서귀포시 청정환경국 기후환경과,2025-06-16
국민체육센터,체육관,2998,전북특별자치도 순창군 순창읍 장류로 200(교성리),35.372386,127.127566,2021,화학사고,063-650-1747,전북특별자치도 순창군 경제산업국 환경위생과,2023-08-09
양당초등학교,강당(2층),652,충청남도 천안시 서북구 직산읍 양당1길 9-12(양당리),36.8786972,127.1138858,2021,화학사고,041-521-5437,충청남도 천안시 농업환경국 환경정책과,2026-04-27
아산스마트팩토리마이스터고등학교,강당,946,충청남도 아산시 둔포면 둔포중앙로133번길 42(둔포리),36.92906326,127.0436448,2021,화학사고,041-540-2440,충청남도 아산시 환경녹지국 환경보전과,2026-04-29
염작초등학교,강당,663,충청남도 아산시 둔포면 아산밸리중앙로 33(석곡리),36.92445547,127.0516192,2021,화학사고,041-540-2440,충청남도 아산시 환경녹지국 환경보전과,2026-04-29
온양신정초등학교,강당,952,충청남도 아산시 온천대로1333번길 29(실옥동),36.78786981,126.986808,2021,화학사고,041-540-2440,충청남도 아산시 환경녹지국 환경보전과,2026-04-29
온양천도초등학교,체육관,581,충청남도 아산시 실옥로 45(실옥동),36.78720796,126.9920708,2021,화학사고,041-540-2440,충청남도 아산시 환경녹지국 환경보전과,2026-04-29
인주초등학교,강당,724,충청남도 아산시 인주면 서해로 486(신성리),36.87592837,126.8957222,2021,화학사고,041-540-2440,충청남도 아산시 환경녹지국 환경보전과,2026-04-29
탕정초등학교,체육관,835,충청남도 아산시 탕정면 탕정면로 105(갈산리),36.80151536,127.0660139,2021,화학사고,041-540-2440,충청남도 아산시 환경녹지국 환경보전과,2026-04-29
탕정미래초등학교,체육관,928,충청남도 아산시 탕정면 탕정면로 54-15(갈산리),36.7977679,127.0638622,2021,화학사고,041-540-2440,충청남도 아산시 환경녹지국 환경보전과,2026-04-29
충남삼성고등학교,체육관,2756,충청남도 아산시 삼성로 77(명암리),36.80565083,127.0586131,2021,화학사고,041-540-2440,충청남도 아산시 환경녹지국 환경보전과,2026-04-29
장남면 배드민턴장,체육시설,491,경기도 연천군 장남면 장백로 244 (원당리),37.9811,126.8845,2021,화학사고,031-839-2710,경기도 연천군 장남면,2021-10-13
동덕초등학교,체육관,724,충청남도 아산시 탕정면 탕정면로 381(동산리),36.82095412,127.0845243,2021,화학사고,041-540-2440,충청남도 아산시 환경녹지국 환경보전과,2026-04-29
전곡 군립 배드민턴장,체육시설,1962,경기 연천군 전곡읍 전은길 53 (전곡리),38.03505266,127.0733116,2024,화학사고,031-839-2872,경기도 연천군 전곡읍,2024-05-28
충남외국어고등학교,강당,837,충청남도 아산시 탕정면 탕정면로 53-60(명암리),36.80406349,127.0613629,2021,화학사고,041-540-2440,충청남도 아산시 환경녹지국 환경보전과,2026-04-29
탕정중학교,체육관,801,충청남도 아산시 탕정면 탕정면로 53-40(명암리),36.80238147,127.0640985,2021,화학사고,041-540-2440,충청남도 아산시 환경녹지국 환경보전과,2026-04-29
음봉초등학교,체육관,1043,충청남도 아산시 음봉면 아산온천로 517,36.84932569,127.0114254,2021,화학사고,041-540-2440,충청남도 아산시 환경녹지국 환경보전과,2026-04-29
음봉중학교,체육관,534,충청남도 아산시 음봉면 음봉로 505(동암리),36.84337114,127.0673308,2021,화학사고,041-540-2440,충청남도 아산시 환경녹지국 환경보전과,2026-04-29
명암교회,교회,218,충청남도 아산시 탕정면 명암길2번길 49(명암리),36.82641668,127.0590913,2021,화학사고,041-540-2440,충청남도 아산시 환경녹지국 환경보전과,2026-04-29
인주중학교,강당,568,충남 아산시 인주면 영인산로 85 (밀두리),36.86721968,126.8936873,2024,화학사고,041-540-2440,충청남도 아산시 환경녹지국 환경보전과,2026-04-29
아산남성초등학교,강당,779,충남 아산시 신창면 남성길 152-64 (남성리),36.78717134,126.9574918,2024,화학사고,041-540-2440,충청남도 아산시 환경녹지국 환경보전과,2026-04-29
신화초등학교,체육관,652,충남 아산시 영인면 고룡산로 636 (신화리),36.88626054,126.9685874,2024,화학사고,041-540-2440,충청남도 아산시 환경녹지국 환경보전과,2026-04-29
명지초등학교,강당,523,충청남도 서산시 대산읍 명지3로 25,36.97179685,126.4099639,2021,화학사고,041-661-8278,충청남도 서산시 환경녹지국 기후환경대기과,2026-04-23
대산초등학교,강당,1029,충청남도 서산시 대산읍 구진로 40-5,36.94000407,126.4348575,2021,화학사고,041-661-8278,충청남도 서산시 환경녹지국 기후환경대기과,2026-04-23
대산고등학교,체육관,1316,충청남도 서산시 대산읍 대산1로 36,36.93616413,126.438374,2021,화학사고,041-661-8278,충청남도 서산시 환경녹지국 기후환경대기과,2026-04-23
부성초등학교,체육관,521,충청남도 서산시 지곡면 화천1로 83,36.86510084,126.43569,2021,화학사고,041-661-8278,충청남도 서산시 환경녹지국 기후환경대기과,2026-04-23
서산중학교,체육관,1421,충청남도 서산시 덕지천로 90,36.76893715,126.4587938,2021,화학사고,041-661-8278,충청남도 서산시 환경녹지국 기후환경대기과,2026-04-23
서산고등학교,강당,527,충청남도 서산시 해미면 서문3길 37,36.71581677,126.5467143,2021,화학사고,041-661-8278,충청남도 서산시 환경녹지국 기후환경대기과,2026-04-23
연무초등학교 강당,강당,1454,충청남도 논산시 연무읍 득안대로 527(금곡리),36.1175823,127.0975456,2021,화학사고,041-746-5522,충청남도 논산시 문화환경국 환경과,2026-05-06
채운초등학교 강당,강당,896,충청남도 논산시 채운면 채운로 112(야화리),36.17039175,127.0670117,2021,화학사고,041-746-5522,충청남도 논산시 문화환경국 환경과,2026-05-06
강경중앙초등학교 강당,강당,539,충청남도 논산시 강경읍 옥녀봉로 8(남교리),36.16025685,127.0191874,2021,화학사고,041-746-5522,충청남도 논산시 문화환경국 환경과,2026-05-06
벌곡초등학교 강당,강당,867,충청남도 논산시 벌곡면 대둔로 821-8(한삼천리),36.20813449,127.2660068,2021,화학사고,041-746-5522,충청남도 논산시 문화환경국 환경과,2026-05-06
논산동성초등학교 강당,강당,419,충청남도 논산시 관촉로 263(취암동),36.20296428,127.0929284,2021,화학사고,041-746-5522,충청남도 논산시 문화환경국 환경과,2026-05-06
청동초등학교 강당,강당,2087,충청남도 논산시 연산면 선비로293번길 29-5(청동리),36.2126488,127.1963945,2021,화학사고,041-746-5522,충청남도 논산시 문화환경국 환경과,2026-05-06
원봉초등학교 강당,강당,800,충청남도 논산시 성동면 성동로 552(정지리),36.21254458,127.0604697,2021,화학사고,041-746-5522,충청남도 논산시 문화환경국 환경과,2026-05-06
광석초등학교 강당,강당,664,충청남도 논산시 광석면 사계로 451(신당리),36.24387851,127.0808419,2021,화학사고,041-746-5522,충청남도 논산시 문화환경국 환경과,2026-05-06
노성초등학교 강당,강당,800,충청남도 논산시 노성면 노성로507번길 11(송당리),36.27846813,127.1213637,2021,화학사고,041-746-5522,충청남도 논산시 문화환경국 환경과,2026-05-06
대성고등학교,강당,1250,충청북도 청주시 청원구 대성로300번길 18 (내덕동),36.65346829,127.490766,2021,화학사고,043-201-1652,충청북도 청주시,2026-03-26
청주중앙중학교,강당,1526,충청북도 청주시 청원구 향군로115번길 17(우암동),36.65428359,127.4797606,2021,화학사고,043-201-1652,충청북도 청주시,2026-03-26
청주농업고등학교,강당,1260,충청북도 청주시 청원구 내덕로 45(내덕동),36.65865061,127.4861629,2021,화학사고,043-201-1652,충청북도 청주시,2026-03-26
서경중학교,강당,1172,충청북도 청주시 흥덕구 가경로 41(가경동),36.61886245,127.4412983,2021,화학사고,043-201-1652,충청북도 청주시,2026-03-26
오창중학교,강당,1178,충청북도 청주시 청원구 오창읍 팔결로 619(창리),36.7352839,127.4612931,2023,화학사고,043-201-1652,충청북도 청주시,2026-03-26
용아초등학교,강당,735,충북 청주시 상당구 중고개로142번길 32-15 (용암동),36.61828375,127.5225532,2024,화학사고,043-201-1652,충청북도 청주시,2026-03-26
미호중학교,강당,680,충북 청주시 흥덕구 강내면 가로수로 602 (월곡리),36.62359608,127.3667578,2024,화학사고,043-201-1652,충청북도 청주시,2026-03-26
대천여자고등학교,체육관 강당,991,충청남도 보령시 중앙로 264(대천동),36.360644,126.584174,0,화학사고,041-930-3677,충청남도 보령시 에너지환경국 기후환경과,2021-11-19
대천여자중학교,체육관 C동교실,1378,충청남도 보령시 옥갓티1길 31(대천동),36.354806,126.593392,0,화학사고,041-930-3677,충청남도 보령시 에너지환경국 기후환경과,2021-11-19
오포2리마을회관,전체시설,199,충청남도 보령시 오천면 오천중앙로 525(오포리),36.40612,126.522071,0,화학사고,041-930-3677,충청남도 보령시 에너지환경국 기후환경과,2021-11-19
청룡초등학교,체육관,803,충청남도 보령시 대해로 646(신흑동),36.319616,126.538417,2021,화학사고,041-930-3677,충청남도 보령시 에너지환경국 기후환경과,2021-11-19
영보2리노인회관,전체시설,242,충남 보령시 오천면 오천해안로 525 (영보리),36.42290526,126.502902,2003,화학사고,041-930-3677,충청남도 보령시 에너지환경국 기후환경과,2025-09-08
웅천복지관,전체시설,512,충남 보령시 웅천읍 장터2길 15 (대창리),36.23263293,126.6014661,2009,화학사고,041-930-3677,충청남도 보령시 에너지환경국 기후환경과,2025-09-08
칠곡초등학교,강당,425,경상남도 의령군 칠곡면 칠곡로 59(외조리),35.34102863,128.1956935,2021,화학사고,055-570-2202,경상남도 의령군 행정복지국 사회복지과,2019-04-01
가례초등학교,강당(급식소),581,경상남도 의령군 가례면 가례로 128(수성리),35.33331932,128.2464469,2021,화학사고,055-570-2202,경상남도 의령군 행정복지국 사회복지과,2019-04-10
대의초등학교,강당,399,경상남도 의령군 대의면 대의로 31-6(마쌍리),35.37127628,128.1086148,2021,화학사고,055-570-2202,경상남도 의령군 행정복지국 사회복지과,2019-04-04
정곡초등학교,강당,556,경상남도 의령군 정곡면 법정로 937-6(중교리),35.37944091,128.3244072,2021,화학사고,055-570-2202,경상남도 의령군 행정복지국 사회복지과,2019-04-05
지정면사무소,회의실,298,경상남도 의령군 지정면 함의로5길 8(봉곡리),35.38253087,128.3859826,2021,화학사고,055-570-2202,경상남도 의령군 행정복지국 사회복지과,2022-09-15
동부사회복지관,프로그램실 등,210,경상남도 의령군 부림면 신번로 181(신반리),35.46949219,128.3246732,2021,화학사고,055-570-2202,경상남도 의령군 행정복지국 사회복지과,2019-04-10
부림초등학교,강당,210,경상남도 의령군 부림면 대한로 1721(신반리),35.46559204,128.3207729,2021,화학사고,055-570-2202,경상남도 의령군 행정복지국 사회복지과,2019-04-09
삼례초등학교 강당,삼례초등학교 강당,762,전북특별자치도 완주군 삼례읍 후정로 30 (후정리),35.91003783,127.0680073,2022,화학사고,063-291-2031,전북특별자치도교육청 전북특별자치도완주교육지원청 삼례초등학교,2022-05-04
대전지족초등학교,강당,530,대전광역시 유성구 노은서로 238 (지족동),36.3809,127.31734,2021,화학사고,042-611-2309,대전광역시 유성구 생활환경국 푸른환경과,2026-05-07
구례실내체육관,체육관,7951,전라남도 구례군 구례읍 동편제길 4,35.21569478,127.4680812,2021,화학사고,061-780-2982,전라남도 구례군 환경과,2021-10-05
고한고등학교,체육관,2301,강원특별자치도 정선군 고한읍 고한9길 160 (고한리),37.20647453,128.8524385,2024,화학사고,033-560-2354,강원특별자치도 정선군 시설국 환경과,2023-12-14
사북중고등학교,체육관,139,강원특별자치도 정선군 사북읍 소금강로 3640 (사북리),37.22817631,128.8284785,2024,화학사고,033-560-2354,강원특별자치도 정선군 시설국 환경과,2023-12-14
예미초등학교,체육관,604,강원특별자치도 정선군 신동읍 의림로 327 (예미리),37.22108489,128.6455424,2024,화학사고,033-560-2354,강원특별자치도 정선군 시설국 환경과,2023-12-14
화동초등학교,체육관,2038,강원특별자치도 정선군 화암면 그림바위길 66-20 (화암리),37.3389375,128.7874976,2024,화학사고,033-560-2354,강원특별자치도 정선군 시설국 환경과,2023-12-14
증산초등학교,체육관,4635,강원특별자치도 정선군 남면 민둥산로 12 (무릉리),37.25446992,128.7811968,2024,화학사고,033-560-2354,강원특별자치도 정선군 시설국 환경과,2023-12-14
여량초등학교,체육관,3573,강원특별자치도 정선군 여량면 서동로 2950 (여량리),37.47159826,128.7279932,2024,화학사고,033-560-2354,강원특별자치도 정선군 시설국 환경과,2023-12-14
북평초등학교,체육관,973,강원특별자치도 정선군 북평면 서동로 2170 (북평리),37.45441147,128.6743257,2024,화학사고,033-560-2354,강원특별자치도 정선군 시설국 환경과,2023-12-14
임계중고등학교,체육관,2987,강원특별자치도 정선군 임계면 백두대간로 1313 (봉산리),37.49206975,128.8445413,2024,화학사고,033-560-2354,강원특별자치도 정선군 시설국 환경과,2023-12-14
문기초등학교,1층 강당,1100,경기 안성시 공도읍 서동대로 4424 (양기리),37.00763129,127.1942551,2025,화학사고,031-678-2632,경기도 안성시 주거환경국 환경과,2024-01-01
개산초등학교,1층 체육관,699,경기 안성시 금광면 외개산길 42 (개산리),36.98432737,127.3019093,2025,화학사고,031-678-2632,경기도 안성시 주거환경국 환경과,2024-01-01
미양초등학교,1층 체육관,967,경기 안성시 미양면 양지길 40 (양지리),36.97521937,127.2139052,2025,화학사고,031-678-2632,경기도 안성시 주거환경국 환경과,2024-01-01
동아방송예술대학교,2층 체육관,2854,경기 안성시 삼죽면 동아예대길 47 (진촌리),37.05781504,127.3584093,2025,화학사고,031-678-2632,경기도 안성시 주거환경국 환경과,2025-09-09
원곡초등학교,2층 체육관,627,경기 안성시 원곡면 가천중앙1길 51-17 (내가천리),37.04132761,127.1273753,2025,화학사고,031-678-2632,경기도 안성시 주거환경국 환경과,2024-01-01
일죽고등학교,2층 체육관,813,경기 안성시 일죽면 서동대로 7446 (송천리),37.09186096,127.4736023,2025,화학사고,031-678-2632,경기도 안성시 주거환경국 환경과,2025-09-09
상록수체육관,체육관,9774,경기도 안산시 상록구 용신로 412(본오동),37.30097133,126.8685168,2023,화학사고,031-481-2243,경기도 안산시 환경녹지국 환경정책과,2023-08-14
각골체육관,체육관,1200,경기도 안산시 상록구 석호로 400(본오동),37.29258543,126.8752135,2023,화학사고,031-481-2243,경기도 안산시 환경녹지국 환경정책과,2023-08-14
선부체육관,체육관,5740,경기도 안산시 단원구 선부로 96 (선부동),37.34091175,126.8048024,2024,화학사고,031-481-2243,경기도 안산시 환경녹지국 환경정책과,2024-02-27
초지동 행정복지센터,행정기관,1231,경기도 안산시 단원구 초지동로 67 (초지동),37.30998287,126.8168734,2024,화학사고,031-481-2243,경기도 안산시 환경녹지국 환경정책과,2024-02-27
신길동 행정복지센터,행정기관,603,경기도 안산시 단원구 삼일로 42-7 (신길동),37.33479669,126.7831978,2024,화학사고,031-481-2243,경기도 안산시 환경녹지국 환경정책과,2024-02-27
중소벤처기업연수원,공공시설,483,경기 안산시 단원구 연수원로 87 (원곡동),37.32064726,126.7979051,2024,화학사고,031-481-2243,경기도 안산시 환경녹지국 환경정책과,2024-12-19
호수체육관,체육관,839,경기 안산시 단원구 적금로 9 (고잔동),37.30908002,126.8245942,2024,화학사고,031-481-2243,경기도 안산시 환경녹지국 환경정책과,2024-12-19
부천실내체육관,체육관,15531,경기도 부천시 원미구 석천로 293 (중동),37.51344785,126.7632329,2021,화학사고,032-625-3161,경기도 부천시 경제환경국 환경정책과,2025-08-20
부천여월중학교 체육관,체육관,797,경기도 부천시 오정구 성곡로57번길 25 (여월동),37.51680033,126.7975582,2021,화학사고,032-625-3161,경기도 부천시 경제환경국 환경정책과,2025-08-20
서촌다목적체육관,체육관,894,경기도 부천시 원미구 부일로 172 (상동),37.48823185,126.7483842,2024,화학사고,032-625-3161,경기도 부천시 경제환경국 환경정책과,2025-08-20
송내사회체육관,체육관,3996,경기 부천시 소사구 경인로120번길 45 (송내동),37.48198232,126.7688157,2025,화학사고,032-625-3161,경기도 부천시 경제환경국 환경정책과,2025-05-27
오정레포츠센터,체육관,1837,경기 부천시 오정구 상오정로 169 (오정동),37.52895769,126.7965977,2026,화학사고,032-625-3161,경기도 부천시 경제환경국 환경정책과,2026-04-23
능평초등학교,전체,16516,경기 광주시 창뜰아랫길 14-3 (능평동),37.34879441,127.1666131,2024,화학사고,031-760-3765,경기도 광주시 기후산림국 수질정책과,2025-08-18
평촌3경로당,평촌3경로당,57,대전 서구 증촌1길 104 (평촌동),36.23580885,127.3061696,1993,화학사고,042-288-3011,대전광역시 서구 주민복지국 복지정책과,2023-08-16
봉산초등학교,봉산초등학교,5666,대전 서구 신갈마로141번길 45 (갈마동),36.34530462,127.3656879,1981,화학사고,042-523-0101,대전광역시교육청 대전광역시서부교육지원청 대전봉산초등학교,2025-08-24
관저종합사회복지관 강당,관저종합사회복지관 강당,158,대전 서구 구봉로 13 (관저동),36.29822872,127.3253282,2004,화학사고,042-545-6810,대전광역시 서구 주민복지국 복지정책과,2025-08-24
관저중학교 강당,관저중학교 강당,249,대전 서구 관저동로 143 (관저동),36.30517361,127.3394582,2016,화학사고,042-540-5883,대전광역시교육청 대전광역시서부교육지원청 대전관저중학교,2025-08-24
동방고등학교 강당,동방고등학교 강당,429,대전 서구 계백로 1106 (관저동),36.30027411,127.3462895,2010,화학사고,042-333-5883,대전광역시교육청 동방고등학교,2025-08-24
서일여자고등학교,서일여자고등학교,1620,대전 서구 구봉산북로 22 (관저동),36.29376971,127.3238152,1987,화학사고,042-540-7740,대전광역시교육청 서일여자고등학교,2025-08-24
백운초등학교 다목적실,백운초등학교 다목적실,206,대전 서구 계룡로576번길 56 (괴정동),36.34070932,127.3848366,1995,화학사고,042-536-2101,대전광역시교육청 대전광역시서부교육지원청 대전백운초등학교,2025-08-24
대전도마중학교 강당,대전도마중학교 강당,249,대전 서구 도솔2길 22 (도마동),36.31890482,127.3721876,2003,화학사고,042-520-1500,대전광역시교육청 대전광역시서부교육지원청 대전도마중학교,2025-08-24
도마실국민체육센터 체육관,도마실국민체육센터 체육관,377,대전 서구 유등로 235 (도마동),36.31296963,127.3852765,2016,화학사고,042-288-2732,대전광역시 서구 자치행정국 문화체육과,2025-08-24
서대전여자고등학교 강당,서대전여자고등학교 강당,931,대전 서구 배재로197번길 20 (도마동),36.32650324,127.3695342,2013,화학사고,042-520-6103,대전광역시교육청 서대전여자고등학교,2025-08-24
제일고등학교 체육관,제일고등학교 체육관,343,대전 서구 배재로46번길 77 (도마동),36.31398123,127.372476,2007,화학사고,042-522-4023,대전광역시교육청 대전제일고등학교,2025-08-24
대전도안초등학교 강당,대전도안초등학교 강당,271,대전 서구 원도안로 200 (도안동),36.32153794,127.3445767,2011,화학사고,042-543-7803,대전광역시교육청 대전광역시서부교육지원청 대전도안초등학교,2025-08-24
대전삼천중학교 강당,대전삼천중학교 강당,359,대전 서구 문정로 271 (둔산동),36.35819747,127.3949333,2015,화학사고,042-483-6733,대전광역시교육청 대전광역시서부교육지원청 대전삼천중학교,2025-08-24
둔산종합사회복지관 강당,둔산종합사회복지관 강당,116,대전 서구 둔산로 241 (둔산동),36.35237316,127.4011621,1991,화학사고,042-482-2032,대전광역시 서구 주민복지국 복지정책과,2025-08-24
만년중학교 강당,만년중학교 강당,412,대전 서구 만년남로 17 (만년동),36.36664498,127.3763928,1997,화학사고,042-480-2806,대전광역시교육청 대전광역시서부교육지원청 대전만년중학교,2025-08-24
대전갑천초등학교 체육관,대전갑천초등학교 체육관,326,대전 서구 월평동로 61 (월평동),36.36022277,127.3681504,1995,화학사고,042-488-3322,대전광역시교육청 대전광역시서부교육지원청 대전갑천초등학교,2025-08-24
탄방초등학교 체육관,탄방초등학교 체육관,379,대전 서구 탄방로 15 (탄방동),36.34537409,127.3914097,2006,화학사고,042-486-7604,대전광역시교육청 대전광역시서부교육지원청 대전탄방초등학교,2025-08-24
변동중학교 강당,변동중학교 강당,738,대전 서구 도산로181번길 39 (변동),36.3245057,127.3757724,2010,화학사고,042-530-8503,대전광역시교육청 대전광역시서부교육지원청 대전변동중학교,2025-08-24
내동초등학교 체육관,내동초등학교 체육관,353,대전 서구 동서대로1063번길 13 (내동),36.33033437,127.3792447,2009,화학사고,042-535-8793,대전광역시교육청 대전광역시서부교육지원청 대전내동초등학교,2025-08-24
금동초등학교 강당(본관3층),금동초등학교 강당(본관3층),131,대전 서구 관저로 45 (관저동),36.29834024,127.3265672,1999,화학사고,042-542-3334,대전광역시교육청 대전광역시서부교육지원청 대전금동초등학교,2025-08-24
광남초등학교,체육관,1170,서울특별시 광진구 아차산로70길 35 (광장동),37.54119688,127.100971,2021,화학사고,02-450-7804,서울특별시 광진구 안전환경국 환경과,2024-08-19
신자초등학교,교육정보관동,424,서울특별시 광진구 뚝섬로46길 64 (자양동),37.53027101,127.0754952,2021,화학사고,02-450-7804,서울특별시 광진구 안전환경국 환경과,2024-08-19
건국대학교사범대학부속중·고등학교,체육관,1140,서울특별시 광진구 자양로 145-1 (화양동),37.54054525,127.081395,2021,화학사고,02-450-7804,서울특별시 광진구 안전환경국 환경과,2024-08-19
동국대학교사범대학부속가람중·고등학교,체육관,1185,서울특별시 광진구 광나루로36길 47 (구의동),37.54257948,127.0873972,2021,화학사고,02-450-7804,서울특별시 광진구 안전환경국 환경과,2024-08-19
자양중학교,체육관,1284,서울특별시 광진구 뚝섬로41길 33 (자양동),37.53479885,127.0750076,2021,화학사고,02-450-7804,서울특별시 광진구 안전환경국 환경과,2024-08-19
정립회관,체육관,5123,서울특별시 광진구 워커힐로 93 (구의동),37.54992797,127.0978085,2021,화학사고,02-450-7804,서울특별시 광진구 안전환경국 환경과,2024-08-19
국사봉체육관,강당,1827,서울특별시 관악구 국회단지길 144 (봉천동),37.49173121,126.9415589,2023,화학사고,02-879-6275,서울특별시 관악구 청년문화국 녹색환경과,2026-04-23
반천초등학교,다목적강당,251,울산광역시 울주군 언양읍 샘소3길 19 (반천리),35.55609517,129.1832056,2021,화학사고,052-204-2132,울산광역시 울주군 복지환경국 환경기후과,2026-05-06
언양고등학교,체육관,239,울산광역시 울주군 언양읍 언양로 53 (어음리),35.56229933,129.1338952,2021,화학사고,052-204-2132,울산광역시 울주군 복지환경국 환경기후과,2026-05-06
옹기종기도서관,세미나실,30,울산광역시 울주군 온양읍 온양로 38-1 (운화리),35.41284184,129.2764685,2021,화학사고,052-204-2132,울산광역시 울주군 복지환경국 환경기후과,2026-05-06
남창중학교,다목적강당,240,울산광역시 울주군 온양읍 동상로 66 (동상리),35.41919803,129.2867691,2021,화학사고,052-204-2132,울산광역시 울주군 복지환경국 환경기후과,2026-05-06
온남초등학교,체육관,273,울산광역시 울주군 온양읍 화산발리로 734 (대안리),35.40549171,129.2893094,2021,화학사고,052-204-2132,울산광역시 울주군 복지환경국 환경기후과,2023-07-30
온양초등학교,다목적강당,221,울산광역시 울주군 온양읍 남창1길 32 (남창리),35.41855023,129.2798104,2021,화학사고,052-204-2132,울산광역시 울주군 복지환경국 환경기후과,2026-05-06
삼정초등학교,다목적강당,190,울산광역시 울주군 청량읍 삼정로 36 (삼정리),35.49066798,129.2337132,2021,화학사고,052-204-2132,울산광역시 울주군 복지환경국 환경기후과,2026-05-06
웅촌문화복지센터,음악연습실 스포츠댄스실,60,울산광역시 울주군 웅촌면 새초천길 10 (곡천리),35.46118552,129.2077062,2021,화학사고,052-204-2132,울산광역시 울주군 복지환경국 환경기후과,2023-07-30
웅촌중학교,체육관,200,울산광역시 울주군 웅촌면 새초천길 13 (곡천리),35.46231192,129.2085658,2021,화학사고,052-204-2132,울산광역시 울주군 복지환경국 환경기후과,2026-05-06
웅촌초등학교,다목적강당,144,울산광역시 울주군 웅촌면 곡천검단로 4 (곡천리),35.46391257,129.2068996,2021,화학사고,052-204-2132,울산광역시 울주군 복지환경국 환경기후과,2026-05-06
신전면게이트볼장,체육시설,552,전라남도 강진군 신전면 신전중앙길 15-5 (수양리),34.51308276,126.7200649,2021,화학사고,061-430-3303,전라남도 강진군 환경과,2021-10-25
마량면게이트볼장,체육시설,552,전라남도 강진군 마량면 마량8길 20 (마량리),34.4504602,126.8189497,2021,화학사고,061-430-3303,전라남도 강진군 환경과,2021-10-25
대구면게이트볼장,체육시설,552,전라남도 강진군 대구면 수동길 6 (수동리),34.49456921,126.8004976,2021,화학사고,061-430-3303,전라남도 강진군 환경과,2021-10-25
도암면게이트볼장,체육시설,552,전라남도 강진군 도암면 도암중앙로 57-5(향촌리),34.5449201,126.7272113,2021,화학사고,061-430-3302,전라남도 강진군 환경과,2021-10-25
성전면게이트볼장,체육시설,552,전라남도 강진군 성전면 예향로 12-9(월평리),34.69248786,126.7079212,2021,화학사고,061-430-3303,전라남도 강진군 환경과,2021-10-25
작천면게이트볼장,체육시설,552,전라남도 강진군 작천면 평리길 42(평리),34.7041638,126.7737257,2021,화학사고,061-430-3303,전라남도 강진군 환경과,2021-10-25
옴천면게이트볼장,체육시설,501,전라남도 강진군 옴천면 개산중앙길 1(개산리),34.74483742,126.7949181,2021,화학사고,061-430-3303,전라남도 강진군 환경과,2021-10-25
고원실내체육관,체육관,10624,강원특별자치도 태백시 태백로 1485(문곡동),37.1340654,129.0059535,2021,화학사고,033-550-2281,강원특별자치도 태백시 경제국 스포츠과,2026-05-08
태백국민체육센터,체육관,1556,강원특별자치도 태백시 번영로 220(황지동),37.16298228,128.985334,2021,화학사고,033-806-5044,강원특별자치도 태백시 경제국 스포츠과,2021-09-17
은산면체육회관,체육관,675,충남 부여군 은산면 충의로 686 (신대리),36.30990136,126.8541533,2025,화학사고,041-830-2299,충청남도 부여군 농림축산환경국 환경과,2026-05-08
덕치초등학교,돌봄교실,151,전북특별자치도 임실군 덕치면 인덕로 1217(일중리),35.49629513,127.148148,2022,화학사고,063-640-2963,전북특별자치도 임실군 복지환경국 환경보호과,2022-04-15
갈담초등학교,다목적실,332,전북특별자치도 임실군 강진면 호국로 65(갈담리),35.53209722,127.1655001,2022,화학사고,063-640-2963,전북특별자치도 임실군 복지환경국 환경보호과,2022-04-15
운암초등학교,강당,433,전북특별자치도 임실군 운암면 상운길 12(쌍암리),35.66369521,127.1569275,2022,화학사고,063-640-2963,전북특별자치도 임실군 복지환경국 환경보호과,2022-04-15
청웅초등학교,강당,339,전북특별자치도 임실군 청웅면 청웅로 188(구고리),35.57087814,127.2049428,2022,화학사고,063-640-2963,전북특별자치도 임실군 복지환경국 환경보호과,2022-04-15
임실초등학교,강당,1336,전북특별자치도 임실군 임실읍 봉황로 64-12(성가리),35.60841041,127.2720334,2022,화학사고,063-640-2963,전북특별자치도 임실군 복지환경국 환경보호과,2022-04-15
임실기림초등학교,다목적 교실,378,전북특별자치도 임실군 임실읍 봉황로 369(두곡리),35.6284892,127.290228,2022,화학사고,063-640-2963,전북특별자치도 임실군 복지환경국 환경보호과,2022-04-15
오수초등학교,강당,1208,전북특별자치도 임실군 오수면 충효로 2059(오수리),35.54271495,127.3290445,2022,화학사고,063-640-2963,전북특별자치도 임실군 복지환경국 환경보호과,2022-04-15
지사초등학교,다목적 강당,476,전북특별자치도 임실군 지사면 방계3길 10(방계리),35.56456549,127.3564758,2022,화학사고,063-640-2963,전북특별자치도 임실군 복지환경국 환경보호과,2022-04-15
성수초등학교,강당,373,전북특별자치도 임실군 성수면 임진로 189(양지리),35.62996024,127.3305746,2022,화학사고,063-640-2963,전북특별자치도 임실군 복지환경국 환경보호과,2022-04-15
신례원초등학교,강당,344,충청남도 예산군 예산읍 신례원로 179(신례원리),36.72630085,126.8423957,2021,화학사고,041-339-7512,충청남도 예산군 산업건설국 환경과,2021-10-12
오산스포츠센터,체육관,566,경기도 오산시 경기동로 33 (오산동),37.15876892,127.0757335,2021,화학사고,031-8036-6426,경기도 오산시 도시주택국 기후환경정책과,2021-09-29
성호초등학교,체육관,402,경기도 오산시 성호새싹길 8 (오산동),37.15019185,127.0709778,2021,화학사고,031-8036-6426,경기도 오산시 도시주택국 기후환경정책과,2021-09-29
예산중학교,체육관,385,충청남도 예산군 예산읍 예중길 40(주교리),36.67884662,126.8318503,2021,화학사고,041-339-7512,충청남도 예산군 산업건설국 환경과,2021-10-12
오산중학교,체육관,303,경기도 오산시 청학로 43 (청학동),37.15416048,127.0620224,2021,화학사고,031-8036-6426,경기도 오산시 도시주택국 기후환경정책과,2021-09-29
이곡 게이트볼장,체육시설,401,충청남도 태안군 원북면 옥파로 397-4(이곡리),36.848656,126.237237,2021,화학사고,041-670-2782,충청남도 태안군 산업건설국 환경산림과,2025-08-19
원북사택 생활체육관,체육시설,730,충청남도 태안군 원북면 원이로 820-32(반계리),36.820395,126.262245,2021,화학사고,041-670-2782,충청남도 태안군 산업건설국 환경산림과,2025-08-19
영도구청 민방위교육장,관공서,260,부산광역시 영도구 태종로 423(청학동),35.09019136,129.0675471,2021,화학사고,051-419-4135,부산광역시 영도구 도시안전국 도시안전과,2021-09-28
대기초등학교,체육관,530,충청남도 태안군 원북면 대기길 12-21(대기리),36.80029324,126.2568517,2021,화학사고,041-670-2782,충청남도 태안군 산업건설국 환경산림과,2025-08-19
신봉초등학교,강당,262,세종특별자치시 조치원읍 서북부로 10 (침산리),36.60380406,127.288411,2024,화학사고,044-902-1400,세종특별자치시교육청 조치원신봉초등학교,2026-05-08
양지초등학교,강당,238,세종특별자치시 보듬8로 11 (도담동),36.51849875,127.2603104,2024,화학사고,044-867-9053,세종특별자치시교육청 양지초등학교,2026-05-08
연세초등학교,강당,172,세종특별자치시 다솜로 291 (어진동),36.50573314,127.2713692,2024,화학사고,044-860-6501,세종특별자치시교육청 연세초등학교,2026-05-08
글벗초등학교,강당,246,세종특별자치시 소담로 121 (소담동),36.48747638,127.2978096,2024,화학사고,044-999-5300,세종특별자치시교육청 글벗초등학교,2026-05-08
금호중학교,강당,323,세종특별자치시 대평로 27 (대평동),36.47045973,127.2801668,2024,화학사고,044-850-0400,세종특별자치시교육청 금호중학교,2026-05-08
전의면 복힙커뮤니티센터,체육관,223,세종특별자치시 전의면 운주산로 1276 (읍내리),36.68109424,127.195188,2024,화학사고,044-301-5810,세종특별자치시 전의면,2026-05-08
소담동 복합커뮤니티센터,체육관,405,세종특별자치시 한누리대로 2023 (소담동),36.48407359,127.3003683,2024,화학사고,044-301-7010,세종특별자치시 소담동,2026-05-08
보람동 복합커뮤니티센터,체육관,375,세종특별자치시 호려울로 42 (보람동),36.47874677,127.2904649,2024,화학사고,044-301-6710,세종특별자치시 보람동,2026-05-08
대평동 복합커뮤니티센터,체육관,665,세종특별자치시 대평1길 10 (대평동),36.47097935,127.279315,2024,화학사고,044-301-6910,세종특별자치시 대평동,2026-05-08
대호중학교,체육관,201,경기도 오산시 궐리사로29번길 19 (궐동),37.16229393,127.0568659,2021,화학사고,031-8036-6426,경기도 오산시 도시주택국 기후환경정책과,2021-09-29
남부종합사회복지관,강당,1350,경기도 오산시 오산로132번길 28-5 (원동),37.138648,127.0723249,2023,화학사고,031-8036-6426,경기도 오산시 도시주택국 기후환경정책과,2023-01-04
오산세교종합사회복지관,복지회관,184,경기 오산시 수청로 192 (금암동),37.17775181,127.044835,2016,화학사고,031-8036-7407,경기도 오산시 복지교육국 희망복지과,2025-05-22
매홀중학교,학교,256,경기 오산시 내삼미로48번길 17 (수청동),37.16798475,127.0686699,2010,화학사고,031-8036-7407,경기도 오산시 복지교육국 희망복지과,2025-05-22
수청초등학교,학교,165,경기 오산시 오산대역로 123 (수청동),37.17084729,127.0554738,2006,화학사고,031-8036-7407,경기도 오산시 복지교육국 희망복지과,2025-05-22
광성초등학교,학교,238,경기 오산시 수목원로 577-18 (세교동),37.18414545,127.0397103,2010,화학사고,031-8036-7407,경기도 오산시 복지교육국 희망복지과,2025-05-22
대원초등학교,학교,193,경기 오산시 경기대로25번길 45 (갈곶동),37.13055379,127.0711928,2004,화학사고,031-8036-7407,경기도 오산시 복지교육국 희망복지과,2025-05-22
원동초등학교,학교,340,경기 오산시 오산로 92 (원동),37.13551274,127.0697603,2017,화학사고,031-8036-7407,경기도 오산시 복지교육국 희망복지과,2025-05-22
오산오색문화체육센터,체육관,719,경기 오산시 오산천로 271 (오산동),37.15625788,127.0715027,2021,화학사고,031-8036-7407,경기도 오산시 복지교육국 희망복지과,2025-05-22
광희중학교,체육관,557,서울특별시 성동구 독서당로62길 46 (응봉동),37.5510966,127.0339601,2022,화학사고,02-2286-5499,서울특별시 성동구 스마트포용도시국 맑은환경과,2024-05-31
창원체육관,체육관,2008,경상남도 창원시 성산구 원이대로 450(중앙동),35.232778,128.666389,2021,화학사고,055-225-3534,경상남도 창원시 기후환경국 환경정책과,2021-09-30
금산종합체육관,체육관,2000,충남 금산군 금산읍 사직로 20 (상옥리),36.10138659,127.4789591,2023,화학사고,041-750-2407,충청남도 금산군 행정복지국 관광문화체육과,2026-05-08
군북면체육센터,체육관,338,충남 금산군 군북면 산꽃로 26-3 (두두리),36.16878885,127.5294709,2023,화학사고,041-750-8455,충청남도 금산군 군북면,2026-05-08
하니움문화스포츠센터,대강당,3544,전라남도 화순군 화순읍 학포로 2698 (대리),35.048409,126.965631,2009,화학사고,061-379-3592,전라남도 화순군 환경과,2025-08-29
금동초등학교,강당(3층),661,서울 금천구 금하로30길 53 (시흥동),37.44776578,126.9163964,2021,화학사고,02-2627-1515,서울특별시 금천구 문화환경국 환경과,2026-05-11
금천문화회관,무용실(3층),107,서울특별시 금천구 시흥대로38길 61(시흥동),37.4464093,126.9044491,2021,화학사고,02-2627-1515,서울특별시 금천구 문화환경국 환경과,2026-05-11
금천초등학교,강당(꿈오름관 2층),376,서울 금천구 탑골로5길 60 (시흥동),37.45480431,126.9128869,2021,화학사고,02-2627-1515,서울특별시 금천구 문화환경국 환경과,2026-05-11
시흥3동주민센터,문화관람실,145,서울특별시 금천구 시흥대로18길 40(시흥동),37.4402678,126.9058156,2021,화학사고,02-2627-1515,서울특별시 금천구 문화환경국 환경과,2026-05-11
탑동초등학교,강당(4층),635,서울특별시 금천구 탑골로 47-3(시흥동),37.4525333,126.9148596,2021,화학사고,02-2627-1515,서울특별시 금천구 문화환경국 환경과,2026-05-11
독산3동주민센터,강당(4층),249,서울특별시 금천구 독산로 317(독산동),37.475159,126.903193,2021,화학사고,02-2627-1515,서울특별시 금천구 문화환경국 환경과,2026-05-11
문교초등학교,강당(2층),1237,서울특별시 금천구 독산로54길 102(독산동),37.4666144,126.9087439,2021,화학사고,02-2627-1515,서울특별시 금천구 문화환경국 환경과,2026-05-11
정심초등학교,강당(2층),232,서울특별시 금천구 독산로78다길 89(독산동),37.4717104,126.9083194,2021,화학사고,02-2627-1515,서울특별시 금천구 문화환경국 환경과,2026-05-11
빛누리초등학교,강당,915,전라남도 나주시 한빛로 144(빛가람동),35.0299761,126.7857755,2023,화학사고,061-339-8933,전라남도 나주시 복지환경국 환경관리과,2026-05-11
대월초주민대피시설,정부지원 주민대피시설,130,인천광역시 강화군 강화읍 대월로 216 (대산리),37.76037402,126.49132,2012,화학사고,032-930-4205,인천광역시 강화군 문화복지국 환경위생과,2024-05-20
경남체육고등학교 강당,강당,1116,경상남도 진주시 진성면 진의로 178-27 (가진리),35.20281112,128.2248061,2021,화학사고,055-749-8655,경상남도 진주시 환경산림국 기후환경과,2026-05-08
이반성초등학교,강당,364,경남 진주시 이반성면 오봉산로 762 (하곡리),35.17329962,128.3290479,2026,화학사고,055-749-8655,경상남도 진주시 환경산림국 기후환경과,2026-05-08
대곡초등학교 강당,강당,795,경남 진주시 대곡면 진의로 970 (와룡리),35.2581082,128.1770878,2025,화학사고,055-749-8655,경상남도 진주시 환경산림국 기후환경과,2026-05-08
삼청동주민센터,3층 다목적실,71,서울특별시 종로구 삼청로 107(삼청동),37.58499553,126.9817804,2021,화학사고,02-2148-2472,서울특별시 종로구 문화환경국 환경과,2025-08-27
약수노인복지관,약수노인복지관(3층 5층),242,서울특별시 중구 다산로6길 11(신당동),37.55246838,127.0093195,2021,화학사고,02-3396-5615,서울특별시 중구 복지환경국 환경과,2021-11-04
한강중학교,체육관,1273,서울특별시 용산구 녹사평대로 73 (서빙고동),37.52370632,126.9924602,2021,화학사고,02-2199-7660,서울특별시 용산구 도시관리국 맑은환경과,2023-08-18
성원중학교,체육관강당,689,서울특별시 성동구 성덕정9가길 13 (성수동2가),37.53903683,127.0521869,2022,화학사고,02-2286-5499,서울특별시 성동구 스마트포용도시국 맑은환경과,2024-05-31
경수중학교,체육관,824,서울특별시 성동구 뚝섬로13길 14 (성수동2가),37.53989198,127.0586993,2022,화학사고,02-2286-5499,서울특별시 성동구 스마트포용도시국 맑은환경과,2024-05-31
경동초등학교,체육관(2층),880,서울특별시 성동구 성수일로 34 (성수동1가),37.54332193,127.0502352,2023,화학사고,02-2286-5497,서울특별시 성동구 스마트포용도시국 맑은환경과,2024-05-31
경일초등학교,체육관(2층),1093,서울특별시 성동구 뚝섬로 332 (성수동1가),37.54019433,127.0475288,2023,화학사고,02-2286-5497,서울특별시 성동구 스마트포용도시국 맑은환경과,2024-05-31
장평초등학교,2층 강당,678,서울특별시 동대문구 답십리로69길 27 (장안동),37.57348231,127.0728135,1996,화학사고,02-2127-4639,서울특별시 동대문구 미래환경국 기후환경과,2026-04-29
면목본동 주민센터,본관,987,서울특별시 중랑구 면목로 397(면목동),37.58734767,127.0874524,2023,화학사고,02-2094-2432,서울특별시 중랑구 도시환경국 맑은환경과,2023-08-18
면목3.8동 주민센터,본관,87,서울특별시 중랑구 사가정로51길 48(면목동),37.58295713,127.0880558,2020,화학사고,02-2094-2432,서울특별시 중랑구 도시환경국 맑은환경과,2023-08-18
면목5동 주민센터,본관,56,서울특별시 중랑구 동일로 619(면목동),37.58576081,127.0794686,2024,화학사고,02-2094-2432,서울특별시 중랑구 도시환경국 맑은환경과,2023-08-18
상봉1동 주민센터,본관,104,서울특별시 중랑구 상봉중앙로1길 6(상봉동),37.59983789,127.0871443,2024,화학사고,02-2094-2432,서울특별시 중랑구 도시환경국 맑은환경과,2023-08-18
상봉2동복합청사,본관,50,서울특별시 중랑구 동일로114길 10(상봉동),37.59293177,127.0808548,2024,화학사고,02-2094-2432,서울특별시 중랑구 도시환경국 맑은환경과,2023-08-18
망우본동 주민센터,5층 대강당,140,서울특별시 중랑구 망우로67길 10(망우동),37.60053604,127.1013965,2024,화학사고,02-2094-2432,서울특별시 중랑구 도시환경국 맑은환경과,2023-08-18
중랑문화체육관,본관,250,서울특별시 중랑구 사가정로72길 47(면목동),37.57932465,127.0957497,2024,화학사고,02-2094-2432,서울특별시 중랑구 도시환경국 맑은환경과,2023-08-18
번동중,체육관,3096,서울특별시 강북구 오현로35길 87 (번동),37.63246455,127.036097,2021,화학사고,02-901-6758,서울특별시 강북구 문화생활국 환경과,2023-08-18
삼양초등,체육관,1183,서울특별시 강북구 삼양로 49길 17 (미아동),37.62331271,127.0160626,2021,화학사고,02-901-6758,서울특별시 강북구 문화생활국 환경과,2023-08-18
수송중,체육관,709,서울특별시 강북구 한천로 122길 21 (번동),37.63647011,127.0338217,2021,화학사고,02-901-6758,서울특별시 강북구 문화생활국 환경과,2023-08-18
수송초등,체육관 강당,823,서울특별시 강북구 한천로 124길 14 (번동),37.6366078,127.032788,2021,화학사고,02-901-6758,서울특별시 강북구 문화생활국 환경과,2023-08-18
오현초등,강당,501,서울특별시 강북구 월계로221 (번동),37.623424,127.0465367,2021,화학사고,02-901-6758,서울특별시 강북구 문화생활국 환경과,2023-08-18
창문여자중,체육관,1006,서울특별시 강북구 월계로61 (미아동),37.61357957,127.0370421,2021,화학사고,02-901-6758,서울특별시 강북구 문화생활국 환경과,2023-08-18
화계초등,체육관,746,서울특별시 강북구 솔매로50가길 25 (미아동),37.62378983,127.0297267,2021,화학사고,02-901-6758,서울특별시 강북구 문화생활국 환경과,2023-08-18
강북중,체육관,829,서울특별시 강북구 한천로 150길 67 (수유동),37.64445492,127.0255199,2021,화학사고,02-901-6758,서울특별시 강북구 문화생활국 환경과,2023-08-18
삼각산중,체육관,459,서울특별시 강북구 삼양로19길 141 (미아동),37.61574904,127.0151067,2021,화학사고,02-901-6758,서울특별시 강북구 문화생활국 환경과,2023-08-18
삼각산초등,체육관,528,서울 강북구 삼양로19길 141 (미아동),37.61603519,127.0144187,2021,화학사고,02-901-6758,서울특별시 강북구 문화생활국 환경과,2023-08-18
우이초등,체육관,827,서울특별시 강북구 삼양로 99길 36 (수유동),37.63871301,127.014525,2021,화학사고,02-901-6758,서울특별시 강북구 문화생활국 환경과,2023-08-18
미양초등,체육관,809,서울특별시 강북구 솔샘호 195 (미아동),37.62090066,127.0132614,2021,화학사고,02-901-6758,서울특별시 강북구 문화생활국 환경과,2023-08-18
번동초등,체육관,1006,서울특별시 강북구 오현로 204 한울관 (번동),37.62847397,127.040601,2021,화학사고,02-901-6758,서울특별시 강북구 문화생활국 환경과,2023-08-18
서울용원초등학교 체육관,체육관,680,서울특별시 노원구 섬밭로 144 (공릉동),37.62917727,127.0686536,2024,화학사고,02-2116-3213,서울특별시 노원구 탄소중립국 녹색환경과,2024-08-16
상계제일중학교 체육관,체육관,872,서울특별시 노원구 덕릉로86길 29-15 (중계동),37.66112935,127.0780075,2024,화학사고,02-2116-3213,서울특별시 노원구 탄소중립국 녹색환경과,2024-08-16
계상초등학교 체육관,체육관,872,서울특별시 노원구 한글비석로41가길 24 (상계동),37.66366313,127.0674244,2024,화학사고,02-2116-3213,서울특별시 노원구 탄소중립국 녹색환경과,2024-08-16
녹천중학교 체육관,체육관,1353,서울특별시 노원구 월계로 376 (월계동),37.63132046,127.0626343,2024,화학사고,02-2116-3213,서울특별시 노원구 탄소중립국 녹색환경과,2024-08-16
대신초등학교,강당,152,서울특별시 서대문구 이화여대2길 27 (대현동),37.558012,126.948128,2021,화학사고,02-330-8796,서울특별시 서대문구 스마트환경생활국 기후환경과,2024-05-30
양천구민체육센터,대체육관,1299,서울특별시 양천구  목동동로 87 (신정동),37.51637777,126.8642826,2021,화학사고,02-2620-4856,서울특별시 양천구 안전생활국 환경과,2021-09-30
가양7종합사회복지관,복지관,60,서울 강서구 허준로 209 (가양동),37.56119138,126.862464,2025,화학사고,02-2600-4014,서울특별시 강서구 복지가족국 복지정책과,2025-09-09
등촌1종합사회복지관,복지관,80,서울 강서구 강서로68길 36 (등촌동),37.56400653,126.8422749,2015,화학사고,02-2600-4014,서울특별시 강서구 복지가족국 복지정책과,2025-09-09
등촌4종합사회복지관,복지관,70,서울 강서구 공항대로39길 59 (등촌동),37.56081669,126.843736,2015,화학사고,02-2600-4014,서울특별시 강서구 복지가족국 복지정책과,2025-09-09
등촌7종합사회복지관,복지관,53,서울 강서구 공항대로43길 104 (등촌동),37.56021304,126.8507092,2025,화학사고,02-2600-4014,서울특별시 강서구 복지가족국 복지정책과,2025-09-09
등촌9종합사회복지관,복지관,53,서울 강서구 화곡로63가길 92 (등촌동),37.56185401,126.8498458,2025,화학사고,02-2600-4014,서울특별시 강서구 복지가족국 복지정책과,2025-09-09
방화11종합사회복지관,복지관,47,서울 강서구 개화동로21길 4 (방화동),37.5694351,126.8060356,2025,화학사고,02-2600-4014,서울특별시 강서구 복지가족국 복지정책과,2025-09-09
방화2종합사회복지관,복지관,33,서울 강서구 방화대로48길 40 (방화동),37.57484228,126.8195889,2025,화학사고,02-2600-4014,서울특별시 강서구 복지가족국 복지정책과,2025-09-09
방화6종합사회복지관,복지관,31,서울 강서구 금낭화로23길 25 (방화동),37.57791231,126.8108872,2025,화학사고,02-2600-4014,서울특별시 강서구 복지가족국 복지정책과,2025-09-09
궁동종합사회복지관,3층 강당,80,시서울특별 구로구 오리로22길 5(궁동),37.49902453,126.8295932,2021,화학사고,02-860-2875,서울특별시 구로구 스마트환경국 환경과,2022-09-20
금산초등학교,체육관(3층),752,서울특별시 금천구 시흥대로24길 57(시흥동),37.44145588,126.9078982,2021,화학사고,02-2627-1515,서울특별시 금천구 문화환경국 환경과,2026-05-11
금천종합복지타운,강당(3층),219,서울특별시 금천구 금하로 764(시흥동),37.44953623,126.9145645,2021,화학사고,02-2627-1515,서울특별시 금천구 문화환경국 환경과,2026-05-11
문백초등학교,강당(2층),694,서울특별시 금천구 시흥대로47길 43-1(시흥동),37.44694527,126.8995513,2021,화학사고,02-2627-1515,서울특별시 금천구 문화환경국 환경과,2026-05-11
박미사랑마을회관,동아리실(1/2)(3층),129,서울특별시 금천구 시흥대로12길 82(시흥동),37.44055006,126.9075123,2021,화학사고,02-2627-1515,서울특별시 금천구 문화환경국 환경과,2026-05-11
백산초등학교,강당(1층),621,서울특별시 금천구 시흥대로38길 78(시흥동),37.44681707,126.9052415,2021,화학사고,02-2627-1515,서울특별시 금천구 문화환경국 환경과,2026-05-11
독산4동주민센터,강당(5층),219,서울특별시 금천구 독산로 232(독산동),37.46757389,126.9021689,2021,화학사고,02-2627-1515,서울특별시 금천구 문화환경국 환경과,2026-05-11
독산초등학교,강당(1층),1105,서울특별시 금천구 시흥대로104길 31(독산동),37.46552928,126.9002923,2021,화학사고,02-2627-1523,서울특별시 금천구 문화환경국 환경과,2026-05-11
문성중학교,강당(1층),985,서울특별시 금천구 독산로102길 78(독산동),37.47522827,126.9081592,2021,화학사고,02-2627-1515,서울특별시 금천구 문화환경국 환경과,2026-05-11
영등포다목적배드민턴체육관,체육관(2층),1089,서울특별시 영등포구 도신로15길 5 (도림동),37.5059873,126.8982508,2021,화학사고,02-2670-3461,서울특별시 영등포구 생활환경국 환경과,2023-08-21
윤중중학교,체육관,321,서울특별시 영등포구 여의동로3길 3 (여의도동),37.51907123,126.9240071,2021,화학사고,02-2670-3461,서울특별시 영등포구 생활환경국 환경과,2023-08-21
당산초등학교,학생식당 급식동 2층,172,서울특별시 영등포구 선유로55길 32 (양평동4가),37.53964257,126.8963268,2021,화학사고,02-2670-3461,서울특별시 영등포구 생활환경국 환경과,2023-08-21
사당종합체육관,다목적체육관,2647,서울특별시 동작구 사당로27길 232 (사당동),37.49274642,126.9697684,2021,화학사고,02-820-1311,서울특별시 동작구 안전환경국 환경과,2025-09-02
반포3동주민센터,본관,287,서울특별시 서초구 신반포로23길 78(잠원동),37.51202042,127.0056271,2021,화학사고,02-2155-6470,서울특별시 서초구 밝은미래국 기후환경과,2026-05-06
대진초등학교,대진생활관(체육관),126,서울특별시 강남구 개포로109길 74(개포동),37.49643174,127.0786614,2021,화학사고,02-3423-5789,서울특별시 강남구 복지생활국 복지정책과,2020-02-11
중동중학교,백주념기념관(체육관),1596,서울특별시 강남구 일원로8길 37(일원동),37.48925993,127.0783542,2021,화학사고,02-3423-5789,서울특별시 강남구 복지생활국 복지정책과,2020-02-11
서울신천초등학교,교실,603,서울특별시 송파구 올림픽로 215,37.51402753,127.0951233,2022,화학사고,02-2147-3272,서울특별시 송파구 교통환경국 맑은환경과,2024-08-26
서울잠동초등학교,교실 체육관,6254,서울특별시 송파구 올림픽로35길 122(신천동),37.51772392,127.1005265,2022,화학사고,02-2147-3272,서울특별시 송파구 교통환경국 맑은환경과,2024-08-26
방이중학교,교실,2200,서울특별시 송파구 오금로11길64 (방이동),37.51472563,127.1131967,2022,화학사고,02-2147-3272,서울특별시 송파구 교통환경국 맑은환경과,2024-08-26
선사고등학교 체육관,체육관,586,서울특별시 강동구 고덕로25길 17(암사동),37.55647261,127.1354137,2021,화학사고,02-3425-5922,서울특별시 강동구 문화환경국 기후환경과,2026-04-23
서울명일초등학교 체육관,체육관,1419,서울특별시 강동구 고덕로38길 8(암사동),37.55447372,127.1419599,2021,화학사고,02-3425-5922,서울특별시 강동구 문화환경국 기후환경과,2026-04-23
서울묘곡초등학교 체육관,체육관,452,서울특별시 강동구 동남로79길 46(고덕동),37.55768059,127.153312,2021,화학사고,02-3425-5922,서울특별시 강동구 문화환경국 기후환경과,2026-04-23
광일초등학교,한빛관2층 강당,776,부산 중구 중구로 74 (대청동4가),35.1036194,129.0296596,2025,화학사고,051-603-5114,부산광역시교육청 부산광역시서부교육지원청 광일초등학교병설유치원,2025-08-26
동일중앙초등학교 강당,강당,916,부산광역시 동구 구봉로 46 (수정동),35.1246387,129.0369433,2021,화학사고,051-440-4387,부산광역시 동구 문화체육관광국 체육녹지과,2025-08-25
대연초등학교,강당,287,부산 남구 진남로18번길 11 (대연동),35.13736302,129.0923393,1979,화학사고,051-607-3398,부산광역시 남구 복지교육국 복지정책과,2025-06-13
남구청,대강당,165,부산 남구 못골로 19 (대연동),35.13650548,129.0843201,2007,화학사고,051-607-3389,부산광역시 남구 복지교육국 복지정책과,2025-06-13
대양고등학교,강당,318,부산 남구 지게골로 128-27 (문현동),35.13321105,129.0739904,1984,화학사고,051-607-3389,부산광역시 남구 복지교육국 복지정책과,2025-06-13
오륙도중학교,강당,346,부산 남구 오륙도로 60 (용호동),35.10374708,129.1146856,2009,화학사고,051-607-3389,부산광역시 남구 복지교육국 복지정책과,2025-06-13
용호중학교,강당,325,부산 남구 동명로 185-17 (용호동),35.11947585,129.1168031,2008,화학사고,051-607-3389,부산광역시 남구 복지교육국 복지정책과,2025-06-13
성지고등학교,강당,357,부산 남구 유엔로 39 (우암동),35.12787013,129.0818294,1979,화학사고,051-607-3389,부산광역시 남구 복지교육국 복지정책과,2025-06-13
덕성초등학교,강당,785,부산광역시 북구 만덕대로39번길 45 (덕천동),35.21269787,129.0077124,2021,화학사고,051-309-4392,부산광역시 북구 경제환경국 환경위생과,2021-09-27
명진초등학고,교사동,770,부산광역시 북구 화명신도시로 159 (화명동),35.2386318,129.01079,2021,화학사고,051-309-4392,부산광역시 북구 경제환경국 환경위생과,2021-09-28
명진중학교,없음,220,부산 북구 학사로 192 (화명동),35.23982541,129.0098666,2024,화학사고,051-309-4392,부산광역시 북구 경제환경국 환경위생과,2025-08-22
운봉초등학교,강당,739,부산광역시 해운대구 신반송로 11-20 (반송동),35.22928927,129.1592912,2021,화학사고,051-749-4395,부산광역시 해운대구 교통환경국 환경위생과,2021-09-28
반송초등학교,강당,1278,부산광역시 해운대구 아랫반송로 30번길 37-16 (반송동),35.22352756,129.1474595,2021,화학사고,051-749-4395,부산광역시 해운대구 교통환경국 환경위생과,2021-09-28
삼어초등학교,체육관,943,부산광역시 해운대구 삼어로91번길 73 (반여동),35.20872837,129.1156237,2021,화학사고,051-749-4395,부산광역시 해운대구 교통환경국 환경위생과,2021-09-28
반안초등학교,강당,494,부산광역시 해운대구 명장로67번길 40-42 (반여동),35.20301345,129.1131397,2021,화학사고,051-749-4395,부산광역시 해운대구 교통환경국 환경위생과,2021-09-28
재송중학교,강당,824,부산광역시 해운대구 재반로165번길16 (재송동),35.19337283,129.1286044,2021,화학사고,051-749-4395,부산광역시 해운대구 교통환경국 환경위생과,2021-09-28
부산문화여자고등학교,강당,590,부산광역시 해운대구 해운대로 469번길 50 (우동),35.16586774,129.1435387,2021,화학사고,051-749-4395,부산광역시 해운대구 교통환경국 환경위생과,2021-09-28
해림초등학교,강당,395,부산광역시 해운대구 해운대로469번길 42 (우동),35.16491686,129.1436756,2021,화학사고,051-749-4395,부산광역시 해운대구 교통환경국 환경위생과,2021-09-28
신곡중학교,강당,870,부산광역시 해운대구 좌동 순환로 316 (좌동),35.16772845,129.1813906,2021,화학사고,051-749-4395,부산광역시 해운대구 교통환경국 환경위생과,2021-09-28
해송초등학교,체육관,196,부산광역시 해운대구 좌동순환로 402번길 32 (좌동),35.16455296,129.1795829,2021,화학사고,051-749-4395,부산광역시 해운대구 교통환경국 환경위생과,2021-09-28
동백초등학교,강당,900,부산광역시 해운대구 좌동 순환로 357번길 6 (중동),35.16412808,129.1810338,2021,화학사고,051-749-4395,부산광역시 해운대구 교통환경국 환경위생과,2021-09-28
송정초등학교,강당,829,부산광역시 해운대구 해운대로 1164-9(송정동),35.18964102,129.2045643,2021,화학사고,051-749-4395,부산광역시 해운대구 교통환경국 환경위생과,2021-09-28
섯골생활문화센터,4층(다목적홀)5층(주민자율공간),471,부산광역시 금정구 서곡로33번길 9 (서동),35.21719398,129.1039017,2024,화학사고,051-519-5142,부산광역시 금정구 문화환경국 환경위생과,2025-08-25
대사초등학교,강당,1704,부산광역시 강서구 낙동북로73번길 29(강동동),35.22023582,128.9385024,2024,화학사고,051-970-4165,부산광역시 강서구 문화환경국 환경위생과,2023-08-11
오션초등학교,강당,848,부산광역시 강서구 명지오션시티6로 72(명지동),35.0803141,128.9071972,2024,화학사고,051-970-4165,부산광역시 강서구 문화환경국 환경위생과,2023-08-11
모덕초등학교,강당,311,부산광역시 사상구 덕상로 120 (모라동),35.18262733,128.9916683,2021,화학사고,051-310-4396,부산광역시 사상구 경제환경국 환경위생과,2021-09-29
주감초등학교,강당,188,부산광역시 사상구 양지로 48 (주례동),35.15379165,129.0009858,2021,화학사고,051-310-4396,부산광역시 사상구 경제환경국 환경위생과,2021-09-29
동주초등학교,강당,273,부산광역시 사상구 가야대로306번길 72 (주례동),35.14713203,129.0054775,2021,화학사고,051-310-4396,부산광역시 사상구 경제환경국 환경위생과,2021-09-29
구학초등학교,강당,272,부산광역시 사상구 학감대로 49 (학장동),35.1375427,128.9926948,2021,화학사고,051-310-4396,부산광역시 사상구 경제환경국 환경위생과,2021-09-29
엄궁초등학교,강당,285,부산광역시 사상구 엄궁로191번길 23 (엄궁동),35.12901604,128.9737952,2021,화학사고,051-310-4396,부산광역시 사상구 경제환경국 환경위생과,2021-09-29
덕상초등학교,강당,276,부산광역시 사상구 덕상로 32 (덕포동),35.17439039,128.990175,2021,화학사고,051-310-4396,부산광역시 사상구 경제환경국 환경위생과,2021-09-29
학진초등학교,강당,203,부산광역시 사상구 대동로 34-16 (엄궁동),35.13307389,128.9751602,2021,화학사고,051-310-4396,부산광역시 사상구 경제환경국 환경위생과,2021-09-29
신라중학교,강당,433,부산광역시 사상구 백양대로700번길 35-8 (덕포동),35.16970371,128.9928127,2021,화학사고,051-310-4396,부산광역시 사상구 경제환경국 환경위생과,2021-09-29
주감중학교,강당,270,부산광역시 사상구 백양대로 530 (주례동),35.15663976,128.9952262,2021,화학사고,051-310-4396,부산광역시 사상구 경제환경국 환경위생과,2021-09-29
모라중학교,강당,354,부산광역시 사상구 백양대로 936 (모라동),35.19053983,128.9926134,2021,화학사고,051-310-4396,부산광역시 사상구 경제환경국 환경위생과,2021-09-29
모동중학교,강당,242,부산광역시 사상구 모라로192번길 51 (모라동),35.18509473,129.0032487,2021,화학사고,051-310-4396,부산광역시 사상구 경제환경국 환경위생과,2021-09-29
결성면 행정복지센터,2층회의실,193,충청남도 홍성군 결성면 홍남서로738번길 5(읍내리),36.524245,126.546757,2021,화학사고,041-630-1456,충청남도 홍성군 지역개발국 환경과,2023-07-28
민방위 대피시설,민방위 대피시설,168,강원특별자치도 인제군 북면 원통로74번길 10-4 (원통리),38.1145672,128.1994781,2012,화학사고,033-460-4453,강원특별자치도 인제군 도시건설국 환경보호과,2026-05-13
민방위 대피시설(서화),민방위 대피시설(서화),183,강원특별자치도 인제군 서화면 천도로81번길 33 (천도리),38.22222921,128.2075671,2012,화학사고,033-460-4453,강원특별자치도 인제군 도시건설국 환경보호과,2026-05-13
민방위 대피 시설(서화),민방위 대피 시설(서화),112,강원특별자치도 인제군 서화면 서화길 58 (서화리),38.25469668,128.2045079,2017,화학사고,033-460-4453,강원특별자치도 인제군 도시건설국 환경보호과,2026-05-13
덕산초중학교,다목적교실(덕향관),230,충청북도 제천시 덕산면 약초로 133(도전리),36.9077936,128.1694964,2021,화학사고,043-641-6392,충청북도 제천시 안전건설국 자연환경과,2021-09-17
제천체육관,제천체육관,1844,충청북도 제천시 숭의로 85(화산동),37.13083747,128.2159792,2021,화학사고,043-641-6392,충청북도 제천시 안전건설국 자연환경과,2021-09-17
송학게이트볼장,송학게이트볼장,496,충청북도 제천시 송학면 입석중앙로4길 29-1(입석리),37.2019251,128.2991506,2021,화학사고,043-641-6392,충청북도 제천시 안전건설국 자연환경과,2021-09-17
기장고등학교,강당,2887,부산광역시 기장군 기장읍 차성서로 77 (대라리),35.23996891,129.209504,2021,화학사고,051-709-2722,부산광역시 기장군 문화환경국 환경위생과,2023-08-17
내리초등학교,강당,147,부산광역시 기장군 기장읍 소정안길 50 (내리),35.20581343,129.2054627,2021,화학사고,051-709-2722,부산광역시 기장군 문화환경국 환경위생과,2023-08-17
대청중학교,강당,272,부산광역시 기장군 기장읍 차성서로 3 (청강리),35.23425595,129.2124545,2021,화학사고,051-709-2722,부산광역시 기장군 문화환경국 환경위생과,2023-08-17
활성2통마을회관,본관,25,경상남도 밀양시 활성2길 34(활성동),35.484929,128.805962,2021,화학사고,055-359-5308,경상남도 밀양시 나노경제국 환경관리과,2023-08-09
태룡초등학교,강당,470,경상남도 밀양시 단장면 국전로 15-8(태룡리),35.513921,128.877142,2021,화학사고,055-359-5308,경상남도 밀양시 나노경제국 환경관리과,2023-08-09
초동초등학교,강당,368,경상남도 밀양시 초동면 초동로 321(신호리),35.4124,128.692284,2021,화학사고,055-359-5308,경상남도 밀양시 나노경제국 환경관리과,2023-08-09
용평2통마을회관,본관,55,경상남도 밀양시 용평로 202-1 (용평동),35.48913,128.772774,2021,화학사고,055-359-5308,경상남도 밀양시 나노경제국 환경관리과,2023-08-09
오산마을 회관,본관,51,경상남도 밀양시 상남면 오산길 14(외산리),35.370397,128.790349,2021,화학사고,055-359-5308,경상남도 밀양시 나노경제국 환경관리과,2023-08-09
산외면행정복지센터,본관,120,경상남도 밀양시 산외면 산외로 427 (다죽리),35.502649,128.81493,2021,화학사고,055-359-5308,경상남도 밀양시 나노경제국 환경관리과,2023-08-09
사포초등학교,강당,772,경상남도 밀양시 부북면 예림서원로 18-3 (전사포리),35.475054,128.733633,2021,화학사고,055-359-5308,경상남도 밀양시 나노경제국 환경관리과,2023-08-09
부북초등학교,강당,200,경상남도 밀양시 부북면 운전2길 22 (운전리),35.514503,128.729572,2021,화학사고,055-359-5308,경상남도 밀양시 나노경제국 환경관리과,2023-08-09
밀주초등학교,체육관,427,경상남도 밀양시 가곡13길 24(가곡동),35.476765,128.761958,2021,화학사고,055-359-5308,경상남도 밀양시 나노경제국 환경관리과,2023-08-09
밀양초등학교,체육관,600,경상남도 밀양시 중앙로 282-12 (삼문동),35.489009,128.756909,2021,화학사고,055-359-5308,경상남도 밀양시 나노경제국 환경관리과,2023-08-09
밀양지역자활센터,강당,101,경상남도 밀양시 가곡6길 25(가곡동),35.476516,128.766359,2021,화학사고,055-359-5308,경상남도 밀양시 나노경제국 환경관리과,2023-08-09
밀양중학교,체육관,688,경상남도 밀양시 삼문중앙로4길 19(삼문동),35.483568,128.7549,2021,화학사고,055-359-5308,경상남도 밀양시 나노경제국 환경관리과,2023-08-09
밀양여자고등학교,체육관,547,경상남도 밀양시 내일중앙길 10(내일동),35.495212,128.755923,2021,화학사고,055-359-5308,경상남도 밀양시 나노경제국 환경관리과,2023-08-09
밀양시보훈회관,회의실,96,경상남도 밀양시 터미널3길 16(내이동),35.499434,128.742805,2021,화학사고,055-359-5308,경상남도 밀양시 나노경제국 환경관리과,2023-08-09
밀양고등학교,강당,291,경상남도 밀양시 약산로 15(내이동),35.493771,128.746789,2021,화학사고,055-359-5308,경상남도 밀양시 나노경제국 환경관리과,2023-08-09
밀성초등학교,체육관,288,경상남도 밀양시 석정로 139(내이동),35.502167,128.751206,2021,화학사고,055-359-5308,경상남도 밀양시 나노경제국 환경관리과,2023-08-09
무안중학교,체육관,250,경상남도 밀양시 무안면 사명로 617-18(신법리),35.480294,128.654299,2021,화학사고,055-359-5308,경상남도 밀양시 나노경제국 환경관리과,2023-08-09
교동행정복지센터,본관,98,경상남도 밀양시 교동로 189(교동),35.510997,128.7572,2021,화학사고,055-359-5308,경상남도 밀양시 나노경제국 환경관리과,2023-08-09
가곡동행정복지센터,본관,217,경상남도 밀양시 가곡14길 4(가곡동),35.47876,128.764557,2021,화학사고,055-359-5308,경상남도 밀양시 나노경제국 환경관리과,2023-08-09
도봉구청,선인봉홀,400,시서울특별 도봉구 마들로 656 (방학동),37.66874323,127.0471658,2023,화학사고,02-2091-3234,서울특별시 도봉구 미래환경국 기후환경과,2023-08-25
교리초등학교,강당,216,부산광역시 기장군 기장읍 차성로 427 (교리),35.25511636,129.2167896,2021,화학사고,051-709-2722,부산광역시 기장군 문화환경국 환경위생과,2023-08-17
기장초등학교,강당,837,부산광역시 기장군 기장읍 읍내로 69 (동부리),35.24583797,129.2116954,2021,화학사고,051-709-2722,부산광역시 기장군 문화환경국 환경위생과,2023-08-17
월내초등학교,강당,1929,부산광역시 기장군 장안읍 길천2길 25 (길천리),35.32747063,129.2826533,2021,화학사고,051-709-2722,부산광역시 기장군 문화환경국 환경위생과,2023-08-17
장안중학교,강당,226,부산광역시 기장군 장안읍 좌천2길 43 (좌천리),35.31526137,129.2408496,2021,화학사고,051-709-2722,부산광역시 기장군 문화환경국 환경위생과,2023-08-17
좌천초등학교,강당,392,부산광역시 기장군 장안읍 좌천로 13-66 (좌천리),35.31217917,129.2402644,2021,화학사고,051-709-2722,부산광역시 기장군 문화환경국 환경위생과,2023-08-17
가동초등학교,강당,291,부산광역시 기장군 정관읍 정관5로 100 (용수리),35.32653503,129.1789623,2021,화학사고,051-709-2722,부산광역시 기장군 문화환경국 환경위생과,2023-08-17
달산초등학교,강당,1292,부산광역시 기장군 정관읍 정관로 674 (달산리),35.3193857,129.1868871,2021,화학사고,051-709-2722,부산광역시 기장군 문화환경국 환경위생과,2023-08-17
방곡초등학교,강당,1011,부산광역시 기장군 정관읍 정관덕산길 61 (방곡리),35.32274042,129.1864965,2021,화학사고,051-709-2722,부산광역시 기장군 문화환경국 환경위생과,2023-08-17
부산중앙중학교,강당,829,부산광역시 기장군 정관읍 정관덕산길 73 (방곡리),35.32240448,129.1875072,2021,화학사고,051-709-2722,부산광역시 기장군 문화환경국 환경위생과,2023-08-17
신정고등학교,강당,4440,부산광역시 기장군 정관읍 정관3로 14 (용수리),35.3281531,129.166652,2021,화학사고,051-709-2722,부산광역시 기장군 문화환경국 환경위생과,2023-08-17
신정중학교,강당,238,부산광역시 기장군 정관읍 정관3로 44 (용수리),35.32934909,129.1688006,2021,화학사고,051-709-2722,부산광역시 기장군 문화환경국 환경위생과,2023-08-17
신정초등학교,강당,2545,부산광역시 기장군 정관읍 정관로 460 (용수리),35.32848931,129.1677523,2021,화학사고,051-709-2722,부산광역시 기장군 문화환경국 환경위생과,2023-08-17
정원초등학교,강당,4858,부산광역시 기장군 정관읍 정관로 423 (모전리),35.33247923,129.1672376,2021,화학사고,051-709-2722,부산광역시 기장군 문화환경국 환경위생과,2023-08-17
일광초등학교,강당,276,부산광역시 기장군 일광읍 해빛로 46 (삼성리),35.26814037,129.2231381,2021,화학사고,051-709-2722,부산광역시 기장군 문화환경국 환경위생과,2023-08-17
칠암초등학교,강당,1016,부산광역시 기장군 일광읍 박영준길 19 (칠암리),35.29843814,129.256087,2021,화학사고,051-709-2722,부산광역시 기장군 문화환경국 환경위생과,2023-08-17
신진초등학교,강당,2948,부산광역시 기장군 철마면 고촌로28번길 10 (고촌리),35.2412249,129.1714924,2021,화학사고,051-709-2722,부산광역시 기장군 문화환경국 환경위생과,2023-08-17
철마초등학교,강당,678,부산광역시 기장군 철마면 철마로 493 (와여리),35.27551444,129.1506007,2021,화학사고,051-709-2722,부산광역시 기장군 문화환경국 환경위생과,2023-08-17
수창초등학교,강당,509,대구광역시 중구 달성로22길 30(수창동),35.87418019,128.5837253,2021,화학사고,053-661-2583,대구광역시 중구 주민복지국 환경과,2021-09-30
남산초등학교,강당,424,대구광역시 중구 남산로 70(남산동),35.86323931,128.5827742,2021,화학사고,053-661-2583,대구광역시 중구 주민복지국 환경과,2021-09-30
명덕초등학교,강당,909,대구광역시 중구 남산로2길 125(남산동),35.85832923,128.589681,2021,화학사고,053-661-2583,대구광역시 중구 주민복지국 환경과,2021-09-30
삼덕초등학교,강당,676,대구광역시 중구 달구벌대로447길 10(삼덕동3가),35.86339907,128.6083973,2021,화학사고,053-661-2583,대구광역시 중구 주민복지국 환경과,2021-09-30
방촌초등학교,강당,883,대구광역시 동구 동촌로42길 35-14 (방촌동),35.88004306,128.6629848,2021,화학사고,053-662-2604,대구광역시 동구 경제환경국 환경과,2021-09-30
대구달성초등학교,2층 다목적교실(달인관),1347,대구광역시 서구 고성로 127(원대동1가),35.88234989,128.5787002,2022,화학사고,053-663-2604,대구광역시 서구 복지생활국 생활환경과,2021-09-27
동산초등학교,강당,492,대구광역시 수성구 동대구로42길 29 (범어동),35.84873209,128.6275316,2022,화학사고,053-666-2605,대구광역시 수성구 생활환경국 녹색환경과,2021-09-28
만촌초등학교,강당,661,대구광역시 수성구 국채보상로214길 33 (만촌동),35.86720415,128.6481139,2022,화학사고,053-666-2605,대구광역시 수성구 생활환경국 녹색환경과,2021-09-28
대구보건고등학교,체육관  강당,1698,대구광역시 달서구 두류남길 10(두류동),35.85770758,128.5727263,2021,화학사고,053-667-2605,대구광역시 달서구 문화환경국 기후환경과,2022-04-19
월배중학교,체육관,775,대구광역시 달서구 월배로28길 80(진천동),35.81323318,128.5315853,2021,화학사고,053-667-2605,대구광역시 달서구 문화환경국 기후환경과,2022-04-19
대구하이텍고등학교,강당,1254,대구광역시 달서구 학산남로 50(상인동),35.82414535,128.5406416,2021,화학사고,053-667-2605,대구광역시 달서구 문화환경국 기후환경과,2022-04-19
대구상원고등학교,체육관,4602,대구광역시 달서구 월배로 241(상인동),35.8216966,128.5393993,2021,화학사고,053-667-2605,대구광역시 달서구 문화환경국 기후환경과,2022-04-19
영남고등학교,체육관,1414,대구광역시 달서구 월곡로 300(상인동),35.82076688,128.5363496,2021,화학사고,053-667-2605,대구광역시 달서구 문화환경국 기후환경과,2022-04-19
대구상인초등학교,상인관(작은체육관),825,대구광역시 달서구 월곡로 211(상인동),35.81316331,128.5425093,2021,화학사고,053-667-2605,대구광역시 달서구 문화환경국 기후환경과,2022-04-19
대구월촌초등학교,강당  급식소,2643,대구광역시 달서구 상인서로 60(상인동),35.81618192,128.5439341,2021,화학사고,053-667-2605,대구광역시 달서구 문화환경국 기후환경과,2022-04-19
상인중학교,강당,1252,대구광역시 달서구 상인로 34(상인동),35.81115881,128.5506934,2021,화학사고,053-667-2605,대구광역시 달서구 문화환경국 기후환경과,2022-04-19
대구노전초등학교,강당,1465,대구광역시 달서구 한실로 43(도원동),35.80784068,128.5306272,2021,화학사고,053-667-2605,대구광역시 달서구 문화환경국 기후환경과,2022-04-19
대구도원초등학교,강당,1269,대구광역시 달서구 도원남로 100-30(도원동),35.80490099,128.5431101,2021,화학사고,053-667-2605,대구광역시 달서구 문화환경국 기후환경과,2022-04-19
대구송현초등학교,강당,1315,대구광역시 달서구 송현로 128(송현동),35.82840086,128.5443423,2021,화학사고,053-667-2605,대구광역시 달서구 문화환경국 기후환경과,2022-04-19
대구대남초등학교,체육관,1459,대구광역시 달서구 월배로68길 91(송현동),35.82360287,128.5509382,2021,화학사고,053-667-2605,대구광역시 달서구 문화환경국 기후환경과,2022-04-19
발안초등학교,체육관,1163,경기도 화성시 향남읍 발안로 8(행정리),37.13043602,126.9123575,2024,화학사고,031-5189-1921,경기도 화성시 기후에너지환경국 환경지도과,2025-08-22
팔탄면 행정복지센터,강당,1454,경기도 화성시 팔탄면 구장길 14(구장리),37.162224,126.90478,2024,화학사고,031-5189-1921,경기도 화성시 기후에너지환경국 환경지도과,2024-07-31
기산초등학교,체육관,870,경기도 화성시 동탄지성로 344(반월동),37.2246382,127.050488,2024,화학사고,031-5189-1921,경기도 화성시 기후에너지환경국 환경지도과,2024-07-31
하길초등학교,강당,703,경기 화성시 향남읍 상신하길로273번길 45 (하길리),37.11560646,126.9040759,2024,화학사고,031-5189-1921,경기도 화성시 기후에너지환경국 환경지도과,2024-07-31
화성종합경기타운,실내체육관,19910,경기 화성시 향남읍 향남로 470 (도이리),37.1382754,126.9227018,2024,화학사고,031-5189-1921,경기도 화성시 기후에너지환경국 환경지도과,2024-07-31
정남면 행정복지센터,강당,361,경기 화성시 정남면 서봉로 998 (신리),37.1601076,126.971098,2025,화학사고,031-5189-1921,경기도 화성시 기후에너지환경국 환경지도과,2025-05-27
당진근로자종합복지관,강당,1575,충청남도 당진시 송악읍 부곡공단4길 53-13(한진리),36.9617174,126.7754699,2021,화학사고,041-360-6761,충청남도 당진시청 환경관리사업소,2022-09-01
송산종합사회복지관,강당,884,충청남도 당진시 송산면 장갈길 15(삼월리),36.9345637,126.6793016,2021,화학사고,041-360-6765,충청남도 당진시청 환경관리사업소,2022-09-01
송악교육문화스포츠센터,체육관,3100,충청남도 당진시 송악읍 틀모시로 830(기지시리),36.9071474,126.6910964,2021,화학사고,041-360-6767,충청남도 당진시청 환경관리사업소,2022-09-01
면천초등학교,강당,242,충청남도 당진시 면천면 면천서문1길 33(성상리),36.8178903,126.6626031,2021,화학사고,041-360-6761,충청남도 당진시청 환경관리사업소,2022-09-01
당진교육문화스포츠센터,체육관,5293,충청남도 당진시 당진중앙2로 132-30(읍내동),36.8939919,126.6319611,2021,화학사고,041-360-6761,충청남도 당진시청 환경관리사업소,2022-09-01
매안초등학교,체육관,917,전라남도 순천시 해룡면 좌야로 16 (신대리),34.9308642,127.5524492,2021,화학사고,061-749-5769,전라남도 순천시 생태환경국 환경관리과,2024-08-20
좌야초등학교,실내시설 전체,5185,전라남도 순천시 해룡면 좌야로 77-9 (신대리),34.9305388,127.5449421,2021,화학사고,061-749-5769,전라남도 순천시 생태환경국 환경관리과,2024-08-20
순천왕의중학교,강당,779,전라남도 순천시 해룡면 지봉로 420 (상삼리),34.9509876,127.5340228,2021,화학사고,061-749-5769,전라남도 순천시 생태환경국 환경관리과,2024-08-20
정왕종합사회복지관,강당,298,경기도 시흥시 정왕대로233번길 27(정왕동),37.347414,126.740904,2021,화학사고,031-310-5993,경기도 시흥시 환경국 환경정책과,2026-05-15
시흥장애인종합복지관,강당,170,경기도 시흥시 정왕대로233번길 27-1 (정왕동),37.347586,126.741332,2021,화학사고,031-310-5993,경기도 시흥시 환경국 환경정책과,2026-05-15
왕선초등학교,본관 3층 체육관,214,대구광역시 달성군 다사읍 대실역북로 93 (매곡리),35.86331143,128.4650395,2021,화학사고,053-668-2603,대구광역시 달성군 경제환경국 환경과,2025-08-25
구지초등학교,6동 다목적강당 1층,461,대구광역시 달성군 구지면 창리로11길 45-11 (창리),35.6600663,128.4132707,2021,화학사고,053-668-2603,대구광역시 달성군 경제환경국 환경과,2025-08-25
세천초등학교,본관 3층 강당,191,대구광역시 달성군 다사읍 세천로 182-9 대구세천초등학교(세천리),35.87440982,128.4815201,2021,화학사고,053-668-2603,대구광역시 달성군 경제환경국 환경과,2025-08-25
영종국제물류고등학교,체육관,1000,인천광역시 중구 운남서로10번길 1 (운남동 799),37.4904291,126.5308835,2021,화학사고,032-760-7737,인천광역시 중구 영종행정국 친환경위생과,2026-05-01
인천연안초등학교,어울림터(다목적강당),727,인천광역시 중구 연안부두로33번길 53 (항동7가),37.45372711,126.6082879,2021,화학사고,032-760-7402,인천광역시 중구 주민생활국 위생환경과,2026-05-01
민방위교육장,교육장,1210,인천광역시 동구 우각로 19 (창영동),37.47115086,126.6388634,2021,화학사고,032-770-6528,인천광역시 동구 경제환경국 환경위생과,2023-08-18
동산고등학교,최승우기념관 2층 강당,1047,인천 동구 동산로 58 (송림동),37.47364105,126.6489665,2013,화학사고,032-770-7883,인천광역시 동구 경제환경국 환경위생과,2025-11-28
관교중학교,강당,915,인천광역시 미추홀구 경원대로670번길 (관교동),37.44427951,126.6917943,2021,화학사고,032-880-5953,인천광역시 미추홀구 복지환경국 환경보전과,2026-04-29
인천백학초등학교,강당 및 체육관,916,인천광역시 미추홀구 매소홀로446번길 25(학익동),37.43831968,126.6726574,2021,화학사고,032-880-5953,인천광역시 미추홀구 복지환경국 환경보전과,2025-08-18
옥련초등학교,강당동 3층,561,인천광역시 연수구 한진로 30 (옥련동),37.42554027,126.6488325,2021,화학사고,032-749-7913,인천광역시 연수구 안전도시국 환경보전과,2026-05-08
송도3동 행정복지센터,공공청사,606,인천광역시 연수구 송도교육로 63 (송도동),37.37152383,126.6602414,2021,화학사고,032-749-7913,인천광역시 연수구 안전도시국 환경보전과,2026-05-08
신정초등학교,강당 2층,1052,인천광역시 연수구 아트센터대로97번길 72 (송도동),37.39758556,126.6448239,2021,화학사고,032-749-7913,인천광역시 연수구 안전도시국 환경보전과,2026-05-08
연수중학교,강당,1084,인천 연수구 원인재로 231 (연수동),37.41661309,126.6863471,2025,화학사고,032-749-7913,인천광역시 연수구 안전도시국 환경보전과,2026-05-08
구월여자중학교,강당,427,인천광역시 남동구 성말로13번길 78 (구월동),37.44855137,126.7027643,2021,화학사고,032-453-2610,인천광역시 남동구 환경교통국 환경보전과,2026-05-07
담방초등학교,동부과학발명센터,512,인천광역시 남동구 매소홀로 1027 (만수동),37.43996075,126.7362036,2021,화학사고,032-453-2610,인천광역시 남동구 환경교통국 환경보전과,2026-05-07
인수초등학교,강당,369,인천광역시 남동구 인수로 3 (만수동),37.45372009,126.735593,2021,화학사고,032-453-2610,인천광역시 남동구 환경교통국 환경보전과,2026-05-07
불로초등학교,체육관,625,인천 서구 검단로744번1길 50 (불로동),37.61387695,126.6893231,2021,화학사고,032-560-4354,인천광역시 서구 환경국 환경관리과,2025-08-18
간재울초등학교,4층강당,225,인천 서구 승학로 433 (검암동),37.56058469,126.672293,2021,화학사고,032-560-4354,인천광역시 서구 환경국 환경관리과,2025-08-18
인천광역시 인재개발원,생활관/체육관,1190,인천 서구 심곡로 98 (심곡동),37.54088191,126.6820791,2021,화학사고,032-560-4354,인천광역시 서구 환경국 환경관리과,2025-08-18
금곡초등학교,강당,237,인천 서구 완정로228번길 19 (금곡동),37.60555215,126.6507626,2021,화학사고,032-560-4354,인천광역시 서구 환경국 환경관리과,2025-08-18
인천체육고등학교,수영장동 3층 강당,1118,인천 서구 로봇랜드로 473 (청라동),37.54599143,126.6095285,2025,화학사고,032-560-4354,인천광역시 서구 환경국 환경관리과,2025-08-18
석남서초등학교,강당,990,인천 서구 건지로249번길 6 (석남동),37.49999984,126.6708475,2025,화학사고,032-560-4354,인천광역시 서구 환경국 환경관리과,2025-08-18
신석초등학교,강당,1009,인천 서구 새오개로 9 (석남동),37.51040532,126.6640607,2025,화학사고,032-560-4354,인천광역시 서구 환경국 환경관리과,2025-08-18
경서초등학교,강당(교사시설 4층),763,인천 서구 경서로31번길 31 (경서동),37.5566806,126.6508889,2025,화학사고,032-560-4354,인천광역시 서구 환경국 환경관리과,2025-08-18
마전중학교,강당(교사시설 4층),769,인천 서구 완정로 91 (마전동),37.59760577,126.6648581,2025,화학사고,032-560-4354,인천광역시 서구 환경국 환경관리과,2025-08-18
전남여자고등학교,체육관,2032,광주광역시 동구 제봉로158번길 8 (장동),35.15083133,126.9211757,2020,화학사고,062-608-2492,광주광역시 동구 복지환경국 기후환경과,2025-08-26
살레시오여고,체육관,3751,광주광역시 동구 필문대로273번길 21 (지산동),35.14668855,126.9305487,2020,화학사고,062-608-2492,광주광역시 동구 복지환경국 기후환경과,2025-08-26
화도체육문화센터,체육관,3744,경기도 남양주시 화도읍 수레로 1259 (창현리),37.64982218,127.301026,2021,화학사고,031-590-4767,경기도 남양주시 환경국 기후에너지과,2024-08-26
진접체육문화센터,체육관,1066,경기도 남양주시 진접읍 금강로 1509-24 (장현리),37.72717736,127.18965,2021,화학사고,031-590-4767,경기도 남양주시 환경국 기후에너지과,2024-08-26
별내수영장 실내 체육관,체육관,803,경기도 남양주시 별내면 청학로8번길 39 (광전리),37.703541,127.1275,2021,화학사고,031-590-4767,경기도 남양주시 환경국 기후에너지과,2024-08-26
도농고등학교 실내체육관,체육관,543,경기도 남양주시 다산순환로 1 (다산동),37.611426,127.150846,2021,화학사고,031-590-4767,경기도 남양주시 환경국 기후에너지과,2024-08-26
진접고등학교 실내체육관,학교,958,경기 남양주시 진접읍 해밀예당2로 13 (금곡리),37.71584566,127.1901958,2024,화학사고,031-590-4767,경기도 남양주시 환경국 기후에너지과,2024-08-26
남초등학교,강당,1744,광주광역시 동구 지원로5번길 20 (소태동),35.1265261,126.9323733,2020,화학사고,062-608-2492,광주광역시 동구 복지환경국 기후환경과,2025-08-26
오남체육문화센터,체육관,1012,경기 남양주시 오남읍 진건오남로577번길 11 (오남리),37.68486937,127.2098431,2024,화학사고,031-590-4767,경기도 남양주시 환경국 기후에너지과,2024-08-26
퇴계원고등학교 실내체육관,체육관,1040,경기 남양주시 퇴계원읍 퇴계원로 149 (퇴계원리),37.66040102,127.1448443,2024,화학사고,031-590-4767,경기도 남양주시 환경국 기후에너지과,2024-08-26
진건중학교 실내체육관,체육관,2181,경기 남양주시 진건읍 진건오남로 39 (사능리),37.65428897,127.1783051,2024,화학사고,031-590-4767,경기도 남양주시 환경국 기후에너지과,2024-08-26
호평체육문화센터,체육관,1486,경기 남양주시 늘을2로 67 (호평동),37.65887795,127.2422797,2024,화학사고,031-590-4767,경기도 남양주시 환경국 기후에너지과,2024-08-26
와부체육문화센터,체육관,1386,경기 남양주시 와부읍 월문천로 51 (덕소리),37.58580813,127.2180195,2024,화학사고,031-590-4767,경기도 남양주시 환경국 기후에너지과,2024-08-26
남양주체육문화센터,체육관,2038,경기 남양주시 다산지금로 91 (이패동),37.60592658,127.1777904,2024,화학사고,031-590-4767,경기도 남양주시 환경국 기후에너지과,2024-08-26
금곡실내체육관,체육관,1528,경기 남양주시 경춘로990번길 37 (금곡동),37.63291148,127.2146386,2024,화학사고,031-590-4767,경기도 남양주시 환경국 기후에너지과,2024-08-26
호평고등학교 실내체육관,실내체육관,926,경기 남양주시 호평로 109 (호평동),37.65719386,127.2527898,2025,화학사고,031-590-4767,경기도 남양주시 환경국 기후에너지과,2025-09-09
판곡고등학교 실내체육관,체육관,964,경기 남양주시 늘을1로 127 (호평동),37.66287627,127.243047,2025,화학사고,031-590-4767,경기도 남양주시 환경국 기후에너지과,2025-09-09
무등중학교,강당,1233,광주광역시 동구 지원로5번길 12 (소태동),35.12503992,126.9343274,2020,화학사고,062-608-2492,광주광역시 동구 복지환경국 기후환경과,2024-08-16
용신초등학교 실내체육관,체육관,946,경기 남양주시 진건읍 사릉로 474 (신월리),37.66100507,127.1733424,2025,화학사고,031-590-4767,경기도 남양주시 환경국 기후에너지과,2025-09-09
광릉중학교 실내체육관,체육관,960,경기 남양주시 진접읍 진벌로 78-23 (진벌리),37.74286242,127.2135456,2025,화학사고,031-590-4767,경기도 남양주시 환경국 기후에너지과,2025-09-09
수동멀티스포츠센터,체육관,1184,경기 남양주시 수동면 비룡로812번길 4 (입석리),37.70996092,127.3221292,2025,화학사고,031-590-4767,경기도 남양주시 환경국 기후에너지과,2025-09-09
지한초등학교,다목적강당,602,광주광역시 동구 남계길 37 (내남동),35.09424296,126.9396135,2020,화학사고,062-608-2492,광주광역시 동구 복지환경국 기후환경과,2025-08-26
답내초등학교 실내체육관,체육관,1004,경기 남양주시 화도읍 경춘로2347번길 44-7 (답내리),37.66239095,127.3473013,2025,화학사고,031-590-4767,경기도 남양주시 환경국 기후에너지과,2025-09-09
광주광역시 서구청,2층 들불홀,439,광주광역시 서구 경열로 33(농성동),35.15212096,126.8902012,2021,화학사고,062-360-7659,광주광역시 서구 환경교통국 기후환경과,2025-08-29
양동초등학교,강당,561,광주광역시 서구 경열로121번길 5(양동),35.15416932,126.8979577,2021,화학사고,062-360-7659,광주광역시 서구 환경교통국 기후환경과,2021-10-30
천마초등학교 실내체육관,체육관,1190,경기 남양주시 화도읍 경춘로 1707 (묵현리),37.65583217,127.2803591,2025,화학사고,031-590-4767,경기도 남양주시 환경국 기후에너지과,2025-09-09
효광초등학교,강당,677,광주광역시 서구 광천2길 33(광천동),35.1667263,126.8794821,2021,화학사고,062-360-7659,광주광역시 서구 환경교통국 기후환경과,2021-10-30
일가정양립지원본부,1~3층(강당포함),4982,광주광역시 서구 상무자유로 73(치평동),35.1522438,126.8422691,2021,화학사고,062-360-7659,광주광역시 서구 환경교통국 기후환경과,2021-10-30
서창동 행정복지센터,행정복지센터,1746,광주광역시 서구 눌재로 412(세하동),35.11455959,126.8302176,2021,화학사고,062-360-7659,광주광역시 서구 환경교통국 기후환경과,2021-10-30
서구문화센터,1~3층(강당포함),6513,광주광역시 서구 마재로 3 (금호동),35.1308542,126.8603892,2021,화학사고,062-360-7659,광주광역시 서구 환경교통국 기후환경과,2021-10-30
대촌동행정복지센터,지상2층,160,광주광역시 남구 포충로 591(지석동),35.08121838,126.8337462,2021,화학사고,062-607-4876,광주광역시 남구 대촌동,2025-08-18
광주봉주초등학교,2층 강당,875,광주광역시 남구 봉주길 32(주월동),35.13664659,126.8899367,2021,화학사고,062-650-6606,광주광역시교육청 광주광역시서부교육지원청 광주봉주초등학교,2025-08-18
효천초등학교,2층 강당,690,광주광역시 남구 효우2로 70(행암동),35.10037933,126.8842,2021,화학사고,062-612-8500,광주광역시교육청 광주광역시서부교육지원청 효천초등학교,2025-08-18
광주서광중학교,강당,256,광주 남구 진다리로24번길 13 (백운동),35.13645836,126.9044591,2009,화학사고,062-603-8253,광주광역시교육청 광주광역시서부교육지원청 광주서광중학교,2025-08-18
유안초등학교,강당,467,광주 남구 봉선로175번길 16 (봉선동),35.12498946,126.9148045,1998,화학사고,062-650-3703,광주광역시교육청 광주광역시서부교육지원청 유안초등학교,2025-08-18
광주농성초등학교,강당,182,광주 남구 금화로481번길 7 (월산동),35.14878906,126.8911796,1997,화학사고,062-360-6501,광주광역시교육청 광주광역시서부교육지원청 광주농성초등학교,2025-08-18
금당중학교,강당,291,광주 남구 회재로1156번길 9 (주월동),35.1303107,126.8882254,2005,화학사고,062-650-0800,광주광역시교육청 광주광역시서부교육지원청 금당중학교,2025-08-18
장산초등학교,강당,315,광주 남구 회서로 27 (주월동),35.13120286,126.8955972,2006,화학사고,062-650-2302,광주광역시교육청 광주광역시서부교육지원청 장산초등학교,2025-08-18
주월중학교,강당,181,광주 남구 봉선로52번길 9 (주월동),35.12764438,126.9033256,2006,화학사고,062-670-5800,광주광역시교육청 광주광역시서부교육지원청 주월중학교,2025-08-18
진월초등학교,강당,252,광주 남구 광복마을4길 40 (진월동),35.12085773,126.8933231,2002,화학사고,062-670-3101,광주광역시교육청 광주광역시서부교육지원청 진월초등학교,2025-08-18
진남초등학교,강당,237,광주 남구 효우로60번길 12 (노대동),35.10921109,126.9028703,2007,화학사고,062-670-8707,광주광역시교육청 광주광역시서부교육지원청 진남초등학교,2025-08-18
양림커뮤니티센터,지상2 3층,218,광주광역시 남구 백서로 94(양림동),35.14057741,126.9164177,2021,화학사고,062-607-4503,광주광역시 남구 양림동,2025-08-18
방림2동행정복지센터,지상1층,185,광주광역시 남구 천변좌로566번다길 12(방림동),35.131901,126.9219949,2021,화학사고,062-607-4552,광주광역시 남구 방림2동,2025-08-18
효천중학교,강당,231,광주 남구 서문대로402번길 50 (행암동),35.10193537,126.8830845,2016,화학사고,062-720-2200,광주광역시교육청 광주광역시서부교육지원청 효천중학교,2025-08-18
대촌중앙초등학교,강당,249,광주 남구 고싸움로152번길 1 (지석동),35.08282692,126.8334496,2010,화학사고,062-380-7105,광주광역시교육청 광주광역시서부교육지원청 대촌중앙초등학교,2025-08-18
광주학강초등학교,강당,224,광주 남구 양림로 92 (양림동),35.1380212,126.9184805,2018,화학사고,062-720-5309,광주광역시교육청 광주광역시서부교육지원청 광주학강초등학교,2025-08-18
진남중학교,강당,250,광주 남구 노대실로41번길 21 (노대동),35.10654963,126.9084345,2009,화학사고,062-717-3490,광주광역시교육청 광주광역시서부교육지원청 진남중학교,2025-08-18
광주대성초등학교,강당,511,광주 남구 서동로2번길 8 (서동),35.14351268,126.905946,1996,화학사고,062-650-3902,광주광역시교육청 광주광역시서부교육지원청 광주대성초등학교,2025-08-18
임동 행정복지센터,행정복지센터,1019,광주광역시 북구 서림로 53 (임동),35.16582973,126.8942523,2021,화학사고,062-410-6472,광주광역시 북구 환경생태국 기후환경과,2025-08-18
건국동 행정복지센터,행정복지센터,1208,광주광역시 북구 본촌마을길 25 (본촌동),35.22295038,126.8816453,2021,화학사고,062-410-6472,광주광역시 북구 환경생태국 기후환경과,2025-08-18
운암1동 행정복지센터,행정복지센터,419,광주광역시 북구 동운로201번길 55 (운암동),35.17486719,126.874434,2021,화학사고,062-410-6472,광주광역시 북구 환경생태국 기후환경과,2025-08-18
두암2동 행정복지센터,행정복지센터,1061,광주광역시 북구 면앙로192번길 15 (두암동),35.17460253,126.9325558,2023,화학사고,062-410-6472,광주광역시 북구 환경생태국 기후환경과,2025-08-18
신용동 행정복지센터,행정복지센터,2096,광주광역시 북구 첨단연신로107번길 22 (신용동),35.20777082,126.861743,2023,화학사고,062-410-6472,광주광역시 북구 환경생태국 기후환경과,2025-08-18
대전새미래초등학교,강당,860,대전광역시 유성구 지족로 168 (지족동),36.37930681,127.3034211,2021,화학사고,042-611-2309,대전광역시 유성구 생활환경국 푸른환경과,2026-05-07
대전노은초등학교,체육관,261,대전광역시 유성구 노은동로99번길 35 (노은동),36.36863842,127.3217879,2021,화학사고,042-611-2309,대전광역시 유성구 생활환경국 푸른환경과,2026-05-07
대덕초등학교,대강당,660,대전광역시 유성구 대덕대로556번길 102 (도룡동),36.38541511,127.3817633,2021,화학사고,042-611-2309,대전광역시 유성구 생활환경국 푸른환경과,2026-05-07
금성초등학교,강당,210,대전광역시 유성구 신성로72번길 5 (신성동),36.3892656,127.3500581,2021,화학사고,042-611-2309,대전광역시 유성구 생활환경국 푸른환경과,2025-08-20
대전수정초등학교,강당,350,대전광역시 유성구 노은서로 62 (노은동),36.36607181,127.3135095,2021,화학사고,042-611-2309,대전광역시 유성구 생활환경국 푸른환경과,2025-08-20
덕송초등학교,체육관,830,대전광역시 유성구 현충원로 265 (덕명동),36.36127177,127.301755,2021,화학사고,042-611-2309,대전광역시 유성구 생활환경국 푸른환경과,2026-05-07
대전대청중학교,체육관,784,대전광역시 대덕구 신탄진동로35번길 26 (신탄진동),36.44969197,127.4378256,2021,화학사고,042-608-6865,대전광역시 대덕구 경제환경국 환경과,2025-08-22
대전매봉중학교,강당,1043,대전광역시 대덕구 선비마을로 165 (송촌동),36.36965777,127.4364769,2021,화학사고,042-608-6865,대전광역시 대덕구 경제환경국 환경과,2025-08-22
대전매봉초등학교,강당,789,대전광역시 대덕구  선비마을로 155 (송촌동),36.36929861,127.4373496,2021,화학사고,042-608-6865,대전광역시 대덕구 경제환경국 환경과,2025-08-22
대전법동초등학교,강당,823,대전광역시 대덕구 계족로690번길 21 (법동/선비마을1단지아파트),36.36951643,127.4325956,2021,화학사고,042-608-6865,대전광역시 대덕구 경제환경국 환경과,2025-08-22
대전중리초등학교,강당,2281,대전광역시 대덕구  중리북로 20(법동),36.3672404,127.4277498,2021,화학사고,042-608-6865,대전광역시 대덕구 경제환경국 환경과,2025-08-22
대전중원초등학교,체육관,687,대전광역시 대덕구 중리로64번길 45 (중리동),36.36564071,127.42778,2021,화학사고,042-608-6865,대전광역시 대덕구 경제환경국 환경과,2025-08-22
신탄진용정초등학교,강당,715,대전광역시 대덕구 대청로 65 (신탄진동),36.45408799,127.4358089,2021,화학사고,042-608-6865,대전광역시 대덕구 경제환경국 환경과,2024-08-27
중리중학교,강당,759,대전광역시 대덕구 중리동로 85 (중리동),36.36658621,127.4273562,2021,화학사고,042-608-6865,대전광역시 대덕구 경제환경국 환경과,2024-08-27
법동종합사회복지관,강당,166,대전 대덕구 계족로664번길 27 (법동),36.37154204,127.4300354,2024,화학사고,042-608-6865,대전광역시 대덕구 경제환경국 환경과,2025-08-22
삼신초등학교,체육관,250,울산광역시 남구 돋질로251번길 25(삼산동),35.54588294,129.3306093,2021,화학사고,052-226-5762,울산광역시 남구 교통환경국 환경관리과,2023-08-16
신일중학교,다목적강당,1399,울산광역시 남구 두왕로 278(신정동),35.52799981,129.3109179,2021,화학사고,052-226-5762,울산광역시 남구 교통환경국 환경관리과,2023-08-16
신정1동주민센터,강당,88,울산광역시 남구 월평로9번길 7(신정동),35.54133396,129.3065325,2021,화학사고,052-226-5762,울산광역시 남구 교통환경국 환경관리과,2023-08-16
옥동중학교,다목적강당,633,울산광역시 남구 법대로14번길 9(옥동),35.53837079,129.2839859,2021,화학사고,052-226-5762,울산광역시 남구 교통환경국 환경관리과,2023-08-16
옥산초등학교,다목적강당,536,울산광역시 남구 옥현로60번길 7(무거동),35.54197858,129.262659,2021,화학사고,052-226-5762,울산광역시 남구 교통환경국 환경관리과,2023-08-16
옥서초등학교,다목적강당,316,울산광역시 남구 법대로14번길 19(옥동),35.53808758,129.2850224,2021,화학사고,052-226-5762,울산광역시 남구 교통환경국 환경관리과,2023-08-16
옥현초등학교,체육관,259,울산광역시 남구 눌재로 21(무거동),35.54971971,129.2776787,2021,화학사고,052-226-5762,울산광역시 남구 교통환경국 환경관리과,2023-08-16
울산중앙초등학교,다목적강당,288,울산광역시 남구 돋질로91번길 34(신정동),35.54208755,129.3151643,2021,화학사고,052-226-5762,울산광역시 남구 교통환경국 환경관리과,2023-08-16
월봉초등학교,체육관,213,울산광역시 남구 팔등로115번길 10(신정동),35.54833313,129.3190843,2021,화학사고,052-226-5762,울산광역시 남구 교통환경국 환경관리과,2023-08-16
월평중학교,체육관,407,울산광역시 남구 중앙로204번길 31(신정동),35.54085405,129.3155836,2021,화학사고,052-226-5762,울산광역시 남구 교통환경국 환경관리과,2023-08-16
태화중학교,체육관,196,울산광역시 남구 화합로71번길 24(야음동),35.53223736,129.3390495,2021,화학사고,052-226-5762,울산광역시 남구 교통환경국 환경관리과,2023-08-16
문수실버복지관,대강당,221,울산광역시 남구 대학로1번길 3-51 (무거동),35.53551271,129.2505413,2021,화학사고,052-226-5762,울산광역시 남구 교통환경국 환경관리과,2023-08-16
선암호수노인복지관,대강당,90,울산광역시 남구 선암호수길 150(선암동),35.51467236,129.3188151,2021,화학사고,052-226-5762,울산광역시 남구 교통환경국 환경관리과,2023-08-16
호계고등학교,체육관,3202,울산광역시 북구 동대11길 31(호계동),35.63014096,129.3545476,2024,화학사고,052-241-7773,울산광역시 북구 공원환경국 환경위생과,2025-08-18
쇠부리체육센터,1층 체육관,938,울산광역시 북구 천곡남로 86(천곡동),35.63626975,129.3345647,2024,화학사고,052-241-7773,울산광역시 북구 공원환경국 환경위생과,2025-08-18
울산교육수련원,대강당 세미나실 객실,3221,울산광역시 북구 동해안로 1769(신명동),35.64124741,129.439342,2024,화학사고,052-241-7773,울산광역시 북구 공원환경국 환경위생과,2025-08-18
교동초등학교,강당,417,세종특별자치시 조치원읍 새내18길 21 (교리),36.60575957,127.2984238,2024,화학사고,044-902-4800,세종특별자치시교육청 조치원교동초등학교,2026-05-08
세종고등학교,강당,411,세종특별자치시 조치원읍 조치원중고길 10 (서창리),36.61031801,127.29895,2024,화학사고,044-320-6703,세종특별자치시교육청 세종고등학교,2026-05-08
세종중학교,강당,231,세종특별자치시 조치원읍 새내로 160 (교리),36.60625105,127.2982832,2024,화학사고,044-864-2072,세종특별자치시교육청 세종중학교,2026-05-08
연남초등학교,강당,191,세종특별자치시 연기면 연기길 2 (연기리),36.54362022,127.2783476,2024,화학사고,044-863-4504,세종특별자치시교육청 연남초등학교,2026-05-08
감성초등학교,강당,228,세종특별자치시 금남면 감성길 6 (감성리),36.44374003,127.2890075,2024,화학사고,044-866-7058,세종특별자치시교육청 감성초등학교,2026-05-08
금남초등학교,강당,266,세종특별자치시 금남면 금남구즉로 62 (신촌리),36.47233732,127.2885167,2024,화학사고,044-866-7052,세종특별자치시교육청 금남초등학교,2026-05-08
장기중학교,강당,288,세종특별자치시 장군면 장척로 359 (하봉리),36.49424486,127.2016763,2024,화학사고,044-998-3149,세종특별자치시교육청 장기중학교,2026-05-08
연봉초등학교,강당,278,세종특별자치시 연서면 당산로 357-1 (봉암리),36.56435044,127.2824603,2024,화학사고,044-867-6004,세종특별자치시교육청 연봉초등학교,2026-05-08
쌍류초등학교,강당,325,세종특별자치시 연서면 벌말길 73 (쌍류리),36.59909382,127.2106774,2024,화학사고,044-863-0250,세종특별자치시교육청 쌍류초등학교,2026-05-08
전의중학교,강당,263,세종특별자치시 전의면 운주산로 1260-6 (읍내리),36.68131919,127.1981192,2024,화학사고,044-863-3201,세종특별자치시교육청 전의중학교,2026-05-08
소정초등학교,강당,185,세종특별자치시 소정면 학교말길 10 (소정리),36.72111748,127.1590405,2024,화학사고,044-566-6096,세종특별자치시교육청 소정초등학교,2026-05-08
양지중학교,강당,337,세종특별자치시 갈매로 512 (도담동),36.50868221,127.2686864,2024,화학사고,044-903-3000,세종특별자치시교육청 양지중학교,2026-05-08
어진동 복합커뮤니티센터,체육관,740,세종특별자치시 다솜1로 31 (어진동),36.50190522,127.256541,2024,화학사고,044-301-7510,세종특별자치시 어진동,2026-05-08
여울초등학교,강당,309,세종특별자치시 보람1길 9 (보람동),36.47606166,127.284639,2024,화학사고,044-999-6100,세종특별자치시교육청 여울초등학교,2026-05-08
서평초등학교,학교,1376,경기도 수원시 권선구 수인로9번길 52 (서둔동),37.26830733,126.9968883,2021,화학사고,031-228-3243,경기도 수원시 환경국 환경정책과,2020-10-25
수원매화초등학교,학교,12950,경기도 수원시 영통구 권광로304번길 47-17(매탄동),37.27434868,127.0404946,2021,화학사고,031-228-3243,경기도 수원시 환경국 환경정책과,2020-10-25
정천초등학교,학교,938,경기도 수원시 장안구 화산로 83 (천천동),37.29109787,126.9824464,2021,화학사고,031-228-3243,경기도 수원시 환경국 환경정책과,2020-10-25
대선초등학교,학교,3520,경기도 수원시 영통구 봉영로 1432-19 (망포동),37.24214593,127.0646691,2021,화학사고,031-228-3243,경기도 수원시 환경국 환경정책과,2020-10-25
곡정초등학교,학교,16956,경기도 수원시 권선구 곡선로 7 (권선동),37.24069657,127.0258564,2021,화학사고,031-228-3243,경기도 수원시 환경국 환경정책과,2020-10-25
상촌초등학교,학교,10327,경기도 수원시 권선구 금곡로31번길 92 (금곡동),37.27322519,126.9353832,2021,화학사고,031-228-3243,경기도 수원시 환경국 환경정책과,2020-10-25
송원초등학교,학교,236,경기도 수원시 장안구 수일로 185 (조원동),37.30842116,127.010217,2021,화학사고,031-228-3243,경기도 수원시 환경국 환경정책과,2020-10-25
천일초등학교,학교,9524,경기도 수원시 장안구 정자로19번길 13 (천천동),37.30097703,126.9781806,2021,화학사고,031-228-3243,경기도 수원시 환경국 환경정책과,2020-10-25
수원중촌초등학교,학교,11510,경기도 수원시 권선구 금곡로140번길 30 (금곡동),37.2724099,126.9445701,2021,화학사고,031-228-3243,경기도 수원시 환경국 환경정책과,2020-10-25
선행초등학교,학교,8698,경기도 수원시 권선구 세권로196번길 21 (권선동),37.25431809,127.0259766,2021,화학사고,031-228-3243,경기도 수원시 환경국 환경정책과,2020-10-25
성남산업단지관리공단,강당,340,경기도 성남시 중원구 둔촌대로 457번길8 12층 (상대원동),37.43243102,127.1687247,2021,화학사고,031-729-3172,경기도 성남시 환경보건국 환경정책과,2021-10-05
왕남초등학교,교사동 등 전체,7534,경기도 성남시 수정구 왕남로 24 (고등동),37.42849222,127.098074,2024,화학사고,031-729-3172,경기도 성남시 환경보건국 환경정책과,2024-05-21
도촌초등학교,교사동 등 전체,15406,경기도 성남시 중원구 도촌남로 99 (도촌동),37.414565,127.1581172,2024,화학사고,031-729-3172,경기도 성남시 환경보건국 환경정책과,2024-05-23
은행동 다목적체육관,다목적체육관(1층),1354,경기 성남시 중원구 순환로 357 (은행동),37.45402917,127.1697028,2025,화학사고,031-729-3172,경기도 성남시 환경보건국 환경정책과,2025-05-21
황새울 국민체육센터,다목적체육관 및 GX룸(2층),1341,경기 성남시 분당구 황새울로 273 (수내동),37.38255247,127.1167859,2025,화학사고,031-729-3172,경기도 성남시 환경보건국 환경정책과,2025-05-21
탄천종합운동장 체육회관,이벤트홀(1층)/다목적체육관(3층),1648,경기 성남시 분당구 탄천로 215 (야탑동),37.40945171,127.1197983,2025,화학사고,031-729-3172,경기도 성남시 환경보건국 환경정책과,2025-05-23
새마을운동중앙연수원,생활관(1~4층),12808,경기 성남시 분당구 새마을로 257 (율동),37.39279837,127.1583029,2025,화학사고,031-729-3172,경기도 성남시 환경보건국 환경정책과,2025-05-28
효자고등학교,교사동,11763,경기도 의정부시 부용로165(신곡동),37.75312196,127.0766515,2022,화학사고,031-828-4431,경기도 의정부시 환경자원국 환경정책과,2025-07-28
회룡중학교,체육관,1077,경기도 의정부시 안말로 45(호원동),37.71533192,127.0434384,2021,화학사고,031-828-4431,경기도 의정부시 환경자원국 환경정책과,2025-07-28
부천중원고등학교 체육관,체육관,778,경기도 부천시 원미구 도약로 111 (중동),37.51157177,126.7622378,2021,화학사고,032-625-3161,경기도 부천시 경제환경국 환경정책과,2025-08-20
광명스피돔,경륜장,10000,경기도 광명시 광명로 721 (광명동),37.46675838,126.8451868,2021,화학사고,02-2680-2955,경기도 광명시 친환경사업본부 환경관리과,2021-09-30
과천시민회관,1층 체육관,1453,경기도 과천시 통영로 5 (중앙동),37.42757064,126.9900069,2021,화학사고,02-3677-2108,경기도 과천시 경제복지국 기후환경과,2025-09-01
운천초등학교,체육관,401,경기도 오산시 운암로 116 (부산동),37.15651226,127.0794223,2021,화학사고,031-8036-6426,경기도 오산시 도시주택국 기후환경정책과,2021-09-29
죽미다목적체육관,체육관,535,경기도 오산시 수청로 204-26 (금암동),37.17918336,127.0437545,2021,화학사고,031-8036-6426,경기도 오산시 도시주택국 기후환경정책과,2021-09-29
양산초등학교,체육관,340,경기도 오산시 양산로 448 (양산동),37.19719913,127.0321774,2021,화학사고,031-8036-6426,경기도 오산시 도시주택국 기후환경정책과,2021-09-29
가수초등학교,체육관,334,경기도 오산시 가수로 50 (가수동),37.14817865,127.0478311,2021,화학사고,031-8036-6426,경기도 오산시 도시주택국 기후환경정책과,2021-09-29
필봉초등학교,체육관,311,경기도 오산시 수청로 124 (금암동),37.17871575,127.0525264,2021,화학사고,031-8036-6426,경기도 오산시 도시주택국 기후환경정책과,2021-09-29
다온초등학교,체육관,288,경기도 오산시 부산중앙로 37 (부산동),37.15191088,127.0908827,2021,화학사고,031-8036-6426,경기도 오산시 도시주택국 기후환경정책과,2021-09-29
오산초등학교,체육관,284,경기도 오산시 가수로 16 (가수동),37.14405834,127.0536027,2021,화학사고,031-8036-6426,경기도 오산시 도시주택국 기후환경정책과,2021-09-29
대호초등학교,강당,240,경기도 오산시 궐리사로46번길 3 (궐동),37.15895317,127.0577139,2021,화학사고,031-8036-6426,경기도 오산시 도시주택국 기후환경정책과,2021-09-29
오산원당초등학교,체육관,233,경기도 오산시 부원로87번길 37-7 (원동),37.14189145,127.0904092,2021,화학사고,031-8036-6426,경기도 오산시 도시주택국 기후환경정책과,2021-09-29
운산초등학교,학교,229,경기 오산시 운암로 72 (오산동),37.15274684,127.0779043,2001,화학사고,031-8036-7403,경기도 오산시 복지교육국 희망복지과,2025-05-22
성산초등학교,학교,164,경기 오산시 성호대로 43 (오산동),37.1502308,127.0665297,2020,화학사고,031-8036-7403,경기도 오산시 복지교육국 희망복지과,2025-05-22
매홀초등학교,학교,250,경기 오산시 청학로147번길 10 (수청동),37.1627256,127.0635797,2022,화학사고,031-8036-7407,경기도 오산시 복지교육국 희망복지과,2025-05-22
문시초등학교,학교,268,경기 오산시 여계산로 52-6 (금암동),37.17428101,127.0453618,2010,화학사고,031-8036-7407,경기도 오산시 복지교육국 희망복지과,2025-05-22
세미초등학교,학교,240,경기 오산시 내삼미로 127 (내삼미동),37.17424958,127.0645661,2022,화학사고,031-8036-7407,경기도 오산시 복지교육국 희망복지과,2025-05-22
화성초등학교,학교,245,경기 오산시 내삼미로 18 (수청동),37.16455634,127.0687968,1966,화학사고,031-8036-7407,경기도 오산시 복지교육국 희망복지과,2025-05-22
성호중학교,학교,317,경기 오산시 동부대로436번길 34 (원동),37.13958443,127.0815206,2005,화학사고,031-8036-7407,경기도 오산시 복지교육국 희망복지과,2025-05-22
오산고현초등학교,학교,241,경기 오산시 남부대로 459 (고현동),37.13360079,127.0855544,2007,화학사고,031-8036-7407,경기도 오산시 복지교육국 희망복지과,2025-05-22
오산원일초등학교,학교,242,경기 오산시 오산로132번길 27 (원동),37.13955739,127.0710252,2007,화학사고,031-8036-7407,경기도 오산시 복지교육국 희망복지과,2025-05-22
운암중학교,학교,147,경기 오산시 대원로 76 (원동),37.14593759,127.0771263,2001,화학사고,031-8036-7407,경기도 오산시 복지교육국 희망복지과,2025-05-22
운암초등학교,학교,88,경기 오산시 원동로 63 (원동),37.14393331,127.0762323,2000,화학사고,031-8036-7407,경기도 오산시 복지교육국 희망복지과,2025-05-22
오산시청,관공서,8449,경기 오산시 성호대로 141 (오산동),37.1498547,127.0775046,2001,화학사고,031-8036-7787,경기도 오산시 시민안전국 안전정책과,2025-05-22
정왕초등학교,본관  (체육관),1818,경기도 시흥시 중심상가로 257(정왕동),37.34099222,126.7431632,2021,화학사고,031-310-5993,경기도 시흥시 환경국 환경정책과,2026-05-15
서해중학교,본관 (2층 체육관),1973,경기도 시흥시 옥구천서로373번길 18(정왕동),37.35715663,126.7260894,2021,화학사고,031-310-5993,경기도 시흥시 환경국 환경정책과,2026-05-15
옥터초등학교,교사동 (3층 체육관),1454,경기도 시흥시 옥터로 33(정왕동),37.34511048,126.6924089,2021,화학사고,031-310-5993,경기도 시흥시 환경국 환경정책과,2026-05-15
함현상생종합사회복지관,본관 (5층 체육관),6951,경기도 시흥시 함송로29번길 67(정왕동),37.36425794,126.7375638,2021,화학사고,031-310-5993,경기도 시흥시 환경국 환경정책과,2026-05-15
송운중학교,교사동,11078,경기도 시흥시 옥구천동로 433-11 (정왕동),37.35942817,126.7314175,2021,화학사고,031-310-5993,경기도 시흥시 환경국 환경정책과,2026-05-15
함현고등학교,체육관 (5층),763,경기도 시흥시 역전로 463(정왕동),37.36609799,126.7384492,2021,화학사고,031-310-5993,경기도 시흥시 환경국 환경정책과,2026-05-15
함현중학교,체육관 (1층),8866,경기도 시흥시 역전로 435(정왕동),37.36312352,126.7369413,2021,화학사고,031-310-5993,경기도 시흥시 환경국 환경정책과,2026-05-15
배곧중학교,체육관 (2층),1118,경기도 시흥시 배곧4로 72(정왕동),37.37498319,126.7309076,2021,화학사고,031-310-5993,경기도 시흥시 환경국 환경정책과,2026-05-15
배곧해솔중학교,체육관 (3층),1019,경기도 시흥시 서울대학로 150-23(정왕동),37.35982592,126.7174699,2021,화학사고,031-310-5993,경기도 시흥시 환경국 환경정책과,2026-05-15
배곧누리초등학교,체육관 (3층),840,경기도 시흥시 해송십리로 472-30(정왕동),37.38260401,126.7320914,2021,화학사고,031-310-5993,경기도 시흥시 환경국 환경정책과,2026-05-15
군포대야초등학교,체육관,821,경기도 군포시 대야2로 148 (대야미동),37.32938971,126.9150647,2021,화학사고,031-390-0732,경기도 군포시 안전환경국 환경과,2025-04-30
송안초등학교,체육관,910,경기도 군포시 송부로 73번길 7 (도마교동),37.31767605,126.9212432,2021,화학사고,031-390-0732,경기도 군포시 안전환경국 환경과,2025-04-30
송부동행정복지센터,관공서,3631,경기도 군포시 송부로74번길 3-32 (도마교동),37.31622933,126.9238282,2021,화학사고,031-390-0732,경기도 군포시 안전환경국 환경과,2025-04-30
부곡중앙중학교,강당,966,경기도 군포시 송부로 241 (부곡동),37.32357239,126.9387249,2021,화학사고,031-390-0732,경기도 군포시 안전환경국 환경과,2025-04-30
시민체육광장,체육관,5926,경기도 군포시 산본로 267 (금정동),37.354051,126.9368152,2021,화학사고,031-390-0732,경기도 군포시 안전환경국 환경과,2025-04-30
평생학습관,대강당(1층),589,경기도 의왕시 오전로 122 (오전동),37.3551105,126.9753318,2021,화학사고,031-345-3843,경기도 의왕시 평생교육원 평생교육과,2021-11-04
부곡스포츠센터,다목적체육관(4층),983,경기도 의왕시 부곡시장길 7(삼동),37.31865861,126.957152,2023,화학사고,031-8086-7394,경기도 의왕도시공사,2022-12-14
청소년수련관,다목적체육관(1층),940,경기도 의왕시 문화공원로 33(고천동),37.34179025,126.9718378,2023,화학사고,031-477-8836,경기도 의왕시청 소년수련관,2022-12-14
국민체육센터,다목적체육관(2층),1029,경기도 의왕시 복지로 27(내손동),37.3818957,126.975069,2023,화학사고,031-8086-7422,경기도 의왕도시공사,2022-12-14
내손2동주민센터,대강당(3층),484,경기도 의왕시 복지로 109(내손동),37.38764543,126.9816278,2023,화학사고,031-345-3244,경기도 의왕시 내손2동주민센터,2022-12-14
청계동 주민센터,다목적실(3층),360,경기도 의왕시 안양판교로 232(포일동),37.38858836,126.9959913,2023,화학사고,031-345-3272,경기도 의왕시 청계동주민센터,2022-12-14
의왕부곡초등학교,체육관,1185,경기 의왕시 철도박물관로 143 (삼동),37.31686946,126.9498934,2025,화학사고,031-8084-6992,경기도교육청 경기도군포의왕교육지원청 의왕부곡초등학교,2025-08-06
우성고등학교,체육관(2층),1273,경기 의왕시 오전로 37 (고천동),37.34870063,126.9804466,2025,화학사고,031-361-9107,경기도교육청 우성고등학교,2025-08-06
백운호수초등학교,체육관(2층),694,경기 의왕시 백운중앙로 67 (학의동),37.37070285,127.0075273,2025,화학사고,031-340-0408,경기도교육청 경기도군포의왕교육지원청 백운호수초등학교,2025-08-06
은가람중학교,강당,801,경기도 하남시 미사강변한강로 9 (선동),37.57591491,127.1771421,2022,화학사고,031-790-5744,경기도 하남시 안전환경국 환경정책과,2024-05-29
미사강변초등학교,강당,682,경기도 하남시 선동 미사강변북로55번길 70 (선동),37.57589912,127.1859436,2022,화학사고,031-790-5744,경기도 하남시 안전환경국 환경정책과,2024-05-29
위례초등학교,강당,858,경기도 하남시 위례순환로 333 (학암동),37.47712675,127.1495663,2022,화학사고,031-790-5744,경기도 하남시 안전환경국 환경정책과,2024-05-29
위례중학교,강당,720,경기도 하남시 위례순환로 343(학암동),37.47724537,127.1483822,2022,화학사고,031-790-5744,경기도 하남시 안전환경국 환경정책과,2024-05-29
포곡읍 행정복지센터,대회의실,307,경기도 용인시 처인구 포곡읍 포곡로 258 (삼계리),37.27778426,127.2308374,2022,화학사고,031-6193-2244,경기도 용인시 기후환경위생국 기후대기과,2024-05-27
서천고등학교,체육관,593,경기도 용인시 기흥구 서천서로 1269(농서동),37.23409467,127.069384,2023,화학사고,031-6193-2244,경기도 용인시 기후환경위생국 기후대기과,2024-05-27
신봉초등학교,체육관,735,경기도 용인시 수지구 신봉2로 115(신봉동),37.32963257,127.0681629,2023,화학사고,031-6193-2244,경기도 용인시 기후환경위생국 기후대기과,2024-05-27
나곡초등학교,다목적강당,556,경기도 용인시 기흥구 사은로126번길 26(보라동),37.2537028,127.1186946,2023,화학사고,031-6193-2244,경기도 용인시 기후환경위생국 기후대기과,2024-05-27
남촌초등학교,체육관(꿈차오름관),625,경기도 용인시 처인구 남사읍 천덕산로 330(진목리),37.10128984,127.1370601,2023,화학사고,031-6193-2244,경기도 용인시 기후환경위생국 기후대기과,2024-05-27
상하중학교,다목적강당,870,경기도 용인시 기흥구 중부대로746번길 16-29(상하동),37.26176896,127.1358482,2023,화학사고,031-6193-2244,경기도 용인시 기후환경위생국 기후대기과,2024-05-27
용천중학교,다목적강당,374,경기도 용인시 처인구 이동읍 백옥대로587번길 54(천리),37.19153865,127.2011084,2023,화학사고,031-6193-2244,경기도 용인시 기후환경위생국 기후대기과,2024-05-27
헌산중학교,2층 체육관,936,경기도 용인시 처인구 원삼면 내동로 50-13(사암리),37.17343358,127.2959378,2023,화학사고,031-6193-2244,경기도 용인시 기후환경위생국 기후대기과,2024-05-27
좌항초등학교,체육관,1065,경기도 용인시 처인구 원삼면 원양로 603(좌항리),37.20135319,127.3199888,2023,화학사고,031-6193-2244,경기도 용인시 기후환경위생국 기후대기과,2024-05-27
백암중학교,체육관,1047,경기도 용인시 처인구 백암면 백원로 519-9(근창리),37.16470683,127.3682976,2023,화학사고,031-6193-2244,경기도 용인시 기후환경위생국 기후대기과,2024-05-27
언동초등학교,강당,406,경기도 용인시 기흥구 언남로 55 (언남동),37.29536446,127.1316398,2023,화학사고,031-6193-2244,경기도 용인시 기후환경위생국 기후대기과,2024-05-31
용인실내체육관,다목적체육관,4472,경기도 용인시 처인구 경안천로 76 (마평동),37.23742316,127.2134746,2024,화학사고,031-6193-2244,경기도 용인시 기후환경위생국 기후대기과,2024-05-31
갈곡초등학교,다목적체육관,1200,경기 용인시 기흥구 강남동로 61 (구갈동),37.27109447,127.1341061,2025,화학사고,031-6193-2244,경기도 용인시 기후환경위생국 기후대기과,2025-03-30
석성초등학교,석성마루,552,경기 용인시 기흥구 동백2로 53 (중동),37.2702223,127.1581643,2025,화학사고,031-6193-2244,경기도 용인시 기후환경위생국 기후대기과,2025-03-30
경희대학교 국제캠퍼스,선승관,2181,경기 용인시 기흥구 덕영대로 1732 (서천동),37.24283257,127.080082,2025,화학사고,031-6193-2244,경기도 용인시 기후환경위생국 기후대기과,2025-03-30
단국대학교 죽전캠퍼스,체육관 주경기장,1926,경기 용인시 수지구 죽전로 152 (죽전동),37.31942782,127.1325589,2025,화학사고,031-6193-2244,경기도 용인시 기후환경위생국 기후대기과,2025-03-30
용인대학교,종합체육관,1732,경기 용인시 처인구 용인대학로 134 (삼가동),37.22612782,127.1693204,2025,화학사고,031-6193-2244,경기도 용인시 기후환경위생국 기후대기과,2025-03-30
이동읍 행정복지센터,대회의실,367,경기 용인시 처인구 이동읍 경기동로 673 (송전리),37.1411306,127.1961801,2025,화학사고,031-6193-2244,경기도 용인시 기후환경위생국 기후대기과,2025-07-14
유림1동 행정복지센터,대회의실,120,경기 용인시 처인구 백옥대로 1315 (유방동),37.25246471,127.2117276,2025,화학사고,031-6193-2244,경기도 용인시 기후환경위생국 기후대기과,2025-07-14
신갈동 행정복지센터,대회의실,210,경기 용인시 기흥구 신갈로58번길 11 (신갈동),37.27254121,127.107004,2025,화학사고,031-6193-2244,경기도 용인시 기후환경위생국 기후대기과,2025-07-14
서신면 행정복지센터,강당,1212,경기도 화성시 서신면 궁평항로 1702(매화리),37.16685497,126.709146,2024,화학사고,031-5189-1921,경기도 화성시 기후에너지환경국 환경지도과,2024-07-31
전곡2리 마을회관,마을회관,116,경기도 화성시 서신면 당성로 191(전곡리),37.19121113,126.6916179,2024,화학사고,031-5189-1921,경기도 화성시 기후에너지환경국 환경지도과,2025-08-19
서신초등학교,체육관,917,경기도 화성시 서신면 매화3길 17(매화리),37.16951313,126.7073371,2024,화학사고,031-5189-1921,경기도 화성시 기후에너지환경국 환경지도과,2024-07-31
청원초등학교,체육관,412,경기도 화성시 마도면 해운로 794(청원리),37.18799987,126.7613217,2024,화학사고,031-5189-1921,경기도 화성시 기후에너지환경국 환경지도과,2024-07-31
화성화수초등학교,체육관,218,경기도 화성시 우정읍 화수동길 145(화수리),37.1091405,126.7970424,2024,화학사고,031-5189-1921,경기도 화성시 기후에너지환경국 환경지도과,2024-07-31
상신초등학교,체육관,261,경기도 화성시 향남읍 손개길 7(상신리),37.09905709,126.8984038,2024,화학사고,031-5189-1921,경기도 화성시 기후에너지환경국 환경지도과,2025-04-16
팔탄초등학교,체육관,815,경기도 화성시 팔탄면 마당바위로31번길 6(구장리),37.15911824,126.9020781,2024,화학사고,031-5189-1921,경기도 화성시 기후에너지환경국 환경지도과,2025-08-19
예당초등학교,체육관,806,경기도 화성시 동탄반석로 245(석우동),37.21061878,127.0752516,2024,화학사고,031-5189-1921,경기도 화성시 기후에너지환경국 환경지도과,2024-07-31
장안초등학교,체육관,924,경기도 화성시 장안면 조암동로 8-5(어은리),37.08584999,126.8242855,2024,화학사고,031-5189-1921,경기도 화성시 기후에너지환경국 환경지도과,2025-08-21
노진초등학교,체육관,144,경기도 화성시 장안면 화곡로 166(노진리),37.05162735,126.8091404,2024,화학사고,031-5189-1921,경기도 화성시 기후에너지환경국 환경지도과,2025-08-21
양감면 행정복지센터,체육관,1200,경기 화성시 양감면 초록로 7 (신왕리),37.08154879,126.9454994,2024,화학사고,031-5189-1921,경기도 화성시 기후에너지환경국 환경지도과,2025-08-22
학동초등학교,강당,486,경기 화성시 동탄지성로 79-17 (반송동),37.20540488,127.06615,2024,화학사고,031-5189-1921,경기도 화성시 기후에너지환경국 환경지도과,2025-04-16
화성시 근로자복지관,실내체육관,850,경기 화성시 화산중앙로 16-1 (안녕동),37.20660952,127.0150529,2025,화학사고,031-5189-1921,경기도 화성시 기후에너지환경국 환경지도과,2025-05-27
화성 남부국민체육센터,실내체육관,892,경기 화성시 우정읍 쌍봉로 109-10 (조암리),37.08961439,126.8163815,2025,화학사고,031-5189-1921,경기도 화성시 기후에너지환경국 환경지도과,2025-05-27
화성시 실내배드민턴장,실내체육관,3780,경기 화성시 동탄신리천로 221 (오산동),37.18602595,127.1033117,2025,화학사고,031-5189-1921,경기도 화성시 기후에너지환경국 환경지도과,2025-05-27
광일중학교,체육관,1048,경기 광주시 도척면 노곡로 32 (노곡리),37.30317644,127.3310167,2026,화학사고,031-760-3765,경기도 광주시 기후산림국 수질정책과,2026-04-24
여주복합체육관,1층 복합체육관,450,경기 여주시 영릉로 123 (월송동),37.29364613,127.6231851,2024,화학사고,031-880-4021,여주도시관리공단,2024-08-14
초대배드민턴장,체육시설,582,경기 연천군 청산면 초대로106번길 125 (대전리),37.99798745,127.0847101,2025,화학사고,031-839-2241,경기도 연천군 안전도시국 환경보호과,2025-07-28
가경중학교,강당,1316,충청북도 청주시 흥덕구 장구봉로 113(복대동),36.62561331,127.4451659,2021,화학사고,043-201-1652,충청북도 청주시,2026-03-26
내수초등학교,강당,1013,충청북도 청주시 청원구 내수읍 마산1길 114-1(마산리),36.727096,127.5373162,2021,화학사고,043-201-1652,충청북도 청주시,2026-03-26
금가초등학교,급식소,508,충청북도 충주시 금가면 가마골길 16(도촌리),37.04379856,127.9228976,2021,화학사고,043-850-3673,충청북도 충주시 환경국 대기환경과,2021-09-23
오석초등학교,신관,307,충청북도 충주시 금가면 김생로 456(유송리),36.99953969,127.8960748,2021,화학사고,043-850-3673,충청북도 충주시 환경국 대기환경과,2021-09-23
노은초등학교,다목적 교실,127,충청북도 충주시 노은면 연하중앙길 27(연하리),37.04828801,127.7546759,2021,화학사고,043-850-3673,충청북도 충주시 환경국 대기환경과,2021-09-23
대소원면사무소,본관,572,충청북도 충주시 대소원면 대소원1길 29(대소리),36.97779318,127.8180095,2021,화학사고,043-850-3673,충청북도 충주시 환경국 대기환경과,2021-09-23
한국교통대학교 국원문화관,국원문화관,503,충청북도 충주시 대소원면 대학로 50(검단리),36.96770344,127.8742871,2021,화학사고,043-850-3673,충청북도 충주시 환경국 대기환경과,2021-09-23
삼원초등학교,다목적 교실,381,충청북도 충주시 삼원로 128(봉방동),36.97681963,127.9251484,2021,화학사고,043-850-3673,충청북도 충주시 환경국 대기환경과,2021-09-23
동락초등학교,본관,730,충청북도 충주시 신니면 신덕로 301(문락리),37.00345645,127.6863101,2021,화학사고,043-850-3673,충청북도 충주시 환경국 대기환경과,2021-09-23
달천초등학교 매현분교,본관,127,충청북도 충주시 대소원면 매현새터2길 10(매현리),36.90832826,127.870254,2021,화학사고,043-850-3673,충청북도 충주시 환경국 대기환경과,2021-09-23
앙성초등학교,다목적 교실,635,충청북도 충주시 앙성면 내용2길 38(용대리),37.10653298,127.7576722,2021,화학사고,043-850-3673,충청북도 충주시 환경국 대기환경과,2021-09-23
금성초등학교,다목적교실(해찬나래),387,충청북도 제천시 금성면 국사봉로 1615(구룡리),37.06664857,128.1659615,2021,화학사고,043-641-6392,충청북도 제천시 안전건설국 자연환경과,2021-09-17
남당초등학교,다목적교실(남당어울관),400,충청북도 제천시 청풍호로2길 4-5(영천동),37.13089598,128.2028835,2021,화학사고,043-641-6392,충청북도 제천시 안전건설국 자연환경과,2021-09-17
백운중학교,본관,63,충청북도 제천시 백운면 평동로 67(평동리),37.14268528,128.0170002,2021,화학사고,043-641-6392,충청북도 제천시 안전건설국 자연환경과,2021-09-17
봉양중학교,본관,92,충청북도 제천시 봉양읍 앞산로 39(장평리),37.12885484,128.1244496,2021,화학사고,043-641-6392,충청북도 제천시 안전건설국 자연환경과,2021-09-17
수산초중학교,다목적교실(미래관),187,충청북도 제천시 수산면 지곡로 12(수산리),36.93574209,128.1871367,2021,화학사고,043-641-6392,충청북도 제천시 안전건설국 자연환경과,2021-09-17
의림여자중학교,다목적교실(예림관),735,충청북도 제천시 하소로 69(하소동),37.14280198,128.1974023,2021,화학사고,043-641-6392,충청북도 제천시 안전건설국 자연환경과,2021-09-17
의림초등학교,다목적교실(의림누리관),522,충청북도 제천시 독순로 33(의림동),37.1409276,128.2060951,2021,화학사고,043-641-6392,충청북도 제천시 안전건설국 자연환경과,2021-09-17
제일고등학교,다목적교실(제일누리관),574,충청북도 제천시 의병대로 177(동현동),37.13527774,128.2208885,2021,화학사고,043-641-6392,충청북도 제천시 안전건설국 자연환경과,2021-09-17
제천여자중학교,급식소,335,충청북도 제천시 용두천로 312(청전동),37.15310452,128.2193178,2021,화학사고,043-641-6392,충청북도 제천시 안전건설국 자연환경과,2021-09-17
청풍초중학교,다목적교실(청풍마루),898,충청북도 제천시 청풍면 청풍호로 2194(물태리),36.99625453,128.1649559,2021,화학사고,043-641-6392,충청북도 제천시 안전건설국 자연환경과,2021-09-17
송학면행정복지센터,대회의실,239,충청북도 제천시 시곡포전로1길 14-2(시곡리),37.18489806,128.260898,2021,화학사고,043-641-6392,충청북도 제천시 안전건설국 자연환경과,2021-09-17
산서면종합복지회관,산서면종합복지회관(제3호건물),798,전북특별자치도 장수군 산서면 비행로 39-7 (동화리),35.58549392,127.3967219,2025,화학사고,063-350-2531,전북특별자치도 장수군 농산업건설국 환경과,2025-08-26
봉화산 체육관,봉화산 체육관,1113,전북특별자치도 장수군 번암면 동강길 31 (노단리),35.53433759,127.5482863,2025,화학사고,063-350-2531,전북특별자치도 장수군 농산업건설국 환경과,2025-08-26
장계국민체육센터,장계국민체육센터,780,전북특별자치도 장수군 장계면 체육공원길 58 (장계리),35.7277221,127.5923994,2025,화학사고,063-350-2531,전북특별자치도 장수군 농산업건설국 환경과,2025-08-26
하늘내체육관,하늘내체육관,1207,전북특별자치도 장수군 천천면 장천로 1166 (봉덕리),35.73174534,127.5317154,2025,화학사고,063-350-2531,전북특별자치도 장수군 농산업건설국 환경과,2025-08-26
계남면종합복지관,계남면종합복지관,484,전북특별자치도 장수군 계남면 유천길 5 (화음리),35.70452934,127.5784419,2025,화학사고,063-350-2531,전북특별자치도 장수군 농산업건설국 환경과,2025-08-26
참샘골체육관,참샘골체육관,895,전북특별자치도 장수군 계북면 문성길 9 (어전리),35.78783778,127.6158444,2025,화학사고,063-350-2531,전북특별자치도 장수군 농산업건설국 환경과,2025-08-26
광양용강초등학교,강당,1432,전라남도 광양시 광양읍 용강1길 40(용강리),34.976191,127.610673,2021,화학사고,061-797-3332,전라남도 광양시 교육보육국 여성가족과,2021-10-01
한누리전당 다목적체육관,한누리전당 다목적체육관,1720,전북특별자치도 장수군 장수읍 한누리로 378 (두산리),35.64023659,127.519819,2024,화학사고,063-350-2531,전북특별자치도 장수군 행정복지국 환경위생과,2024-08-14
쌍봉초등학교,"체육관, 교실",453,전라남도 여수시 흥국로 47(학동),34.7637668,127.6680102,2021,화학사고,061-659-2815,전라남도 여수시 산단환경관리과,2021-05-28
신기초등학교,"체육관, 교실",3026,전라남도 여수시 여천체육공원길 24(신기동),34.76086265,127.675527,2021,화학사고,061-659-2815,전라남도 여수시 산단환경관리과,2021-05-28
시전초등학교,교실,2591,전라남도 여수시 망마로 82-17(신기동),34.75625571,127.6720054,2021,화학사고,061-659-2815,전라남도 여수시 산단환경관리과,2021-05-28
내북초등학교,강당(참솔마루),1162,충청북도 보은군 내북면 화전길 20(화전리),36.5757903,127.6520694,2021,화학사고,043-540-3532,충청북도 보은군 환경위생과,2021-09-16
수정초등학교,사랑관(다목적실),191,충청북도 보은군 속리산면 사내1길 125(사내리),36.5358632,127.8213116,2021,화학사고,043-540-3532,충청북도 보은군 환경위생과,2021-09-16
속리초등학교,강당(여울마루),254,충청북도 보은군 장안면 장안 2길 2(장안리),36.47132856,127.7892891,2021,화학사고,043-540-3532,충청북도 보은군 환경위생과,2021-09-16
관기초등학교,강당,953,충청북도 보은군 마로면 관기송현로 109(관기리),36.43598841,127.8213062,2021,화학사고,043-540-3532,충청북도 보은군 환경위생과,2021-09-23
탄부초등학교,소규모체육관,383,충청북도 보은군 탄부면 덕동벽지길 13(덕동리),36.42576305,127.7768209,2021,화학사고,043-540-3532,충청북도 보은군 환경위생과,2021-09-23
판동초등학교,강당,723,충청북도 보은군 삼승면 삼승탄부로 78-15(내망리),36.39769932,127.7409746,2021,화학사고,043-540-3532,충청북도 보은군 환경위생과,2021-09-17
보덕중학교,강당,929,충청북도 보은군 탄부면 삼승탄부로 843-21(하장리),36.43621235,127.8049648,2021,화학사고,043-540-3532,충청북도 보은군 환경위생과,2021-09-23
속리산중학교,다목적강당,893,충청북도 보은군 삼승면 능월1길 11(내망리),36.39301128,127.7362068,2021,화학사고,043-540-3532,충청북도 보은군 환경위생과,2021-09-23
청산초등학교,1층 강당,1138,충청북도 옥천군 청산면 지전길 36-19(지전리),36.34717226,127.7928185,2021,화학사고,043-730-3444,충청북도 옥천군 균형건설국 환경과,2022-09-14
이원초등학교,1층 강당,1067,충청북도 옥천군 이원면 신흥길 25(강청리),36.2471604,127.6231779,2021,화학사고,043-730-3444,충청북도 옥천군 균형건설국 환경과,2022-09-14
죽향초등학교,1층 강당,1247,충청북도 옥천군 옥천읍 향수1길 26(문정리),36.31375668,127.5775361,2021,화학사고,043-730-3444,충청북도 옥천군 균형건설국 환경과,2022-09-14
옥천여자중학교,1층 강당,916,충청북도 옥천군 옥천읍 중앙로 90(문정리),36.30422016,127.5737638,2021,화학사고,043-730-3444,충청북도 옥천군 균형건설국 환경과,2022-09-14
영동초등학교,강당,970,충청북도 영동군 영동읍 영동천2길 47(계산리),36.17267786,127.7792697,2023,화학사고,043-740-3429,충청북도 영동군 농산업건설국 환경과,2022-12-01
매곡초등학교,다목적교실,1080,충청북도 영동군 매곡면 민주지산로 3609(노천리),36.19183683,127.9324203,2023,화학사고,043-740-3429,충청북도 영동군 농산업건설국 환경과,2022-12-01
구룡초등학교,강당,431,충청북도 영동군 용산면 용산로 366(구촌리),36.26399086,127.8280144,2023,화학사고,043-740-3429,충청북도 영동군 농산업건설국 환경과,2022-12-01
증평군청,2층 회의실,424,충청북도 증평군 증평읍 광장로 88(창동리),36.78531869,127.5814222,2021,화학사고,043-835-3621,충청북도 증평군,2019-12-30
증평보건소,증평보건소,142,충청북도 증평군 증평읍 보건복지로64-1(내성리),36.77428387,127.5866371,2021,화학사고,043-835-3621,충청북도 증평군,2020-12-03
도안면사무소,2층회의실,200,충북 증평군 도안면 문화마을길 8 (화성리),36.81335798,127.6129577,2025,화학사고,043-835-3621,충청북도 증평군,2025-09-08
한국바이오마스터고등학교,학교,3958,충북 진천군 진천읍 남산4길 13 (교성리),36.85138665,127.4393403,2021,화학사고,043-539-3454,충청북도 진천군 경제환경국 환경과,2021-09-30
진천고등학교,학교,2421,충북 진천군 진천읍 문화12길 48 (신정리),36.85375363,127.4503509,2021,화학사고,043-539-3454,충청북도 진천군 경제환경국 환경과,2021-09-30
초평초등학교,학교,581,충북 진천군 초평면 초동로 143 (금곡리),36.84750775,127.5384099,2021,화학사고,043-539-3454,충청북도 진천군 경제환경국 환경과,2021-09-30
구정초등학교,학교,212,충북 진천군 초평면 원댕이길 3 (용산리),36.78085693,127.5351399,2021,화학사고,043-539-3454,충청북도 진천군 경제환경국 환경과,2021-09-30
문백초등학교,학교,527,충청북도 진천군 문백면 봉죽길 22(봉죽리),36.7862552,127.4331342,2021,화학사고,043-539-3454,충청북도 진천군 경제환경국 환경과,2021-09-30
이월중학교,학교,303,충청북도 진천군 이월면 진광로 753(송림리),36.92744897,127.4285386,2021,화학사고,043-539-3454,충청북도 진천군 경제환경국 환경과,2021-09-30
이월초등학교,학교,454,충청북도 진천군 이월면 송림6길 26(송림리),36.9309041,127.431176,2021,화학사고,043-539-3454,충청북도 진천군 경제환경국 환경과,2021-09-30
광혜원고등학교,학교,212,충북 진천군 광혜원면 덕성산로 56 (광혜원리),36.99417706,127.4283258,2021,화학사고,043-539-3454,충청북도 진천군 경제환경국 환경과,2021-09-30
서전중학교,학교,750,충청북도 진천군 덕산읍 예지로 42(두촌리),36.90419956,127.5299524,2021,화학사고,043-539-3454,충청북도 진천군 경제환경국 환경과,2021-09-30
동인초등학교,강당,1187,충청북도 괴산군 괴산읍 읍내로2길 15-8(서부리),36.80579191,127.7896745,2021,화학사고,043-834-0568,충청북도교육청 충청북도괴산증평교육지원청 동인초등학교,2023-08-08
청안초등학교,강당,1032,충청북도 괴산군 청안면 청안읍내로3길 8(읍내리),36.77239605,127.6399506,2021,화학사고,043-838-3624,충청북도교육청 충청북도괴산증평교육지원청 청안초등학교,2023-08-08
무극초등학교,다목적교실,1260,충청북도 음성군 금왕읍 금석로 64,36.99126442,127.5994958,2020,화학사고,043-871-3813,충청북도 음성군 경제환경국 환경과,2023-08-16
하당초등학교,다목적실,1400,충청북도 음성군 원남면 하초로 35-4,36.90669976,127.6788026,2020,화학사고,043-871-3813,충청북도 음성군 경제환경국 환경과,2023-08-16
대강면사무소,회의실,176,충청북도 단양군 대강면 대강로 74(장림리),36.92228081,128.3521117,2023,화학사고,043-420-2663,충청북도 단양군 대강면사무소,2023-08-31
단성면사무소,회의실,179,충청북도 단양군 단성면 충혼로 16(상방리),36.93711055,128.3234148,2023,화학사고,043-420-2663,충청북도 단양군 단성면사무소,2023-08-31
단양읍행정복지센터,회의실,278,충북 단양군 단양읍 중앙1로 35 (별곡리),36.98653328,128.368161,2023,화학사고,043-420-2664,충청북도 단양군 단양읍,2025-08-14
가곡면사무소,회의실,248,충북 단양군 가곡면 남한강로 550 (사평리),37.02840777,128.3854314,2023,화학사고,043-420-2664,충청북도 단양군 가곡면,2025-08-14
경천초등학교,교사시설,888,충청남도 공주시 계룡면 신원사로 112(경천리),36.32448453,127.1496276,2023,화학사고,041-840-8525,충청남도 공주시 경제문화국 환경보호과,2024-08-20
계룡초등학교,강당,867,충청남도 공주시 계룡면 영규대사로 459(유평리),36.35775051,127.1413045,2023,화학사고,041-840-8525,충청남도 공주시 경제문화국 환경보호과,2024-08-20
공주교동초등학교,체육관,288,충청남도 공주시 용당길 69-6(교동),36.4600646,127.1166481,2023,화학사고,041-840-8525,충청남도 공주시 경제문화국 환경보호과,2024-08-20
공주교육대학교 부설초등학교,체육관,313,충청남도 공주시 하선길 47(금학동),36.44164811,127.1178474,2023,화학사고,041-840-8525,충청남도 공주시 경제문화국 환경보호과,2024-08-20
공주여자중학교,강당,236,충청남도 공주시 용당길 54(교동),36.4605605,127.1186681,2023,화학사고,041-840-8525,충청남도 공주시 경제문화국 환경보호과,2024-08-20
구산초등학교,체육관,789,충청남도 공주시 유구읍 유구마곡사로 61-1(유구리),36.55176185,126.9578416,2023,화학사고,041-840-8525,충청남도 공주시 경제문화국 환경보호과,2024-08-20
귀산초등학교,체육관,278,충청남도 공주시 우성면 귀산길 81-15(귀산리),36.49991122,127.1124357,2023,화학사고,041-840-8525,충청남도 공주시 경제문화국 환경보호과,2024-08-20
금성여자고등학교,교사시설,472,충청남도 공주시 무령로 103(웅진동),36.45848555,127.111687,2023,화학사고,041-840-8525,충청남도 공주시 경제문화국 환경보호과,2024-08-20
덕암초등학교,교사시설,740,충청남도 공주시 유구읍 금계산로 943(덕곡리),36.63003899,126.9701983,2023,화학사고,041-840-8525,충청남도 공주시 경제문화국 환경보호과,2024-08-20
반포중학교,교사시설,785,충청남도 공주시 반포면 원당1길 28(봉곡리),36.40413932,127.2430199,2023,화학사고,041-840-8525,충청남도 공주시 경제문화국 환경보호과,2024-08-20
상서초등학교,급식시설,327,충청남도 공주시 우성면 우성길 137-37(상서리),36.47927304,127.0777242,2023,화학사고,041-840-8525,충청남도 공주시 경제문화국 환경보호과,2024-08-20
석송초등학교,급식시설,284,충청남도 공주시 정안면 마래섭들길 56(전평리),36.56444997,127.1143444,2023,화학사고,041-840-8525,충청남도 공주시 경제문화국 환경보호과,2024-08-20
수촌초등학교,강당,829,충청남도 공주시 의당면 윗태실길 1-8(수촌리),36.51688108,127.1352604,2023,화학사고,041-840-8525,충청남도 공주시 경제문화국 환경보호과,2024-08-20
신관초등학교,강당,962,충청남도 공주시 번영1로 97-13(신광동),36.47551777,127.1393087,2023,화학사고,041-840-8525,충청남도 공주시 경제문화국 환경보호과,2024-08-20
신풍초등학교,강당,812,충청남도 공주시 신풍면 신풍길 50-11(산정리),36.5175793,126.9529702,2023,화학사고,041-840-8525,충청남도 공주시 경제문화국 환경보호과,2024-08-20
유구초등학교,체육관,370,충청남도 공주시 유구읍 유구초교길 12(석남리),36.55389426,126.9493041,2023,화학사고,041-840-8525,충청남도 공주시 경제문화국 환경보호과,2024-08-20
이인초등학교,강당,837,충청남도 공주시 이인면 은행길 56(이인리),36.36253452,127.0598055,2023,화학사고,041-840-8525,충청남도 공주시 경제문화국 환경보호과,2024-08-20
정안초등학교,강당,621,충청남도 공주시 정안면 정안중앙길 79(내촌리),36.60273067,127.1166167,2023,화학사고,041-840-8525,충청남도 공주시 경제문화국 환경보호과,2024-08-20
충남과학고등학교,교사시설,465,충청남도 공주시 반포면 금벽로 1351-15(마암리),36.42669264,127.2189142,2023,화학사고,041-840-8525,충청남도 공주시 경제문화국 환경보호과,2024-08-20
탄천초등학교,체육관,974,충청남도 공주시 탄천면 통산로 168(삼각리),36.33113033,127.0308291,2023,화학사고,041-840-8525,충청남도 공주시 경제문화국 환경보호과,2024-08-20
호계초등학교,강당,516,충청남도 공주시 사곡면 마곡사로 149-12(호계리),36.50769832,127.0235091,2023,화학사고,041-840-8525,충청남도 공주시 경제문화국 환경보호과,2024-08-20
효포초등학교,강당,870,충청남도 공주시 전진배길 313(신기동),36.4282889,127.1476966,2023,화학사고,041-840-8525,충청남도 공주시 경제문화국 환경보호과,2024-08-20
대창초등학교,강당,874,충청남도 보령시 웅천읍 방축길 90-43(대창리),36.23189425,126.6063758,0,화학사고,041-930-3677,충청남도 보령시 에너지환경국 기후환경과,2021-11-19
송학초등학교,강당,461,충청남도 보령시 주교면 토정로 796-52(송학리),36.37956268,126.5271033,0,화학사고,041-930-3677,충청남도 보령시 에너지환경국 기후환경과,2021-11-19
오포3리마을회관,전체시설,173,충청남도 보령시 오천면 지픈골길 36(오포리),36.3974466,126.5043916,0,화학사고,041-930-3677,충청남도 보령시 에너지환경국 기후환경과,2021-11-19
웅천중고등학교,기숙사 강당,1440,충청남도 보령시 웅천읍 방축길 87(대창리),36.23412741,126.6051465,2021,화학사고,041-930-3677,충청남도 보령시 에너지환경국 기후환경과,2021-11-19
한내초등학교,강당,1264,충청남도 보령시 보령남로 39(명천동),36.34179038,126.6019861,2021,화학사고,041-930-3677,충청남도 보령시 에너지환경국 기후환경과,2021-11-19
송악고등학교,강당,389,충청남도 당진시 송악읍 송악로 165(가학리),36.91695841,126.7037628,2021,화학사고,041-360-6763,충청남도 당진시청 환경관리사업소,2022-09-01
신평문화스포츠센터,체육관,1260,충청남도 당진시 신평면 말목길 20(금천리),36.88531198,126.7618718,2021,화학사고,041-360-6761,충청남도 당진시청 환경관리사업소,2022-09-01
순성초등학교,강당,330,충청남도 당진시 순성면 순성로 473(봉소리),36.84265464,126.7104542,2021,화학사고,041-360-6761,충청남도 당진시청 환경관리사업소,2022-09-01
우강초등학교,체육관,232,충청남도 당진시 우강면 우강송산로 183-7(송산리),36.82535177,126.7888357,2021,화학사고,041-360-6761,충청남도 당진시청 환경관리사업소,2022-09-01
당진시 종합복지타운,강당,6831,충청남도 당진시 시청1로 38(수청동),36.89143943,126.643102,2021,화학사고,041-360-6761,충청남도 당진시청 환경관리사업소,2022-09-01
여성의전당,강당,158,충청남도 당진시 남부로 8(행정동),36.8828014,126.6167285,2021,화학사고,041-360-6761,충청남도 당진시청 환경관리사업소,2022-09-01
정미초등학교,교실,1316,충청남도 당진시 정미면 운정로 642(대방리),36.85654514,126.5545301,2021,화학사고,041-360-6761,충청남도 당진시청 환경관리사업소,2022-09-01
당진종합운동장트레이닝센터,강당,695,충청남도 당진시 고대면 고대로 33(진관리),36.92290605,126.5961243,2021,화학사고,041-360-6761,충청남도 당진시청 환경관리사업소,2022-09-01
석문교육문화스포츠센터,체육관,1677,충청남도 당진시 석문면 대호만로 1543(삼봉리),37.00294076,126.553537,2021,화학사고,041-360-6761,충청남도 당진시청 환경관리사업소,2022-09-01
삼봉초등학교,체육관,330,충청남도 당진시 석문면 대호만로 1722-1(삼봉리),37.01341343,126.5393741,2021,화학사고,041-360-6761,충청남도 당진시청 환경관리사업소,2022-09-01
추부체육관,체육관,606,충청남도 금산군 추부면 하마전로 75(마전리),36.19258754,127.4741075,2021,화학사고,041-750-8703,충청남도 금산군 추부면,2026-05-08
추부초등학교,학교,365,충청남도 금산군 추부면 하마전로 23(하장리),36.19114847,127.4688096,2021,화학사고,041-753-7910,충청남도교육청 충청남도금산교육지원청 추부초등학교,2026-05-08
양화초등학교,체육관,863,충청남도 부여군 양화면 충절로215,36.1287438,126.8574518,2025,화학사고,041-830-2299,충청남도 부여군 농림축산환경국 환경과,2026-05-08
임천중학교,강당,1205,충남 부여군 임천면 성흥로 210 (구교리),36.18145776,126.8995989,2025,화학사고,041-830-2299,충청남도 부여군 농림축산환경국 환경과,2026-05-08
부여국민체육센터,체육관,5230,충남 부여군 규암면 호수로 82 (나복리),36.27862458,126.8628729,2025,화학사고,041-830-2299,충청남도 부여군 농림축산환경국 환경과,2026-05-08
장항중학교 체육관,체육시설,445,충청남도 서천군 장항읍 장서로 16번길 79(원수리),36.00804661,126.7031656,2021,화학사고,041-950-4332,충청남도 서천군 안전건설국 환경보호과,2023-08-07
장항중앙초등학교,학교,540,충청남도 서천군 장항읍 장항로 121번길 7(신창리),36.01276541,126.6910181,2021,화학사고,041-950-4332,충청남도 서천군 안전건설국 환경보호과,2023-08-07
장항고등학교,학교,312,충청남도 서천군 장항읍 성화로 193번길 6(성주리),36.01652197,126.706545,2023,화학사고,041-950-4332,충청남도 서천군 안전건설국 환경보호과,2023-08-07
장항공업고등학교,학교,215,충청남도 서천군 장항읍 신창서로 77(신창리),36.01529163,126.6860164,2023,화학사고,041-950-4332,충청남도 서천군 안전건설국 환경보호과,2023-08-07
서천초등학교,학교,150,충청남도 서천군 서천읍 서천로98번길 5(군사리),36.07861608,126.6886263,2023,화학사고,041-950-4332,충청남도 서천군 안전건설국 환경보호과,2023-08-07
서천고등학교 웅비관,학교,300,충청남도 서천군 서천읍 사곡로 43번길 13-16(사곡리),36.08604257,126.689674,2023,화학사고,041-950-4332,충청남도 서천군 안전건설국 환경보호과,2023-08-07
마동초등학교,학교,211,충청남도 서천군 마서면 송내리 원송로 229(송내리),36.02516861,126.7146868,2023,화학사고,041-950-4332,충청남도 서천군 안전건설국 환경보호과,2023-08-07
서남초등학교,학교,206,충청남도 서천군 마서면 마서로 260-12(봉남리),36.0586212,126.6795706,2023,화학사고,041-950-4332,충청남도 서천군 안전건설국 환경보호과,2023-08-07
송석초등학교,학교,225,충청남도 서천군 마서면 송신로 432(송석리),36.07350669,126.6435229,2023,화학사고,041-950-4332,충청남도 서천군 안전건설국 환경보호과,2023-08-07
화양초등학교,학교,350,충청남도 서천군 화양면 화산로 64(봉명리),36.04323348,126.7761404,2023,화학사고,041-950-4332,충청남도 서천군 안전건설국 환경보호과,2023-08-07
기산초등학교,학교,140,충청남도 서천군 기산면 기산길 107(화산리),36.07413907,126.7680599,2023,화학사고,041-950-4332,충청남도 서천군 안전건설국 환경보호과,2023-08-07
한산초등학교 건지관,강당,151,충청남도 서천군 한산면 한마로 48(지현리),36.08593034,126.8039934,2023,화학사고,041-950-4332,충청남도 서천군 안전건설국 환경보호과,2023-08-07
한산중학교,학교,120,충청남도 서천군 한산면 한마로 130-31(성외리),36.09232731,126.8043439,2023,화학사고,041-950-4332,충청남도 서천군 안전건설국 환경보호과,2023-08-07
마산초등학교,학교,300,충청남도 서천군 마산면 삼일로 327(마명리),36.1210018,126.7949366,2023,화학사고,041-950-4332,충청남도 서천군 안전건설국 환경보호과,2023-08-07
시초초등학교,학교,300,충청남도 서천군 시초면 시초북로 31(초현리),36.12196769,126.751721,2023,화학사고,041-950-4332,충청남도 서천군 안전건설국 환경보호과,2023-08-07
문산초등학교,학교,170,충청남도 서천군 문산면 신농길 26-29(신농리),36.14323307,126.7512624,2023,화학사고,041-950-4332,충청남도 서천군 안전건설국 환경보호과,2023-08-07
오성초등학교,학교,188,충청남도 서천군 판교면 종판로 857번길 13(현암리),36.15504325,126.6834265,2023,화학사고,041-950-4332,충청남도 서천군 안전건설국 환경보호과,2023-08-07
부내초등학교,학교,250,충청남도 서천군 종천면 충서로 363번길 23-1(종천리),36.10259169,126.6467481,2023,화학사고,041-950-4332,충청남도 서천군 안전건설국 환경보호과,2023-08-07
비인초등학교,학교,300,충청남도 서천군 비인면 비인로 192(성내리),36.14243818,126.6020427,2023,화학사고,041-950-4332,충청남도 서천군 안전건설국 환경보호과,2023-08-07
비인중학교,학교,450,충청남도 서천군 비인면 비인로 142(성내리),36.13957736,126.6062875,2023,화학사고,041-950-4332,충청남도 서천군 안전건설국 환경보호과,2023-08-07
서도초등학교,학교,220,충청남도 서천군 서면 공암남촌길 31번길 33(도둔리),36.15318311,126.5214793,2023,화학사고,041-950-4332,충청남도 서천군 안전건설국 환경보호과,2023-08-07
서면초등학교,학교,60,충청남도 서천군 서면 선합장길 15(신합리),36.15359574,126.5554697,2023,화학사고,041-950-4332,충청남도 서천군 안전건설국 환경보호과,2023-08-07
청양정산고등학교 강당,별관 강당,923,충청남도 청양군 정산면 칠갑산로 1897(서정리),36.41370301,126.94944,2021,화학사고,041-940-2434,충청남도 청양군 안전총괄과,2015-01-01
수정초등학교,별관 강당,1496,충남 청양군 대치면 칠갑산로 514 (주정리),36.44548703,126.8282451,2015,화학사고,041-940-4162,충청남도교육청 충청남도청양교육지원청 수정초등학교,2025-08-25
청어람센터,다목적강당,396,충남 청양군 청남면 명덕로 207-10 (청소리),36.35497624,126.950879,2024,화학사고,041-940-2434,충청남도 청양군 청남면,2025-08-25
합천초등학교,별관 강당,638,충남 청양군 화성면 무한로 88 (산정리),36.42545274,126.7136306,2010,화학사고,041-940-2433,충청남도교육청 충청남도청양교육지원청 합천초등학교,2025-08-25
홍주고등학교,실내체육관,1716,충청남도 홍성군 홍성읍 문화로 78(오관리),36.593155,126.6635565,2021,화학사고,041-630-1456,충청남도 홍성군 지역개발국 환경과,2023-07-28
광천중학교,체육관,804,충청남도 홍성군 광천읍 광천로 396-34(광천리),36.50958372,126.6289416,2021,화학사고,041-630-1456,충청남도 홍성군 지역개발국 환경과,2023-07-28
충남드론항공고등학교,체육관,1275,충청남도 홍성군 광천읍 홍남로 695(광천리),36.50487807,126.6276943,2021,화학사고,041-630-1456,충청남도 홍성군 지역개발국 환경과,2023-07-28
내포초등학교,2층 체육관(푸른솔관),990,충청남도 홍성군 홍북읍 홍학로 38(신경리),36.64902978,126.6707672,2021,화학사고,041-630-1456,충청남도 홍성군 지역개발국 환경과,2023-07-28
한울초등학교,다목적 강당,774,충청남도 홍성군 홍북읍 홍학로 131(신경리),36.64498623,126.6799626,2021,화학사고,041-630-1456,충청남도 홍성군 지역개발국 환경과,2023-07-28
구항면 행정복지센터,다목적홀,473,충청남도 홍성군 구항면 구항길 109(오봉리),36.58797324,126.6109307,2021,화학사고,041-630-1456,충청남도 홍성군 지역개발국 환경과,2023-07-28
대정초등학교,다목적실,362,충청남도 홍성군 구항면 거북로 20(지정리),36.54739853,126.6378578,2021,화학사고,041-630-1456,충청남도 홍성군 지역개발국 환경과,2023-07-28
만호경로당,경로당,160,전라남도 목포시 유동로36번길 19-2 (중동1가),34.78515335,126.3826751,2023,화학사고,061-270-4512,전라남도 목포시 자치행정복지국 사회복지과,2021-11-01
송광경로당,경로당,100,전라남도 목포시 유동로 7(해안동4가/송광비취타운),34.78239665,126.3807673,2023,화학사고,061-270-4512,전라남도 목포시 자치행정복지국 사회복지과,2021-11-01
서산경로당,경로당,160,전라남도 목포시 보리마당로 48(서산동),34.78348805,126.377812,2023,화학사고,061-270-4512,전라남도 목포시 자치행정복지국 사회복지과,2021-11-01
온금 남녀 경로당,경로당,249,전라남도 목포시 다순구미로 18-5 (온금동),34.7824809,126.3725755,2023,화학사고,061-270-4512,전라남도 목포시 자치행정복지국 사회복지과,2021-11-01
북교초등학교,강당,900,전라남도 목포시 수문로 83(북교동),34.79605538,126.3772969,2023,화학사고,061-245-2907,전라남도 목포시 북교초등학교,2021-11-01
정명여자고등학교,강당,1100,전라남도 목포시 삼일로 45(양동),34.79634126,126.3825425,2023,화학사고,061-240-5903,전라남도 정명여자고등학교,2021-11-01
순천율산초등학교,강당,518,전라남도 순천시 율산공원길 10(연향동),34.93873722,127.5255532,2021,화학사고,061-749-5769,전라남도 순천시 생태환경국 환경관리과,2024-08-20
노안중학교,체육관,1076,전라남도 나주시 노안면 노안로 373(금동리),35.07364724,126.7340428,2023,화학사고,061-339-8933,전라남도 나주시 복지환경국 환경관리과,2026-05-11
나주중앙초등학교,실내전체시설,3568,전라남도 나주시 대호길 24(성북동),35.03847475,126.7196027,2023,화학사고,061-339-8933,전라남도 나주시 복지환경국 환경관리과,2026-05-11
빛가람초등학교,강당,671,전라남도 나주시 그린로 176(빛가람동),35.00905922,126.785217,2023,화학사고,061-339-8933,전라남도 나주시 복지환경국 환경관리과,2026-05-11
영강초등학교,강당,888,전라남도 나주시 영강길 14(삼영동),35.00645728,126.7126104,2023,화학사고,061-339-8933,전라남도 나주시 복지환경국 환경관리과,2026-05-11
나주종합스포츠파크체육관(국민체육센터),체육관,809,전라남도 나주시 영산강변로 99(송월동),35.01124349,126.7183317,2023,화학사고,061-339-8933,전라남도 나주시 복지환경국 환경관리과,2026-05-11
문평중학교,다목적실,72,전남 나주시 문평면 평복길 27 (옥당리),35.03652302,126.6108784,2025,화학사고,061-339-8933,전라남도 나주시 복지환경국 환경관리과,2026-05-11
광양북초등학교,강당(목성관),1747,전라남도 광양시 광양읍 유당로 60-1(목성리),34.976272,127.5946115,2021,화학사고,061-797-3332,전라남도 광양시청 환경과,2021-10-01
광양가야초등학교,강당(가야관),964,전라남도 광양시 가야로 369(광영동),34.9670519,127.7129028,2021,화학사고,061-797-3332,전라남도 광양시청 환경과,2021-10-01
광영고등학교,강당(광영관),951,전라남도 광양시 가야로 322(광영동),34.96196267,127.7146106,2021,화학사고,061-797-3332,전라남도 광양시청 환경과,2021-10-01
다압초등학교,강당(매화관),1506,전라남도 광양시 다압면 항동3길 10(고사리),35.12080499,127.6918524,2021,화학사고,061-797-3332,전라남도 광양시청 환경과,2021-10-01
봉강초등학교,강당(봉강관),398,전라남도 광양시 봉강면 조양길 42(봉당리),35.01212578,127.5811954,2021,화학사고,061-797-3332,전라남도 광양시청 환경과,2021-10-01
옥곡초등학교,강당(옥실관),865,전라남도 광양시 옥곡면 옥진로 623(원월리),34.9907542,127.6960356,2021,화학사고,061-797-3332,전라남도 광양시청 환경과,2021-10-01
옥룡초등학교,강당(체육관),869,전라남도 광양시 옥룡면 신재로 607(운평리),35.01526719,127.617666,2021,화학사고,061-797-3332,전라남도 광양시청 환경과,2021-10-01
중마고등학교,강당,843,전라남도 광양시 등논4길 40(마동),34.95336826,127.6971426,2021,화학사고,061-797-3332,전라남도 광양시 관광문화환경국 환경과,2021-10-01
한국항만물류고등학교,강당(진상관),1720,전라남도 광양시 진상면 신시길 177(섬거리),35.01742666,127.7171142,2021,화학사고,061-797-3332,전라남도 광양시청 환경과,2021-10-01
진월초광양진월중학교,강당,717,전남 광양시 진월면 방죽1길 10 (마룡리),34.99121137,127.7421154,2026,화학사고,061-797-3332,전라남도 광양시 관광문화환경국 환경과,2026-05-19
광양실내체육관,체육관,5202,전남 광양시 광양읍 매천로 695-20 (구산리),34.98280027,127.5754164,1989,화학사고,061-797-3332,전라남도 광양시 관광문화환경국 환경과,2026-05-19
곡성군 문화체육관,체육관,964,전라남도 곡성군 곡성읍 곡성로 855(읍내리),35.28138595,127.2981873,2023,화학사고,061-360-8532,전라남도 곡성군청 환경과,2023-01-25
고흥동초등학교,강당,896,전라남도 고흥군 고흥읍 학교길56(호형리),34.60890193,127.2904966,2022,화학사고,061-830-5834,전라남도 고흥군 환경정책과,2024-05-31
녹동초등학교,강당,800,전라남도 고흥군 도양읍 천마로83(봉암리),34.53021156,127.1384128,2022,화학사고,061-830-5834,전라남도 고흥군 환경정책과,2024-05-31
장흥실내체육관,장흥실내체육관,4000,전라남도 장흥군 장흥읍 읍성로 5-28(충열리),34.66987598,126.892377,2023,화학사고,061-860-6962,전라남도 장흥군청 환경관리과,2023-08-31
부산초등학교,체육관,4000,전라남도 장흥군 부산면 부유로 25-16(구룡리),34.72289198,126.9012745,2023,화학사고,061-863-8701,전라남도 장흥군청 환경관리과,2023-08-31
우슬동백체육관,체육관,600,전라남도 해남군 해남읍 해남로 72(해리),34.56940338,126.6187069,2023,화학사고,061-530-5644,전라남도 해남군청 환경과,2025-08-25
영암여자고등학교,강당,384,전라남도 영암군 영암읍 여중고길 12,34.80243857,126.7024988,2021,화학사고,061-470-2335,전라남도 영암군 안전건설환경국 환경기후과,2021-11-25
삼호종합문화체육센터,실내체육관,2800,전라남도 영암군 삼호읍 방아제로 66 (용앙리),34.752488,126.4705484,2024,화학사고,061-470-2335,전라남도 영암군 안전건설환경국 환경기후과,2024-03-06
영광중앙초등학교,강당,520,전라남도 영광군 영광읍 천년로13길 57-9,35.2792459,126.506443,2023,화학사고,061-350-5448,전라남도 영광군 안전관리과,2024-05-23
홍농중학교,강당,371,전라남도 영광군 홍농읍 상하길 109 (상하리),35.40100046,126.4470341,2024,화학사고,061-350-5448,전라남도 영광군 안전관리과,2024-05-24
대마초등학교,강당,275,전라남도 영광군 대마면 영장로 277 (월산리),35.30302297,126.5811134,2024,화학사고,061-350-5448,전라남도 영광군 안전관리과,2024-05-24
불갑초등학교,강당,266,전라남도 영광군 불갑면 강항로 7 (쌍운리),35.21132433,126.5072003,2024,화학사고,061-350-5448,전라남도 영광군 안전관리과,2024-05-24
군서초등학교,강당,379,전라남도 영광군 군서면 군서로 54 (남죽리),35.25687913,126.477934,2024,화학사고,061-350-5448,전라남도 영광군 안전관리과,2024-05-24
군남중학교,강당,240,전남 영광군 군남면 포천길 13 (포천리),35.24009846,126.4514216,2024,화학사고,061-350-5448,전라남도 영광군 안전관리과,2024-05-24
군남초등학교,강당,279,전라남도 영광군 군남면 군불로 135 (백양리),35.23602799,126.4582163,2024,화학사고,061-350-5448,전라남도 영광군 안전관리과,2023-08-07
염산초등학교,강당,282,전라남도 영광군 염산면 칠산로 124 (봉남리),35.22093,126.3670611,2024,화학사고,061-350-5448,전라남도 영광군 안전관리과,2024-05-24
오천읍민복지회관,강당,426,경상북도 포항시 남구 오천읍 냉천로320번길 4-11(원리),35.96674261,129.408648,2021,화학사고,054-270-2915,경상북도 포항시 복지국 복지정책과,2020-11-03
구정초등학교,강당,63,경상북도 포항시 남구 오천읍 구정길 11(구정리),35.98067576,129.4092406,2021,화학사고,054-270-2915,경상북도 포항시 복지국 복지정책과,2020-11-03
만인당,체육관,500,경상북도 포항시 남구 희망대로 814 (대도동),36.00657556,129.3614207,2021,화학사고,054-270-3112,경상북도 포항시청 환경정책과,2020-11-03
청하면문화복지센터,회의실,172,경북 포항시 북구 청하면 청하로 247 (덕천리),36.20147846,129.3403235,2021,화학사고,054-270-3112,경상북도 포항시 환경국 환경정책과,2026-03-02
청림초등학교,강당,317,경상북도 포항시 남구 정몽주로 890(청림동),35.99538473,129.4045103,2021,화학사고,054-270-2915,경상북도 포항시 복지국 복지정책과,2020-11-03
인덕초등학교,강당,530,경상북도 포항시 남구 서원재로170번길 9(인덕동),35.98464802,129.4022222,2021,화학사고,054-270-2915,경상북도 포항시 복지국 복지정책과,2020-11-03
죽천2리마을회관,마을회관,77,경상북도 포항시 북구 흥해읍 죽천길 13(죽천리),36.0837721,129.4164326,2021,화학사고,054-270-29115,경상북도 포항시 복지국 복지정책과,2020-11-03
강동초등학교,체육관,315,경상북도 경주시 강동면 강동로 80(유금리),35.99245056,129.277209,2021,화학사고,054-779-6373,경상북도 경주시 환경녹지국 환경정책과,2021-09-14
한국국제통상마이스터고등학교,강당,831,경상북도 경주시 감포읍 감포로12길 20(오류리),35.81078182,129.5062191,2021,화학사고,054-779-6373,경상북도 경주시 환경녹지국 환경정책과,2021-09-14
건천초등학교,체육관,543,경상북도 경주시 건천읍 내서로 1105(건천리),35.85075876,129.1029932,2021,화학사고,054-779-6373,경상북도 경주시 환경녹지국 환경정책과,2021-09-14
경주디자인고등학교,강당,589,경상북도 경주시 현곡면 용담로 694(가정리),35.90011022,129.1633121,2021,화학사고,054-779-6373,경상북도 경주시 환경녹지국 환경정책과,2021-09-14
경주여자정보고등학교,체육관,873,경상북도 경주시 시동로 90(시래동),35.77359111,129.290608,2021,화학사고,054-779-6373,경상북도 경주시 환경녹지국 환경정책과,2021-09-14
입실초등학교,강당,437,경상북도 경주시 외동읍 입실로1길 94 (입실리),35.71670536,129.3244636,2021,화학사고,054-779-6373,경상북도 경주시 환경녹지국 환경정책과,2021-09-14
양남중학교,강당,238,경상북도 경주시 양남면 양남로 325-3 (하서리),35.67402494,129.4611048,2021,화학사고,054-779-6373,경상북도 경주시 환경녹지국 환경정책과,2021-09-14
천북초등학교,강당,195,경상북도 경주시 천북면 천북로 343 (동산리),35.89701021,129.2674474,2021,화학사고,054-779-6373,경상북도 경주시 환경녹지국 환경정책과,2021-09-14
모화초등학교,강당,984,경상북도 경주시 외동읍 계동1길 12 (모화리),35.67705206,129.333116,2023,화학사고,054-779-6373,경상북도 경주시 환경녹지국 환경정책과,2023-11-30
하곡리회관,마을회관,425,경상북도 경주시 안강읍 성산서당길 61 (하곡리),35.98593267,129.1419478,2024,화학사고,054-779-6373,경상북도 경주시 환경녹지국 환경정책과,2024-02-01
김천상공회의소,본관,2334,경상북도 김천시 시청로 137(신음동),36.14058717,128.1177195,2021,화학사고,054-420-6779,경상북도 김천시 복지환경국 환경위생과,2023-08-18
아천초등학교,강당,1206,경상북도 김천시 어모면 어모문화1길 14(중왕리),36.17873873,128.1166384,2021,화학사고,054-420-6779,경상북도 김천시 복지환경국 환경위생과,2023-08-18
어모면민복지회관,본관,118,경상북도 김천시 어모면 어모문화3길 28-7(중왕리),36.18163753,128.1164683,2021,화학사고,054-420-6779,경상북도 김천시 복지환경국 환경위생과,2023-08-18
옥율2리마을회관,본관,101,경상북도 김천시 어모면 어모로 235-8(옥율리),36.17744251,128.1167256,2021,화학사고,054-420-6779,경상북도 김천시 복지환경국 환경위생과,2023-08-18
김천여자중학교,목향관,1126,경상북도 김천시 자산로 168(성내동),36.12572711,128.1186751,2021,화학사고,054-420-6779,경상북도 김천시 복지환경국 환경위생과,2023-08-18
개령서부초등학교,체육관,367,경상북도 김천시 개령면 감문로 277(신룡리),36.1569607,128.1522362,2021,화학사고,054-420-6779,경상북도 김천시 복지환경국 환경위생과,2023-08-18
김천생명과학고등학교,본관동,6383,경상북도 김천시 부거리길 310(교동),36.13585885,128.0998997,2021,화학사고,054-420-6779,경상북도 김천시 복지환경국 환경위생과,2023-08-18
교동경로당,본관,322,경상북도 김천시 김산향교길 6(교동),36.13894649,128.0951016,2021,화학사고,054-420-6779,경상북도 김천시 복지환경국 환경위생과,2023-08-18
국사2리마을회관,본관,120,경상북도 김천시 아포읍 국사길 118-6(국사리),36.15908913,128.2562225,2021,화학사고,054-420-6779,경상북도 김천시 복지환경국 환경위생과,2023-08-18
아포중학교,본관동,4692,경상북도 김천시 아포읍 아포대로 1053(국사리),36.15985471,128.2433108,2021,화학사고,054-420-6779,경상북도 김천시 복지환경국 환경위생과,2023-08-18
지례면행정복지센터,본관,843,경상북도 김천시 지례면 상부길 101(교리),35.98477291,128.0266623,2021,화학사고,054-420-6779,경상북도 김천시 복지환경국 환경위생과,2023-08-18
일직초등학교,본관,641,경상북도 안동시 일직면 감시골길 6-3(원호리),36.48417655,128.6574991,2019,화학사고,054-840-5283,경상북도 안동시 수자원환경국 환경관리과,2025-08-20
복주초등학교,강당,1127,경상북도 안동시 복주3길 23-13 (옥동),36.56334619,128.6978693,2019,화학사고,054-840-5283,경상북도 안동시 수자원환경국 환경관리과,2025-08-20
안동초등학교,강당,720,경상북도 안동시 경동로 643(남문동),36.56433769,128.72825,2019,화학사고,054-840-5283,경상북도 안동시 수자원환경국 환경관리과,2025-08-20
길주초등학교,강당(길빛관),364,경상북도 안동시 경동로 947-20 (용상동),36.55570678,128.7595943,2019,화학사고,054-840-5283,경상북도 안동시 수자원환경국 환경관리과,2025-08-20
세계물포럼 기념센터,대강당 국제회의실,446,경상북도 안동시 석주로 383(성곡동),36.58087167,128.7760406,2021,화학사고,054-840-5283,경상북도 안동시 수자원환경국 환경관리과,2025-08-20
선산고등학교 기숙사,기숙사,1089,경상북도 구미시 선산읍 단계서4길 18(노상리),36.24828338,128.2942837,2024,화학사고,054-480-5272,경상북도 구미시 환경교통국 환경관리과,2022-09-01
선산중학교,체육관,2039,경상북도 구미시 선산읍 선상서로14길 19-20,36.24126877,128.2906778,2024,화학사고,054-480-5272,경상북도 구미시 환경교통국 환경관리과,2022-09-01
선산초등학교 병설유치원,본관,163,경북 구미시 선산읍 동부리 545-1 (동부리),36.24405625,128.301214,2024,화학사고,054-480-5272,경상북도 구미시 환경교통국 환경관리과,2022-09-01
선산초등학교,본관,3021,경상북도 구미시 선산읍 선산중앙로 87-4(동부리),36.24380346,128.3008427,2024,화학사고,054-480-5272,경상북도 구미시 환경교통국 환경관리과,2022-09-01
고아읍사무소,본관,1145,경상북도 구미시 고아읍 선산대로 980(관심리),36.21093085,128.328473,2024,화학사고,054-480-5272,경상북도 구미시 환경교통국 환경관리과,2022-09-01
구운초등학교,본관,933,경상북도 구미시 고아읍 송평구길 79(괴평리),36.17071176,128.3688099,2024,화학사고,054-480-5272,경상북도 구미시 환경교통국 환경관리과,2022-09-01
현일고등학교 도서관동,도서관,531,경상북도 구미시 고아읍 선산대로 656(항곡리),36.18747899,128.349812,2024,화학사고,054-480-5272,경상북도 구미시 환경교통국 환경관리과,2022-09-01
현일중학교,본관,1656,경북 구미시 고아읍 항곡리 468-1 (항곡리),36.18793537,128.3502951,2024,화학사고,054-480-5272,경상북도 구미시 환경교통국 환경관리과,2022-09-01
무을초등학교,본관,483,경상북도 구미시 무을면 송삼1길 33(송삼리),36.26422182,128.1974241,2024,화학사고,054-480-5272,경상북도 구미시 환경교통국 환경관리과,2022-09-01
덕촌초등학교,본관,219,경상북도 구미시 옥성면 선상서로 584(덕촌리),36.26305165,128.2542219,2024,화학사고,054-480-5272,경상북도 구미시 환경교통국 환경관리과,2022-09-01
옥성초등학교 돌봄교실,돌봄교실,26,경상북도 구미시 옥성면 주아2길 18-13(주아리),36.29682789,128.2759578,2024,화학사고,054-480-5272,경상북도 구미시 환경교통국 환경관리과,2022-09-01
도개중고등학교,강당,6672,경상북도 구미시 도개면 도안로 120(궁기리),36.30146107,128.3305857,2024,화학사고,054-480-5272,경상북도 구미시 환경교통국 환경관리과,2022-09-01
경북생활과학고등학교 강당,강당,489,경상북도 구미시 해평면 강동로 1654(월호리),36.19808516,128.3924893,2024,화학사고,054-480-5272,경상북도 구미시 환경교통국 환경관리과,2022-09-01
해평초등학교,본관,4145,경상북도 구미시 해평면 월호2길 5(월호리),36.20350947,128.3907842,2024,화학사고,054-480-5272,경상북도 구미시 환경교통국 환경관리과,2022-09-01
오상고등학교 도서관,도서관,529,경상북도 구미시 장천면 강동로 164(상장리),36.1237196,128.4972486,2024,화학사고,054-480-5272,경상북도 구미시 환경교통국 환경관리과,2022-09-01
장천초등학교 다목적강당,다목적강당,216,경상북도 구미시 장천면 강동로 236(하장리),36.13040262,128.4949873,2024,화학사고,054-480-5272,경상북도 구미시 환경교통국 환경관리과,2022-09-01
송정여자중학교 별관동,별관동,775,경상북도 구미시 송정대로6길 72-12 (송정동),36.11357209,128.3480434,2024,화학사고,054-480-5272,경상북도 구미시 환경교통국 환경관리과,2022-09-01
송정초등학교 다목적강당,다목적강당,3088,경상북도 구미시 송정대로6길 72-6 (송정동),36.11367528,128.3488837,2024,화학사고,054-480-5272,경상북도 구미시 환경교통국 환경관리과,2022-09-01
구미초등학교,본관,1614,경상북도 구미시 역전로2길 23(원평동),36.13035403,128.3345227,2024,화학사고,054-480-5272,경상북도 구미시 환경교통국 환경관리과,2022-09-01
구미고등학교,본관,2248,경상북도 구미시 문장로 42(도량동),36.13732556,128.3334021,2024,화학사고,054-480-5272,경상북도 구미시 환경교통국 환경관리과,2022-09-01
구미중학교 강당,강당,818,경상북도 구미시 문장로 159(도량동),36.14721903,128.3306586,2024,화학사고,054-480-5272,경상북도 구미시 환경교통국 환경관리과,2022-09-01
도량초등학교,본관,2517,경상북도 구미시 송동로7길 15-14 (도량동),36.14471398,128.3200642,2024,화학사고,054-480-5272,경상북도 구미시 환경교통국 환경관리과,2022-09-01
도봉초등학교 다목적강당,다목적강당,356,경상북도 구미시 도봉로 47(도량동),36.14158926,128.3165872,2024,화학사고,054-480-5272,경상북도 구미시 환경교통국 환경관리과,2022-09-01
도산초등학교 다목적강당,다목적강당,653,경상북도 구미시 문장로 100(도량동),36.14240767,128.333227,2024,화학사고,054-480-5272,경상북도 구미시 환경교통국 환경관리과,2022-09-01
지산초등학교,본관,1900,경상북도 구미시 지산13길 17(지산동),36.14043583,128.3445645,2024,화학사고,054-480-5272,경상북도 구미시 환경교통국 환경관리과,2022-09-01
금오초등학교,다목적강당,357,경상북도 구미시 산책길 19(원평동),36.1240962,128.3338642,2024,화학사고,054-480-5272,경상북도 구미시 환경교통국 환경관리과,2022-09-01
선주중학교,본관,3812,경상북도 구미시 야은로13길 27(봉곡동),36.14242382,128.3132126,2024,화학사고,054-480-5272,경상북도 구미시 환경교통국 환경관리과,2022-09-01
선주초등학교 다목적강당,다목적강당,734,경상북도 구미시 봉곡로 134(봉곡동),36.15063648,128.3118856,2024,화학사고,054-480-5272,경상북도 구미시 환경교통국 환경관리과,2022-09-01
원남초등학교,본관,3816,경상북도 구미시 원남로 12-50 (남통동),36.12938186,128.3210154,2024,화학사고,054-480-5272,경상북도 구미시 환경교통국 환경관리과,2022-09-01
구미여자상업고등학교 매화생활관,매화생활관,398,경상북도 구미시 형곡로38길 9-14 (형곡동),36.10693814,128.3413586,2024,화학사고,054-480-5272,경상북도 구미시 환경교통국 환경관리과,2022-09-01
형곡고등학교,본관,4145,경상북도 구미시 형곡동로2길 12-13 (형곡동),36.10185482,128.3384156,2021,화학사고,054-480-5272,경상북도 구미시 환경교통국 환경관리과,2022-09-01
형곡중학교 강당,강당,835,경상북도 구미시 형곡서로1길 29(형곡동),36.10681307,128.3307568,2024,화학사고,054-480-5272,경상북도 구미시 환경교통국 환경관리과,2022-09-01
형곡초등학교 강당,강당,708,경상북도 구미시 신시로1길 10(형곡동),36.10914715,128.3388336,2024,화학사고,054-480-5272,경상북도 구미시 환경교통국 환경관리과,2022-09-01
금호체육관,체육관,2574,경상북도 영천시 금호읍 금호로 171(교대리),35.93389772,128.8797963,2021,화학사고,054-330-6483,경상북도 영천시 경제환경산업국 환경보호과,2021-09-30
화산면복지회관,복지회관,802,경상북도 영천시 화산면 연지길 5(유성리),36.01953105,128.8519472,2021,화학사고,054-330-6483,경상북도 영천시 경제환경산업국 환경보호과,2021-09-30
남부동복지회관 대회의실,대회의실,1014,경상북도 영천시 쇠늘안길 9(도동),35.9419832,128.9357358,2021,화학사고,054-330-6483,경상북도 영천시 경제환경산업국 환경보호과,2021-09-30
성남여중 체육관,체육관,1410,경상북도 영천시 남촌길 17(도동),35.94850686,128.9333711,2021,화학사고,054-330-6483,경상북도 영천시 경제환경산업국 환경보호과,2021-09-30
정평초등학교,강당,134,경상북도 경산시 대학로16길 15(정평동),35.83224209,128.7320482,2022,화학사고,053-810-5476,경상북도 경산시 경제산업국 환경과,2024-08-27
남천면행정복지센터,공공기관,153,경북 경산시 남천면 남천로 465 (삼성리),35.76663564,128.7268429,2025,화학사고,053-810-5476,경상북도 경산시 경제환경국 환경과,2024-08-27
현흥초등학교,강당,279,경북 경산시 압량읍 대학로 624 (현흥리),35.86193944,128.7730667,2025,화학사고,053-810-5476,경상북도 경산시 경제환경국 환경과,2025-08-25
자인초등학교,체육관,660,경상북도 경산시 자인면 금학로 7(교촌리),35.82109558,128.8257585,2022,화학사고,053-810-5476,경상북도 경산시 경제환경국 환경과,2025-08-27
진성초등학교,강당,312,경상북도 경산시 진량읍 진성로 115-5(황제리),35.85327962,128.8147054,2022,화학사고,053-810-5476,경상북도 경산시 경제환경국 환경과,2024-08-27
금락초등학교,본관동,437,경북 경산시 하양읍 대학로296길 9-5 (금락리),35.91084136,128.8241414,2025,화학사고,053-810-5476,경상북도 경산시 경제환경국 환경과,2025-08-25
경산실내체육관,체육관,827,경상북도 경산시 남매로 100(상방동),35.82109461,128.7437665,2022,화학사고,053-810-5476,경상북도 경산시 경제환경국 환경과,2024-08-27
다문초등학교,강당,226,경북 경산시 진량읍 다문로70길 85 (다문리),35.87139965,128.8509561,2025,화학사고,053-810-5476,경상북도 경산시 경제환경국 환경과,2025-08-25
와촌초등학교,강당,248,경북 경산시 와촌면 금송로 460 (동강리),35.95031401,128.8369925,2025,화학사고,053-810-5476,경상북도 경산시 경제환경국 환경과,2025-08-25
경북기계금속고등학교,강당,225,경북 경산시 자인면 일연로 93 (북사리),35.82089447,128.8201554,2025,화학사고,053-810-5476,경상북도 경산시 경제환경국 환경과,2025-08-25
용성면행정복지센터,공공기관,285,경북 경산시 용성면 원효로 1423 (당리리),35.79330618,128.8758726,2025,화학사고,053-810-5476,경상북도 경산시 경제환경국 환경과,2025-08-25
하주초등학교,강당,1515,경북 경산시 하양읍 무학로 48 (양지리),35.9198745,128.8124206,2025,화학사고,053-810-5476,경상북도 경산시 경제환경국 환경과,2025-08-25
하양초등학교,강당,437,경북 경산시 하양읍 대학로305길 25 (금락리),35.91244365,128.8192046,2024,화학사고,053-810-5476,경상북도 경산시 경제환경국 환경과,2024-08-27
청송국민체육센터,체육관,5241,경상북도 청송군 청송읍 중앙로306-39(월막리),36.43311181,129.0630093,2021,화학사고,054-870-6186,경상북도 청송군 환경관리과,2025-08-28
영양중고등학교,체육관,653,경상북도 영양군 영양읍 중앙로 81(서부리),36.66014289,129.1111959,2024,화학사고,054-680-1602,경상북도교육청 영양고등학교,2025-08-01
청도국민체육센터,문화체육시설사업소,1000,경상북도 청도군 화양읍 청려로 1846(동천리),35.64811168,128.7185467,2021,화학사고,054-370-6187,경상북도 청도군 산업경제건설국 새마을환경과,2021-09-30
대가야읍사무소,강당 회의실,157,경상북도 고령군 대가야읍 중앙로 1(쾌빈리),35.7306072,128.2676698,2021,화학사고,054-950-6523,경상북도 고령군 환경과,2025-08-25
다산면사무소,강당 회의실,130,경상북도 고령군 다산면 다산로 681(상곡리),35.82274552,128.4516738,2021,화학사고,054-950-6523,경상북도 고령군 환경과,2025-08-25
벽진초등학교(강당),강당,1115,경상북도 성주군 벽진면 수촌3길 1(수촌리),35.95124265,128.2160823,2021,화학사고,054-930-6181,경상북도 성주군 환경과,2026-05-06
선남초등학교(급식실),급식실,710,경상북도 성주군 선남면 관화2길 2(관화리),35.90669934,128.3519801,2021,화학사고,054-930-6181,경상북도 성주군 환경과,2026-05-06
성주초등학교(서편교사동),서편교사동,1340,경상북도 성주군 성주읍 성주읍4길 9(경산리),35.91976704,128.2848295,2021,화학사고,054-930-6181,경상북도 성주군 환경과,2026-05-06
성주중학교(본관교사동),본관교사동,1652,경상북도 성주군 성주읍 주천로 15-18(예산리),35.92874529,128.2831161,2021,화학사고,054-930-6181,경상북도 성주군 환경과,2026-05-06
월항초등학교(강당),강당,384,경상북도 성주군 월항면 안포길 19(안포리),35.94892337,128.3134437,2021,화학사고,054-930-6181,경상북도 성주군 환경과,2026-05-06
예천국민체육센터 체육관,체육관,1110,경상북도 예천군 예천읍 충효로 111,36.64657984,128.4363683,2022,화학사고,054-650-6989,경상북도 예천군 건설도시국 환경관리과,2024-05-23
유천면 종합복지회관 강당,강당,127,경상북도 예천군 유천면 예성로 699-8,36.63508058,128.3890355,2022,화학사고,054-650-6989,경상북도 예천군 건설도시국 환경관리과,2024-05-23
봉화읍사무소,읍사무소,476,경상북도 봉화군 봉화읍 내성로3길 9 (내성리),36.88768029,128.7396181,2021,화학사고,054-679-6403,경상북도 봉화군 녹색환경과,2025-08-25
물야면사무소,면사무소,494,경상북도 봉화군 물야면 문수로 991 (오록리),36.97520079,128.7357947,2021,화학사고,054-679-6403,경상북도 봉화군 녹색환경과,2025-08-25
봉성면사무소,면사무소,612,경상북도 봉화군 봉성면 옥마로 23 (봉성리),36.88590008,128.8180407,2021,화학사고,054-679-6403,경상북도 봉화군 녹색환경과,2025-08-25
법전면사무소,면사무소,330,경상북도 봉화군 법전면 법전로 100 (법전리),36.91072417,128.8769641,2021,화학사고,054-679-6403,경상북도 봉화군 녹색환경과,2025-08-25
소천면사무소,면사무소,227,경상북도 봉화군 소천면 소천로 1294 (현동리),36.93767656,129.003076,2021,화학사고,054-679-6403,경상북도 봉화군 녹색환경과,2025-08-25
석포면사무소,면사무소,192,경상북도 봉화군 석포면 석포로1길 55 (석포리),37.04864658,129.0651749,2021,화학사고,054-679-6403,경상북도 봉화군 녹색환경과,2025-08-25
명호면사무소,면사무소,620,경상북도 봉화군 명호면 도천길 18-5 (도천리),36.85890096,128.900051,2021,화학사고,054-679-6403,경상북도 봉화군 녹색환경과,2025-08-25
울진국민체육센터,울진국민체육센터,5602,경상북도 울진군 울진읍 현내항길 92-13,36.99069339,129.4074912,2024,화학사고,054-789-6131,경상북도 울진군 안전건설국 환경위생과,2024-08-12
흥부생활체육공원,흥부체육관,882,경북 울진군 북면 남산길 154 (부구리),37.09687171,129.357691,2025,화학사고,054-789-6134,경상북도 울진군 안전건설국 환경위생과,2025-08-22
한마음회관,대강당,600,경상북도 울릉군 울릉읍 울릉순환로 286(도동리),37.49032021,130.9043271,2021,화학사고,054-790-6561,경상북도 울릉군 시설관리사업소,2021-08-30
서면사무소,강당,200,경상북도 울릉군 서면 남양4길 31(남양리),37.46772325,130.8380431,2021,화학사고,054-790-6711,경상북도 울릉군 서면,2021-08-30
북면사무소,강당,200,경상북도 울릉군 북면 천부2길 15(천부리),37.54074873,130.874558,2021,화학사고,054-790-6371,경상북도 울릉군 북면,2021-08-30
사파초등학교,체육관,1132,경상남도 창원시 성산구 원이대로773번길27(사파동),35.21956208,128.6963635,2021,화학사고,055-225-3534,경상남도 창원시 기후환경국 환경정책과,2021-09-30
신월초등학교,강당,1160,경상남도 창원시 성산구 신월로72번길 12(신월동),35.22529646,128.6934406,2021,화학사고,055-225-3534,경상남도 창원시 기후환경국 환경정책과,2021-09-30
의창스포츠파크,체육관,927,경상남도 창원시 의창구 천주로56번길 14(동정동),35.26627138,128.6171208,2021,화학사고,055-225-3534,경상남도 창원시 기후환경국 환경정책과,2023-07-31
의창스포츠센터,체육관,1063,경상남도 창원시 의창구 원이대로56번길 11(도계동),35.25598741,128.6336307,2021,화학사고,055-225-3534,경상남도 창원시 기후환경국 환경정책과,2021-09-30
양덕초등학교,체육관,1358,경상남도 창원시 마산회원구 양덕동12길 86(양덕동),35.23369411,128.5878737,2021,화학사고,055-225-3534,경상남도 창원시 기후환경국 환경정책과,2021-09-30
대산초등학교,체육관,325,경남 창원시 의창구 대산면 진산대로 442-7 (가술리),35.34018646,128.709649,2023,화학사고,055-225-3534,경상남도 창원시 기후환경국 환경정책과,2024-08-16
진해중앙초등학교,강당,350,경남 창원시 진해구 태백서로14번길 23 (태백동),35.15465755,128.6752133,2023,화학사고,055-225-3534,경상남도 창원시 기후환경국 환경정책과,2024-08-16
문산초등학교 강당,강당,585,경상남도 진주시 문산읍 소문길 11 (소문리),35.17110188,128.161846,2021,화학사고,055-749-8655,경상남도 진주시 환경산림국 기후환경과,2026-05-08
반성초등학교 강당,강당,1027,경상남도 진주시 일반성면 동부로 2060 (개암리),35.16897896,128.2856562,2021,화학사고,055-749-8655,경상남도 진주시 환경산림국 기후환경과,2026-05-08
경남꿈키움중학교 강당,강당,993,경상남도 진주시 이반성면 길성길 1-80 (가산리),35.15375043,128.3261243,2021,화학사고,055-749-8655,경상남도 진주시 환경산림국 기후환경과,2026-05-08
지수초등학교 강당,강당,1069,경상남도 진주시 지수면 지사로 806 (압사리),35.23307819,128.2520899,2021,화학사고,055-749-8655,경상남도 진주시 환경산림국 기후환경과,2026-05-08
남강초등학교 강당,강당,1187,경상남도 진주시 모덕로 99(상대동),35.1835046,128.1086275,2021,화학사고,055-749-8655,경상남도 진주시 환경산림국 기후환경과,2026-05-08
도동초등학교 강당,강당,944,경상남도 진주시 대신로 324(하대동),35.18980943,128.1179136,2021,화학사고,055-749-8655,경상남도 진주시 환경산림국 기후환경과,2026-05-08
초전초등학교 강당,강당,957,경상남도 진주시 초전북로62번길 9(초전동),35.20800578,128.1143359,2021,화학사고,055-749-8655,경상남도 진주시 환경산림국 기후환경과,2026-05-08
수정초등학교 강당,강당,936,경상남도 진주시 진양호로84번길 20(평거동),35.16565885,128.0483968,2021,화학사고,055-749-8655,경상남도 진주시 환경산림국 기후환경과,2026-05-08
가좌초등학교 강당,강당,263,경상남도 진주시 내동로348번길 17(가좌동),35.14957822,128.1033497,2021,화학사고,055-749-8655,경상남도 진주시 환경산림국 기후환경과,2026-05-08
충무체육관,체육관,3197,경상남도 통영시 북문2길 34(북신동),34.85112104,128.4289549,2021,화학사고,055-650-5425,경상남도 통영시 수산환경국 환경과,2026-05-06
삼성초등학교 강당,강당,505,경상남도 사천시 사남면 사남로 1074(죽천리),35.05436788,128.0742678,2021,화학사고,055-831-2772,경상남도 사천시 복지환경국 환경보호과,2021-10-06
수양초등학교 강당,강당,330,경상남도 사천시 사천읍 옥산로 60(평화리),35.07891566,128.0893829,2021,화학사고,055-831-2772,경상남도 사천시 복지환경국 환경보호과,2021-10-06
금동초등학교,체육관,1543,경상남도 김해시 상동면 상동로 551-13(대감리),35.30901455,128.9294959,2021,화학사고,055-330-2734,경상남도 김해시 환경국 환경정책과,2021-09-30
김해생명과학고등학교,교실 체육관 강당,3866,경상남도 김해시 금관대로 1239(외동),35.23665001,128.8550493,2021,화학사고,055-330-2734,경상남도 김해시 환경국 환경정책과,2021-09-30
내동중학교,강당,927,경상남도 김해시 평전로 135(내동),35.24091188,128.8577415,2021,화학사고,055-330-2734,경상남도 김해시 환경국 환경정책과,2021-09-30
내동초등학교,교실 체육관,3151,경상남도 김해시 평전로 151(내동),35.2425132,128.8589506,2021,화학사고,055-330-2734,경상남도 김해시 환경국 환경정책과,2021-09-30
대동면행정복지센터,본관,235,경상남도 김해시 대동면 대동로 610(초정리),35.2422918,128.9802527,2021,화학사고,055-330-2734,경상남도 김해시 환경국 환경정책과,2021-09-30
대동초등학교,교실 급식소,3580,경상남도 김해시 대동면 대동로 613(초정리),35.24328693,128.9804307,2021,화학사고,055-330-2734,경상남도 김해시 환경국 환경정책과,2021-09-30
대중초등학교,교실 급식소,545,경상남도 김해시 대동면 대동로 287(주동리),35.23679438,128.9491939,2021,화학사고,055-330-2734,경상남도 김해시 환경국 환경정책과,2021-09-30
도요마을회관,본관,90,경상남도 김해시 생림면 안양로274번길 398-7(도요리),35.38462202,128.8642255,2021,화학사고,055-330-2734,경상남도 김해시 환경국 환경정책과,2021-09-30
봉황초등학교,강당,663,경상남도 김해시 전하로198번길 5(전하동),35.22265303,128.8700782,2021,화학사고,055-330-2734,경상남도 김해시 환경국 환경정책과,2021-09-30
삼계초등학교,교실 강당,4550,경상남도 김해시 가야로38번길 30(삼계동),35.26698421,128.863534,2021,화학사고,055-330-2734,경상남도 김해시 환경국 환경정책과,2021-09-30
상나전마을회관,본관,59,경상남도 김해시 생림면 나전로137번길 56(나전리),35.299574,128.8713576,2021,화학사고,055-330-2734,경상남도 김해시 환경국 환경정책과,2021-09-30
생림중학교,교실 체육관 강당,2264,경상남도 김해시 생림면 마사로 106(생철리),35.3542135,128.8491767,2021,화학사고,055-330-2734,경상남도 김해시 환경국 환경정책과,2021-09-30
생림초등학교,교실,204,경상남도 김해시 생림면 봉림로 80-10(봉림리),35.33237291,128.8478899,2021,화학사고,055-330-2734,경상남도 김해시 환경국 환경정책과,2021-09-30
신천마을회관,본관,144,경상남도 김해시 한림면 김해대로1433번길 17(신천리),35.27878755,128.8288459,2021,화학사고,055-330-2734,경상남도 김해시 환경국 환경정책과,2021-09-30
신촌경로당,경로당,83,경상남도 김해시 한림면 한림로638번길 174-26(시산리),35.34867881,128.8020036,2021,화학사고,055-330-2734,경상남도 김해시 환경국 환경정책과,2021-09-30
안명초등학교,체육관,330,경상남도 김해시 한림면 안하로 28(안하리),35.30430151,128.8289034,2021,화학사고,055-330-2734,경상남도 김해시 환경국 환경정책과,2021-09-30
용산초등학교,교실,484,경상남도 김해시 상동면 여차로 610(여차리),35.35463032,128.9025748,2021,화학사고,055-330-2734,경상남도 김해시 환경국 환경정책과,2021-09-30
이북초등학교,교실,480,경상남도 김해시 한림면 한림로 98-9(명동리),35.30329913,128.8095767,2021,화학사고,055-330-2734,경상남도 김해시 환경국 환경정책과,2021-09-30
이작초등학교,교실,640,경상남도 김해시 생림면 마사로241번길 12(생철리),35.361547,128.8374985,2021,화학사고,055-330-2734,경상남도 김해시 환경국 환경정책과,2021-09-30
장재마을회관,본관,139,경상남도 김해시 한림면 장재로 191(안하리),35.3227355,128.8164836,2021,화학사고,055-330-2734,경상남도 김해시 환경국 환경정책과,2021-09-30
정촌마을회관,본관,112,경상남도 김해시 한림면 금곡로182번길 38(금곡리),35.34440396,128.8120138,2021,화학사고,055-330-2734,경상남도 김해시 환경국 환경정책과,2021-09-30
칠산초등학교,체육관,1023,경상남도 김해시 칠산로413번길 16-2 (화목동),35.20919612,128.8523436,2021,화학사고,055-330-2734,경상남도 김해시 환경국 환경정책과,2021-09-30
하사촌마을회관,본관,92,경상남도 김해시 생림면 하사촌1길 26-1(사촌리),35.32026478,128.8675847,2021,화학사고,055-330-2734,경상남도 김해시 환경국 환경정책과,2021-09-30
한림중학교,교실,1196,경상남도 김해시 한림면 한림로365번길 33(장방리),35.32170855,128.7995878,2021,화학사고,055-330-2734,경상남도 김해시 환경국 환경정책과,2021-09-30
다원1리마을회관,본관,44,경상남도 밀양시 산외면 다원1길 17(다죽리),35.50473447,128.8124022,2021,화학사고,055-359-5308,경상남도 밀양시 나노경제국 환경관리과,2023-08-09
다원2리 마을회관,본관,64,경상남도 밀양시 산외면 다원2리2길 12(다죽리),35.50227831,128.8166284,2021,화학사고,055-359-5308,경상남도 밀양시 나노경제국 환경관리과,2023-08-09
산외초등학교,강당,469,경상남도 밀양시 산외면 산외로 257 (금천리),35.503934,128.7960325,2021,화학사고,055-359-5308,경상남도 밀양시 나노경제국 환경관리과,2023-08-09
삼랑진초등학교,강당,341,경상남도 밀양시 삼랑진읍 송지3길 22-3 (송지리),35.40144415,128.8413452,2021,화학사고,055-359-5308,경상남도 밀양시 나노경제국 환경관리과,2023-08-09
상동초등학교,체육관,629,경상남도 밀양시 상동면 금산5길 4 (금산리),35.55349044,128.7615687,2021,화학사고,055-359-5308,경상남도 밀양시 나노경제국 환경관리과,2023-08-09
송포경로당,본관,50,경상남도 밀양시 산내면 송정길 83(송백리),35.58119512,128.8872513,2021,화학사고,055-359-5308,경상남도 밀양시 나노경제국 환경관리과,2023-08-09
수산초등학교,체육관,270,경상남도 밀양시 하남읍 수산중앙로 59(수산리),35.37587917,128.7124539,2021,화학사고,055-359-5308,경상남도 밀양시 나노경제국 환경관리과,2023-08-09
예림초등학교,강당,160,경상남도 밀양시 상남면 밀양대로 1524(예림리),35.46763834,128.7629656,2021,화학사고,055-359-5308,경상남도 밀양시 나노경제국 환경관리과,2023-08-09
청도초등학교,강당,177,경상남도 밀양시 청도면 두곡4길 13(두곡리),35.55154966,128.624824,2021,화학사고,055-359-5308,경상남도 밀양시 나노경제국 환경관리과,2023-08-09
송정초등학교,다목적실,107,경상남도 거제시 연초면 송정이목로 47 (송정리),34.91779932,128.67355,2021,화학사고,055-639-3933,경상남도 거제시 환경산림국 기후환경과,2021-09-30
연초중학교,체육관,933,경상남도 거제시 연초면 죽토양지1길 26 (죽토리),34.91304644,128.6603186,2021,화학사고,055-639-3933,경상남도 거제시 환경산림국 기후환경과,2021-09-30
옥포성지중학교,강당,2540,경상남도 거제시 거제대로 3699(옥포동),34.88711653,128.6904278,2021,화학사고,055-639-3933,경상남도 거제시 환경산림국 기후환경과,2021-09-30
옥포초등학교,체육관,909,경상남도 거제시 옥포로13길 12(옥포동),34.89208161,128.6906525,2021,화학사고,055-639-3933,경상남도 거제시 환경산림국 기후환경과,2021-09-30
국산초등학교,강당,847,경상남도 거제시 국산1길 2(옥포동),34.89669378,128.6940534,2021,화학사고,055-639-3933,경상남도 거제시 환경산림국 기후환경과,2021-09-30
옥포중학교,체육관,1198,경상남도 거제시 옥포대첩로 99(옥포동),34.89578365,128.6975952,2021,화학사고,055-639-3933,경상남도 거제시 환경산림국 기후환경과,2021-09-30
진목초등학교,강당,609,경상남도 거제시 진목1길 101(옥포동),34.90112276,128.6837299,2021,화학사고,055-639-3933,경상남도 거제시 환경산림국 기후환경과,2021-09-30
거제장평중학교,체육관,1014,경상남도 거제시 장평4로 40(장평동),34.88628973,128.6058465,2021,화학사고,055-639-3933,경상남도 거제시 환경산림국 기후환경과,2021-09-30
거제상동초등학교,본관,4047,경상남도 거제시 상동5길 75-41 (상동동),34.86185843,128.6344133,2021,화학사고,055-639-3933,경상남도 거제시 환경산림국 기후환경과,2021-09-30
칠서초등학교 강당,강당,820,경남 함안군 칠서면 청계2길 9 (청계리),35.33185868,128.4988748,2024,화학사고,055-587-6425,경상남도교육청 경상남도함안교육지원청 칠서초등학교,2024-08-22
군북3.1기념체육관,체육관,1196,경남 함안군 군북면 함마대로 875 (소포리),35.26615896,128.3485608,2024,화학사고,055-580-3251,경상남도 함안군 군북면,2024-08-22
월촌초등학교 강당,강당,436,경남 함안군 군북면 월촌3길 27 (월촌리),35.29122733,128.302943,2024,화학사고,055-583-8850,경상남도교육청 경상남도함안교육지원청 월촌초등학교,2024-08-22
거류초등학교,강당,1089,경상남도 고성군 거류면 거류로 693-14(당동리),34.99341056,128.4037093,2021,화학사고,055-670-2413,경상남도 고성군 문화환경국 환경과,2021-11-30
마암초등학교,강당,888,경상남도 고성군 마암면 옥천로 254(도전리),35.05576655,128.3368551,2021,화학사고,055-670-2413,경상남도 고성군 문화환경국 환경과,2021-11-30
회화중학교,강당,778,경상남도 고성군 회화면 배둔서길 42-35(배둔리),35.05689809,128.3617301,2021,화학사고,055-670-2413,경상남도 고성군 문화환경국 환경과,2021-11-30
마암면사무소,사무소,317,경상남도 고성군 마암면 옥천로 247(도전리),35.05517872,128.3366263,2024,화학사고,055-670-2413,경상남도 고성군 문화환경국 환경과,2021-11-30
마암면 복지회관,복지회관,318,경상남도 고성군 마암면 옥천로 241(도전리),35.05478166,128.3370802,2021,화학사고,055-670-2413,경상남도 고성군 문화환경국 환경과,2021-11-30
고성군농업기술센터,강당,509,경상남도 고성군 고성읍 남해안대로 2829-60(우산리),34.99667325,128.3263698,2024,화학사고,055-670-2413,경상남도 고성군 문화환경국 환경과,2021-11-30
신촌마을회관,경로당,99,경상남도 고성군 하이면 석지1길 42(석지리),34.9382227,128.1233296,2024,화학사고,055-670-2413,경상남도 고성군 문화환경국 환경과,2021-11-30
동광초등학교,소규모체육관,449,경상남도 고성군 거류면 봉암2길 11(감서리),35.00864168,128.3994755,2021,화학사고,055-670-2413,경상남도 고성군 문화환경국 환경과,2021-11-30
남해초등학교,다목적강당,945,경상남도 남해군 남해읍 망운로 14 (북변리),34.8387359,127.8923402,2024,화학사고,055-863-4170,경상남도교육청 경상남도남해교육지원청 남해초등학교,2024-04-17
해양초등학교,다목적강당,917,경상남도 남해군 남해읍 화전로 25 (남변리),34.83419326,127.8953712,2024,화학사고,055-864-7743,경상남도교육청 경상남도남해교육지원청 해양초등학교,2024-04-17
고현초등학교,다목적강당,969,경상남도 남해군 고현면 고설로 31 (대사리),34.89652781,127.8770469,2024,화학사고,055-882-1308,경상남도교육청 경상남도남해교육지원청 고현초등학교,2024-04-17
창선초등학교,다목적강당,523,경상남도 남해군 창선면 창선로97번길 16 (상죽리),34.85860961,128.0100624,2024,화학사고,055-867-7054,경상남도교육청 경상남도남해교육지원청 창선초등학교,2024-04-17
위성초등학교 강당,위성초등학교 강당,543,경상남도 함양군 함양읍 위성초등길 18(교산리),35.52364211,127.7320051,2021,화학사고,055-960-6115,경상남도 함양군 경제복지국 환경정책과,2025-08-20
마천중학교 강당,마천중학교 강당,203,경상남도 함양군 마천면 도마앞길 69(군자리),35.387056,127.6592016,2021,화학사고,055-960-6115,경상남도 함양군 경제복지국 환경정책과,2025-08-20
수동초등학교 강당,수동초등학교 강당,211,경상남도 함양군 수동면 연화산길 18-1(화산리),35.52330054,127.7900688,2021,화학사고,055-960-6116,경상남도 함양군 경제복지국 환경정책과,2025-08-20
서하초등학교 강당,서하초등학교 강당,340,경상남도 함양군 서하면 육십령로 2117(송계리),35.6488943,127.6978146,2021,화학사고,055-960-6115,경상남도 함양군 경제복지국 환경정책과,2025-08-20
서상중고등학교 강당,서상중고등학교 강당,300,경상남도 함양군 서상면 서상로 232-1(도천리),35.67636527,127.688339,2021,화학사고,055-960-6115,경상남도 함양군 경제복지국 환경정책과,2025-08-20
백전초등학교,백전초등학교 다목적실,62,경상남도 함양군 백전면 구산대안로 12-2(평정리),35.55251384,127.634735,2021,화학사고,055-960-6115,경상남도 함양군 경제복지국 환경정책과,2025-08-20
병곡면사무소,병곡면사무소,358,경남 함양군 병곡면 함양남서로 1756 (송평리),35.52846572,127.6821259,1980,화학사고,055-960-6115,경상남도 함양군 경제복지국 환경정책과,2025-08-20
화북초등학교,체육관,1272,제주특별자치도 제주시 일주동로 157 (화북일동),33.51886837,126.5623272,2022,화학사고,064-728-3133,제주특별자치도 제주시 청정환경국 환경지도과,2024-01-22
삼양초등학교,체육관,1593,제주특별자치도 제주시 지석14길 7 (삼양이동),33.52076599,126.5865369,2022,화학사고,064-728-3133,제주특별자치도 제주시 청정환경국 환경지도과,2024-01-23
애월국민체육센터,체육관,2124,제주특별자치도 제주시 애월읍 하귀동남1길 22 (하귀1리),33.4847741,126.4137904,2022,화학사고,064-728-3133,제주특별자치도 제주시 청정환경국 환경지도과,2024-01-21
함덕초등학교,체육관,1326,제주특별자치도 제주시 조천읍 일주동로 1231 (함덕리),33.53845044,126.6714663,2022,화학사고,064-728-3133,제주특별자치도 제주시 청정환경국 환경지도과,2024-01-19
금악초등학교,체육관,1334,제주특별자치도 제주시 한림읍 금악남2길 1 (금악리),33.35671691,126.2960129,2022,화학사고,064-728-3133,제주특별자치도 제주시 청정환경국 환경지도과,2024-01-17
중문고등학교,체육관,1749,제주특별자치도 서귀포시 일주서로570번길 19 (대포동),33.25390766,126.4479273,2022,화학사고,064-760-2922,제주특별자치도 서귀포시 청정환경국 기후환경과,2025-06-16
안덕초등학교,체육관,1210,제주특별자치도 서귀포시 안덕면 화순로56번길 32 (화순리),33.25080678,126.3360384,2022,화학사고,064-760-2922,제주특별자치도 서귀포시 청정환경국 기후환경과,2025-06-16
신산중학교,체육관,827,제주특별자치도 서귀포시 성산읍 일주동로 5104 (신산리),33.38123983,126.8749721,2022,화학사고,064-760-2922,제주특별자치도 서귀포시 청정환경국 기후환경과,2025-06-16
조양초등학교,체육관,100,강원특별자치도 춘천시 동산면 조양길 257 (조양리),37.75143281,127.7958634,2018,화학사고,033-250-3332,강원특별자치도 춘천시 문화환경국 환경정책과,2018-06-19
만천초등학교,체육관,109,강원특별자치도 춘천시 동면 후석로326번길 89 (만천리),37.88461499,127.7581203,2025,화학사고,033-250-4535,강원특별자치도 춘천시 복지국 복지정책과,2025-08-25
강동초등학교,체육관,513,강원특별자치도 강릉시 강동면 단경로 20 (모전리),37.72484519,128.9626436,2023,화학사고,033-645-7268,강원특별자치도 강릉시 강동초등학교,2025-08-28
옥계면사무소,회의실,636,강원특별자치도 강릉시 옥계면 현내시장길 30 (현내리),37.61265387,129.037952,2023,화학사고,033-660-3637,강원특별자치도 강릉시 옥계면사무소,2025-08-28
강릉초등학교,체육관,1327,강원특별자치도 강릉시 토성로 103 (홍제동),37.75298138,128.8876144,2023,화학사고,033-650-2608,강원특별자치도 강릉시 강릉초등학교,2025-08-28
남산초등학교,체육관,1183,강원특별자치도 강릉시 남산초교길 33 (내곡동),37.74489966,128.8916179,2023,화학사고,033-650-4773,강원특별자치도 강릉시 남산초등학교,2025-08-28
사천초등학교,체육관,309,강원특별자치도 강릉시 사천면 미노길 46 (미노리),37.82189788,128.8505811,2023,화학사고,033-660-6500,강원특별자치도 강릉시 사천초등학교,2025-08-28
옥천초등학교,체육관,987,강원특별자치도 강릉시 수문길 25 (옥천동),37.75575553,128.903181,2023,화학사고,033-650-6870,강원특별자치도 강릉시 옥천초등학교,2025-08-28
옥계초등학교,체육관,953,강원특별자치도 강릉시 옥계면 옥계로 1074 (현내리),37.60995281,129.0347359,2025,화학사고,033-534-0026,강원특별자치도교육청 강원특별자치도강릉교육지원청 옥계초등학교,2025-08-28
동해상업고등학교,체육관,773,강원특별자치도 동해시 느릅재길 65 (발한동),37.54379321,129.0940465,2021,화학사고,033-539-8849,강원특별자치도 동해시 경제산업국 환경과,2021-09-24
동해중앙초등학교,체육관,1044,강원특별자치도 동해시 천곡로 35 (천곡동),37.52544557,129.1085795,2021,화학사고,033-539-8849,강원특별자치도 동해시 경제산업국 환경과,2021-09-24
동해초등학교,체육관,1007,강원특별자치도 동해시 봉오주택길 22(용정동),37.51149395,129.1215169,2021,화학사고,033-539-8849,강원특별자치도 동해시 경제산업국 환경과,2021-09-24
동호초등학교,체육관,461,강원특별자치도 동해시 발한로 123(발한동),37.54364311,129.1000865,2021,화학사고,033-539-8849,강원특별자치도 동해시 경제산업국 환경과,2021-09-24
망상초등학교,체육관,346,강원특별자치도 동해시 동해대로 6251(망상동),37.59073034,129.0900463,2021,화학사고,033-539-8849,강원특별자치도 동해시 경제산업국 환경과,2021-09-24
묵호고등학교,체육관,484,강원특별자치도 동해시 승지로 37(부곡동),37.53831004,129.0966703,2021,화학사고,033-539-8849,강원특별자치도 동해시 경제산업국 환경과,2021-09-24
묵호초등학교,체육관,480,강원특별자치도 동해시 발한천길 30(발한동),37.55226607,129.1036467,2021,화학사고,033-539-8849,강원특별자치도 동해시 경제산업국 환경과,2021-09-24
북평여자고등학교,체육관,213,강원특별자치도 동해시 동굴로 55(천곡동),37.51773271,129.1090494,2021,화학사고,033-539-8849,강원특별자치도 동해시 경제산업국 환경과,2021-09-24
북평중학교,다목적실,570,강원특별자치도 동해시 용정로 40-7 (용정동),37.49831191,129.1157674,2021,화학사고,033-539-8849,강원특별자치도 동해시 경제산업국 환경과,2021-09-24
북평초등학교,다목적실,1056,강원특별자치도 동해시 오일장1길 22(북평동),37.48222184,129.1248514,2021,화학사고,033-539-8849,강원특별자치도 동해시 경제산업국 환경과,2021-09-24
삼화초등학교,다목적실,457,강원특별자치도 동해시 파수길 38 (이로동),37.48502201,129.0675847,2021,화학사고,033-539-8849,강원특별자치도 동해시 경제산업국 환경과,2021-09-24
예람중학교,체육관,1134,강원특별자치도 동해시 선돌길 21(단봉동),37.48052694,129.1241732,2021,화학사고,033-539-8849,강원특별자치도 동해시 경제산업국 환경과,2021-09-24
창호초등학교,다목적실,176,강원특별자치도 동해시 해맞이길 183(묵호진동),37.55863762,129.1077921,2021,화학사고,033-539-8849,강원특별자치도 동해시 경제산업국 환경과,2021-09-24
청운초등학교,체육관,1487,강원특별자치도 동해시 청운로 60(쇄운동),37.48456509,129.104544,2021,화학사고,033-539-8849,강원특별자치도 동해시 경제산업국 환경과,2021-09-24
천곡초등학교,체육관,1061,강원특별자치도 동해시 동굴로 33(천곡동),37.51749052,129.1086128,2021,화학사고,033-539-8849,강원특별자치도 동해시 경제산업국 환경과,2021-09-24
동해광희고등학교,체육관,1294,강원특별자치도 동해시 청운로 112 (동회동),37.49044726,129.1026685,2021,화학사고,033-539-8750,강원특별자치도 동해시 경제산업국 환경과,2021-09-24
하랑중학교,체육관,473,강원특별자치도 동해시 발한로 347 (발한동),37.55968319,129.1029613,2021,화학사고,033-539-8750,강원특별자치도 동해시 경제산업국 환경과,2021-09-24
속초초등학교,실내 체육관,1037,강원특별자치도 속초시 수복로 117 (청학동),38.20202888,128.5808861,2023,화학사고,033-639-2149,강원특별자치도 속초시청 경제복지국 친환경정책과,2025-08-14
영랑초등학교,실내 체육관,7918,강원특별자치도 속초시 중앙로 331 (영랑동),38.21761315,128.5918707,2023,화학사고,033-639-2149,강원특별자치도 속초시청 경제복지국 친환경정책과,2025-08-14
원덕중고등학교,체육관,6057,강원특별자치도 삼척시 원덕읍 삼척로 480 (호산리),37.17883578,129.33313,2021,화학사고,033-570-3332,강원특별자치도 삼척시 안전건설국 환경과,2023-08-24
근덕초등학교,체육관,606,강원특별자치도 삼척시 근덕면 삼척로 3653 (교가리),37.38068372,129.2239373,2025,화학사고,033-570-3332,강원특별자치도 삼척시 안전건설국 환경과,2025-09-10
삼척초등학교,체육관,2247,강원특별자치도 삼척시 교동로 43 (교동),37.44841159,129.1664665,2025,화학사고,033-570-3332,강원특별자치도 삼척시 안전건설국 환경과,2025-09-10
평창국민체육센터,체육관,781,강원특별자치도 평창군 평창읍 종부로 69-27 (종부리),37.36000232,128.3927463,2023,화학사고,033-330-2333,강원특별자치도 평창군 도시안전국 환경과,2024-05-20
대화문화체육관,체육관,523,강원특별자치도 평창군 대화면 대화1길 28-5 (대화리),37.49849951,128.4568577,2023,화학사고,033-330-2333,강원특별자치도 평창군 경제건설국 환경과,2024-05-20
용전중학교 다목적실,다목적실,243,강원특별자치도 평창군 용평면 도사길 9 (용전리),37.60870405,128.4391193,2023,화학사고,033-330-2333,강원특별자치도 평창군 경제건설국 환경과,2024-05-20
진부고등학교 체육관,체육관,491,강원특별자치도 평창군 진부면 솔천길 69 (하진부리),37.63524067,128.5520827,2023,화학사고,033-330-2333,강원특별자치도 평창군 경제건설국 환경과,2024-05-20
횡계초등학교 체육관,체육관,402,강원특별자치도 평창군 대관령면 꽃밭양지길 16-3 (횡계리),37.67615557,128.7118328,2023,화학사고,033-330-2333,강원특별자치도 평창군 경제건설국 환경과,2024-05-20
청양초등학교,체육관,223,강원특별자치도 철원군 청양로 381-19 (청양리),38.24481884,127.3775368,2022,화학사고,033-450-5334,강원특별자치도 철원군 청정환경과,2024-06-03
신철원중·고등학교,체육관,1175,강원특별자치도 철원군 명성로149번길 64 (지포리),38.14686408,127.3039457,2022,화학사고,033-450-5334,강원특별자치도 철원군 청정환경과,2024-06-03
장흥초등학교,체육관,153,강원특별자치도 철원군 태봉로 2017 (장흥리),38.19299339,127.2664584,2022,화학사고,033-450-5334,강원특별자치도 철원군 청정환경과,2024-06-03
철원여중·고등학교,체육관,1276,강원특별자치도 철원군 이평로123번길 40 (이평리),38.20470484,127.2099465,2022,화학사고,033-450-5334,강원특별자치도 철원군 청정환경과,2024-06-03
근남초등학교,체육관,186,강원특별자치도 철원군 근남면 초막동길 2(육단리),38.23913446,127.4703775,2022,화학사고,033-450-5334,강원특별자치도 철원군 청정환경과,2024-06-03
화천정보산업고등학교,서화체육관,1176,강원특별자치도 화천군 화천읍 상승로 69 (하리),38.1065646,127.7047429,2024,화학사고,033-440-2339,강원특별자치도 화천군 환경과,2024-08-27
인제실내체육관,체육관,2303,강원특별자치도 인제군 인제읍 비봉로44번길 113 (남북리),38.05851257,128.1653855,2021,화학사고,033-460-2061,강원특별자치도 인제군 도시건설국 환경보호과,2026-05-13
공현진리 주민대피시설,대피소,173,강원특별자치도 고성군 죽왕면 가진해변길 252(공현진리),38.35748112,128.5077072,2021,화학사고,033-680-3247,강원특별자치도 고성군 총무행정관,2025-08-26
양양국민체육센터,체육관,1450,강원특별자치도 양양군 양양읍 한고개길 10 (구교리),38.08102975,128.6186158,2024,화학사고,033-670-2182,강원특별자치도 양양군 환경과,2024-04-30
강현중학교,체육관,1058,강원특별자치도 양양군 강현면 진미로54번길 14 (정암리),38.14991865,128.6013292,2011,화학사고,033-670-2182,강원특별자치도 양양군 도시안전국 환경과,2025-08-19
전북특별자치도경제통상진흥원,본관 2층/회의실,550,전북특별자치도 전주시 덕진구 팔과정로 164 (팔복동1가),35.86123475,127.0950716,2021,화학사고,063-281-2531,전북특별자치도 전주시 복지환경국 환경위생과,2024-05-24
완산고등학교,강당,1660,전북특별자치도 전주시 완산구 능안자구길 55 (삼천동3가),35.80224301,127.0826822,2021,화학사고,063-281-2531,전북특별자치도 전주시 복지환경국 환경위생과,2024-05-24
만성초등학교,다목적강당(체육관),585,전북특별자치도 전주시 덕진구 중동로 32 (중동),35.83671095,127.065684,2021,화학사고,063-281-2531,전북특별자치도 전주시 복지환경국 환경위생과,2024-05-23
팔복초등학교,강당,850,전북특별자치도 전주시 덕진구 팔과정로 181 (여의동2가),35.86327187,127.0947087,2021,화학사고,063-281-2531,전북특별자치도 전주시 복지환경국 환경위생과,2024-05-23
팔복예술공장,실내공간,4000,전북특별자치도 전주시 덕진구 구렛들1길 46 (팔복동1가),35.86038029,127.1012263,2021,화학사고,063-281-2531,전북특별자치도 전주시 복지환경국 환경위생과,2024-05-23
소룡초등학교,강당,880,전북특별자치도 군산시 설림길 55 (소룡동),35.97401552,126.6826819,2021,화학사고,063-454-3403,전북특별자치도 군산시 기후환경국 기후환경과,2025-08-11
월명중학교,강당,1290,전북특별자치도 군산시 설림5길 90 (소룡동),35.97516367,126.679789,2021,화학사고,063-454-3403,전북특별자치도 군산시 기후환경국 기후환경과,2025-08-11
전북외국어고등학교,체육관,2480,전북특별자치도 군산시 해망로 525 (소룡동),35.98139878,126.6835006,2021,화학사고,063-454-3403,전북특별자치도 군산시 기후환경국 기후환경과,2025-08-11
해성초등학교,강당,290,전북특별자치도 군산시 옥성남길 21 (산북동),35.95854257,126.6303723,2021,화학사고,063-454-3403,전북특별자치도 군산시 기후환경국 기후환경과,2025-08-11
문창초등학교,강당,1000,전북특별자치도 군산시 공항로 394 (산북동),35.95668733,126.6550281,2021,화학사고,063-454-3403,전북특별자치도 군산시 기후환경국 기후환경과,2025-08-11
옥봉초등학교,강당,940,전북특별자치도 군산시 옥서면 옥봉초교길 29 (옥봉리),35.92725521,126.6412053,2021,화학사고,063-454-3403,전북특별자치도 군산시 기후환경국 기후환경과,2025-08-11
군산대학교,체육관,5100,전북특별자치도 군산시 대학로 558 (미룡동),35.94309944,126.6829884,2021,화학사고,063-454-3403,전북특별자치도 군산시 기후환경국 기후환경과,2025-08-11
군산월명체육관,체육관,13000,전북특별자치도 군산시 번영로 281 (사정동),35.96379505,126.7490992,2021,화학사고,063-454-3403,전북특별자치도 군산시 기후환경국 기후환경과,2025-08-11
군산중학교,강당,1400,전북특별자치도 군산시 군중길 18 (송풍동),35.97722649,126.7012382,2021,화학사고,063-454-3403,전북특별자치도 군산시 기후환경국 기후환경과,2025-08-11
경포초등학교,강당,1190,전북특별자치도 군산시 백릉로 75 (조촌동),35.97606331,126.7355502,2021,화학사고,063-454-3403,전북특별자치도 군산시 기후환경국 기후환경과,2025-08-11
군산장애인체육관,체육관,990,전북특별자치도 군산시 성산면 강변로 459 (성덕리),36.01000645,126.7582038,2021,화학사고,063-454-3403,전북특별자치도 군산시 기후환경국 기후환경과,2025-08-11
임피초등학교,강당,410,전라북도 군산시 임피면 동헌길 38(읍내리),35.98801256,126.8495909,2021,화학사고,063-454-3403,전북특별자치도 군산시 기후환경국 기후환경과,2025-08-11
군산신풍초등학교,강당,240,전북특별자치도 군산시 하나운3길 7 (나운동),35.96482968,126.695728,2021,화학사고,063-454-3403,전북특별자치도 군산시 기후환경국 기후환경과,2025-08-11
군산동초등학교,강당,300,전북특별자치도 군산시 번영로 181 (조촌동),35.96524229,126.7388955,2021,화학사고,063-454-3403,전북특별자치도 군산시 기후환경국 기후환경과,2025-08-11
청소년수련관,체육관,1020,전북특별자치도 군산시 청소년회관로 75 (송풍동),35.97943019,126.6968224,2021,화학사고,063-454-3403,전북특별자치도 군산시 기후환경국 기후환경과,2025-08-11
대야초등학교,강당,280,전북특별자치도 군산시 대야면 대야관통로 141-13 (산월리),35.94785506,126.8182172,2021,화학사고,063-454-3403,전북특별자치도 군산시 기후환경국 기후환경과,2025-08-11
설림도서관,도서관,170,전북특별자치도 군산시 설림길 25 (소룡동),35.97328219,126.683982,2021,화학사고,063-454-3403,전북특별자치도 군산시 기후환경국 기후환경과,2025-08-11
군산농업인회관,강당,80,전북특별자치도 군산시 개정면 운회길 32 (운회리),35.96218869,126.780169,2021,화학사고,063-454-3403,전북특별자치도 군산시 기후환경국 기후환경과,2025-08-11
이리신흥초등학교,강당,3500,전북특별자치도 익산시 하나로3길 10(금강동),35.93490029,126.9787838,2022,화학사고,063-859-5437,전북특별자치도 익산시 녹색도시환경국 환경관리과,2024-08-21
원광고등학교,교실,2329,전북특별자치도 익산시 무왕로 31길 139(부송동),35.97284889,127.0018848,2022,화학사고,063-859-5437,전북특별자치도 익산시 녹색도시환경국 환경관리과,2024-08-21
삼기초등학교,강당,392,전북특별자치도 익산시 삼기면 황금로 523(간촌리),36.02008172,126.985506,2022,화학사고,063-859-5437,전북특별자치도 익산시 녹색도시환경국 환경관리과,2024-08-21
농소동 주민센터,대회의실,305,전북특별자치도 정읍시 충정로 531-8 (공평동),35.58327575,126.8284258,2022,화학사고,063-539-5713,전북특별자치도 정읍시 농소동,2026-05-06
덕천초등학교,강당,601,전북특별자치도 정읍시 덕천면 황토현로 831 (우덕리),35.62082268,126.8443567,2022,화학사고,063-539-5713,전북특별자치도교육청 전북특별자치도정읍교육지원청 덕천초등학교,2026-05-06
북면사무소,대회의실,312,전북특별자치도 정읍시 북면 정읍북로 570 (한교리),35.60922584,126.8922455,2022,화학사고,063-539-5713,전북특별자치도 정읍시 북면,2026-05-06
보성초등학교,강당,875,전북특별자치도 정읍시 북면 연지길 38-27 (마정리),35.60265507,126.9280435,2022,화학사고,063-539-5713,전북특별자치도교육청 전북특별자치도정읍교육지원청 보성초등학교,2026-05-06
수성초등학교,강당,785,전북특별자치도 정읍시 수성3로 21 (수성동),35.58436195,126.856084,2022,화학사고,063-539-5713,전북특별자치도교육청 전북특별자치도정읍교육지원청 정읍수성초등학교,2026-05-06
신태인실내체육관,체육관,2130,전북특별자치도 정읍시 신태인읍 정신로 1060 (구석리),35.67969585,126.890469,2022,화학사고,063-539-5713,전북특별자치도 정읍시 관광체육국 시설운영과,2026-05-06
태인초등학교,강당,1124,전북특별자치도 정읍시 태인면 동헌길 16 (태성리),35.6545608,126.9462096,2022,화학사고,063-539-5713,전북특별자치도교육청 전북특별자치도정읍교육지원청 태인초등학교,2026-05-06
입암초등학교,강당,678,전북특별자치도 정읍시 입암면 입암중앙길 29 (천원리),35.50565186,126.7969205,2022,화학사고,063-539-5713,전북특별자치도교육청 전북특별자치도정읍교육지원청 입암초등학교,2026-05-06
김제죽산초등학교,강당,699,전북특별자치도 김제시 죽산면 죽산2길 13(죽산리),35.7731594,126.8159337,1924,화학사고,063-540-3780,전북특별자치도 김제시 복지환경국 환경과,2021-10-15
김제고등학교,강당,1266,전북특별자치도 김제시 남북2길 25(신풍동),35.79183265,126.8960205,1945,화학사고,063-540-3780,전북특별자치도 김제시 복지환경국 환경과,2021-10-15
김제지평선중학교,강당,873,전북특별자치도 김제시 성덕면 성동길 183-4(묘라리),35.82785843,126.8306953,2021,화학사고,063-540-3780,전북특별자치도 김제시 복지환경국 환경과,2021-10-15
김제월촌초등학교,강당,836,전북특별자치도 김제시 입석7길 119(입석동),35.7891622,126.8680051,2021,화학사고,063-540-3780,전북특별자치도 김제시 복지환경국 환경과,2021-10-15
김제시 농업기술센터 상록관,다목적강당,484,전북특별자치도 김제시 동서로 59(교동),35.79393428,126.8763741,2013,화학사고,063-540-3780,전북특별자치도 김제시 복지환경국 환경과,2021-10-15
김제월성초등학교,강당,449,전북특별자치도 김제시 봉황로 1020(월성동),35.76016451,126.9101601,2021,화학사고,063-540-3780,전북특별자치도 김제시 복지환경국 환경과,2021-10-15
김제황산초등학교,강당,893,전북특별자치도 김제시 황산면 용마로 75(봉월리),35.79610911,126.943122,2021,화학사고,063-540-3780,전북특별자치도 김제시 복지환경국 환경과,2021-10-15
김제부용초등학교,강당,864,전북특별자치도 김제시 백구면 황토로 1030(월봉리),35.87666725,126.9515026,2021,화학사고,063-540-3780,전북특별자치도 김제시 복지환경국 환경과,2021-10-15
김제용지중학교,강당,760,전북특별자치도 김제시 용지면 황토로 702(구암리),35.85047547,126.9601311,2021,화학사고,063-540-3780,전북특별자치도 김제시 복지환경국 환경과,2021-10-15
김제봉남중학교,강당,872,전북특별자치도 김제시 봉남면 남주1길 26(대송리),35.75277012,126.9620761,2021,화학사고,063-540-3780,전북특별자치도 김제시 복지환경국 환경과,2021-10-15
김제비룡초등학교,강당,327,전북특별자치도 김제시 용지면 금백로 845-7(신정리),35.84406016,126.9893514,2021,화학사고,063-540-3780,전북특별자치도 김제시 복지환경국 환경과,2021-10-15
백석초등학교,강당,174,전북특별자치도 김제시 백산로 54 (흥사동),35.82901715,126.8942235,2025,화학사고,063-540-3331,전북특별자치도 김제시 복지환경국 환경과,2025-08-26
만경고등학교,강당,230,전북특별자치도 김제시 만경읍 능제로 29 (만경리),35.8498616,126.8176828,2025,화학사고,063-540-3331,전북특별자치도 김제시 복지환경국 환경과,2025-08-26
삼례중앙초등학교 강당,삼례중앙초등학교 강당,883,전북특별자치도 완주군 삼례읍 웃삼례길 17-10 (삼례리),35.91935042,127.0817153,2022,화학사고,063-291-2599,전북특별자치도교육청 전북특별자치도완주교육지원청 삼례중앙초등학교,2022-05-04
용봉초등학교 강당,용봉초등학교 강당,773,전북특별자치도 완주군 봉동읍 완주로 449 (구만리),35.90581465,127.1559003,2022,화학사고,063-244-3023,전북특별자치도교육청 전북특별자치도완주교육지원청 용봉초등학교,2022-05-04
간중초등학교 강당,간중초등학교 강당,339,전북특별자치도 완주군 용진읍 간중길 39 (간중리),35.89126292,127.1807867,2022,화학사고,063-243-2907,전북특별자치도교육청 전북특별자치도완주교육지원청 간중초등학교,2022-05-04
삼우초등학교 강당,삼우초등학교 강당,739,전북특별자치도 완주군 고산면 천호로 27-16 (어우리),35.96731043,127.1803723,2022,화학사고,063-263-8897,전북특별자치도교육청 전북특별자치도완주교육지원청 삼우초등학교,2022-05-04
한방고등학교,한방고등학교 강당 1층,584,전북특별자치도 진안군 진안읍 임진로 2765 (연장리),35.77068699,127.3766967,2021,화학사고,063-430-2524,전북특별자치도 진안군 안전환경국 환경과,2025-08-18
장애인체육관,체육관,2355,전북특별자치도 순창군 순창읍 장류로 407-11(남계리),35.37743478,127.1474352,2021,화학사고,063-650-1747,전북특별자치도 순창군 경제산업국 환경위생과,2023-08-09
고창군실내체육관,체육관,4855,전북특별자치도 고창군 고창읍 중앙로 292(교촌리),35.43550828,126.7073797,2021,화학사고,063-560-2881,전북특별자치도 고창군 안전건설국 환경위생과,2024-05-20
공음실내체육관,체육관,1018,전북특별자치도 고창군 공음면 왕제산로 73,35.37786005,126.5143171,2021,화학사고,063-560-2881,전북특별자치도 고창군 안전건설국 환경위생과,2024-05-20
상하실내체육관,체육관,1804,전라북도 고창군 상하면 선운대로 810,35.4454104,126.4917097,2021,화학사고,063-560-2881,전북특별자치도 고창군 안전건설국 환경위생과,2024-05-20
성송체육회관,체육관,1339,전북특별자치도 고창군 성송면 판정리 36-7,35.36412817,126.6451089,2021,화학사고,063-560-2881,전북특별자치도 고창군 안전건설국 환경위생과,2024-05-20
대산농어민문화체육센터,체육관,1463,전북특별자치도 고창군 대산면 매산리 690-5,35.33956922,126.5928899,2021,화학사고,063-560-2881,전북특별자치도 고창군 안전건설국 환경위생과,2024-05-20
부안면 건강증진센터,체육관,1089,전북특별자치도 고창군 부안면 오산리 312,35.51469011,126.6697002,2021,화학사고,063-560-2881,전북특별자치도 고창군 안전건설국 환경위생과,2024-05-20
부안읍사무소,대회의실(2층),300,전북특별자치도 부안군 부안읍 석정로 182(동중리),35.72962311,126.7368674,2023,화학사고,063-580-4382,전북특별자치도 부안군 경제산업국 환경과,2022-12-05
스포츠파크 실내체육관,강당,1400,전북특별자치도 부안군 행안면 체육공원길 32(진동리),35.70216847,126.7220104,2023,화학사고,063-580-4382,전북특별자치도 부안군 경제산업국 환경과,2022-12-05
청소년수련원,강당,155,전북특별자치도 부안군 변산면 참뽕로 434-26(마포리),35.63232301,126.5142315,2023,화학사고,063-580-4382,전북특별자치도 부안군 경제산업국 환경과,2022-12-05
추동2리마을회관,마을회관,47,경기 포천시 창수면 포천로2721번길 10 (추동리),37.98692357,127.1760005,2021,화학사고,031-538-2258,경기도 포천시 경제환경국 환경지도과,2025-08-28
용인초등학교,다목적강당,1030,경기 용인시 처인구 금학로367번길 14 (김량장동),37.23790286,127.2045983,2023,화학사고,031-6193-2244,경기도 용인시 기후환경위생국 기후대기과,2023-08-09
한림체육관,체육관,1780,제주특별자치도 제주시 한림읍 한림중앙로 71-9 (한림리),33.40907673,126.2686887,2022,화학사고,064-728-3133,제주특별자치도 제주시 청정환경국 환경지도과,2024-01-18
